Ticker,Name,Sector,Asset Class,Market Value,Weight (%),Notional Value,Quantity,Price,Location,Exchange,Currency,FX Rate,Accrual Date
SFM,SPROUTS FARMERS MARKET INC,Consumer Staples,Equity,"405,496,287.72",0.64,"405,496,287.72","2,504,919.00",161.88,United States,NASDAQ,USD,1.00,--
INSM,INSMED INC,Health Care,Equity,"389,561,760.42",0.61,"389,561,760.42","4,284,194.00",90.93,United States,NASDAQ,USD,1.00,--
FTAI,FTAI AVIATION LTD,Industrials,Equity,"305,694,811.96",0.48,"305,694,811.96","2,523,692.00",121.13,United States,NASDAQ,USD,1.00,--
CRS,CARPENTER TECHNOLOGY CORP,Materials,Equity,"294,249,010.44",0.46,"294,249,010.44","1,196,426.00",245.94,United States,New York Stock Exchange Inc.,USD,1.00,--
HIMS,HIMS HERS HEALTH INC CLASS A,Health Care,Equity,"265,405,751.00",0.42,"265,405,751.00","4,803,724.00",55.25,United States,New York Stock Exchange Inc.,USD,1.00,--
CRDO,CREDO TECHNOLOGY GROUP HOLDING LTD,Information Technology,Equity,"241,545,635.10",0.38,"241,545,635.10","3,524,670.00",68.53,United States,NASDAQ,USD,1.00,--
RKLB,ROCKET LAB INC,Industrials,Equity,"238,355,372.97",0.37,"238,355,372.97","8,772,741.00",27.17,United States,NASDAQ,USD,1.00,--
HQY,HEALTHEQUITY INC,Health Care,Equity,"228,873,098.64",0.36,"228,873,098.64","2,134,612.00",107.22,United States,NASDAQ,USD,1.00,--
AIT,APPLIED INDUSTRIAL TECHNOLOGIES IN,Industrials,Equity,"223,276,951.89",0.35,"223,276,951.89","955,359.00",233.71,United States,New York Stock Exchange Inc.,USD,1.00,--
SSB,SOUTHSTATE CORP,Financials,Equity,"220,488,680.84",0.35,"220,488,680.84","2,429,092.00",90.77,United States,New York Stock Exchange Inc.,USD,1.00,--
MLI,MUELLER INDUSTRIES INC,Industrials,Equity,"217,793,051.30",0.34,"217,793,051.30","2,776,910.00",78.43,United States,New York Stock Exchange Inc.,USD,1.00,--
FN,FABRINET,Information Technology,Equity,"215,587,079.40",0.34,"215,587,079.40","906,895.00",237.72,United States,New York Stock Exchange Inc.,USD,1.00,--
COOP,MR COOPER GROUP INC,Financials,Equity,"212,722,735.05",0.33,"212,722,735.05","1,570,489.00",135.45,United States,NASDAQ,USD,1.00,--
NXT,NEXTRACKER INC CLASS A,Industrials,Equity,"211,442,887.14",0.33,"211,442,887.14","3,584,993.00",58.98,United States,NASDAQ,USD,1.00,--
ENSG,ENSIGN GROUP INC,Health Care,Equity,"205,222,342.50",0.32,"205,222,342.50","1,379,646.00",148.75,United States,NASDAQ,USD,1.00,--
CVLT,COMMVAULT SYSTEMS INC,Information Technology,Equity,"203,137,474.88",0.32,"203,137,474.88","1,085,368.00",187.16,United States,NASDAQ,USD,1.00,--
BPMC,BLUEPRINT MEDICINES CORP,Health Care,Equity,"201,989,127.70",0.32,"201,989,127.70","1,578,410.00",127.97,United States,NASDAQ,USD,1.00,--
IONQ,IONQ INC,Information Technology,Equity,"200,655,168.26",0.31,"200,655,168.26","5,049,199.00",39.74,United States,New York Stock Exchange Inc.,USD,1.00,--
FLR,FLUOR CORP,Industrials,Equity,"190,988,706.30",0.30,"190,988,706.30","4,256,490.00",44.87,United States,New York Stock Exchange Inc.,USD,1.00,--
EXLS,EXLSERVICE HOLDINGS INC,Industrials,Equity,"186,774,472.06",0.29,"186,774,472.06","3,921,362.00",47.63,United States,NASDAQ,USD,1.00,--
EAT,BRINKER INTERNATIONAL INC,Consumer Discretionary,Equity,"184,520,920.05",0.29,"184,520,920.05","1,095,795.00",168.39,United States,New York Stock Exchange Inc.,USD,1.00,--
SPXC,SPX TECHNOLOGIES INC,Industrials,Equity,"182,281,974.14",0.29,"182,281,974.14","1,116,787.00",163.22,United States,New York Stock Exchange Inc.,USD,1.00,--
CWST,CASELLA WASTE SYSTEMS INC CLASS A,Industrials,Equity,"181,273,575.45",0.28,"181,273,575.45","1,547,363.00",117.15,United States,NASDAQ,USD,1.00,--
BMI,BADGER METER INC,Information Technology,Equity,"180,514,764.27",0.28,"180,514,764.27","729,441.00",247.47,United States,New York Stock Exchange Inc.,USD,1.00,--
UMBF,UMB FINANCIAL CORP,Financials,Equity,"179,949,645.82",0.28,"179,949,645.82","1,696,198.00",106.09,United States,NASDAQ,USD,1.00,--
PRMB,PRIMO BRANDS CLASS A CORP,Consumer Staples,Equity,"177,718,629.73",0.28,"177,718,629.73","6,071,699.00",29.27,United States,New York Stock Exchange Inc.,USD,1.00,--
RVMD,REVOLUTION MEDICINES INC,Health Care,Equity,"177,615,616.84",0.28,"177,615,616.84","4,230,958.00",41.98,United States,NASDAQ,USD,1.00,--
ONB,OLD NATIONAL BANCORP,Financials,Equity,"168,657,383.04",0.26,"168,657,383.04","7,819,072.00",21.57,United States,NASDAQ,USD,1.00,--
WTS,WATTS WATER TECHNOLOGIES INC CLASS,Industrials,Equity,"167,399,675.52",0.26,"167,399,675.52","682,484.00",245.28,United States,New York Stock Exchange Inc.,USD,1.00,--
HALO,HALOZYME THERAPEUTICS INC,Health Care,Equity,"166,751,900.39",0.26,"166,751,900.39","3,101,207.00",53.77,United States,NASDAQ,USD,1.00,--
DY,DYCOM INDUSTRIES INC,Industrials,Equity,"164,638,581.32",0.26,"164,638,581.32","705,604.00",233.33,United States,New York Stock Exchange Inc.,USD,1.00,--
RMBS,RAMBUS INC,Information Technology,Equity,"158,743,135.80",0.25,"158,743,135.80","2,659,014.00",59.70,United States,NASDAQ,USD,1.00,--
GTLS,CHART INDUSTRIES INC,Industrials,Equity,"157,338,887.20",0.25,"157,338,887.20","1,067,428.00",147.40,United States,New York Stock Exchange Inc.,USD,1.00,--
TMHC,TAYLOR MORRISON HOME CORP,Consumer Discretionary,Equity,"153,145,663.80",0.24,"153,145,663.80","2,565,254.00",59.70,United States,New York Stock Exchange Inc.,USD,1.00,--
FSS,FEDERAL SIGNAL CORP,Industrials,Equity,"150,432,196.60",0.24,"150,432,196.60","1,493,420.00",100.73,United States,New York Stock Exchange Inc.,USD,1.00,--
ESNT,ESSENT GROUP LTD,Financials,Equity,"150,038,458.56",0.24,"150,038,458.56","2,590,443.00",57.92,United States,New York Stock Exchange Inc.,USD,1.00,--
HLNE,HAMILTON LANE INC CLASS A,Financials,Equity,"149,957,039.02",0.24,"149,957,039.02","988,706.00",151.67,United States,NASDAQ,USD,1.00,--
UFPI,UFP INDUSTRIES INC,Industrials,Equity,"149,072,251.25",0.23,"149,072,251.25","1,487,005.00",100.25,United States,NASDAQ,USD,1.00,--
GH,GUARDANT HEALTH INC,Health Care,Equity,"148,953,885.25",0.23,"148,953,885.25","2,973,725.00",50.09,United States,NASDAQ,USD,1.00,--
LRN,STRIDE INC,Consumer Discretionary,Equity,"147,831,323.25",0.23,"147,831,323.25","1,057,827.00",139.75,United States,New York Stock Exchange Inc.,USD,1.00,--
TRNO,TERRENO REALTY REIT CORP,Real Estate,Equity,"147,703,749.00",0.23,"147,703,749.00","2,462,550.00",59.98,United States,New York Stock Exchange Inc.,USD,1.00,--
STRL,STERLING INFRASTRUCTURE INC,Industrials,Equity,"147,162,371.46",0.23,"147,162,371.46","741,858.00",198.37,United States,NASDAQ,USD,1.00,--
RHP,RYMAN HOSPITALITY PROPERTIES REIT,Real Estate,Equity,"147,082,035.10",0.23,"147,082,035.10","1,469,351.00",100.10,United States,New York Stock Exchange Inc.,USD,1.00,--
EPRT,ESSENTIAL PROPERTIES REALTY TRUST,Real Estate,Equity,"145,486,170.80",0.23,"145,486,170.80","4,398,010.00",33.08,United States,New York Stock Exchange Inc.,USD,1.00,--
CORT,CORCEPT THERAPEUTICS INC,Health Care,Equity,"145,330,995.15",0.23,"145,330,995.15","2,010,945.00",72.27,United States,NASDAQ,USD,1.00,--
KTOS,KRATOS DEFENSE AND SECURITY SOLUTI,Industrials,Equity,"144,409,029.00",0.23,"144,409,029.00","3,674,530.00",39.30,United States,NASDAQ,USD,1.00,--
JBTM,JBT MAREL CORP,Industrials,Equity,"144,217,585.44",0.23,"144,217,585.44","1,169,079.00",123.36,United States,New York Stock Exchange Inc.,USD,1.00,--
GPI,GROUP AUTOMOTIVE INC,Consumer Discretionary,Equity,"144,065,128.90",0.23,"144,065,128.90","325,490.00",442.61,United States,New York Stock Exchange Inc.,USD,1.00,--
CMC,COMMERCIAL METALS,Materials,Equity,"144,017,364.87",0.23,"144,017,364.87","2,842,261.00",50.67,United States,New York Stock Exchange Inc.,USD,1.00,--
CDE,COEUR MINING INC,Materials,Equity,"143,220,470.12",0.22,"143,220,470.12","15,516,844.00",9.23,United States,New York Stock Exchange Inc.,USD,1.00,--
AUR,AURORA INNOVATION INC CLASS A,Information Technology,Equity,"141,966,214.60",0.22,"141,966,214.60","23,859,868.00",5.95,United States,NASDAQ,USD,1.00,--
JXN,JACKSON FINANCIAL INC CLASS A,Financials,Equity,"141,655,402.87",0.22,"141,655,402.87","1,681,769.00",84.23,United States,New York Stock Exchange Inc.,USD,1.00,--
MARA,MARA HOLDINGS INC,Information Technology,Equity,"139,873,275.41",0.22,"139,873,275.41","8,482,309.00",16.49,United States,NASDAQ,USD,1.00,--
GATX,GATX CORP,Industrials,Equity,"139,811,195.39",0.22,"139,811,195.39","884,713.00",158.03,United States,New York Stock Exchange Inc.,USD,1.00,--
BBIO,BRIDGEBIO PHARMA INC,Health Care,Equity,"139,733,735.09",0.22,"139,733,735.09","3,485,501.00",40.09,United States,NASDAQ,USD,1.00,--
IDCC,INTERDIGITAL INC,Information Technology,Equity,"139,373,881.20",0.22,"139,373,881.20","628,830.00",221.64,United States,NASDAQ,USD,1.00,--
VRNS,VARONIS SYSTEMS INC,Information Technology,Equity,"138,280,520.24",0.22,"138,280,520.24","2,739,313.00",50.48,United States,NASDAQ,USD,1.00,--
ITRI,ITRON INC,Information Technology,Equity,"138,181,169.88",0.22,"138,181,169.88","1,120,509.00",123.32,United States,NASDAQ,USD,1.00,--
LNTH,LANTHEUS HOLDINGS INC,Health Care,Equity,"137,580,042.98",0.22,"137,580,042.98","1,710,769.00",80.42,United States,NASDAQ,USD,1.00,--
OPCH,OPTION CARE HEALTH INC,Health Care,Equity,"137,150,421.10",0.22,"137,150,421.10","4,265,954.00",32.15,United States,NASDAQ,USD,1.00,--
TGTX,TG THERAPEUTICS INC,Health Care,Equity,"136,783,222.02",0.21,"136,783,222.02","3,469,014.00",39.43,United States,NASDAQ,USD,1.00,--
MMSI,MERIT MEDICAL SYSTEMS INC,Health Care,Equity,"136,247,846.42",0.21,"136,247,846.42","1,431,626.00",95.17,United States,NASDAQ,USD,1.00,--
SPSC,SPS COMMERCE INC,Information Technology,Equity,"135,223,822.50",0.21,"135,223,822.50","935,805.00",144.50,United States,NASDAQ,USD,1.00,--
BCPC,BALCHEM CORP,Materials,Equity,"134,754,396.48",0.21,"134,754,396.48","803,832.00",167.64,United States,NASDAQ,USD,1.00,--
AHR,AMERICAN HEALTHCARE REIT INC,Real Estate,Equity,"134,149,233.00",0.21,"134,149,233.00","3,805,652.00",35.25,United States,New York Stock Exchange Inc.,USD,1.00,--
CTRE,CARETRUST REIT INC,Real Estate,Equity,"134,047,785.96",0.21,"134,047,785.96","4,664,154.00",28.74,United States,New York Stock Exchange Inc.,USD,1.00,--
HOMB,HOME BANCSHARES INC,Financials,Equity,"133,175,908.62",0.21,"133,175,908.62","4,609,758.00",28.89,United States,New York Stock Exchange Inc.,USD,1.00,--
QTWO,Q2 HOLDINGS INC,Information Technology,Equity,"132,437,902.19",0.21,"132,437,902.19","1,464,859.00",90.41,United States,New York Stock Exchange Inc.,USD,1.00,--
AVAV,AEROVIRONMENT INC,Industrials,Equity,"132,370,498.46",0.21,"132,370,498.46","698,083.00",189.62,United States,NASDAQ,USD,1.00,--
ZWS,ZURN ELKAY WATER SOLUTIONS CORP,Industrials,Equity,"132,062,958.72",0.21,"132,062,958.72","3,594,528.00",36.74,United States,New York Stock Exchange Inc.,USD,1.00,--
QLYS,QUALYS INC,Information Technology,Equity,"130,681,004.04",0.21,"130,681,004.04","922,107.00",141.72,United States,NASDAQ,USD,1.00,--
SIGI,SELECTIVE INSURANCE GROUP INC,Financials,Equity,"129,500,888.00",0.20,"129,500,888.00","1,519,072.00",85.25,United States,NASDAQ,USD,1.00,--
CSW,CSW INDUSTRIALS INC,Industrials,Equity,"129,379,757.46",0.20,"129,379,757.46","416,253.00",310.82,United States,New York Stock Exchange Inc.,USD,1.00,--
BOX,BOX INC CLASS A,Information Technology,Equity,"127,835,031.12",0.20,"127,835,031.12","3,506,172.00",36.46,United States,New York Stock Exchange Inc.,USD,1.00,--
TXNM,TXNM ENERGY INC,Utilities,Equity,"126,744,606.40",0.20,"126,744,606.40","2,239,304.00",56.60,United States,New York Stock Exchange Inc.,USD,1.00,--
KNF,KNIFE RIVER CORP,Materials,Equity,"126,456,615.74",0.20,"126,456,615.74","1,417,993.00",89.18,United States,New York Stock Exchange Inc.,USD,1.00,--
FCFS,FIRSTCASH HOLDINGS INC,Financials,Equity,"126,446,018.40",0.20,"126,446,018.40","958,360.00",131.94,United States,NASDAQ,USD,1.00,--
MOGA,MOOG INC CLASS A,Industrials,Equity,"126,301,915.55",0.20,"126,301,915.55","697,685.00",181.03,United States,New York Stock Exchange Inc.,USD,1.00,--
MDGL,MADRIGAL PHARMACEUTICALS INC,Health Care,Equity,"126,095,404.80",0.20,"126,095,404.80","446,640.00",282.32,United States,NASDAQ,USD,1.00,--
RDN,RADIAN GROUP INC,Financials,Equity,"124,679,352.08",0.20,"124,679,352.08","3,701,881.00",33.68,United States,New York Stock Exchange Inc.,USD,1.00,--
ACIW,ACI WORLDWIDE INC,Information Technology,Equity,"124,663,555.34",0.20,"124,663,555.34","2,631,143.00",47.38,United States,NASDAQ,USD,1.00,--
ALKS,ALKERMES,Health Care,Equity,"124,584,113.74",0.20,"124,584,113.74","4,011,079.00",31.06,United States,NASDAQ,USD,1.00,--
KRG,KITE REALTY GROUP TRUST REIT,Real Estate,Equity,"124,562,580.36",0.20,"124,562,580.36","5,456,092.00",22.83,United States,New York Stock Exchange Inc.,USD,1.00,--
CHX,CHAMPIONX CORP,Energy,Equity,"124,419,047.52",0.20,"124,419,047.52","4,770,669.00",26.08,United States,NASDAQ,USD,1.00,--
CADE,CADENCE BANK,Financials,Equity,"123,526,410.36",0.19,"123,526,410.36","3,931,458.00",31.42,United States,New York Stock Exchange Inc.,USD,1.00,--
GBCI,GLACIER BANCORP INC,Financials,Equity,"122,918,681.89",0.19,"122,918,681.89","2,821,177.00",43.57,United States,New York Stock Exchange Inc.,USD,1.00,--
BIPC,BROOKFIELD INFRASTRUCTURE CORP CLA,Utilities,Equity,"122,730,781.76",0.19,"122,730,781.76","2,984,698.00",41.12,Canada,New York Stock Exchange Inc.,USD,1.00,--
CWAN,CLEARWATER ANALYTICS HOLDINGS INC,Information Technology,Equity,"121,800,219.75",0.19,"121,800,219.75","4,921,221.00",24.75,United States,New York Stock Exchange Inc.,USD,1.00,--
UBSI,UNITED BANKSHARES INC,Financials,Equity,"121,464,335.30",0.19,"121,464,335.30","3,277,505.00",37.06,United States,NASDAQ,USD,1.00,--
HWC,HANCOCK WHITNEY CORP,Financials,Equity,"121,034,620.70",0.19,"121,034,620.70","2,177,665.00",55.58,United States,NASDAQ,USD,1.00,--
MTH,MERITAGE CORP,Consumer Discretionary,Equity,"120,780,777.04",0.19,"120,780,777.04","1,782,479.00",67.76,United States,New York Stock Exchange Inc.,USD,1.00,--
FFIN,FIRST FINANCIAL BANKSHARES INC,Financials,Equity,"120,550,934.36",0.19,"120,550,934.36","3,216,407.00",37.48,United States,NASDAQ,USD,1.00,--
ABG,ASBURY AUTOMOTIVE GROUP INC,Consumer Discretionary,Equity,"119,313,574.80",0.19,"119,313,574.80","489,793.00",243.60,United States,New York Stock Exchange Inc.,USD,1.00,--
BOOT,BOOT BARN HOLDINGS INC,Consumer Discretionary,Equity,"119,172,416.88",0.19,"119,172,416.88","735,496.00",162.03,United States,New York Stock Exchange Inc.,USD,1.00,--
ADMA,ADMA BIOLOGICS INC,Health Care,Equity,"119,048,207.74",0.19,"119,048,207.74","5,707,009.00",20.86,United States,NASDAQ,USD,1.00,--
ASTS,AST SPACEMOBILE INC CLASS A,Communication,Equity,"118,845,272.57",0.19,"118,845,272.57","3,328,067.00",35.71,United States,NASDAQ,USD,1.00,--
SHAK,SHAKE SHACK INC CLASS A,Consumer Discretionary,Equity,"118,497,829.84",0.19,"118,497,829.84","945,562.00",125.32,United States,New York Stock Exchange Inc.,USD,1.00,--
SANM,SANMINA CORP,Information Technology,Equity,"118,424,179.51",0.19,"118,424,179.51","1,341,613.00",88.27,United States,NASDAQ,USD,1.00,--
ESE,ESCO TECHNOLOGIES INC,Industrials,Equity,"118,341,873.30",0.19,"118,341,873.30","642,813.00",184.10,United States,New York Stock Exchange Inc.,USD,1.00,--
SLG,SL GREEN REALTY REIT CORP,Real Estate,Equity,"118,310,034.92",0.19,"118,310,034.92","1,804,607.00",65.56,United States,New York Stock Exchange Inc.,USD,1.00,--
MOD,MODINE MANUFACTURING,Consumer Discretionary,Equity,"117,982,962.00",0.19,"117,982,962.00","1,283,400.00",91.93,United States,New York Stock Exchange Inc.,USD,1.00,--
AEIS,ADVANCED ENERGY INDUSTRIES INC,Information Technology,Equity,"117,972,743.98",0.19,"117,972,743.98","929,578.00",126.91,United States,NASDAQ,USD,1.00,--
ROAD,CONSTRUCTION PARTNERS INC CLASS A,Industrials,Equity,"117,742,528.52",0.18,"117,742,528.52","1,150,054.00",102.38,United States,NASDAQ,USD,1.00,--
CNX,CNX RESOURCES CORP,Energy,Equity,"116,866,615.78",0.18,"116,866,615.78","3,619,282.00",32.29,United States,New York Stock Exchange Inc.,USD,1.00,--
GKOS,GLAUKOS CORP,Health Care,Equity,"116,534,949.00",0.18,"116,534,949.00","1,218,475.00",95.64,United States,New York Stock Exchange Inc.,USD,1.00,--
NOVT,NOVANTA INC,Information Technology,Equity,"115,510,165.67",0.18,"115,510,165.67","890,801.00",129.67,United States,NASDAQ,USD,1.00,--
IRTC,IRHYTHM TECHNOLOGIES INC,Health Care,Equity,"115,401,571.74",0.18,"115,401,571.74","776,958.00",148.53,United States,NASDAQ,USD,1.00,--
PIPR,PIPER SANDLER COMPANIES,Financials,Equity,"115,212,571.78",0.18,"115,212,571.78","437,771.00",263.18,United States,New York Stock Exchange Inc.,USD,1.00,--
TMDX,TRANSMEDICS GROUP INC,Health Care,Equity,"114,796,110.76",0.18,"114,796,110.76","814,966.00",140.86,United States,NASDAQ,USD,1.00,--
UPST,UPSTART HOLDINGS INC,Financials,Equity,"114,789,544.80",0.18,"114,789,544.80","1,990,110.00",57.68,United States,NASDAQ,USD,1.00,--
PCVX,VAXCYTE INC,Health Care,Equity,"114,772,862.40",0.18,"114,772,862.40","3,085,292.00",37.20,United States,NASDAQ,USD,1.00,--
ORA,ORMAT TECH INC,Utilities,Equity,"113,128,632.00",0.18,"113,128,632.00","1,432,008.00",79.00,United States,New York Stock Exchange Inc.,USD,1.00,--
BDC,BELDEN INC,Information Technology,Equity,"113,115,032.46",0.18,"113,115,032.46","1,015,213.00",111.42,United States,New York Stock Exchange Inc.,USD,1.00,--
NJR,NEW JERSEY RESOURCES CORP,Utilities,Equity,"112,447,095.12",0.18,"112,447,095.12","2,503,832.00",44.91,United States,New York Stock Exchange Inc.,USD,1.00,--
PECO,PHILLIPS EDISON AND COMPANY INC,Real Estate,Equity,"111,380,305.92",0.17,"111,380,305.92","3,073,408.00",36.24,United States,NASDAQ,USD,1.00,--
ATGE,ADTALEM GLOBAL EDUCATION INC,Consumer Discretionary,Equity,"111,130,463.62",0.17,"111,130,463.62","932,459.00",119.18,United States,New York Stock Exchange Inc.,USD,1.00,--
SLAB,SILICON LABORATORIES INC,Information Technology,Equity,"110,784,887.28",0.17,"110,784,887.28","797,243.00",138.96,United States,NASDAQ,USD,1.00,--
SWX,SOUTHWEST GAS HOLDINGS INC,Utilities,Equity,"109,942,911.86",0.17,"109,942,911.86","1,519,178.00",72.37,United States,New York Stock Exchange Inc.,USD,1.00,--
URBN,URBAN OUTFITTERS INC,Consumer Discretionary,Equity,"109,268,270.51",0.17,"109,268,270.51","1,578,337.00",69.23,United States,NASDAQ,USD,1.00,--
LUMN,LUMEN TECHNOLOGIES INC,Communication,Equity,"109,190,038.67",0.17,"109,190,038.67","25,217,099.00",4.33,United States,New York Stock Exchange Inc.,USD,1.00,--
FTDR,FRONTDOOR INC,Consumer Discretionary,Equity,"108,389,132.22",0.17,"108,389,132.22","1,910,614.00",56.73,United States,NASDAQ,USD,1.00,--
POR,PORTLAND GENERAL ELECTRIC,Utilities,Equity,"108,364,475.90",0.17,"108,364,475.90","2,614,342.00",41.45,United States,New York Stock Exchange Inc.,USD,1.00,--
BE,BLOOM ENERGY CLASS A CORP,Industrials,Equity,"108,092,204.64",0.17,"108,092,204.64","4,997,328.00",21.63,United States,New York Stock Exchange Inc.,USD,1.00,--
ACA,ARCOSA INC,Industrials,Equity,"107,886,966.79",0.17,"107,886,966.79","1,200,211.00",89.89,United States,New York Stock Exchange Inc.,USD,1.00,--
VLY,VALLEY NATIONAL,Financials,Equity,"107,075,854.98",0.17,"107,075,854.98","11,779,522.00",9.09,United States,NASDAQ,USD,1.00,--
USD,USD CASH,Cash and/or Derivatives,Cash,"107,039,920.57",0.17,"107,039,920.57","107,039,921.00",100.00,United States,--,USD,1.00,--
ESGR,ENSTAR GROUP LTD,Financials,Equity,"106,736,616.16",0.17,"106,736,616.16","318,104.00",335.54,United States,NASDAQ,USD,1.00,--
SBRA,SABRA HEALTH CARE REIT INC,Real Estate,Equity,"106,705,069.60",0.17,"106,705,069.60","5,921,480.00",18.02,United States,NASDAQ,USD,1.00,--
PBH,PRESTIGE CONSUMER HEALTHCARE INC,Health Care,Equity,"106,484,892.00",0.17,"106,484,892.00","1,229,050.00",86.64,United States,New York Stock Exchange Inc.,USD,1.00,--
SR,SPIRE INC,Utilities,Equity,"105,915,570.60",0.17,"105,915,570.60","1,420,732.00",74.55,United States,New York Stock Exchange Inc.,USD,1.00,--
CALM,CAL MAINE FOODS INC,Consumer Staples,Equity,"105,356,640.30",0.17,"105,356,640.30","1,096,323.00",96.10,United States,NASDAQ,USD,1.00,--
IRT,INDEPENDENCE REALTY INC TRUST,Real Estate,Equity,"105,165,749.26",0.17,"105,165,749.26","5,657,114.00",18.59,United States,New York Stock Exchange Inc.,USD,1.00,--
OGS,ONE GAS INC,Utilities,Equity,"104,785,616.25",0.16,"104,785,616.25","1,405,575.00",74.55,United States,New York Stock Exchange Inc.,USD,1.00,--
XTSLA,BLK CSH FND TREASURY SL AGENCY,Cash and/or Derivatives,Money Market,"104,160,564.93",0.16,"104,160,564.93","104,160,565.00",1.00,United States,--,USD,1.00,--
MAC,MACERICH REIT,Real Estate,Equity,"104,128,786.44",0.16,"104,128,786.44","6,242,733.00",16.68,United States,New York Stock Exchange Inc.,USD,1.00,--
BKH,BLACK HILLS CORP,Utilities,Equity,"104,047,953.30",0.16,"104,047,953.30","1,803,570.00",57.69,United States,New York Stock Exchange Inc.,USD,1.00,--
ABCB,AMERIS BANCORP,Financials,Equity,"103,316,557.50",0.16,"103,316,557.50","1,636,050.00",63.15,United States,New York Stock Exchange Inc.,USD,1.00,--
CBT,CABOT CORP,Materials,Equity,"103,178,312.56",0.16,"103,178,312.56","1,320,091.00",78.16,United States,New York Stock Exchange Inc.,USD,1.00,--
IBP,INSTALLED BUILDING PRODUCTS INC,Consumer Discretionary,Equity,"102,998,700.00",0.16,"102,998,700.00","588,564.00",175.00,United States,New York Stock Exchange Inc.,USD,1.00,--
AROC,ARCHROCK INC,Energy,Equity,"102,663,493.60",0.16,"102,663,493.60","4,139,657.00",24.80,United States,New York Stock Exchange Inc.,USD,1.00,--
GLNG,GOLAR LNG LTD,Energy,Equity,"102,058,551.28",0.16,"102,058,551.28","2,446,274.00",41.72,Norway,NASDAQ,USD,1.00,--
MMS,MAXIMUS INC,Industrials,Equity,"101,622,977.40",0.16,"101,622,977.40","1,423,291.00",71.40,United States,New York Stock Exchange Inc.,USD,1.00,--
SKYW,SKYWEST INC,Industrials,Equity,"101,623,161.36",0.16,"101,623,161.36","988,456.00",102.81,United States,NASDAQ,USD,1.00,--
PLMR,PALOMAR HOLDINGS INC,Financials,Equity,"101,507,753.34",0.16,"101,507,753.34","647,082.00",156.87,United States,NASDAQ,USD,1.00,--
MIR,MIRION TECHNOLOGIES INC CLASS A,Information Technology,Equity,"101,420,180.25",0.16,"101,420,180.25","5,135,199.00",19.75,United States,New York Stock Exchange Inc.,USD,1.00,--
JOBY,JOBY AVIATION INC CLASS A,Industrials,Equity,"101,400,722.88",0.16,"101,400,722.88","10,741,602.00",9.44,United States,New York Stock Exchange Inc.,USD,1.00,--
ITGR,INTEGER HOLDINGS CORP,Health Care,Equity,"101,272,515.36",0.16,"101,272,515.36","826,512.00",122.53,United States,New York Stock Exchange Inc.,USD,1.00,--
AUB,ATLANTIC UNION BANKSHARES CORP,Financials,Equity,"101,202,230.48",0.16,"101,202,230.48","3,139,027.00",32.24,United States,New York Stock Exchange Inc.,USD,1.00,--
AKRO,AKERO THERAPEUTICS INC,Health Care,Equity,"100,992,738.96",0.16,"100,992,738.96","1,852,398.00",54.52,United States,NASDAQ,USD,1.00,--
SXT,SENSIENT TECHNOLOGIES CORP,Materials,Equity,"100,981,841.80",0.16,"100,981,841.80","1,047,095.00",96.44,United States,New York Stock Exchange Inc.,USD,1.00,--
MGY,MAGNOLIA OIL GAS CORP CLASS A,Energy,Equity,"100,916,183.90",0.16,"100,916,183.90","4,303,462.00",23.45,United States,New York Stock Exchange Inc.,USD,1.00,--
AXSM,AXSOME THERAPEUTICS INC,Health Care,Equity,"100,662,172.60",0.16,"100,662,172.60","915,860.00",109.91,United States,NASDAQ,USD,1.00,--
AX,AXOS FINANCIAL INC,Financials,Equity,"100,306,507.50",0.16,"100,306,507.50","1,374,250.00",72.99,United States,New York Stock Exchange Inc.,USD,1.00,--
VRRM,VERRA MOBILITY CORP CLASS A,Industrials,Equity,"100,208,960.70",0.16,"100,208,960.70","4,098,526.00",24.45,United States,NASDAQ,USD,1.00,--
ANF,ABERCROMBIE AND FITCH CLASS A,Consumer Discretionary,Equity,"100,087,116.48",0.16,"100,087,116.48","1,234,272.00",81.09,United States,New York Stock Exchange Inc.,USD,1.00,--
NPO,ENPRO INC,Industrials,Equity,"99,395,167.32",0.16,"99,395,167.32","522,198.00",190.34,United States,New York Stock Exchange Inc.,USD,1.00,--
SITM,SITIME CORP,Information Technology,Equity,"99,319,578.75",0.16,"99,319,578.75","461,415.00",215.25,United States,NASDAQ,USD,1.00,--
STNE,STONECO LTD CLASS A,Financials,Equity,"98,982,880.51",0.16,"98,982,880.51","7,136,473.00",13.87,Brazil,NASDAQ,USD,1.00,--
GVA,GRANITE CONSTRUCTION INC,Industrials,Equity,"98,886,434.58",0.16,"98,886,434.58","1,099,838.00",89.91,United States,New York Stock Exchange Inc.,USD,1.00,--
HRI,HERC HOLDINGS INC,Industrials,Equity,"98,573,991.76",0.15,"98,573,991.76","803,636.00",122.66,United States,New York Stock Exchange Inc.,USD,1.00,--
CYTK,CYTOKINETICS INC,Health Care,Equity,"98,043,206.14",0.15,"98,043,206.14","2,838,541.00",34.54,United States,NASDAQ,USD,1.00,--
PTCT,PTC THERAPEUTICS INC,Health Care,Equity,"97,982,625.00",0.15,"97,982,625.00","1,893,750.00",51.74,United States,NASDAQ,USD,1.00,--
FELE,FRANKLIN ELECTRIC INC,Industrials,Equity,"97,958,628.75",0.15,"97,958,628.75","1,122,735.00",87.25,United States,NASDAQ,USD,1.00,--
RDNT,RADNET INC,Health Care,Equity,"97,542,188.59",0.15,"97,542,188.59","1,645,171.00",59.29,United States,NASDAQ,USD,1.00,--
KAI,KADANT INC,Industrials,Equity,"97,284,518.11",0.15,"97,284,518.11","291,629.00",333.59,United States,New York Stock Exchange Inc.,USD,1.00,--
ASB,ASSOCIATED BANCORP,Financials,Equity,"97,131,643.64",0.15,"97,131,643.64","4,043,782.00",24.02,United States,New York Stock Exchange Inc.,USD,1.00,--
EXPO,EXPONENT INC,Industrials,Equity,"96,814,723.82",0.15,"96,814,723.82","1,249,706.00",77.47,United States,NASDAQ,USD,1.00,--
TENB,TENABLE HOLDINGS INC,Information Technology,Equity,"96,158,566.80",0.15,"96,158,566.80","2,967,857.00",32.40,United States,NASDAQ,USD,1.00,--
CNO,CNO FINANCIAL GROUP INC,Financials,Equity,"96,129,979.22",0.15,"96,129,979.22","2,535,742.00",37.91,United States,New York Stock Exchange Inc.,USD,1.00,--
PRIM,PRIMORIS SERVICES CORP,Industrials,Equity,"96,020,248.16",0.15,"96,020,248.16","1,335,098.00",71.92,United States,New York Stock Exchange Inc.,USD,1.00,--
STEP,STEPSTONE GROUP INC CLASS A,Financials,Equity,"95,664,941.44",0.15,"95,664,941.44","1,665,476.00",57.44,United States,NASDAQ,USD,1.00,--
NE,NOBLE CORPORATION PLC,Energy,Equity,"95,505,963.96",0.15,"95,505,963.96","3,313,878.00",28.82,United States,New York Stock Exchange Inc.,USD,1.00,--
SFBS,SERVISFIRST BANCSHARES INC,Financials,Equity,"95,435,524.40",0.15,"95,435,524.40","1,254,740.00",76.06,United States,New York Stock Exchange Inc.,USD,1.00,--
ALE,ALLETE INC,Utilities,Equity,"95,057,660.04",0.15,"95,057,660.04","1,455,484.00",65.31,United States,New York Stock Exchange Inc.,USD,1.00,--
MWA,MUELLER WATER PRODUCTS INC SERIES,Industrials,Equity,"94,981,231.80",0.15,"94,981,231.80","3,865,740.00",24.57,United States,New York Stock Exchange Inc.,USD,1.00,--
RNA,AVIDITY BIOSCIENCES INC,Health Care,Equity,"94,864,747.12",0.15,"94,864,747.12","2,821,676.00",33.62,United States,NASDAQ,USD,1.00,--
KTB,KONTOOR BRANDS INC,Consumer Discretionary,Equity,"93,869,288.80",0.15,"93,869,288.80","1,373,965.00",68.32,United States,New York Stock Exchange Inc.,USD,1.00,--
SNEX,STONEX GROUP INC,Financials,Equity,"93,804,890.27",0.15,"93,804,890.27","1,099,319.00",85.33,United States,NASDAQ,USD,1.00,--
NSIT,INSIGHT ENTERPRISES INC,Information Technology,Equity,"93,773,024.00",0.15,"93,773,024.00","681,490.00",137.60,United States,NASDAQ,USD,1.00,--
BCO,BRINKS,Industrials,Equity,"93,388,486.80",0.15,"93,388,486.80","1,093,542.00",85.40,United States,New York Stock Exchange Inc.,USD,1.00,--
MATX,MATSON INC,Industrials,Equity,"92,942,432.10",0.15,"92,942,432.10","815,070.00",114.03,United States,New York Stock Exchange Inc.,USD,1.00,--
RYTM,RHYTHM PHARMACEUTICALS INC,Health Care,Equity,"91,577,253.66",0.14,"91,577,253.66","1,359,318.00",67.37,United States,NASDAQ,USD,1.00,--
ACHR,ARCHER AVIATION INC CLASS A,Industrials,Equity,"91,422,811.82",0.14,"91,422,811.82","8,033,639.00",11.38,United States,New York Stock Exchange Inc.,USD,1.00,--
OSIS,OSI SYSTEMS INC,Information Technology,Equity,"91,379,169.60",0.14,"91,379,169.60","394,556.00",231.60,United States,NASDAQ,USD,1.00,--
HL,HECLA MINING,Materials,Equity,"91,213,750.22",0.14,"91,213,750.22","14,879,894.00",6.13,United States,New York Stock Exchange Inc.,USD,1.00,--
TTMI,TTM TECHNOLOGIES INC,Information Technology,Equity,"90,854,998.70",0.14,"90,854,998.70","2,510,847.00",36.19,United States,NASDAQ,USD,1.00,--
KFY,KORN FERRY,Industrials,Equity,"90,288,872.45",0.14,"90,288,872.45","1,287,083.00",70.15,United States,New York Stock Exchange Inc.,USD,1.00,--
PLXS,PLEXUS CORP,Information Technology,Equity,"90,221,158.02",0.14,"90,221,158.02","666,429.00",135.38,United States,NASDAQ,USD,1.00,--
PJT,PJT PARTNERS INC CLASS A,Financials,Equity,"90,192,622.80",0.14,"90,192,622.80","588,840.00",153.17,United States,New York Stock Exchange Inc.,USD,1.00,--
WAY,WAYSTAR HOLDING CORP,Health Care,Equity,"89,876,769.77",0.14,"89,876,769.77","2,212,079.00",40.63,United States,NASDAQ,USD,1.00,--
UCB,UNITED COMMUNITY BANKS INC,Financials,Equity,"89,724,891.06",0.14,"89,724,891.06","3,008,883.00",29.82,United States,New York Stock Exchange Inc.,USD,1.00,--
TCBI,TEXAS CAPITAL BANCSHARES INC,Financials,Equity,"89,216,035.55",0.14,"89,216,035.55","1,144,529.00",77.95,United States,NASDAQ,USD,1.00,--
HAE,HAEMONETICS CORP,Health Care,Equity,"88,927,987.96",0.14,"88,927,987.96","1,232,714.00",72.14,United States,New York Stock Exchange Inc.,USD,1.00,--
SKY,CHAMPION HOMES INC,Consumer Discretionary,Equity,"88,642,947.75",0.14,"88,642,947.75","1,331,575.00",66.57,United States,New York Stock Exchange Inc.,USD,1.00,--
CNR,CORE NATURAL RESOURCES INC,Energy,Equity,"88,237,276.86",0.14,"88,237,276.86","1,309,547.00",67.38,United States,New York Stock Exchange Inc.,USD,1.00,--
IBOC,INTERNATIONAL BANCSHARES CORP,Financials,Equity,"88,048,626.61",0.14,"88,048,626.61","1,336,703.00",65.87,United States,NASDAQ,USD,1.00,--
ENS,ENERSYS,Industrials,Equity,"87,862,618.08",0.14,"87,862,618.08","980,172.00",89.64,United States,New York Stock Exchange Inc.,USD,1.00,--
KBH,KB HOME,Consumer Discretionary,Equity,"87,390,056.18",0.14,"87,390,056.18","1,596,457.00",54.74,United States,New York Stock Exchange Inc.,USD,1.00,--
WK,WORKIVA INC CLASS A,Information Technology,Equity,"87,273,319.80",0.14,"87,273,319.80","1,270,354.00",68.70,United States,New York Stock Exchange Inc.,USD,1.00,--
RNST,RENASANT CORP,Financials,Equity,"87,227,253.08",0.14,"87,227,253.08","2,388,479.00",36.52,United States,New York Stock Exchange Inc.,USD,1.00,--
TDS,TELEPHONE AND DATA SYSTEMS INC,Communication,Equity,"86,930,641.28",0.14,"86,930,641.28","2,457,056.00",35.38,United States,New York Stock Exchange Inc.,USD,1.00,--
BCC,BOISE CASCADE,Industrials,Equity,"86,702,819.07",0.14,"86,702,819.07","960,909.00",90.23,United States,New York Stock Exchange Inc.,USD,1.00,--
CNK,CINEMARK HOLDINGS INC,Communication,Equity,"86,683,779.00",0.14,"86,683,779.00","2,751,866.00",31.50,United States,New York Stock Exchange Inc.,USD,1.00,--
CVCO,CAVCO INDUSTRIES INC,Consumer Discretionary,Equity,"85,492,661.52",0.13,"85,492,661.52","198,996.00",429.62,United States,NASDAQ,USD,1.00,--
GEO,GEO GROUP INC,Industrials,Equity,"85,347,568.56",0.13,"85,347,568.56","3,165,711.00",26.96,United States,New York Stock Exchange Inc.,USD,1.00,--
AVNT,AVIENT CORP,Materials,Equity,"85,210,365.24",0.13,"85,210,365.24","2,266,836.00",37.59,United States,New York Stock Exchange Inc.,USD,1.00,--
KRYS,KRYSTAL BIOTECH INC,Health Care,Equity,"85,163,896.32",0.13,"85,163,896.32","616,192.00",138.21,United States,NASDAQ,USD,1.00,--
MC,MOELIS CLASS A,Financials,Equity,"85,006,605.03",0.13,"85,006,605.03","1,470,957.00",57.79,United States,New York Stock Exchange Inc.,USD,1.00,--
BXMT,BLACKSTONE MORTGAGE TRUST REIT CLA,Financials,Equity,"84,576,730.42",0.13,"84,576,730.42","4,352,894.00",19.43,United States,New York Stock Exchange Inc.,USD,1.00,--
GT,GOODYEAR TIRE & RUBBER,Consumer Discretionary,Equity,"84,547,534.02",0.13,"84,547,534.02","7,081,033.00",11.94,United States,NASDAQ,USD,1.00,--
BGC,BGC GROUP INC CLASS A,Financials,Equity,"84,538,662.00",0.13,"84,538,662.00","8,670,632.00",9.75,United States,NASDAQ,USD,1.00,--
CBZ,CBIZ INC,Industrials,Equity,"84,409,941.12",0.13,"84,409,941.12","1,188,203.00",71.04,United States,New York Stock Exchange Inc.,USD,1.00,--
MUR,MURPHY OIL CORP,Energy,Equity,"83,250,797.37",0.13,"83,250,797.37","3,499,403.00",23.79,United States,New York Stock Exchange Inc.,USD,1.00,--
SIG,SIGNET JEWELERS LTD,Consumer Discretionary,Equity,"83,246,638.16",0.13,"83,246,638.16","1,041,364.00",79.94,United States,New York Stock Exchange Inc.,USD,1.00,--
PTGX,PROTAGONIST THERAPEUTICS INC,Health Care,Equity,"83,054,261.49",0.13,"83,054,261.49","1,473,377.00",56.37,United States,NASDAQ,USD,1.00,--
SKT,TANGER INC,Real Estate,Equity,"83,039,861.10",0.13,"83,039,861.10","2,709,294.00",30.65,United States,New York Stock Exchange Inc.,USD,1.00,--
LANC,LANCASTER COLONY CORP,Consumer Staples,Equity,"82,753,138.62",0.13,"82,753,138.62","485,726.00",170.37,United States,NASDAQ,USD,1.00,--
OTTR,OTTER TAIL CORP,Utilities,Equity,"82,380,009.69",0.13,"82,380,009.69","1,031,943.00",79.83,United States,NASDAQ,USD,1.00,--
FRSH,FRESHWORKS INC CLASS A,Information Technology,Equity,"81,922,658.79",0.13,"81,922,658.79","5,155,611.00",15.89,United States,NASDAQ,USD,1.00,--
DORM,DORMAN PRODUCTS INC,Consumer Discretionary,Equity,"81,812,515.10",0.13,"81,812,515.10","639,610.00",127.91,United States,NASDAQ,USD,1.00,--
POWI,POWER INTEGRATIONS INC,Information Technology,Equity,"81,508,705.88",0.13,"81,508,705.88","1,404,596.00",58.03,United States,NASDAQ,USD,1.00,--
MGEE,MGE ENERGY INC,Utilities,Equity,"81,290,047.85",0.13,"81,290,047.85","906,749.00",89.65,United States,NASDAQ,USD,1.00,--
BL,BLACKLINE INC,Information Technology,Equity,"81,292,344.00",0.13,"81,292,344.00","1,451,649.00",56.00,United States,NASDAQ,USD,1.00,--
RIOT,RIOT PLATFORMS INC,Information Technology,Equity,"81,103,986.15",0.13,"81,103,986.15","7,761,147.00",10.45,United States,NASDAQ,USD,1.00,--
NWE,NORTHWESTERN ENERGY GROUP INC,Utilities,Equity,"81,075,447.84",0.13,"81,075,447.84","1,536,684.00",52.76,United States,NASDAQ,USD,1.00,--
WDFC,WD-40,Consumer Staples,Equity,"81,057,534.00",0.13,"81,057,534.00","336,450.00",240.92,United States,NASDAQ,USD,1.00,--
CDP,COPT DEFENSE PROPERTIES,Real Estate,Equity,"80,625,011.31",0.13,"80,625,011.31","2,818,071.00",28.61,United States,New York Stock Exchange Inc.,USD,1.00,--
TEX,TEREX CORP,Industrials,Equity,"80,091,958.44",0.13,"80,091,958.44","1,669,278.00",47.98,United States,New York Stock Exchange Inc.,USD,1.00,--
DRS,LEONARDO DRS INC,Industrials,Equity,"79,949,584.82",0.13,"79,949,584.82","1,836,233.00",43.54,United States,NASDAQ,USD,1.00,--
SWTX,SPRINGWORKS THERAPEUTICS INC,Health Care,Equity,"79,821,263.28",0.13,"79,821,263.28","1,707,772.00",46.74,United States,NASDAQ,USD,1.00,--
FUL,HB FULLER,Materials,Equity,"79,784,759.34",0.13,"79,784,759.34","1,360,818.00",58.63,United States,New York Stock Exchange Inc.,USD,1.00,--
WSFS,WSFS FINANCIAL CORP,Financials,Equity,"79,189,644.30",0.12,"79,189,644.30","1,467,834.00",53.95,United States,NASDAQ,USD,1.00,--
PCH,POTLATCHDELTIC CORP,Real Estate,Equity,"79,115,341.27",0.12,"79,115,341.27","1,968,533.00",40.19,United States,NASDAQ,USD,1.00,--
FBP,FIRST BANCORP,Financials,Equity,"79,105,835.76",0.12,"79,105,835.76","3,883,448.00",20.37,United States,New York Stock Exchange Inc.,USD,1.00,--
REZI,RESIDEO TECHNOLOGIES INC,Industrials,Equity,"79,086,529.86",0.12,"79,086,529.86","3,651,271.00",21.66,United States,New York Stock Exchange Inc.,USD,1.00,--
CRC,CALIFORNIA RESOURCES CORP,Energy,Equity,"78,944,557.12",0.12,"78,944,557.12","1,741,168.00",45.34,United States,New York Stock Exchange Inc.,USD,1.00,--
RUSHA,RUSH ENTERPRISES INC CLASS A,Industrials,Equity,"78,941,710.12",0.12,"78,941,710.12","1,514,324.00",52.13,United States,NASDAQ,USD,1.00,--
SOUN,SOUNDHOUND AI INC CLASS A,Information Technology,Equity,"78,840,632.20",0.12,"78,840,632.20","8,053,180.00",9.79,United States,NASDAQ,USD,1.00,--
NHI,NATIONAL HEALTH INVESTORS REIT INC,Real Estate,Equity,"78,610,201.60",0.12,"78,610,201.60","1,094,240.00",71.84,United States,New York Stock Exchange Inc.,USD,1.00,--
FULT,FULTON FINANCIAL CORP,Financials,Equity,"78,340,794.00",0.12,"78,340,794.00","4,388,840.00",17.85,United States,NASDAQ,USD,1.00,--
SMPL,THE SIMPLY GOOD FOODS COMPANY,Consumer Staples,Equity,"77,738,442.68",0.12,"77,738,442.68","2,288,444.00",33.97,United States,NASDAQ,USD,1.00,--
SMR,NUSCALE POWER CORP CLASS A,Industrials,Equity,"77,670,991.25",0.12,"77,670,991.25","2,248,075.00",34.55,United States,New York Stock Exchange Inc.,USD,1.00,--
BNL,BROADSTONE NET LEASE INC,Real Estate,Equity,"77,609,527.60",0.12,"77,609,527.60","4,767,170.00",16.28,United States,New York Stock Exchange Inc.,USD,1.00,--
WHD,CACTUS INC CLASS A,Energy,Equity,"77,604,553.92",0.12,"77,604,553.92","1,653,976.00",46.92,United States,New York Stock Exchange Inc.,USD,1.00,--
NMIH,NMI HOLDINGS INC,Financials,Equity,"77,572,725.84",0.12,"77,572,725.84","1,967,852.00",39.42,United States,NASDAQ,USD,1.00,--
HASI,HA SUSTAINABLE INFRASTRUCTURE CAPI,Financials,Equity,"77,399,943.53",0.12,"77,399,943.53","2,932,927.00",26.39,United States,New York Stock Exchange Inc.,USD,1.00,--
SMTC,SEMTECH CORP,Information Technology,Equity,"77,327,047.28",0.12,"77,327,047.28","1,834,133.00",42.16,United States,NASDAQ,USD,1.00,--
GMS,GMS INC,Industrials,Equity,"77,322,912.80",0.12,"77,322,912.80","972,860.00",79.48,United States,New York Stock Exchange Inc.,USD,1.00,--
CBU,COMMUNITY FINANCIAL SYSTEM INC,Financials,Equity,"77,289,603.93",0.12,"77,289,603.93","1,333,269.00",57.97,United States,New York Stock Exchange Inc.,USD,1.00,--
QBTS,D WAVE QUANTUM INC,Information Technology,Equity,"76,797,679.77",0.12,"76,797,679.77","4,536,189.00",16.93,United States,New York Stock Exchange Inc.,USD,1.00,--
INTA,INTAPP INC,Information Technology,Equity,"76,338,593.69",0.12,"76,338,593.69","1,329,709.00",57.41,United States,NASDAQ,USD,1.00,--
GHC,GRAHAM HOLDINGS COMPANY CLASS B,Consumer Discretionary,Equity,"76,144,090.88",0.12,"76,144,090.88","79,712.00",955.24,United States,New York Stock Exchange Inc.,USD,1.00,--
ATMU,ATMUS FILTRATION TECHNOLOGIES INC,Industrials,Equity,"76,056,632.62",0.12,"76,056,632.62","2,078,618.00",36.59,United States,New York Stock Exchange Inc.,USD,1.00,--
ASO,ACADEMY SPORTS AND OUTDOORS INC,Consumer Discretionary,Equity,"75,616,980.80",0.12,"75,616,980.80","1,695,448.00",44.60,United States,NASDAQ,USD,1.00,--
FUN,SIX FLAGS ENTERTAINMENT CORP,Consumer Discretionary,Equity,"75,364,867.20",0.12,"75,364,867.20","2,304,736.00",32.70,United States,New York Stock Exchange Inc.,USD,1.00,--
NOG,NORTHERN OIL AND GAS INC,Energy,Equity,"75,293,724.88",0.12,"75,293,724.88","2,457,367.00",30.64,United States,New York Stock Exchange Inc.,USD,1.00,--
CRNX,CRINETICS PHARMACEUTICALS INC,Health Care,Equity,"75,244,429.60",0.12,"75,244,429.60","2,274,620.00",33.08,United States,NASDAQ,USD,1.00,--
FLG,FLAGSTAR FINANCIAL INC,Financials,Equity,"75,208,761.68",0.12,"75,208,761.68","6,288,358.00",11.96,United States,New York Stock Exchange Inc.,USD,1.00,--
OSCR,OSCAR HEALTH INC CLASS A,Financials,Equity,"74,918,926.55",0.12,"74,918,926.55","5,099,995.00",14.69,United States,New York Stock Exchange Inc.,USD,1.00,--
AVA,AVISTA CORP,Utilities,Equity,"74,751,881.40",0.12,"74,751,881.40","1,977,563.00",37.80,United States,New York Stock Exchange Inc.,USD,1.00,--
SM,SM ENERGY,Energy,Equity,"74,597,641.56",0.12,"74,597,641.56","2,870,244.00",25.99,United States,New York Stock Exchange Inc.,USD,1.00,--
MHO,M I HOMES INC,Consumer Discretionary,Equity,"74,329,368.25",0.12,"74,329,368.25","662,177.00",112.25,United States,New York Stock Exchange Inc.,USD,1.00,--
ABM,ABM INDUSTRIES INC,Industrials,Equity,"74,215,379.40",0.12,"74,215,379.40","1,552,623.00",47.80,United States,New York Stock Exchange Inc.,USD,1.00,--
RELY,REMITLY GLOBAL INC,Financials,Equity,"74,007,356.58",0.12,"74,007,356.58","3,726,453.00",19.86,United States,NASDAQ,USD,1.00,--
CPRX,CATALYST PHARMACEUTICALS INC,Health Care,Equity,"73,822,992.21",0.12,"73,822,992.21","2,805,891.00",26.31,United States,NASDAQ,USD,1.00,--
PATK,PATRICK INDUSTRIES INC,Consumer Discretionary,Equity,"73,633,005.65",0.12,"73,633,005.65","809,065.00",91.01,United States,NASDAQ,USD,1.00,--
AWR,AMERICAN STATES WATER,Utilities,Equity,"73,143,701.30",0.11,"73,143,701.30","929,399.00",78.70,United States,New York Stock Exchange Inc.,USD,1.00,--
ICUI,ICU MEDICAL INC,Health Care,Equity,"72,980,064.01",0.11,"72,980,064.01","533,519.00",136.79,United States,NASDAQ,USD,1.00,--
EBC,EASTERN BANKSHARES INC,Financials,Equity,"72,639,401.64",0.11,"72,639,401.64","4,722,978.00",15.38,United States,NASDAQ,USD,1.00,--
ACLX,ARCELLX INC,Health Care,Equity,"72,411,064.90",0.11,"72,411,064.90","1,087,090.00",66.61,United States,NASDAQ,USD,1.00,--
TPH,TRI POINTE HOMES INC,Consumer Discretionary,Equity,"72,391,009.30",0.11,"72,391,009.30","2,290,130.00",31.61,United States,New York Stock Exchange Inc.,USD,1.00,--
LTH,LIFE TIME GROUP HOLDINGS INC,Consumer Discretionary,Equity,"71,972,590.68",0.11,"71,972,590.68","2,590,806.00",27.78,United States,New York Stock Exchange Inc.,USD,1.00,--
AI,C3 AI INC CLASS A,Information Technology,Equity,"71,606,405.13",0.11,"71,606,405.13","2,796,033.00",25.61,United States,New York Stock Exchange Inc.,USD,1.00,--
CARG,CARGURUS INC CLASS A,Communication,Equity,"71,486,304.40",0.11,"71,486,304.40","2,172,836.00",32.90,United States,NASDAQ,USD,1.00,--
CRVL,CORVEL CORP,Health Care,Equity,"71,406,209.42",0.11,"71,406,209.42","659,398.00",108.29,United States,NASDAQ,USD,1.00,--
PRCT,PROCEPT BIOROBOTICS CORP,Health Care,Equity,"71,179,364.85",0.11,"71,179,364.85","1,108,195.00",64.23,United States,NASDAQ,USD,1.00,--
MGRC,MCGRATH RENT,Industrials,Equity,"71,059,321.76",0.11,"71,059,321.76","602,504.00",117.94,United States,NASDAQ,USD,1.00,--
UNF,UNIFIRST CORP,Industrials,Equity,"71,005,985.83",0.11,"71,005,985.83","374,959.00",189.37,United States,New York Stock Exchange Inc.,USD,1.00,--
LAUR,LAUREATE EDUCATION INC,Consumer Discretionary,Equity,"70,924,229.86",0.11,"70,924,229.86","3,250,423.00",21.82,United States,NASDAQ,USD,1.00,--
CATY,CATHAY GENERAL BANCORP,Financials,Equity,"70,899,735.00",0.11,"70,899,735.00","1,574,500.00",45.03,United States,NASDAQ,USD,1.00,--
CALX,CALIX NETWORKS INC,Information Technology,Equity,"70,888,829.76",0.11,"70,888,829.76","1,480,552.00",47.88,United States,New York Stock Exchange Inc.,USD,1.00,--
GFF,GRIFFON CORP,Industrials,Equity,"70,686,558.00",0.11,"70,686,558.00","982,440.00",71.95,United States,New York Stock Exchange Inc.,USD,1.00,--
ALRM,ALARM.COM HOLDINGS INC,Information Technology,Equity,"70,163,799.26",0.11,"70,163,799.26","1,176,061.00",59.66,United States,NASDAQ,USD,1.00,--
INDB,INDEPENDENT BANK CORP,Financials,Equity,"70,141,143.68",0.11,"70,141,143.68","1,068,736.00",65.63,United States,NASDAQ,USD,1.00,--
HGV,HILTON GRAND VACATIONS INC,Consumer Discretionary,Equity,"70,089,556.00",0.11,"70,089,556.00","1,734,890.00",40.40,United States,New York Stock Exchange Inc.,USD,1.00,--
CLSKW,CLEANSPARK INC,Information Technology,Equity,"69,674,990.92",0.11,"69,674,990.92","6,878,084.00",10.13,United States,NASDAQ,USD,1.00,--
CWT,CALIFORNIA WATER SERVICE GROUP,Utilities,Equity,"69,623,328.72",0.11,"69,623,328.72","1,476,948.00",47.14,United States,New York Stock Exchange Inc.,USD,1.00,--
CAKE,CHEESECAKE FACTORY INC,Consumer Discretionary,Equity,"69,508,783.89",0.11,"69,508,783.89","1,212,433.00",57.33,United States,NASDAQ,USD,1.00,--
NUVL,NUVALENT INC CLASS A,Health Care,Equity,"69,248,436.48",0.11,"69,248,436.48","871,488.00",79.46,United States,NASDAQ,USD,1.00,--
PRGS,PROGRESS SOFTWARE CORP,Information Technology,Equity,"68,949,156.44",0.11,"68,949,156.44","1,066,334.00",64.66,United States,NASDAQ,USD,1.00,--
SRRK,SCHOLAR ROCK HOLDING CORP,Health Care,Equity,"68,805,166.96",0.11,"68,805,166.96","1,998,988.00",34.42,United States,NASDAQ,USD,1.00,--
VAL,VALARIS LTD,Energy,Equity,"68,761,392.61",0.11,"68,761,392.61","1,542,773.00",44.57,United States,New York Stock Exchange Inc.,USD,1.00,--
GNW,GENWORTH FINANCIAL INC,Financials,Equity,"68,690,725.50",0.11,"68,690,725.50","9,998,650.00",6.87,United States,New York Stock Exchange Inc.,USD,1.00,--
TGNA,TEGNA INC,Communication,Equity,"68,345,560.40",0.11,"68,345,560.40","4,044,116.00",16.90,United States,New York Stock Exchange Inc.,USD,1.00,--
BOH,BANK OF HAWAII CORP,Financials,Equity,"68,287,781.82",0.11,"68,287,781.82","1,000,407.00",68.26,United States,New York Stock Exchange Inc.,USD,1.00,--
APLE,APPLE HOSPITALITY REIT INC,Real Estate,Equity,"68,283,694.36",0.11,"68,283,694.36","5,752,628.00",11.87,United States,New York Stock Exchange Inc.,USD,1.00,--
MRCY,MERCURY SYSTEMS INC,Industrials,Equity,"68,005,206.88",0.11,"68,005,206.88","1,294,844.00",52.52,United States,NASDAQ,USD,1.00,--
BKU,BANKUNITED INC,Financials,Equity,"67,724,599.60",0.11,"67,724,599.60","1,910,965.00",35.44,United States,New York Stock Exchange Inc.,USD,1.00,--
FORM,FORMFACTOR INC,Information Technology,Equity,"67,701,744.00",0.11,"67,701,744.00","1,923,345.00",35.20,United States,NASDAQ,USD,1.00,--
PTON,PELOTON INTERACTIVE CLASS A INC,Consumer Discretionary,Equity,"67,078,862.69",0.11,"67,078,862.69","8,791,463.00",7.63,United States,NASDAQ,USD,1.00,--
CPK,CHESAPEAKE UTILITIES CORP,Utilities,Equity,"67,045,776.74",0.11,"67,045,776.74","556,258.00",120.53,United States,New York Stock Exchange Inc.,USD,1.00,--
APAM,ARTISAN PARTNERS ASSET MANAGEMENT,Financials,Equity,"67,025,362.50",0.11,"67,025,362.50","1,598,125.00",41.94,United States,New York Stock Exchange Inc.,USD,1.00,--
PSMT,PRICESMART INC,Consumer Staples,Equity,"66,960,743.75",0.11,"66,960,743.75","618,575.00",108.25,United States,NASDAQ,USD,1.00,--
FCPT,FOUR CORNERS PROPERTY INC TRUST,Real Estate,Equity,"66,879,706.44",0.10,"66,879,706.44","2,419,671.00",27.64,United States,New York Stock Exchange Inc.,USD,1.00,--
WSBC,WESBANCO INC,Financials,Equity,"66,851,769.18",0.10,"66,851,769.18","2,105,236.00",31.75,United States,NASDAQ,USD,1.00,--
AZZ,AZZ INC,Industrials,Equity,"66,655,993.50",0.10,"66,655,993.50","723,735.00",92.10,United States,New York Stock Exchange Inc.,USD,1.00,--
PI,IMPINJ INC,Information Technology,Equity,"66,347,113.14",0.10,"66,347,113.14","572,649.00",115.86,United States,NASDAQ,USD,1.00,--
ACAD,ACADIA PHARMACEUTICALS INC,Health Care,Equity,"66,001,554.60",0.10,"66,001,554.60","2,973,043.00",22.20,United States,NASDAQ,USD,1.00,--
AGX,ARGAN INC,Industrials,Equity,"65,886,477.05",0.10,"65,886,477.05","314,569.00",209.45,United States,New York Stock Exchange Inc.,USD,1.00,--
BUR,BURFORD CAPITAL LTD,Financials,Equity,"65,696,615.04",0.10,"65,696,615.04","4,992,144.00",13.16,United States,New York Stock Exchange Inc.,USD,1.00,--
RXO,RXO INC,Industrials,Equity,"65,347,672.50",0.10,"65,347,672.50","3,960,465.00",16.50,United States,New York Stock Exchange Inc.,USD,1.00,--
SYNA,SYNAPTICS INC,Information Technology,Equity,"65,257,552.01",0.10,"65,257,552.01","988,601.00",66.01,United States,NASDAQ,USD,1.00,--
HWKN,HAWKINS INC,Materials,Equity,"65,235,716.24",0.10,"65,235,716.24","480,098.00",135.88,United States,NASDAQ,USD,1.00,--
TNET,TRINET GROUP INCINARY,Industrials,Equity,"65,148,261.95",0.10,"65,148,261.95","795,947.00",81.85,United States,New York Stock Exchange Inc.,USD,1.00,--
MYRG,MYR GROUP INC,Industrials,Equity,"65,099,352.00",0.10,"65,099,352.00","398,600.00",163.32,United States,NASDAQ,USD,1.00,--
BWIN,BALDWIN INSURANCE GROUP INC CLASS,Financials,Equity,"64,800,998.80",0.10,"64,800,998.80","1,685,770.00",38.44,United States,NASDAQ,USD,1.00,--
LIVN,LIVANOVA PLC,Health Care,Equity,"64,563,354.80",0.10,"64,563,354.80","1,356,373.00",47.60,United States,NASDAQ,USD,1.00,--
VCTR,VICTORY CAPITAL HOLDINGS CLASS A I,Financials,Equity,"64,441,218.59",0.10,"64,441,218.59","1,035,533.00",62.23,United States,NASDAQ,USD,1.00,--
PFSI,PENNYMAC FINANCIAL SERVICES INC,Financials,Equity,"64,269,124.50",0.10,"64,269,124.50","662,910.00",96.95,United States,New York Stock Exchange Inc.,USD,1.00,--
WNS,WNS HOLDINGS LTD,Industrials,Equity,"64,154,718.02",0.10,"64,154,718.02","1,072,642.00",59.81,United States,New York Stock Exchange Inc.,USD,1.00,--
MQ,MARQETA INC CLASS A,Financials,Equity,"64,134,094.96",0.10,"64,134,094.96","11,703,302.00",5.48,United States,NASDAQ,USD,1.00,--
TBBK,BANCORP INC,Financials,Equity,"63,807,911.44",0.10,"63,807,911.44","1,174,667.00",54.32,United States,NASDAQ,USD,1.00,--
LXP,LXP INDUSTRIAL TRUST,Real Estate,Equity,"63,668,841.60",0.10,"63,668,841.60","7,335,120.00",8.68,United States,New York Stock Exchange Inc.,USD,1.00,--
UEC,URANIUM ENERGY CORP,Energy,Equity,"63,329,450.51",0.10,"63,329,450.51","10,230,929.00",6.19,United States,Nyse Mkt Llc,USD,1.00,--
IPAR,INTERPARFUMS INC,Consumer Staples,Equity,"63,229,068.80",0.10,"63,229,068.80","453,190.00",139.52,United States,NASDAQ,USD,1.00,--
CVBF,CVB FINANCIAL CORP,Financials,Equity,"62,947,148.88",0.10,"62,947,148.88","3,258,134.00",19.32,United States,NASDAQ,USD,1.00,--
KAR,OPENLANE INC,Industrials,Equity,"62,892,638.91",0.10,"62,892,638.91","2,645,883.00",23.77,United States,New York Stock Exchange Inc.,USD,1.00,--
AGYS,AGILYSYS INC,Information Technology,Equity,"62,248,474.20",0.10,"62,248,474.20","559,185.00",111.32,United States,NASDAQ,USD,1.00,--
SSRM,SSR MINING INC,Materials,Equity,"62,237,142.27",0.10,"62,237,142.27","5,047,619.00",12.33,Canada,NASDAQ,USD,1.00,--
SFNC,SIMMONS FIRST NATIONAL CORP CLASS,Financials,Equity,"61,960,325.22",0.10,"61,960,325.22","3,217,047.00",19.26,United States,NASDAQ,USD,1.00,--
APLD,APPLIED DIGITAL CORP,Information Technology,Equity,"61,859,229.12",0.10,"61,859,229.12","4,956,669.00",12.48,United States,NASDAQ,USD,1.00,--
ENVA,ENOVA INTERNATIONAL INC,Financials,Equity,"61,730,889.99",0.10,"61,730,889.99","635,811.00",97.09,United States,New York Stock Exchange Inc.,USD,1.00,--
BLKB,BLACKBAUD INC,Information Technology,Equity,"61,563,313.24",0.10,"61,563,313.24","972,257.00",63.32,United States,NASDAQ,USD,1.00,--
ACVA,ACV AUCTIONS INC CLASS A,Industrials,Equity,"61,467,400.72",0.10,"61,467,400.72","3,682,888.00",16.69,United States,New York Stock Exchange Inc.,USD,1.00,--
ATKR,ATKORE INC,Industrials,Equity,"61,279,529.20",0.10,"61,279,529.20","867,982.00",70.60,United States,New York Stock Exchange Inc.,USD,1.00,--
HCC,WARRIOR MET COAL INC,Materials,Equity,"61,274,188.80",0.10,"61,274,188.80","1,289,440.00",47.52,United States,New York Stock Exchange Inc.,USD,1.00,--
BANF,BANCFIRST CORP,Financials,Equity,"61,222,298.34",0.10,"61,222,298.34","489,426.00",125.09,United States,NASDAQ,USD,1.00,--
VC,VISTEON CORP,Consumer Discretionary,Equity,"61,191,634.20",0.10,"61,191,634.20","679,605.00",90.04,United States,NASDAQ,USD,1.00,--
HURN,HURON CONSULTING GROUP INC,Industrials,Equity,"61,184,167.41",0.10,"61,184,167.41","436,749.00",140.09,United States,NASDAQ,USD,1.00,--
AVPT,AVEPOINT INC CLASS A,Information Technology,Equity,"60,728,328.48",0.10,"60,728,328.48","3,223,372.00",18.84,United States,NASDAQ,USD,1.00,--
UE,URBAN EDGE PROPERTIES,Real Estate,Equity,"60,684,822.75",0.10,"60,684,822.75","3,185,555.00",19.05,United States,New York Stock Exchange Inc.,USD,1.00,--
OUT,OUTFRONT MEDIA INC,Real Estate,Equity,"60,470,495.49",0.09,"60,470,495.49","3,667,101.00",16.49,United States,New York Stock Exchange Inc.,USD,1.00,--
FFBC,FIRST FINANCIAL BANCORP,Financials,Equity,"60,309,103.52",0.09,"60,309,103.52","2,470,672.00",24.41,United States,NASDAQ,USD,1.00,--
RRR,RED ROCK RESORTS ORS CLASS A INC,Consumer Discretionary,Equity,"60,046,950.96",0.09,"60,046,950.96","1,224,948.00",49.02,United States,NASDAQ,USD,1.00,--
CON,CONCENTRA GROUP HOLDINGS PARENT IN,Health Care,Equity,"59,971,289.30",0.09,"59,971,289.30","2,729,690.00",21.97,United States,New York Stock Exchange Inc.,USD,1.00,--
EVTC,EVERTEC INC,Financials,Equity,"59,855,696.28",0.09,"59,855,696.28","1,594,876.00",37.53,United States,New York Stock Exchange Inc.,USD,1.00,--
TOWN,TOWNEBANK,Financials,Equity,"59,804,277.26",0.09,"59,804,277.26","1,729,447.00",34.58,United States,NASDAQ,USD,1.00,--
GSHD,GOOSEHEAD INSURANCE INC CLASS A,Financials,Equity,"59,780,103.88",0.09,"59,780,103.88","559,634.00",106.82,United States,NASDAQ,USD,1.00,--
WAFD,WAFD INC,Financials,Equity,"59,711,706.45",0.09,"59,711,706.45","2,033,085.00",29.37,United States,NASDAQ,USD,1.00,--
PTEN,PATTERSON UTI ENERGY INC,Energy,Equity,"59,699,646.16",0.09,"59,699,646.16","9,691,501.00",6.16,United States,NASDAQ,USD,1.00,--
ASGN,ASGN INC,Information Technology,Equity,"59,553,172.08",0.09,"59,553,172.08","1,083,573.00",54.96,United States,New York Stock Exchange Inc.,USD,1.00,--
CXW,CORECIVIC REIT INC,Industrials,Equity,"59,270,920.80",0.09,"59,270,920.80","2,713,870.00",21.84,United States,New York Stock Exchange Inc.,USD,1.00,--
AKR,ACADIA REALTY TRUST REIT,Real Estate,Equity,"58,986,926.74",0.09,"58,986,926.74","2,958,221.00",19.94,United States,New York Stock Exchange Inc.,USD,1.00,--
AIR,AAR CORP,Industrials,Equity,"58,928,861.34",0.09,"58,928,861.34","869,542.00",67.77,United States,New York Stock Exchange Inc.,USD,1.00,--
YELP,YELP INC,Communication,Equity,"58,892,956.80",0.09,"58,892,956.80","1,583,144.00",37.20,United States,New York Stock Exchange Inc.,USD,1.00,--
PRK,PARK NATIONAL CORP,Financials,Equity,"58,815,616.01",0.09,"58,815,616.01","354,931.00",165.71,United States,Nyse Mkt Llc,USD,1.00,--
DIOD,DIODES INC,Information Technology,Equity,"58,722,978.08",0.09,"58,722,978.08","1,141,582.00",51.44,United States,NASDAQ,USD,1.00,--
PRVA,PRIVIA HEALTH GROUP INC,Health Care,Equity,"58,637,465.00",0.09,"58,637,465.00","2,549,455.00",23.00,United States,NASDAQ,USD,1.00,--
ZETA,ZETA GLOBAL HOLDINGS CORP CLASS A,Information Technology,Equity,"58,524,322.92",0.09,"58,524,322.92","4,447,137.00",13.16,United States,New York Stock Exchange Inc.,USD,1.00,--
VSEC,VSE CORP,Industrials,Equity,"58,506,021.63",0.09,"58,506,021.63","438,543.00",133.41,United States,NASDAQ,USD,1.00,--
EPAC,ENERPAC TOOL GROUP CORP CLASS A,Industrials,Equity,"58,460,926.86",0.09,"58,460,926.86","1,347,647.00",43.38,United States,New York Stock Exchange Inc.,USD,1.00,--
GPOR,GULFPORT ENERGY CORP,Energy,Equity,"58,373,533.98",0.09,"58,373,533.98","314,394.00",185.67,United States,New York Stock Exchange Inc.,USD,1.00,--
COMP,COMPASS INC CLASS A,Real Estate,Equity,"58,373,939.64",0.09,"58,373,939.64","9,207,246.00",6.34,United States,New York Stock Exchange Inc.,USD,1.00,--
REVG,REV GROUP INC,Industrials,Equity,"57,816,966.70",0.09,"57,816,966.70","1,287,683.00",44.90,United States,New York Stock Exchange Inc.,USD,1.00,--
TDW,TIDEWATER INC,Energy,Equity,"57,725,289.89",0.09,"57,725,289.89","1,212,971.00",47.59,United States,New York Stock Exchange Inc.,USD,1.00,--
ACLS,AXCELIS TECHNOLOGIES INC,Information Technology,Equity,"57,676,759.04",0.09,"57,676,759.04","815,104.00",70.76,United States,NASDAQ,USD,1.00,--
HNI,HNI CORP,Industrials,Equity,"57,477,835.56",0.09,"57,477,835.56","1,187,804.00",48.39,United States,New York Stock Exchange Inc.,USD,1.00,--
YOU,CLEAR SECURE INC CLASS A,Information Technology,Equity,"57,227,729.68",0.09,"57,227,729.68","2,204,458.00",25.96,United States,New York Stock Exchange Inc.,USD,1.00,--
LCII,LCI INDUSTRIES,Consumer Discretionary,Equity,"57,148,106.40",0.09,"57,148,106.40","618,486.00",92.40,United States,New York Stock Exchange Inc.,USD,1.00,--
ALIT,ALIGHT INC CLASS A,Industrials,Equity,"57,081,294.40",0.09,"57,081,294.40","10,473,632.00",5.45,United States,New York Stock Exchange Inc.,USD,1.00,--
KYMR,KYMERA THERAPEUTICS INC,Health Care,Equity,"56,691,462.60",0.09,"56,691,462.60","1,166,491.00",48.60,United States,NASDAQ,USD,1.00,--
DAN,DANA INCORPORATED INC,Consumer Discretionary,Equity,"56,657,932.20",0.09,"56,657,932.20","3,256,203.00",17.40,United States,New York Stock Exchange Inc.,USD,1.00,--
CORZ,CORE SCIENTIFIC INC,Information Technology,Equity,"56,424,947.35",0.09,"56,424,947.35","4,418,555.00",12.77,United States,NASDAQ,USD,1.00,--
WD,WALKER & DUNLOP INC,Financials,Equity,"56,419,943.08",0.09,"56,419,943.08","789,974.00",71.42,United States,New York Stock Exchange Inc.,USD,1.00,--
BCRX,BIOCRYST PHARMACEUTICALS INC,Health Care,Equity,"56,399,693.88",0.09,"56,399,693.88","5,122,588.00",11.01,United States,NASDAQ,USD,1.00,--
RIG,TRANSOCEAN LTD,Energy,Equity,"56,022,277.08",0.09,"56,022,277.08","18,189,051.00",3.08,United States,New York Stock Exchange Inc.,USD,1.00,--
VCEL,VERICEL CORP,Health Care,Equity,"55,906,089.60",0.09,"55,906,089.60","1,223,328.00",45.70,United States,NASDAQ,USD,1.00,--
NSP,INSPERITY INC,Industrials,Equity,"55,868,815.57",0.09,"55,868,815.57","892,901.00",62.57,United States,New York Stock Exchange Inc.,USD,1.00,--
CRK,COMSTOCK RESOURCES INC,Energy,Equity,"55,541,126.52",0.09,"55,541,126.52","2,310,363.00",24.04,United States,New York Stock Exchange Inc.,USD,1.00,--
CHEF,CHEFS WAREHOUSE INC,Consumer Staples,Equity,"55,366,751.96",0.09,"55,366,751.96","883,606.00",62.66,United States,NASDAQ,USD,1.00,--
TRMK,TRUSTMARK CORP,Financials,Equity,"55,313,622.70",0.09,"55,313,622.70","1,563,415.00",35.38,United States,NASDAQ,USD,1.00,--
IESC,IES INC,Industrials,Equity,"55,305,811.29",0.09,"55,305,811.29","205,087.00",269.67,United States,NASDAQ,USD,1.00,--
PAR,PAR TECHNOLOGY CORP,Information Technology,Equity,"55,218,892.96",0.09,"55,218,892.96","835,637.00",66.08,United States,New York Stock Exchange Inc.,USD,1.00,--
IVT,INVENTRUST PROPERTIES CORP,Real Estate,Equity,"55,092,166.48",0.09,"55,092,166.48","1,943,972.00",28.34,United States,New York Stock Exchange Inc.,USD,1.00,--
BANR,BANNER CORP,Financials,Equity,"55,080,642.52",0.09,"55,080,642.52","869,054.00",63.38,United States,NASDAQ,USD,1.00,--
FIBK,FIRST INTERSTATE BANCSYSTEM INC,Financials,Equity,"54,813,370.35",0.09,"54,813,370.35","1,947,189.00",28.15,United States,NASDAQ,USD,1.00,--
IOSP,INNOSPEC INC,Materials,Equity,"54,626,738.76",0.09,"54,626,738.76","614,889.00",88.84,United States,NASDAQ,USD,1.00,--
CURB,CURBLINE PROPERTIES,Real Estate,Equity,"54,564,749.04",0.09,"54,564,749.04","2,360,067.00",23.12,United States,New York Stock Exchange Inc.,USD,1.00,--
MGNI,MAGNITE INC,Communication,Equity,"54,526,264.64",0.09,"54,526,264.64","3,126,506.00",17.44,United States,NASDAQ,USD,1.00,--
FRME,FIRST MERCHANTS CORP,Financials,Equity,"54,438,278.70",0.09,"54,438,278.70","1,441,310.00",37.77,United States,NASDAQ,USD,1.00,--
SBCF,SEACOAST BANKING OF FLORIDA,Financials,Equity,"54,249,180.72",0.09,"54,249,180.72","2,044,824.00",26.53,United States,NASDAQ,USD,1.00,--
ALG,ALAMO GROUP INC,Industrials,Equity,"54,163,060.56",0.09,"54,163,060.56","253,608.00",213.57,United States,New York Stock Exchange Inc.,USD,1.00,--
EXTR,EXTREME NETWORKS INC,Information Technology,Equity,"54,159,342.92",0.09,"54,159,342.92","3,216,113.00",16.84,United States,NASDAQ,USD,1.00,--
LMND,LEMONADE INC,Financials,Equity,"54,097,642.95",0.08,"54,097,642.95","1,301,989.00",41.55,United States,New York Stock Exchange Inc.,USD,1.00,--
SKWD,SKYWARD SPECIALTY INSURANCE GROUP,Financials,Equity,"54,076,548.90",0.08,"54,076,548.90","929,310.00",58.19,United States,NASDAQ,USD,1.00,--
VCYT,VERACYTE INC,Health Care,Equity,"54,028,289.56",0.08,"54,028,289.56","1,937,887.00",27.88,United States,NASDAQ,USD,1.00,--
TRN,TRINITY INDUSTRIES INC,Industrials,Equity,"53,935,529.50",0.08,"53,935,529.50","2,035,303.00",26.50,United States,New York Stock Exchange Inc.,USD,1.00,--
RAMP,LIVERAMP HOLDINGS INC,Information Technology,Equity,"53,614,035.00",0.08,"53,614,035.00","1,601,375.00",33.48,United States,New York Stock Exchange Inc.,USD,1.00,--
CNS,COHEN & STEERS INC,Financials,Equity,"53,340,749.44",0.08,"53,340,749.44","688,801.00",77.44,United States,New York Stock Exchange Inc.,USD,1.00,--
AIN,ALBANY INTERNATIONAL CORP CLASS A,Industrials,Equity,"52,988,616.70",0.08,"52,988,616.70","773,105.00",68.54,United States,New York Stock Exchange Inc.,USD,1.00,--
CCOI,COGENT COMMUNICATIONS HOLDINGS INC,Communication,Equity,"52,907,397.54",0.08,"52,907,397.54","1,087,958.00",48.63,United States,NASDAQ,USD,1.00,--
NBTB,NBT BANCORP INC,Financials,Equity,"52,832,324.48",0.08,"52,832,324.48","1,239,032.00",42.64,United States,NASDAQ,USD,1.00,--
AMBA,AMBARELLA INC,Information Technology,Equity,"52,783,275.60",0.08,"52,783,275.60","961,444.00",54.90,United States,NASDAQ,USD,1.00,--
RGTI,RIGETTI COMPUTING INC,Information Technology,Equity,"52,754,209.40",0.08,"52,754,209.40","4,693,435.00",11.24,United States,NASDAQ,USD,1.00,--
OI,O I GLASS INC,Materials,Equity,"52,751,708.10",0.08,"52,751,708.10","3,864,594.00",13.65,United States,New York Stock Exchange Inc.,USD,1.00,--
OII,OCEANEERING INTERNATIONAL INC,Energy,Equity,"52,575,901.84",0.08,"52,575,901.84","2,537,447.00",20.72,United States,New York Stock Exchange Inc.,USD,1.00,--
LEU,CENTRUS ENERGY CORP CLASS A,Energy,Equity,"52,449,776.64",0.08,"52,449,776.64","359,442.00",145.92,United States,Nyse Mkt Llc,USD,1.00,--
PRDO,PERDOCEO EDUCATION CORP,Consumer Discretionary,Equity,"52,400,230.74",0.08,"52,400,230.74","1,649,362.00",31.77,United States,NASDAQ,USD,1.00,--
VIAV,VIAVI SOLUTIONS INC,Information Technology,Equity,"52,288,323.92",0.08,"52,288,323.92","5,492,471.00",9.52,United States,NASDAQ,USD,1.00,--
PPBI,PACIFIC PREMIER BANCORP INC,Financials,Equity,"52,267,815.60",0.08,"52,267,815.60","2,393,215.00",21.84,United States,NASDAQ,USD,1.00,--
VERX,VERTEX INC CLASS A,Information Technology,Equity,"52,250,414.58",0.08,"52,250,414.58","1,371,762.00",38.09,United States,NASDAQ,USD,1.00,--
BATRK,ATLANTA BRAVES HOLDINGS INC SERIES,Communication,Equity,"52,092,160.89",0.08,"52,092,160.89","1,217,391.00",42.79,United States,NASDAQ,USD,1.00,--
HUBG,HUB GROUP INC CLASS A,Industrials,Equity,"51,734,916.77",0.08,"51,734,916.77","1,507,867.00",34.31,United States,NASDAQ,USD,1.00,--
PBF,PBF ENERGY INC CLASS A,Energy,Equity,"50,958,673.04",0.08,"50,958,673.04","2,517,721.00",20.24,United States,New York Stock Exchange Inc.,USD,1.00,--
TWST,TWIST BIOSCIENCE CORP,Health Care,Equity,"50,934,290.55",0.08,"50,934,290.55","1,478,499.00",34.45,United States,NASDAQ,USD,1.00,--
PFS,PROVIDENT FINANCIAL SERVICES INC,Financials,Equity,"50,837,373.16",0.08,"50,837,373.16","2,976,427.00",17.08,United States,New York Stock Exchange Inc.,USD,1.00,--
LGND,LIGAND PHARMACEUTICALS INC,Health Care,Equity,"50,820,212.82",0.08,"50,820,212.82","448,071.00",113.42,United States,NASDAQ,USD,1.00,--
ADUS,ADDUS HOMECARE CORP,Health Care,Equity,"50,735,752.00",0.08,"50,735,752.00","429,964.00",118.00,United States,NASDAQ,USD,1.00,--
SATS,ECHOSTAR CORP CLASS A,Communication,Equity,"50,691,582.54",0.08,"50,691,582.54","3,028,171.00",16.74,United States,NASDAQ,USD,1.00,--
SMMT,SUMMIT THERAPEUTICS INC,Health Care,Equity,"50,638,360.32",0.08,"50,638,360.32","2,293,404.00",22.08,United States,NASDAQ,USD,1.00,--
SLNO,SOLENO THERAPEUTICS INC,Health Care,Equity,"50,627,035.20",0.08,"50,627,035.20","634,424.00",79.80,United States,NASDAQ,USD,1.00,--
GOLF,ACUSHNET HOLDINGS CORP,Consumer Discretionary,Equity,"50,556,724.40",0.08,"50,556,724.40","690,760.00",73.19,United States,New York Stock Exchange Inc.,USD,1.00,--
ARWR,ARROWHEAD PHARMACEUTICALS INC,Health Care,Equity,"50,519,248.78",0.08,"50,519,248.78","2,976,974.00",16.97,United States,NASDAQ,USD,1.00,--
LBRT,LIBERTY ENERGY INC CLASS A,Energy,Equity,"50,482,168.37",0.08,"50,482,168.37","3,947,003.00",12.79,United States,New York Stock Exchange Inc.,USD,1.00,--
NATL,NCR ATLEOS CORP,Financials,Equity,"50,304,071.72",0.08,"50,304,071.72","1,805,602.00",27.86,United States,New York Stock Exchange Inc.,USD,1.00,--
FL,FOOT LOCKER INC,Consumer Discretionary,Equity,"50,201,486.64",0.08,"50,201,486.64","2,081,322.00",24.12,United States,New York Stock Exchange Inc.,USD,1.00,--
OSW,ONESPAWORLD HOLDINGS LTD,Consumer Discretionary,Equity,"49,910,483.94",0.08,"49,910,483.94","2,516,918.00",19.83,United States,NASDAQ,USD,1.00,--
VSH,VISHAY INTERTECHNOLOGY INC,Information Technology,Equity,"49,494,591.31",0.08,"49,494,591.31","3,099,223.00",15.97,United States,New York Stock Exchange Inc.,USD,1.00,--
TGLS,TECNOGLASS INC,Industrials,Equity,"49,135,510.05",0.08,"49,135,510.05","558,041.00",88.05,United States,New York Stock Exchange Inc.,USD,1.00,--
DOCN,DIGITALOCEAN HOLDINGS INC,Information Technology,Equity,"49,037,879.50",0.08,"49,037,879.50","1,662,301.00",29.50,United States,New York Stock Exchange Inc.,USD,1.00,--
WRBY,WARBY PARKER INC CLASS A,Consumer Discretionary,Equity,"48,994,289.20",0.08,"48,994,289.20","2,208,940.00",22.18,United States,New York Stock Exchange Inc.,USD,1.00,--
RUN,SUNRUN INC,Industrials,Equity,"48,866,222.50",0.08,"48,866,222.50","5,515,375.00",8.86,United States,NASDAQ,USD,1.00,--
EFSC,ENTERPRISE FINANCIAL SERVICES CORP,Financials,Equity,"48,845,215.00",0.08,"48,845,215.00","899,875.00",54.28,United States,NASDAQ,USD,1.00,--
NVCR,NOVOCURE LTD,Health Care,Equity,"48,645,776.22",0.08,"48,645,776.22","2,646,669.00",18.38,United States,NASDAQ,USD,1.00,--
AGIO,AGIOS PHARMACEUTICALS INC,Health Care,Equity,"48,596,947.49",0.08,"48,596,947.49","1,408,199.00",34.51,United States,NASDAQ,USD,1.00,--
MIRM,MIRUM PHARMACEUTICALS INC,Health Care,Equity,"48,474,232.52",0.08,"48,474,232.52","989,674.00",48.98,United States,NASDAQ,USD,1.00,--
SYBT,STOCK YARDS BANCORP INC,Financials,Equity,"48,423,651.66",0.08,"48,423,651.66","624,177.00",77.58,United States,NASDAQ,USD,1.00,--
DEI,DOUGLAS EMMETT REIT INC,Real Estate,Equity,"48,309,501.90",0.08,"48,309,501.90","3,216,345.00",15.02,United States,New York Stock Exchange Inc.,USD,1.00,--
PLUS,EPLUS,Information Technology,Equity,"48,236,770.40",0.08,"48,236,770.40","662,593.00",72.80,United States,NASDAQ,USD,1.00,--
IDYA,IDEAYA BIOSCIENCES INC,Health Care,Equity,"48,108,279.69",0.08,"48,108,279.69","2,125,863.00",22.63,United States,NASDAQ,USD,1.00,--
BANC,BANC OF CALIFORNIA INC,Financials,Equity,"48,079,389.12",0.08,"48,079,389.12","3,366,904.00",14.28,United States,New York Stock Exchange Inc.,USD,1.00,--
WOR,WORTHINGTON ENTERPRISES INC,Industrials,Equity,"48,001,650.77",0.08,"48,001,650.77","785,753.00",61.09,United States,New York Stock Exchange Inc.,USD,1.00,--
BRZE,BRAZE INC CLASS A,Information Technology,Equity,"47,757,581.40",0.07,"47,757,581.40","1,641,154.00",29.10,United States,NASDAQ,USD,1.00,--
OFG,OFG BANCORP,Financials,Equity,"47,685,130.90",0.07,"47,685,130.90","1,135,090.00",42.01,United States,New York Stock Exchange Inc.,USD,1.00,--
GRBK,GREEN BRICK PARTNERS INC,Consumer Discretionary,Equity,"47,650,528.80",0.07,"47,650,528.80","764,856.00",62.30,United States,New York Stock Exchange Inc.,USD,1.00,--
UPWK,UPWORK INC,Industrials,Equity,"47,605,908.48",0.07,"47,605,908.48","3,099,343.00",15.36,United States,NASDAQ,USD,1.00,--
MTX,MINERALS TECHNOLOGIES INC,Materials,Equity,"47,414,081.03",0.07,"47,414,081.03","790,103.00",60.01,United States,New York Stock Exchange Inc.,USD,1.00,--
CASH,PATHWARD FINANCIAL INC,Financials,Equity,"47,393,215.22",0.07,"47,393,215.22","612,355.00",77.39,United States,NASDAQ,USD,1.00,--
TGI,TRIUMPH GROUP INC,Industrials,Equity,"47,249,511.27",0.07,"47,249,511.27","1,826,421.00",25.87,United States,New York Stock Exchange Inc.,USD,1.00,--
NTB,BANK OF NT BUTTERFIELD & SON LTD,Financials,Equity,"47,231,751.54",0.07,"47,231,751.54","1,089,042.00",43.37,United States,New York Stock Exchange Inc.,USD,1.00,--
DNLI,DENALI THERAPEUTICS INC,Health Care,Equity,"47,159,931.28",0.07,"47,159,931.28","3,090,428.00",15.26,United States,NASDAQ,USD,1.00,--
CSGS,CSG SYSTEMS INTERNATIONAL INC,Industrials,Equity,"47,155,250.88",0.07,"47,155,250.88","728,604.00",64.72,United States,NASDAQ,USD,1.00,--
BUSE,FIRST BUSEY CORP,Financials,Equity,"46,993,561.03",0.07,"46,993,561.03","2,033,473.00",23.11,United States,NASDAQ,USD,1.00,--
ROCK,GIBRALTAR INDUSTRIES INC,Industrials,Equity,"46,626,298.16",0.07,"46,626,298.16","759,881.00",61.36,United States,NASDAQ,USD,1.00,--
HP,HELMERICH & PAYNE INC,Energy,Equity,"46,537,557.44",0.07,"46,537,557.44","2,464,913.00",18.88,United States,New York Stock Exchange Inc.,USD,1.00,--
PAYO,PAYONEER GLOBAL INC,Financials,Equity,"46,455,035.06",0.07,"46,455,035.06","6,771,871.00",6.86,United States,NASDAQ,USD,1.00,--
AEO,AMERICAN EAGLE OUTFITTERS INC,Consumer Discretionary,Equity,"46,240,300.18",0.07,"46,240,300.18","4,450,462.00",10.39,United States,New York Stock Exchange Inc.,USD,1.00,--
SLVM,SYLVAMO CORP,Materials,Equity,"46,211,031.39",0.07,"46,211,031.39","871,413.00",53.03,United States,New York Stock Exchange Inc.,USD,1.00,--
SHOO,STEVEN MADDEN LTD,Consumer Discretionary,Equity,"46,136,553.32",0.07,"46,136,553.32","1,777,217.00",25.96,United States,NASDAQ,USD,1.00,--
KLIC,KULICKE AND SOFFA INDUSTRIES INC,Information Technology,Equity,"46,012,630.40",0.07,"46,012,630.40","1,307,177.00",35.20,United States,NASDAQ,USD,1.00,--
PHIN,PHINIA INC,Consumer Discretionary,Equity,"45,865,961.25",0.07,"45,865,961.25","1,041,225.00",44.05,United States,New York Stock Exchange Inc.,USD,1.00,--
CNMD,CONMED CORP,Health Care,Equity,"45,835,361.73",0.07,"45,835,361.73","772,029.00",59.37,United States,New York Stock Exchange Inc.,USD,1.00,--
HE,HAWAIIAN ELECTRIC INDUSTRIES INC,Utilities,Equity,"45,822,474.63",0.07,"45,822,474.63","4,326,957.00",10.59,United States,New York Stock Exchange Inc.,USD,1.00,--
SHO,SUNSTONE HOTEL INVESTORS REIT INC,Real Estate,Equity,"45,753,696.90",0.07,"45,753,696.90","5,033,410.00",9.09,United States,New York Stock Exchange Inc.,USD,1.00,--
STRA,STRATEGIC EDUCATION INC,Consumer Discretionary,Equity,"45,683,033.09",0.07,"45,683,033.09","550,597.00",82.97,United States,NASDAQ,USD,1.00,--
SDRL,SEADRILL LTD,Energy,Equity,"45,121,695.34",0.07,"45,121,695.34","1,643,179.00",27.46,United States,New York Stock Exchange Inc.,USD,1.00,--
VYX,NCR VOYIX CORP,Information Technology,Equity,"45,042,391.04",0.07,"45,042,391.04","3,704,144.00",12.16,United States,New York Stock Exchange Inc.,USD,1.00,--
DAVE,DAVE INC CLASS A,Financials,Equity,"44,869,961.10",0.07,"44,869,961.10","199,795.00",224.58,United States,NASDAQ,USD,1.00,--
ALKT,ALKAMI TECHNOLOGY INC,Information Technology,Equity,"44,750,890.00",0.07,"44,750,890.00","1,505,750.00",29.72,United States,NASDAQ,USD,1.00,--
HMN,HORACE MANN EDUCATORS CORP,Financials,Equity,"44,649,047.36",0.07,"44,649,047.36","1,048,592.00",42.58,United States,New York Stock Exchange Inc.,USD,1.00,--
SGRY,SURGERY PARTNERS INC,Health Care,Equity,"44,560,299.08",0.07,"44,560,299.08","1,910,819.00",23.32,United States,NASDAQ,USD,1.00,--
FOLD,AMICUS THERAPEUTICS INC,Health Care,Equity,"44,433,728.56",0.07,"44,433,728.56","7,272,296.00",6.11,United States,NASDAQ,USD,1.00,--
HTO,H2O AMERICA,Utilities,Equity,"44,373,008.57",0.07,"44,373,008.57","817,333.00",54.29,United States,NASDAQ,USD,1.00,--
CSTM,CONSTELLIUM SE CLASS A,Materials,Equity,"44,261,749.35",0.07,"44,261,749.35","3,242,619.00",13.65,United States,New York Stock Exchange Inc.,USD,1.00,--
AGM,FEDERAL AGRICULTURAL MORTGAGE NON,Financials,Equity,"44,264,346.20",0.07,"44,264,346.20","229,706.00",192.70,United States,New York Stock Exchange Inc.,USD,1.00,--
STNG,SCORPIO TANKERS INC,Energy,Equity,"44,243,109.20",0.07,"44,243,109.20","1,114,436.00",39.70,United States,New York Stock Exchange Inc.,USD,1.00,--
PRM,PERIMETER SOLUTIONS INC,Materials,Equity,"44,204,664.70",0.07,"44,204,664.70","3,323,659.00",13.30,United States,New York Stock Exchange Inc.,USD,1.00,--
JJSF,J AND J SNACK FOODS CORP,Consumer Staples,Equity,"44,089,625.40",0.07,"44,089,625.40","376,770.00",117.02,United States,NASDAQ,USD,1.00,--
HBI,HANESBRANDS INC,Consumer Discretionary,Equity,"44,079,464.04",0.07,"44,079,464.04","8,851,298.00",4.98,United States,New York Stock Exchange Inc.,USD,1.00,--
SXI,STANDEX INTERNATIONAL CORP,Industrials,Equity,"44,043,623.40",0.07,"44,043,623.40","283,421.00",155.40,United States,New York Stock Exchange Inc.,USD,1.00,--
KMT,KENNAMETAL INC,Industrials,Equity,"43,929,784.53",0.07,"43,929,784.53","1,962,027.00",22.39,United States,New York Stock Exchange Inc.,USD,1.00,--
MCY,MERCURY GENERAL CORP,Financials,Equity,"43,747,444.44",0.07,"43,747,444.44","671,076.00",65.19,United States,New York Stock Exchange Inc.,USD,1.00,--
VSCO,VICTORIA S SECRET,Consumer Discretionary,Equity,"43,498,014.00",0.07,"43,498,014.00","1,959,370.00",22.20,United States,New York Stock Exchange Inc.,USD,1.00,--
TPC,TUTOR PERINI CORP,Industrials,Equity,"43,493,767.92",0.07,"43,493,767.92","1,076,312.00",40.41,United States,New York Stock Exchange Inc.,USD,1.00,--
CHCO,CITY HOLDING,Financials,Equity,"43,419,750.62",0.07,"43,419,750.62","363,254.00",119.53,United States,NASDAQ,USD,1.00,--
IGT,INTERNATIONAL GAME TECHNOLOGY PLC,Consumer Discretionary,Equity,"43,260,738.18",0.07,"43,260,738.18","2,849,851.00",15.18,United States,New York Stock Exchange Inc.,USD,1.00,--
POWL,POWELL INDUSTRIES INC,Industrials,Equity,"43,208,890.56",0.07,"43,208,890.56","232,606.00",185.76,United States,NASDAQ,USD,1.00,--
WERN,WERNER ENTERPRISES INC,Industrials,Equity,"43,025,692.16",0.07,"43,025,692.16","1,527,901.00",28.16,United States,NASDAQ,USD,1.00,--
TRUP,TRUPANION INC,Financials,Equity,"43,021,012.32",0.07,"43,021,012.32","825,264.00",52.13,United States,NASDAQ,USD,1.00,--
JOE,ST JOE,Real Estate,Equity,"42,906,299.04",0.07,"42,906,299.04","900,636.00",47.64,United States,New York Stock Exchange Inc.,USD,1.00,--
UFPT,UFP TECHNOLOGIES INC,Health Care,Equity,"42,897,479.04",0.07,"42,897,479.04","179,728.00",238.68,United States,NASDAQ,USD,1.00,--
SEZL,SEZZLE INC,Financials,Equity,"42,831,066.66",0.07,"42,831,066.66","348,702.00",122.83,United States,NASDAQ,USD,1.00,--
LZB,LA-Z-BOY INC,Consumer Discretionary,Equity,"42,781,784.58",0.07,"42,781,784.58","1,037,889.00",41.22,United States,New York Stock Exchange Inc.,USD,1.00,--
AVDX,AVIDXCHANGE HOLDINGS INC,Financials,Equity,"42,440,446.92",0.07,"42,440,446.92","4,339,514.00",9.78,United States,NASDAQ,USD,1.00,--
FBNC,FIRST BANCORP,Financials,Equity,"42,379,515.33",0.07,"42,379,515.33","1,001,643.00",42.31,United States,NASDAQ,USD,1.00,--
MTRN,MATERION CORP,Materials,Equity,"42,363,620.18",0.07,"42,363,620.18","514,934.00",82.27,United States,New York Stock Exchange Inc.,USD,1.00,--
DBRG,DIGITALBRIDGE GROUP INC CLASS A,Financials,Equity,"42,356,111.04",0.07,"42,356,111.04","3,965,928.00",10.68,United States,New York Stock Exchange Inc.,USD,1.00,--
STC,STEWART INFO SERVICES CORP,Financials,Equity,"42,230,817.21",0.07,"42,230,817.21","679,717.00",62.13,United States,New York Stock Exchange Inc.,USD,1.00,--
ARCB,ARCBEST CORP,Industrials,Equity,"42,062,559.40",0.07,"42,062,559.40","593,266.00",70.90,United States,NASDAQ,USD,1.00,--
LMAT,LEMAITRE VASCULAR INC,Health Care,Equity,"41,741,572.86",0.07,"41,741,572.86","499,122.00",83.63,United States,NASDAQ,USD,1.00,--
KWR,QUAKER HOUGHTON CORP,Materials,Equity,"41,694,335.28",0.07,"41,694,335.28","346,356.00",120.38,United States,New York Stock Exchange Inc.,USD,1.00,--
PGNY,PROGYNY INC,Health Care,Equity,"41,582,999.43",0.07,"41,582,999.43","1,853,901.00",22.43,United States,NASDAQ,USD,1.00,--
SUPN,SUPERNUS PHARMACEUTICALS INC,Health Care,Equity,"41,538,114.66",0.07,"41,538,114.66","1,248,891.00",33.26,United States,NASDAQ,USD,1.00,--
ARLO,ARLO TECHNOLOGIES INC,Information Technology,Equity,"41,514,070.96",0.07,"41,514,070.96","2,429,144.00",17.09,United States,New York Stock Exchange Inc.,USD,1.00,--
SEM,SELECT MEDICAL HOLDINGS CORP,Health Care,Equity,"41,378,901.18",0.06,"41,378,901.18","2,685,198.00",15.41,United States,New York Stock Exchange Inc.,USD,1.00,--
DRH,DIAMONDROCK HOSPITALITY REIT,Real Estate,Equity,"41,319,391.20",0.06,"41,319,391.20","5,256,920.00",7.86,United States,New York Stock Exchange Inc.,USD,1.00,--
NNI,NELNET INC CLASS A,Financials,Equity,"41,258,808.78",0.06,"41,258,808.78","358,554.00",115.07,United States,New York Stock Exchange Inc.,USD,1.00,--
BTU,PEABODY ENERGY CORP,Energy,Equity,"41,249,217.88",0.06,"41,249,217.88","3,060,031.00",13.48,United States,New York Stock Exchange Inc.,USD,1.00,--
NTCT,NETSCOUT SYSTEMS INC,Information Technology,Equity,"41,185,652.10",0.06,"41,185,652.10","1,731,945.00",23.78,United States,NASDAQ,USD,1.00,--
BEAM,BEAM THERAPEUTICS INC,Health Care,Equity,"41,180,544.80",0.06,"41,180,544.80","2,277,685.00",18.08,United States,NASDAQ,USD,1.00,--
NWBI,NORTHWEST BANCSHARES INC,Financials,Equity,"41,174,832.56",0.06,"41,174,832.56","3,278,251.00",12.56,United States,NASDAQ,USD,1.00,--
KNTK,KINETIK HOLDINGS INC CLASS A,Energy,Equity,"40,960,995.53",0.06,"40,960,995.53","945,763.00",43.31,United States,New York Stock Exchange Inc.,USD,1.00,--
EYE,NATIONAL VISION HOLDINGS INC,Consumer Discretionary,Equity,"40,913,916.56",0.06,"40,913,916.56","1,946,428.00",21.02,United States,NASDAQ,USD,1.00,--
GEF,GREIF INC CLASS A,Materials,Equity,"40,873,046.69",0.06,"40,873,046.69","636,751.00",64.19,United States,New York Stock Exchange Inc.,USD,1.00,--
DFIN,DONNELLEY FINANCIAL SOLUTIONS INC,Financials,Equity,"40,404,990.78",0.06,"40,404,990.78","702,207.00",57.54,United States,New York Stock Exchange Inc.,USD,1.00,--
IIPR,INNOVATIVE INDUSTRIAL PROPERTIES I,Real Estate,Equity,"40,242,569.73",0.06,"40,242,569.73","704,897.00",57.09,United States,New York Stock Exchange Inc.,USD,1.00,--
WKC,WORLD KINECT CORP,Energy,Equity,"40,221,808.02",0.06,"40,221,808.02","1,423,277.00",28.26,United States,New York Stock Exchange Inc.,USD,1.00,--
NIC,NICOLET BANKSHARES INC,Financials,Equity,"40,190,235.20",0.06,"40,190,235.20","333,280.00",120.59,United States,New York Stock Exchange Inc.,USD,1.00,--
ENR,ENERGIZER HOLDINGS INC,Consumer Staples,Equity,"40,081,176.35",0.06,"40,081,176.35","1,786,945.00",22.43,United States,New York Stock Exchange Inc.,USD,1.00,--
ICFI,ICF INTERNATIONAL INC,Industrials,Equity,"39,881,866.20",0.06,"39,881,866.20","465,366.00",85.70,United States,NASDAQ,USD,1.00,--
PZZA,PAPA JOHNS INTERNATIONAL INC,Consumer Discretionary,Equity,"39,865,015.00",0.06,"39,865,015.00","827,075.00",48.20,United States,NASDAQ,USD,1.00,--
NGVT,INGEVITY CORP,Materials,Equity,"39,769,589.87",0.06,"39,769,589.87","904,471.00",43.97,United States,New York Stock Exchange Inc.,USD,1.00,--
APGE,APOGEE THERAPEUTICS INC,Health Care,Equity,"39,589,899.36",0.06,"39,589,899.36","942,168.00",42.02,United States,NASDAQ,USD,1.00,--
LTC,LTC PROPERTIES REIT INC,Real Estate,Equity,"39,542,785.38",0.06,"39,542,785.38","1,121,463.00",35.26,United States,New York Stock Exchange Inc.,USD,1.00,--
ATRC,ATRICURE INC,Health Care,Equity,"39,512,457.18",0.06,"39,512,457.18","1,183,362.00",33.39,United States,NASDAQ,USD,1.00,--
NWN,NORTHWEST NATURAL HOLDING COMPANY,Utilities,Equity,"39,454,527.21",0.06,"39,454,527.21","976,839.00",40.39,United States,New York Stock Exchange Inc.,USD,1.00,--
PAGS,PAGSEGURO DIGITAL LTD CLASS A,Financials,Equity,"39,370,256.24",0.06,"39,370,256.24","4,599,329.00",8.56,Brazil,New York Stock Exchange Inc.,USD,1.00,--
ABR,ARBOR REALTY TRUST REIT INC,Financials,Equity,"39,334,808.88",0.06,"39,334,808.88","3,767,702.00",10.44,United States,New York Stock Exchange Inc.,USD,1.00,--
JBLU,JETBLUE AIRWAYS CORP,Industrials,Equity,"39,211,547.76",0.06,"39,211,547.76","7,780,069.00",5.04,United States,NASDAQ,USD,1.00,--
NMRK,NEWMARK GROUP INC CLASS A,Real Estate,Equity,"39,199,497.24",0.06,"39,199,497.24","3,344,667.00",11.72,United States,NASDAQ,USD,1.00,--
PHR,PHREESIA INC,Health Care,Equity,"39,111,268.68",0.06,"39,111,268.68","1,395,834.00",28.02,United States,New York Stock Exchange Inc.,USD,1.00,--
CUBI,CUSTOMERS BANCORP INC,Financials,Equity,"39,010,350.72",0.06,"39,010,350.72","732,864.00",53.23,United States,New York Stock Exchange Inc.,USD,1.00,--
DNOW,DNOW INC,Industrials,Equity,"39,000,099.19",0.06,"39,000,099.19","2,622,737.00",14.87,United States,New York Stock Exchange Inc.,USD,1.00,--
FBK,FB FINANCIAL CORP,Financials,Equity,"38,844,339.82",0.06,"38,844,339.82","876,254.00",44.33,United States,New York Stock Exchange Inc.,USD,1.00,--
CENTA,CENTRAL GARDEN AND PET CLASS A,Consumer Staples,Equity,"38,756,750.95",0.06,"38,756,750.95","1,209,259.00",32.05,United States,NASDAQ,USD,1.00,--
GNL,GLOBAL NET LEASE INC,Real Estate,Equity,"38,647,820.14",0.06,"38,647,820.14","4,999,718.00",7.73,United States,New York Stock Exchange Inc.,USD,1.00,--
WLY,JOHN WILEY AND SONS INC CLASS A,Communication,Equity,"38,619,427.90",0.06,"38,619,427.90","981,434.00",39.35,United States,New York Stock Exchange Inc.,USD,1.00,--
FCF,FIRST COMMONWEALTH FINANCIAL CORP,Financials,Equity,"38,228,917.20",0.06,"38,228,917.20","2,381,864.00",16.05,United States,New York Stock Exchange Inc.,USD,1.00,--
STR,SITIO ROYALTIES CORP CLASS A,Energy,Equity,"38,224,634.32",0.06,"38,224,634.32","1,923,736.00",19.87,United States,New York Stock Exchange Inc.,USD,1.00,--
CCS,CENTURY COMMUNITIES INC,Consumer Discretionary,Equity,"38,166,102.80",0.06,"38,166,102.80","683,368.00",55.85,United States,New York Stock Exchange Inc.,USD,1.00,--
HI,HILLENBRAND INC,Industrials,Equity,"38,159,277.12",0.06,"38,159,277.12","1,737,672.00",21.96,United States,New York Stock Exchange Inc.,USD,1.00,--
RPD,RAPID7 INC,Information Technology,Equity,"38,109,478.76",0.06,"38,109,478.76","1,565,714.00",24.34,United States,NASDAQ,USD,1.00,--
TARS,TARSUS PHARMACEUTICALS INC,Health Care,Equity,"38,010,243.67",0.06,"38,010,243.67","923,251.00",41.17,United States,NASDAQ,USD,1.00,--
KN,KNOWLES CORP,Information Technology,Equity,"37,855,857.02",0.06,"37,855,857.02","2,139,958.00",17.69,United States,New York Stock Exchange Inc.,USD,1.00,--
ADEA,ADEIA INC,Information Technology,Equity,"37,772,406.79",0.06,"37,772,406.79","2,723,317.00",13.87,United States,NASDAQ,USD,1.00,--
CRGY,CRESCENT ENERGY CLASS A,Energy,Equity,"37,754,751.51",0.06,"37,754,751.51","4,117,203.00",9.17,United States,New York Stock Exchange Inc.,USD,1.00,--
KGS,KODIAK GAS SERVICES INC,Energy,Equity,"37,696,455.00",0.06,"37,696,455.00","1,116,932.00",33.75,United States,New York Stock Exchange Inc.,USD,1.00,--
HUT,HUT CORP,Information Technology,Equity,"37,598,518.86",0.06,"37,598,518.86","2,029,062.00",18.53,United States,NASDAQ,USD,1.00,--
SPNT,SIRIUSPOINT LTD,Financials,Equity,"37,600,374.07",0.06,"37,600,374.07","1,947,197.00",19.31,United States,New York Stock Exchange Inc.,USD,1.00,--
DHT,DHT HOLDINGS INC,Energy,Equity,"37,529,235.24",0.06,"37,529,235.24","3,330,012.00",11.27,Bermuda,New York Stock Exchange Inc.,USD,1.00,--
UTI,UNIVERSAL TECHNICAL INSTITUTE INC,Consumer Discretionary,Equity,"37,530,139.16",0.06,"37,530,139.16","1,153,354.00",32.54,United States,New York Stock Exchange Inc.,USD,1.00,--
INSW,INTERNATIONAL SEAWAYS INC,Energy,Equity,"37,438,142.96",0.06,"37,438,142.96","1,010,749.00",37.04,United States,New York Stock Exchange Inc.,USD,1.00,--
WWW,WOLVERINE WORLD WIDE INC,Consumer Discretionary,Equity,"37,207,281.56",0.06,"37,207,281.56","1,980,164.00",18.79,United States,New York Stock Exchange Inc.,USD,1.00,--
ARQT,ARCUTIS BIOTHERAPEUTICS INC,Health Care,Equity,"37,188,849.87",0.06,"37,188,849.87","2,677,383.00",13.89,United States,NASDAQ,USD,1.00,--
ADNT,ADIENT PLC,Consumer Discretionary,Equity,"37,181,583.04",0.06,"37,181,583.04","2,110,192.00",17.62,United States,New York Stock Exchange Inc.,USD,1.00,--
LKFN,LAKELAND FINANCIAL CORP,Financials,Equity,"37,105,731.52",0.06,"37,105,731.52","600,028.00",61.84,United States,NASDAQ,USD,1.00,--
GTY,GETTY REALTY REIT CORP,Real Estate,Equity,"36,995,459.20",0.06,"36,995,459.20","1,255,360.00",29.47,United States,New York Stock Exchange Inc.,USD,1.00,--
CGON,CG ONCOLOGY INC,Health Care,Equity,"36,985,386.96",0.06,"36,985,386.96","1,345,902.00",27.48,United States,NASDAQ,USD,1.00,--
XMTR,XOMETRY INC CLASS A,Industrials,Equity,"36,875,621.70",0.06,"36,875,621.70","1,095,858.00",33.65,United States,NASDAQ,USD,1.00,--
MSGE,MADISON SQUARE GARDEN ENTERTAINMEN,Communication,Equity,"36,825,925.50",0.06,"36,825,925.50","976,815.00",37.70,United States,New York Stock Exchange Inc.,USD,1.00,--
TNDM,TANDEM DIABETES CARE INC,Health Care,Equity,"36,665,658.48",0.06,"36,665,658.48","1,633,942.00",22.44,United States,NASDAQ,USD,1.00,--
ELME,ELME,Real Estate,Equity,"36,612,542.67",0.06,"36,612,542.67","2,204,247.00",16.61,United States,New York Stock Exchange Inc.,USD,1.00,--
HLMN,HILLMAN SOLUTIONS CORP,Industrials,Equity,"36,512,726.31",0.06,"36,512,726.31","4,861,881.00",7.51,United States,NASDAQ,USD,1.00,--
LNN,LINDSAY CORP,Industrials,Equity,"36,502,824.96",0.06,"36,502,824.96","264,054.00",138.24,United States,New York Stock Exchange Inc.,USD,1.00,--
ALHC,ALIGNMENT HEALTHCARE INC,Health Care,Equity,"36,384,300.50",0.06,"36,384,300.50","2,483,570.00",14.65,United States,NASDAQ,USD,1.00,--
UVV,UNIVERSAL CORP,Consumer Staples,Equity,"36,261,456.38",0.06,"36,261,456.38","599,462.00",60.49,United States,New York Stock Exchange Inc.,USD,1.00,--
CWK,CUSHMAN AND WAKEFIELD PLC,Real Estate,Equity,"36,237,454.50",0.06,"36,237,454.50","3,370,926.00",10.75,United States,New York Stock Exchange Inc.,USD,1.00,--
SDGR,SCHRODINGER INC,Health Care,Equity,"36,044,923.98",0.06,"36,044,923.98","1,379,446.00",26.13,United States,NASDAQ,USD,1.00,--
BHVN,BIOHAVEN LTD,Health Care,Equity,"35,962,366.68",0.06,"35,962,366.68","2,141,892.00",16.79,United States,New York Stock Exchange Inc.,USD,1.00,--
UPBD,UPBOUND GROUP INC,Consumer Discretionary,Equity,"35,947,831.92",0.06,"35,947,831.92","1,339,338.00",26.84,United States,NASDAQ,USD,1.00,--
ZD,ZIFF DAVIS INC,Communication,Equity,"35,922,774.84",0.06,"35,922,774.84","1,048,534.00",34.26,United States,NASDAQ,USD,1.00,--
TNC,TENNANT,Industrials,Equity,"35,830,738.19",0.06,"35,830,738.19","464,791.00",77.09,United States,New York Stock Exchange Inc.,USD,1.00,--
GBX,GREENBRIER INC,Industrials,Equity,"35,814,960.66",0.06,"35,814,960.66","772,207.00",46.38,United States,New York Stock Exchange Inc.,USD,1.00,--
STBA,S AND T BANCORP INC,Financials,Equity,"35,651,575.40",0.06,"35,651,575.40","941,420.00",37.87,United States,NASDAQ,USD,1.00,--
OMCL,OMNICELL INC,Health Care,Equity,"35,555,899.72",0.06,"35,555,899.72","1,138,153.00",31.24,United States,NASDAQ,USD,1.00,--
HTH,HILLTOP HOLDINGS INC,Financials,Equity,"35,290,637.25",0.06,"35,290,637.25","1,147,663.00",30.75,United States,New York Stock Exchange Inc.,USD,1.00,--
ENVX,ENOVIX CORP,Industrials,Equity,"35,262,402.92",0.06,"35,262,402.92","4,090,766.00",8.62,United States,NASDAQ,USD,1.00,--
JBGS,JBG SMITH PROPERTIES,Real Estate,Equity,"35,238,812.78",0.06,"35,238,812.78","1,955,539.00",18.02,United States,New York Stock Exchange Inc.,USD,1.00,--
OCUL,OCULAR THERAPEUTIX INC,Health Care,Equity,"34,986,665.34",0.05,"34,986,665.34","3,926,674.00",8.91,United States,NASDAQ,USD,1.00,--
SGHC,SUPER GROUP LTD,Consumer Discretionary,Equity,"34,814,150.10",0.05,"34,814,150.10","3,743,457.00",9.30,Guernsey,New York Stock Exchange Inc.,USD,1.00,--
NBHC,NATIONAL BANK HOLDINGS CORP CLASS,Financials,Equity,"34,772,155.88",0.05,"34,772,155.88","923,318.00",37.66,United States,New York Stock Exchange Inc.,USD,1.00,--
ALEX,ALEXANDER AND BALDWIN INC,Real Estate,Equity,"34,625,879.82",0.05,"34,625,879.82","1,883,889.00",18.38,United States,New York Stock Exchange Inc.,USD,1.00,--
ARI,APOLLO COMMERCIAL REAL ESTATE FINA,Financials,Equity,"34,598,017.92",0.05,"34,598,017.92","3,452,896.00",10.02,United States,New York Stock Exchange Inc.,USD,1.00,--
LMB,LIMBACH HOLDINGS INC,Industrials,Equity,"34,567,000.24",0.05,"34,567,000.24","255,352.00",135.37,United States,NASDAQ,USD,1.00,--
MBC,MASTERBRAND INC,Industrials,Equity,"34,530,198.09",0.05,"34,530,198.09","3,159,213.00",10.93,United States,New York Stock Exchange Inc.,USD,1.00,--
SG,SWEETGREEN INC CLASS A,Consumer Discretionary,Equity,"34,399,930.08",0.05,"34,399,930.08","2,536,868.00",13.56,United States,New York Stock Exchange Inc.,USD,1.00,--
UNFI,UNITED NATURAL FOODS INC,Consumer Staples,Equity,"34,244,848.80",0.05,"34,244,848.80","1,469,736.00",23.30,United States,New York Stock Exchange Inc.,USD,1.00,--
PD,PAGERDUTY INC,Information Technology,Equity,"34,132,962.60",0.05,"34,132,962.60","2,156,220.00",15.83,United States,New York Stock Exchange Inc.,USD,1.00,--
ROG,ROGERS CORP,Information Technology,Equity,"34,039,766.88",0.05,"34,039,766.88","482,423.00",70.56,United States,New York Stock Exchange Inc.,USD,1.00,--
RXRX,RECURSION PHARMACEUTICALS INC CLAS,Health Care,Equity,"34,021,706.75",0.05,"34,021,706.75","6,242,515.00",5.45,United States,NASDAQ,USD,1.00,--
BHE,BENCHMARK ELECTRONICS INC,Information Technology,Equity,"34,009,822.56",0.05,"34,009,822.56","886,596.00",38.36,United States,New York Stock Exchange Inc.,USD,1.00,--
DVAX,DYNAVAX TECHNOLOGIES CORP,Health Care,Equity,"33,934,912.41",0.05,"33,934,912.41","3,253,587.00",10.43,United States,NASDAQ,USD,1.00,--
PCT,PURECYCLE TECHNOLOGIES INC,Materials,Equity,"33,904,634.40",0.05,"33,904,634.40","3,079,440.00",11.01,United States,NASDAQ,USD,1.00,--
HRMY,HARMONY BIOSCIENCES HLDG INC,Health Care,Equity,"33,870,076.20",0.05,"33,870,076.20","944,772.00",35.85,United States,NASDAQ,USD,1.00,--
BKD,BROOKDALE SENIOR LIVING INC,Health Care,Equity,"33,791,697.40",0.05,"33,791,697.40","4,759,394.00",7.10,United States,New York Stock Exchange Inc.,USD,1.00,--
WT,WISDOMTREE INC,Financials,Equity,"33,660,840.48",0.05,"33,660,840.48","3,346,008.00",10.06,United States,New York Stock Exchange Inc.,USD,1.00,--
VBTX,VERITEX HOLDINGS INC,Financials,Equity,"33,584,066.67",0.05,"33,584,066.67","1,321,687.00",25.41,United States,NASDAQ,USD,1.00,--
CLDX,CELLDEX THERAPEUTICS INC,Health Care,Equity,"33,509,216.68",0.05,"33,509,216.68","1,601,779.00",20.92,United States,NASDAQ,USD,1.00,--
AMC,AMC ENTERTAINMENT HOLDINGS INC CLA,Communication,Equity,"33,438,971.12",0.05,"33,438,971.12","10,011,668.00",3.34,United States,New York Stock Exchange Inc.,USD,1.00,--
TFIN,TRIUMPH FINANCIAL INC,Financials,Equity,"33,371,456.25",0.05,"33,371,456.25","546,625.00",61.05,United States,NASDAQ,USD,1.00,--
BKE,BUCKLE INC,Consumer Discretionary,Equity,"33,362,383.04",0.05,"33,362,383.04","763,616.00",43.69,United States,New York Stock Exchange Inc.,USD,1.00,--
PRKS,UNITED PARKS AND RESORTS INC,Consumer Discretionary,Equity,"33,333,994.50",0.05,"33,333,994.50","779,925.00",42.74,United States,New York Stock Exchange Inc.,USD,1.00,--
BLBD,BLUE BIRD CORP,Industrials,Equity,"33,208,360.78",0.05,"33,208,360.78","798,854.00",41.57,United States,NASDAQ,USD,1.00,--
DBD,DIEBOLD NIXDORF INC,Information Technology,Equity,"33,084,524.89",0.05,"33,084,524.89","648,589.00",51.01,United States,New York Stock Exchange Inc.,USD,1.00,--
COMM,COMMSCOPE HOLDING INC,Information Technology,Equity,"32,888,730.15",0.05,"32,888,730.15","5,347,761.00",6.15,United States,NASDAQ,USD,1.00,--
VSAT,VIASAT INC,Information Technology,Equity,"32,847,329.24",0.05,"32,847,329.24","3,095,884.00",10.61,United States,NASDAQ,USD,1.00,--
ROOT,ROOT INC CLASS A,Financials,Equity,"32,732,105.98",0.05,"32,732,105.98","215,726.00",151.73,United States,NASDAQ,USD,1.00,--
ACMR,ACM RESEARCH CLASS A INC,Information Technology,Equity,"32,610,102.12",0.05,"32,610,102.12","1,284,874.00",25.38,United States,NASDAQ,USD,1.00,--
STEL,STELLAR BANCORP INC,Financials,Equity,"32,569,097.28",0.05,"32,569,097.28","1,169,867.00",27.84,United States,New York Stock Exchange Inc.,USD,1.00,--
HCI,HCI GROUP INC,Financials,Equity,"32,506,124.04",0.05,"32,506,124.04","208,533.00",155.88,United States,New York Stock Exchange Inc.,USD,1.00,--
COCO,THE VITA COCO COMPANY INC,Consumer Staples,Equity,"32,442,070.08",0.05,"32,442,070.08","975,408.00",33.26,United States,NASDAQ,USD,1.00,--
NTST,NETSTREIT CORP,Real Estate,Equity,"32,375,535.20",0.05,"32,375,535.20","1,974,118.00",16.40,United States,New York Stock Exchange Inc.,USD,1.00,--
NHC,NATIONAL HEALTHCARE CORP,Health Care,Equity,"32,251,999.92",0.05,"32,251,999.92","309,016.00",104.37,United States,Nyse Mkt Llc,USD,1.00,--
TCBK,TRICO BANCSHARES,Financials,Equity,"32,219,127.51",0.05,"32,219,127.51","784,493.00",41.07,United States,NASDAQ,USD,1.00,--
XHR,XENIA HOTELS RESORTS REIT INC,Real Estate,Equity,"32,175,135.48",0.05,"32,175,135.48","2,569,899.00",12.52,United States,New York Stock Exchange Inc.,USD,1.00,--
NVEE,NV5 GLOBAL INC,Industrials,Equity,"32,089,574.04",0.05,"32,089,574.04","1,405,588.00",22.83,United States,NASDAQ,USD,1.00,--
LION,LIONSGATE STUDIOS CORP,Communication,Equity,"32,078,471.22",0.05,"32,078,471.22","4,809,366.00",6.67,United States,New York Stock Exchange Inc.,USD,1.00,--
LADR,LADDER CAPITAL CORP CLASS A,Financials,Equity,"32,013,252.88",0.05,"32,013,252.88","2,961,448.00",10.81,United States,New York Stock Exchange Inc.,USD,1.00,--
BFH,BREAD FINANCIAL HOLDINGS INC,Financials,Equity,"31,928,659.07",0.05,"31,928,659.07","610,841.00",52.27,United States,New York Stock Exchange Inc.,USD,1.00,--
CTS,CTS CORP,Information Technology,Equity,"31,833,606.42",0.05,"31,833,606.42","735,867.00",43.26,United States,New York Stock Exchange Inc.,USD,1.00,--
TDOC,TELADOC HEALTH INC,Health Care,Equity,"31,828,117.80",0.05,"31,828,117.80","4,301,097.00",7.40,United States,New York Stock Exchange Inc.,USD,1.00,--
TALO,TALOS ENERGY INC,Energy,Equity,"31,779,817.08",0.05,"31,779,817.08","3,627,833.00",8.76,United States,New York Stock Exchange Inc.,USD,1.00,--
NEOG,NEOGEN CORP,Health Care,Equity,"31,735,103.12",0.05,"31,735,103.12","5,434,093.00",5.84,United States,NASDAQ,USD,1.00,--
KALU,KAISER ALUMINIUM CORP,Materials,Equity,"31,724,353.12",0.05,"31,724,353.12","399,375.00",79.44,United States,NASDAQ,USD,1.00,--
ATEC,ALPHATEC HOLDNGS INC,Health Care,Equity,"31,706,879.16",0.05,"31,706,879.16","2,596,796.00",12.21,United States,NASDAQ,USD,1.00,--
TVTX,TRAVERE THERAPEUTICS INC,Health Care,Equity,"31,671,296.14",0.05,"31,671,296.14","2,093,278.00",15.13,United States,NASDAQ,USD,1.00,--
DGII,DIGI INTERNATIONAL INC,Information Technology,Equity,"31,672,132.72",0.05,"31,672,132.72","909,596.00",34.82,United States,NASDAQ,USD,1.00,--
SONO,SONOS INC,Consumer Discretionary,Equity,"31,653,387.40",0.05,"31,653,387.40","3,011,740.00",10.51,United States,NASDAQ,USD,1.00,--
ATEN,A10 NETWORKS INC,Information Technology,Equity,"31,564,732.96",0.05,"31,564,732.96","1,745,837.00",18.08,United States,New York Stock Exchange Inc.,USD,1.00,--
APPN,APPIAN CORP CLASS A,Information Technology,Equity,"31,558,659.75",0.05,"31,558,659.75","1,003,455.00",31.45,United States,NASDAQ,USD,1.00,--
TPB,TURNING POINT BRANDS INC,Consumer Staples,Equity,"31,470,829.20",0.05,"31,470,829.20","426,434.00",73.80,United States,New York Stock Exchange Inc.,USD,1.00,--
HOPE,HOPE BANCORP INC,Financials,Equity,"31,343,996.07",0.05,"31,343,996.07","2,959,773.00",10.59,United States,NASDAQ,USD,1.00,--
PRG,PROG HOLDINGS INC,Financials,Equity,"31,318,565.25",0.05,"31,318,565.25","1,033,275.00",30.31,United States,New York Stock Exchange Inc.,USD,1.00,--
RDFN,REDFIN CORP,Real Estate,Equity,"31,254,289.02",0.05,"31,254,289.02","3,046,227.00",10.26,United States,NASDAQ,USD,1.00,--
FLYW,FLYWIRE CORP,Financials,Equity,"31,210,303.74",0.05,"31,210,303.74","3,006,773.00",10.38,United States,NASDAQ,USD,1.00,--
EPC,EDGEWELL PERSONAL CARE,Consumer Staples,Equity,"31,123,179.84",0.05,"31,123,179.84","1,189,724.00",26.16,United States,New York Stock Exchange Inc.,USD,1.00,--
AMRX,AMNEAL PHARMACEUTICALS INC CLASS A,Health Care,Equity,"31,067,875.41",0.05,"31,067,875.41","3,977,961.00",7.81,United States,NASDAQ,USD,1.00,--
UMH,UMH PROPERTIES INC,Real Estate,Equity,"30,886,062.34",0.05,"30,886,062.34","1,789,459.00",17.26,United States,New York Stock Exchange Inc.,USD,1.00,--
PL,PLANET LABS CLASS A,Industrials,Equity,"30,810,643.37",0.05,"30,810,643.37","5,511,743.00",5.59,United States,New York Stock Exchange Inc.,USD,1.00,--
WMK,WEIS MARKETS INC,Consumer Staples,Equity,"30,802,582.70",0.05,"30,802,582.70","402,070.00",76.61,United States,New York Stock Exchange Inc.,USD,1.00,--
VRTS,VIRTUS INVESTMENT PARTNERS INC,Financials,Equity,"30,717,779.50",0.05,"30,717,779.50","173,302.00",177.25,United States,New York Stock Exchange Inc.,USD,1.00,--
AMR,ALPHA METALLURGICAL RESOURCE INC,Materials,Equity,"30,667,737.24",0.05,"30,667,737.24","274,358.00",111.78,United States,New York Stock Exchange Inc.,USD,1.00,--
MLKN,MILLERKNOLL INC,Industrials,Equity,"30,627,001.09",0.05,"30,627,001.09","1,717,723.00",17.83,United States,NASDAQ,USD,1.00,--
LC,LENDINGCLUB CORP,Financials,Equity,"30,599,454.72",0.05,"30,599,454.72","2,789,376.00",10.97,United States,New York Stock Exchange Inc.,USD,1.00,--
BTSG,BRIGHTSPRING HEALTH SERVICES INC,Health Care,Equity,"30,523,021.12",0.05,"30,523,021.12","1,372,438.00",22.24,United States,NASDAQ,USD,1.00,--
DYN,DYNE THERAPEUTICS INC,Health Care,Equity,"30,512,304.96",0.05,"30,512,304.96","2,064,432.00",14.78,United States,NASDAQ,USD,1.00,--
DK,DELEK US HOLDINGS INC,Energy,Equity,"30,506,296.50",0.05,"30,506,296.50","1,555,650.00",19.61,United States,New York Stock Exchange Inc.,USD,1.00,--
MD,PEDIATRIX MEDICAL GROUP INC,Health Care,Equity,"30,448,283.28",0.05,"30,448,283.28","2,156,394.00",14.12,United States,New York Stock Exchange Inc.,USD,1.00,--
WABC,WESTAMERICA BANCORPORATION,Financials,Equity,"30,424,410.06",0.05,"30,424,410.06","620,653.00",49.02,United States,NASDAQ,USD,1.00,--
PARR,PAR PACIFIC HOLDINGS INC,Energy,Equity,"30,412,919.14",0.05,"30,412,919.14","1,358,326.00",22.39,United States,New York Stock Exchange Inc.,USD,1.00,--
CRAI,CRA INTERNATIONAL INC,Industrials,Equity,"30,272,632.10",0.05,"30,272,632.10","162,590.00",186.19,United States,NASDAQ,USD,1.00,--
SCL,STEPAN,Materials,Equity,"30,269,171.98",0.05,"30,269,171.98","533,942.00",56.69,United States,New York Stock Exchange Inc.,USD,1.00,--
ADPT,ADAPTIVE BIOTECHNOLOGIES CORP,Health Care,Equity,"30,249,117.10",0.05,"30,249,117.10","2,891,885.00",10.46,United States,NASDAQ,USD,1.00,--
CBRL,CRACKER BARREL OLD COUNTRY STORE I,Consumer Discretionary,Equity,"30,220,234.98",0.05,"30,220,234.98","554,398.00",54.51,United States,NASDAQ,USD,1.00,--
WULF,TERAWULF INC,Information Technology,Equity,"30,202,206.08",0.05,"30,202,206.08","6,681,904.00",4.52,United States,NASDAQ,USD,1.00,--
IRON,DISC MEDICINE INC,Health Care,Equity,"30,183,350.22",0.05,"30,183,350.22","568,746.00",53.07,United States,NASDAQ,USD,1.00,--
WINA,WINMARK CORP,Consumer Discretionary,Equity,"30,168,864.00",0.05,"30,168,864.00","70,620.00",427.20,United States,NASDAQ,USD,1.00,--
VECO,VEECO INSTRUMENTS INC,Information Technology,Equity,"30,112,085.55",0.05,"30,112,085.55","1,380,655.00",21.81,United States,NASDAQ,USD,1.00,--
TILE,INTERFACE INC,Industrials,Equity,"30,060,023.70",0.05,"30,060,023.70","1,434,846.00",20.95,United States,NASDAQ,USD,1.00,--
VRE,VERIS RESIDENTIAL INC,Real Estate,Equity,"30,023,973.63",0.05,"30,023,973.63","1,958,511.00",15.33,United States,New York Stock Exchange Inc.,USD,1.00,--
AMSC,AMERICAN SUPERCONDUCTOR CORP,Industrials,Equity,"29,986,175.70",0.05,"29,986,175.70","870,426.00",34.45,United States,NASDAQ,USD,1.00,--
PGRE,PARAMOUNT GROUP REIT INC,Real Estate,Equity,"29,871,917.25",0.05,"29,871,917.25","4,631,305.00",6.45,United States,New York Stock Exchange Inc.,USD,1.00,--
ESRT,EMPIRE STATE REALTY REIT INC TRUST,Real Estate,Equity,"29,754,649.80",0.05,"29,754,649.80","3,480,076.00",8.55,United States,New York Stock Exchange Inc.,USD,1.00,--
JBI,JANUS INTERNATIONAL GROUP INC,Industrials,Equity,"29,735,269.76",0.05,"29,735,269.76","3,410,008.00",8.72,United States,New York Stock Exchange Inc.,USD,1.00,--
PBI,PITNEY BOWES INC,Industrials,Equity,"29,630,924.67",0.05,"29,630,924.67","2,824,683.00",10.49,United States,New York Stock Exchange Inc.,USD,1.00,--
ANDE,ANDERSONS INC,Consumer Staples,Equity,"29,605,395.30",0.05,"29,605,395.30","823,745.00",35.94,United States,NASDAQ,USD,1.00,--
VRNT,VERINT SYSTEMS INC,Information Technology,Equity,"29,550,184.86",0.05,"29,550,184.86","1,540,677.00",19.18,United States,NASDAQ,USD,1.00,--
COUR,COURSERA INC,Consumer Discretionary,Equity,"29,490,946.70",0.05,"29,490,946.70","3,409,358.00",8.65,United States,New York Stock Exchange Inc.,USD,1.00,--
PEB,PEBBLEBROOK HOTEL TRUST REIT,Real Estate,Equity,"29,474,890.56",0.05,"29,474,890.56","3,004,576.00",9.81,United States,New York Stock Exchange Inc.,USD,1.00,--
INOD,INNODATA INC,Industrials,Equity,"29,400,061.12",0.05,"29,400,061.12","679,456.00",43.27,United States,NASDAQ,USD,1.00,--
ARRY,ARRAY TECHNOLOGIES INC,Industrials,Equity,"29,391,568.56",0.05,"29,391,568.56","3,807,198.00",7.72,United States,NASDAQ,USD,1.00,--
IMAX,IMAX CORP,Communication,Equity,"29,326,380.23",0.05,"29,326,380.23","1,071,479.00",27.37,United States,New York Stock Exchange Inc.,USD,1.00,--
AIV,APARTMENT INVESTMENT AND MANAGEMEN,Real Estate,Equity,"29,303,930.15",0.05,"29,303,930.15","3,484,415.00",8.41,United States,New York Stock Exchange Inc.,USD,1.00,--
INVA,INNOVIVA INC,Health Care,Equity,"29,297,507.28",0.05,"29,297,507.28","1,360,776.00",21.53,United States,NASDAQ,USD,1.00,--
LZ,LEGALZOOM COM INC,Industrials,Equity,"29,293,580.07",0.05,"29,293,580.07","3,160,041.00",9.27,United States,NASDAQ,USD,1.00,--
SAFT,SAFETY INSURANCE GROUP INC,Financials,Equity,"29,249,164.71",0.05,"29,249,164.71","368,331.00",79.41,United States,NASDAQ,USD,1.00,--
PRA,PROASSURANCE CORP,Financials,Equity,"29,208,337.65",0.05,"29,208,337.65","1,267,173.00",23.05,United States,New York Stock Exchange Inc.,USD,1.00,--
ASAN,ASANA INC CLASS A,Information Technology,Equity,"29,008,912.45",0.05,"29,008,912.45","2,021,527.00",14.35,United States,New York Stock Exchange Inc.,USD,1.00,--
TWO,TWO HARBORS INVESTMENT CORP,Financials,Equity,"29,002,642.97",0.05,"29,002,642.97","2,639,003.00",10.99,United States,New York Stock Exchange Inc.,USD,1.00,--
BHLB,BERKSHIRE HILLS BANCORP INC,Financials,Equity,"28,981,375.79",0.05,"28,981,375.79","1,139,653.00",25.43,United States,New York Stock Exchange Inc.,USD,1.00,--
CNOB,CONNECTONE BANCORP INC,Financials,Equity,"28,906,181.84",0.05,"28,906,181.84","1,234,252.00",23.42,United States,NASDAQ,USD,1.00,--
AORT,ARTIVION INC,Health Care,Equity,"28,894,646.36",0.05,"28,894,646.36","988,189.00",29.24,United States,New York Stock Exchange Inc.,USD,1.00,--
SOC,SABLE OFFSHORE CORP CLASS A,Energy,Equity,"28,822,656.36",0.05,"28,822,656.36","1,257,533.00",22.92,United States,New York Stock Exchange Inc.,USD,1.00,--
FOXF,FOX FACTORY HOLDING CORP,Consumer Discretionary,Equity,"28,796,306.90",0.05,"28,796,306.90","1,045,238.00",27.55,United States,NASDAQ,USD,1.00,--
ANIP,ANI PHARMACEUTICALS INC,Health Care,Equity,"28,725,994.57",0.05,"28,725,994.57","456,911.00",62.87,United States,NASDAQ,USD,1.00,--
USPH,US PHYSICAL THERAPY INC,Health Care,Equity,"28,709,706.00",0.05,"28,709,706.00","363,414.00",79.00,United States,New York Stock Exchange Inc.,USD,1.00,--
CIM,CHIMERA INVESTMENT CORP,Financials,Equity,"28,683,212.87",0.05,"28,683,212.87","2,062,057.00",13.91,United States,New York Stock Exchange Inc.,USD,1.00,--
KNSA,KINIKSA PHARMACEUTICALS INTERNATIO,Health Care,Equity,"28,667,795.52",0.05,"28,667,795.52","962,976.00",29.77,United States,NASDAQ,USD,1.00,--
EVRI,EVERI HOLDINGS INC,Consumer Discretionary,Equity,"28,668,103.04",0.05,"28,668,103.04","2,021,728.00",14.18,United States,New York Stock Exchange Inc.,USD,1.00,--
RLJ,RLJ LODGING TRUST REIT,Real Estate,Equity,"28,658,849.31",0.04,"28,658,849.31","3,867,591.00",7.41,United States,New York Stock Exchange Inc.,USD,1.00,--
PLAB,PHOTRONICS INC,Information Technology,Equity,"28,639,133.71",0.04,"28,639,133.71","1,538,911.00",18.61,United States,NASDAQ,USD,1.00,--
ETNB,89BIO INC,Health Care,Equity,"28,604,593.44",0.04,"28,604,593.44","2,782,548.00",10.28,United States,NASDAQ,USD,1.00,--
ASTH,ASTRANA HEALTH INC,Health Care,Equity,"28,516,805.17",0.04,"28,516,805.17","1,074,889.00",26.53,United States,NASDAQ,USD,1.00,--
VRDN,VIRIDIAN THERAPEUTICS ORS INC,Health Care,Equity,"28,492,551.72",0.04,"28,492,551.72","1,847,766.00",15.42,United States,NASDAQ,USD,1.00,--
PCRX,PACIRA BIOSCIENCES INC,Health Care,Equity,"28,449,116.31",0.04,"28,449,116.31","1,143,913.00",24.87,United States,NASDAQ,USD,1.00,--
CNNE,CANNAE HOLDINGS INC,Financials,Equity,"28,441,297.92",0.04,"28,441,297.92","1,427,776.00",19.92,United States,New York Stock Exchange Inc.,USD,1.00,--
BLX,BANCO LATINOAMERICANO DE COMERCIO,Financials,Equity,"28,406,335.50",0.04,"28,406,335.50","686,475.00",41.38,Panama,New York Stock Exchange Inc.,USD,1.00,--
EWTX,EDGEWISE THERAPEUTICS INC,Health Care,Equity,"28,391,136.30",0.04,"28,391,136.30","1,837,614.00",15.45,United States,NASDAQ,USD,1.00,--
SAH,SONIC AUTOMOTIVE INC CLASS A,Consumer Discretionary,Equity,"28,307,568.19",0.04,"28,307,568.19","372,419.00",76.01,United States,New York Stock Exchange Inc.,USD,1.00,--
SABR,SABRE CORP,Consumer Discretionary,Equity,"28,299,772.64",0.04,"28,299,772.64","9,560,734.00",2.96,United States,NASDAQ,USD,1.00,--
PMT,PENNYMAC MORTGAGE INVESTMENT TRUST,Financials,Equity,"28,192,048.95",0.04,"28,192,048.95","2,214,615.00",12.73,United States,New York Stock Exchange Inc.,USD,1.00,--
SFL,SFL LTD,Energy,Equity,"28,173,097.18",0.04,"28,173,097.18","3,208,781.00",8.78,United States,New York Stock Exchange Inc.,USD,1.00,--
EFC,ELLINGTON FINANCIAL INC,Financials,Equity,"28,174,589.80",0.04,"28,174,589.80","2,175,644.00",12.95,United States,New York Stock Exchange Inc.,USD,1.00,--
CCB,COASTAL FINANCIAL CORP,Financials,Equity,"28,108,670.76",0.04,"28,108,670.76","307,602.00",91.38,United States,NASDAQ,USD,1.00,--
SPT,SPROUT SOCIAL INC CLASS A,Information Technology,Equity,"27,951,043.26",0.04,"27,951,043.26","1,244,481.00",22.46,United States,NASDAQ,USD,1.00,--
LGIH,LGI HOMES INC,Consumer Discretionary,Equity,"27,951,057.90",0.04,"27,951,057.90","519,054.00",53.85,United States,NASDAQ,USD,1.00,--
BFC,BANK FIRST CORP,Financials,Equity,"27,837,286.25",0.04,"27,837,286.25","238,435.00",116.75,United States,NASDAQ,USD,1.00,--
EIG,EMPLOYERS HOLDINGS INC,Financials,Equity,"27,655,427.52",0.04,"27,655,427.52","587,913.00",47.04,United States,New York Stock Exchange Inc.,USD,1.00,--
FDP,FRESH DEL MONTE PRODUCE INC,Consumer Staples,Equity,"27,632,910.17",0.04,"27,632,910.17","855,773.00",32.29,United States,New York Stock Exchange Inc.,USD,1.00,--
NVAX,NOVAVAX INC,Health Care,Equity,"27,552,556.80",0.04,"27,552,556.80","3,826,744.00",7.20,United States,NASDAQ,USD,1.00,--
FA,FIRST ADVANTAGE CORP,Industrials,Equity,"27,508,998.66",0.04,"27,508,998.66","1,479,774.00",18.59,United States,NASDAQ,USD,1.00,--
SRCE,1ST SOURCE CORP,Financials,Equity,"27,453,274.80",0.04,"27,453,274.80","441,655.00",62.16,United States,NASDAQ,USD,1.00,--
DCOM,DIME COMMUNITY BANCSHARES INC,Financials,Equity,"27,430,011.60",0.04,"27,430,011.60","993,841.00",27.60,United States,NASDAQ,USD,1.00,--
VITL,VITAL FARMS INC,Consumer Staples,Equity,"27,358,447.15",0.04,"27,358,447.15","837,931.00",32.65,United States,NASDAQ,USD,1.00,--
MODG,TOPGOLF CALLAWAY BRANDS CORP,Consumer Discretionary,Equity,"27,272,722.40",0.04,"27,272,722.40","3,541,912.00",7.70,United States,New York Stock Exchange Inc.,USD,1.00,--
HLIO,HELIOS TECHNOLOGIES INC,Industrials,Equity,"27,260,257.64",0.04,"27,260,257.64","823,324.00",33.11,United States,New York Stock Exchange Inc.,USD,1.00,--
TRS,TRIMAS CORP,Materials,Equity,"27,252,377.46",0.04,"27,252,377.46","1,005,994.00",27.09,United States,NASDAQ,USD,1.00,--
MRC,MRC GLOBAL INC,Industrials,Equity,"27,125,345.60",0.04,"27,125,345.60","2,096,240.00",12.94,United States,New York Stock Exchange Inc.,USD,1.00,--
FUBO,FUBOTV INC,Communication,Equity,"27,126,170.72",0.04,"27,126,170.72","8,270,174.00",3.28,United States,New York Stock Exchange Inc.,USD,1.00,--
MCRI,MONARCH CASINO AND RESORT INC,Consumer Discretionary,Equity,"27,106,755.51",0.04,"27,106,755.51","317,001.00",85.51,United States,NASDAQ,USD,1.00,--
AUPH,AURINIA PHARMACEUTICALS INC,Health Care,Equity,"27,093,150.95",0.04,"27,093,150.95","3,324,313.00",8.15,United States,NASDAQ,USD,1.00,--
QCRH,QCR HOLDINGS INC,Financials,Equity,"26,986,236.40",0.04,"26,986,236.40","397,090.00",67.96,United States,NASDAQ,USD,1.00,--
BBSI,BARRETT BUSINESS SERVICES INC,Industrials,Equity,"26,930,356.58",0.04,"26,930,356.58","636,802.00",42.29,United States,NASDAQ,USD,1.00,--
HCSG,HEALTHCARE SERVICES GROUP INC,Industrials,Equity,"26,741,950.74",0.04,"26,741,950.74","1,834,153.00",14.58,United States,NASDAQ,USD,1.00,--
SPHR,SPHERE ENTERTAINMENT CLASS A,Communication,Equity,"26,746,930.80",0.04,"26,746,930.80","683,715.00",39.12,United States,New York Stock Exchange Inc.,USD,1.00,--
CENX,CENTURY ALUMINUM,Materials,Equity,"26,740,732.50",0.04,"26,740,732.50","1,338,375.00",19.98,United States,NASDAQ,USD,1.00,--
CSR,CENTERSPACE,Real Estate,Equity,"26,734,851.96",0.04,"26,734,851.96","409,918.00",65.22,United States,New York Stock Exchange Inc.,USD,1.00,--
GABC,GERMAN AMERICAN BANCORP INC,Financials,Equity,"26,699,236.76",0.04,"26,699,236.76","686,003.00",38.92,United States,NASDAQ,USD,1.00,--
FIZZ,NATIONAL BEVERAGE CORP,Consumer Staples,Equity,"26,680,115.98",0.04,"26,680,115.98","575,747.00",46.34,United States,NASDAQ,USD,1.00,--
FSLY,FASTLY INC CLASS A,Information Technology,Equity,"26,671,554.80",0.04,"26,671,554.80","3,300,935.00",8.08,United States,New York Stock Exchange Inc.,USD,1.00,--
DRVN,DRIVEN BRANDS HOLDINGS INC,Industrials,Equity,"26,611,104.96",0.04,"26,611,104.96","1,493,328.00",17.82,United States,NASDAQ,USD,1.00,--
GSAT,GLOBALSTAR VOTING INC,Communication,Equity,"26,460,338.60",0.04,"26,460,338.60","1,213,777.00",21.80,United States,NASDAQ,USD,1.00,--
PLUG,PLUG POWER INC,Industrials,Equity,"26,451,590.40",0.04,"26,451,590.40","20,665,305.00",1.28,United States,NASDAQ,USD,1.00,--
UNIT,UNITI GROUP INC,Real Estate,Equity,"26,406,378.70",0.04,"26,406,378.70","6,126,770.00",4.31,United States,NASDAQ,USD,1.00,--
PENG,PENGUIN SOLUTIONS INC,Information Technology,Equity,"26,401,614.21",0.04,"26,401,614.21","1,319,421.00",20.01,United States,NASDAQ,USD,1.00,--
NAVI,NAVIENT CORP,Financials,Equity,"26,391,569.92",0.04,"26,391,569.92","1,917,992.00",13.76,United States,NASDAQ,USD,1.00,--
HLIT,HARMONIC INC,Information Technology,Equity,"26,343,212.14",0.04,"26,343,212.14","2,746,946.00",9.59,United States,NASDAQ,USD,1.00,--
KLG,WK KELLOGG,Consumer Staples,Equity,"26,309,902.32",0.04,"26,309,902.32","1,642,316.00",16.02,United States,New York Stock Exchange Inc.,USD,1.00,--
AESI,ATLAS ENERGY SOLUTIONS INC,Energy,Equity,"26,301,050.19",0.04,"26,301,050.19","1,837,949.00",14.31,United States,New York Stock Exchange Inc.,USD,1.00,--
DOLE,DOLE PLC,Consumer Staples,Equity,"26,257,514.36",0.04,"26,257,514.36","1,913,813.00",13.72,Ireland,New York Stock Exchange Inc.,USD,1.00,--
NG,NOVAGOLD RESOURCES INC,Materials,Equity,"26,245,023.84",0.04,"26,245,023.84","6,075,237.00",4.32,Canada,Nyse Mkt Llc,USD,1.00,--
PEBO,PEOPLES BANCORP INC,Financials,Equity,"26,142,750.80",0.04,"26,142,750.80","865,654.00",30.20,United States,NASDAQ,USD,1.00,--
USLM,UNITED STATES LIME AND MINERALS IN,Materials,Equity,"26,148,309.30",0.04,"26,148,309.30","260,805.00",100.26,United States,NASDAQ,USD,1.00,--
MNKD,MANNKIND CORP,Health Care,Equity,"26,131,684.32",0.04,"26,131,684.32","6,666,246.00",3.92,United States,NASDAQ,USD,1.00,--
RSI,RUSH STREET INTERACTIVE INC CLASS,Consumer Discretionary,Equity,"26,115,471.20",0.04,"26,115,471.20","1,903,460.00",13.72,United States,New York Stock Exchange Inc.,USD,1.00,--
TNK,TEEKAY TANKERS LTD CLASS A,Energy,Equity,"26,029,721.85",0.04,"26,029,721.85","596,055.00",43.67,Bermuda,New York Stock Exchange Inc.,USD,1.00,--
CWH,CAMPING WORLD HOLDINGS INC CLASS A,Consumer Discretionary,Equity,"25,991,422.60",0.04,"25,991,422.60","1,398,140.00",18.59,United States,New York Stock Exchange Inc.,USD,1.00,--
ACT,ENACT HOLDINGS INC,Financials,Equity,"25,991,895.90",0.04,"25,991,895.90","752,298.00",34.55,United States,NASDAQ,USD,1.00,--
DX,DYNEX CAPITAL REIT INC,Financials,Equity,"25,970,527.50",0.04,"25,970,527.50","2,111,425.00",12.30,United States,New York Stock Exchange Inc.,USD,1.00,--
EVH,EVOLENT HEALTH INC CLASS A,Health Care,Equity,"25,888,693.74",0.04,"25,888,693.74","2,886,142.00",8.97,United States,New York Stock Exchange Inc.,USD,1.00,--
THS,TREEHOUSE FOODS INC,Consumer Staples,Equity,"25,875,345.88",0.04,"25,875,345.88","1,161,371.00",22.28,United States,New York Stock Exchange Inc.,USD,1.00,--
NVTS,NAVITAS SEMICONDUCTOR CORP,Information Technology,Equity,"25,866,666.67",0.04,"25,866,666.67","3,197,363.00",8.09,United States,NASDAQ,USD,1.00,--
VICR,VICOR CORP,Industrials,Equity,"25,791,492.24",0.04,"25,791,492.24","563,256.00",45.79,United States,NASDAQ,USD,1.00,--
CXM,SPRINKLR INC CLASS A,Information Technology,Equity,"25,762,946.63",0.04,"25,762,946.63","2,917,661.00",8.83,United States,New York Stock Exchange Inc.,USD,1.00,--
VERA,VERA THERAPEUTICS INC CLASS A,Health Care,Equity,"25,556,822.46",0.04,"25,556,822.46","1,129,833.00",22.62,United States,NASDAQ,USD,1.00,--
CDNA,CAREDX INC,Health Care,Equity,"25,559,713.55",0.04,"25,559,713.55","1,287,643.00",19.85,United States,NASDAQ,USD,1.00,--
AMPH,AMPHASTAR PHARMACEUTICALS INC,Health Care,Equity,"25,417,298.68",0.04,"25,417,298.68","944,179.00",26.92,United States,NASDAQ,USD,1.00,--
OBK,ORIGIN BANCORP INC,Financials,Equity,"25,277,060.48",0.04,"25,277,060.48","715,456.00",35.33,United States,New York Stock Exchange Inc.,USD,1.00,--
MSEX,MIDDLESEX WATER,Utilities,Equity,"25,267,498.74",0.04,"25,267,498.74","440,047.00",57.42,United States,NASDAQ,USD,1.00,--
AAT,AMERICAN ASSETS TRUST REIT INC,Real Estate,Equity,"25,187,603.88",0.04,"25,187,603.88","1,235,292.00",20.39,United States,New York Stock Exchange Inc.,USD,1.00,"Jan 01, 1970"
NEO,NEOGENOMICS INC,Health Care,Equity,"25,038,631.52",0.04,"25,038,631.52","3,193,703.00",7.84,United States,NASDAQ,USD,1.00,--
SCSC,SCANSOURCE INC,Information Technology,Equity,"25,039,544.70",0.04,"25,039,544.70","594,058.00",42.15,United States,NASDAQ,USD,1.00,--
MFA,MFA FINANCIAL INC,Financials,Equity,"25,021,592.82",0.04,"25,021,592.82","2,590,227.00",9.66,United States,New York Stock Exchange Inc.,USD,1.00,--
SCS,STEELCASE INC CLASS A,Industrials,Equity,"25,021,960.70",0.04,"25,021,960.70","2,338,501.00",10.70,United States,New York Stock Exchange Inc.,USD,1.00,--
NSSC,NAPCO SECURITY TECHNOLOGIES INC,Information Technology,Equity,"25,026,271.25",0.04,"25,026,271.25","870,479.00",28.75,United States,NASDAQ,USD,1.00,--
MXL,MAXLINEAR INC,Information Technology,Equity,"24,984,999.33",0.04,"24,984,999.33","1,987,669.00",12.57,United States,NASDAQ,USD,1.00,--
LOB,LIVE OAK BANCSHARES INC,Financials,Equity,"24,954,139.44",0.04,"24,954,139.44","850,516.00",29.34,United States,New York Stock Exchange Inc.,USD,1.00,--
HLX,HELIX ENERGY SOLUTIONS GROUP INC,Energy,Equity,"24,841,658.20",0.04,"24,841,658.20","3,589,835.00",6.92,United States,New York Stock Exchange Inc.,USD,1.00,--
IDT,IDT CORP CLASS B,Communication,Equity,"24,824,710.98",0.04,"24,824,710.98","382,743.00",64.86,United States,New York Stock Exchange Inc.,USD,1.00,--
UUUU,ENERGY FUELS INC,Energy,Equity,"24,750,780.88",0.04,"24,750,780.88","4,617,683.00",5.36,Canada,Nyse Mkt Llc,USD,1.00,--
DXPE,DXP ENTERPRISES INC,Industrials,Equity,"24,723,073.31",0.04,"24,723,073.31","307,138.00",80.50,United States,NASDAQ,USD,1.00,--
PWP,PERELLA WEINBERG PARTNERS CLASS A,Financials,Equity,"24,659,960.96",0.04,"24,659,960.96","1,306,142.00",18.88,United States,NASDAQ,USD,1.00,--
AMPL,AMPLITUDE INC CLASS A,Information Technology,Equity,"24,642,781.90",0.04,"24,642,781.90","1,948,046.00",12.65,United States,NASDAQ,USD,1.00,--
DCO,DUCOMMUN INC,Industrials,Equity,"24,398,022.00",0.04,"24,398,022.00","329,703.00",74.00,United States,New York Stock Exchange Inc.,USD,1.00,--
NN,NEXTNAV INC,Information Technology,Equity,"24,378,996.07",0.04,"24,378,996.07","1,992,562.00",12.23,United States,NASDAQ,USD,1.00,--
OCFC,OCEANFIRST FINANCIAL CORP,Financials,Equity,"24,347,540.00",0.04,"24,347,540.00","1,391,288.00",17.50,United States,NASDAQ,USD,1.00,--
BV,BRIGHTVIEW HOLDINGS INC,Industrials,Equity,"24,336,811.29",0.04,"24,336,811.29","1,490,313.00",16.33,United States,New York Stock Exchange Inc.,USD,1.00,--
IMVT,IMMUNOVANT INC,Health Care,Equity,"24,226,010.82",0.04,"24,226,010.82","1,447,193.00",16.74,United States,NASDAQ,USD,1.00,--
COLL,COLLEGIUM PHARMACEUTICAL INC,Health Care,Equity,"24,221,046.84",0.04,"24,221,046.84","797,532.00",30.37,United States,NASDAQ,USD,1.00,--
ATRO,ASTRONICS CORP,Industrials,Equity,"24,203,130.06",0.04,"24,203,130.06","733,206.00",33.01,United States,NASDAQ,USD,1.00,--
NEXT,NEXTDECADE CORP,Energy,Equity,"24,093,455.13",0.04,"24,093,455.13","2,878,549.00",8.37,United States,NASDAQ,USD,1.00,--
UCTT,ULTRA CLEAN HOLDINGS INC,Information Technology,Equity,"23,957,521.95",0.04,"23,957,521.95","1,106,583.00",21.65,United States,NASDAQ,USD,1.00,--
NRIX,NURIX THERAPEUTICS INC,Health Care,Equity,"23,881,500.79",0.04,"23,881,500.79","1,867,201.00",12.79,United States,NASDAQ,USD,1.00,--
NX,QUANEX BUILDING PRODUCTS CORP,Industrials,Equity,"23,879,136.99",0.04,"23,879,136.99","1,182,721.00",20.19,United States,New York Stock Exchange Inc.,USD,1.00,--
PRLB,PROTO LABS INC,Industrials,Equity,"23,856,110.75",0.04,"23,856,110.75","607,799.00",39.25,United States,New York Stock Exchange Inc.,USD,1.00,--
INMD,INMODE LTD,Health Care,Equity,"23,838,170.72",0.04,"23,838,170.72","1,637,237.00",14.56,Israel,NASDAQ,USD,1.00,--
WGO,WINNEBAGO INDUSTRIES INC,Consumer Discretionary,Equity,"23,811,419.46",0.04,"23,811,419.46","695,021.00",34.26,United States,New York Stock Exchange Inc.,USD,1.00,--
XPEL,XPEL INC,Consumer Discretionary,Equity,"23,787,634.00",0.04,"23,787,634.00","630,136.00",37.75,United States,NASDAQ,USD,1.00,--
SBH,SALLY BEAUTY HOLDINGS INC,Consumer Discretionary,Equity,"23,762,588.22",0.04,"23,762,588.22","2,563,386.00",9.27,United States,New York Stock Exchange Inc.,USD,1.00,--
PDM,PIEDMONT OFFICE REALTY TRUST REIT,Real Estate,Equity,"23,712,486.40",0.04,"23,712,486.40","3,120,064.00",7.60,United States,New York Stock Exchange Inc.,USD,1.00,--
LQDA,LIQUIDIA CORP,Health Care,Equity,"23,594,758.32",0.04,"23,594,758.32","1,575,084.00",14.98,United States,NASDAQ,USD,1.00,--
IART,INTEGRA LIFESCIENCES HOLDINGS CORP,Health Care,Equity,"23,588,803.50",0.04,"23,588,803.50","1,687,325.00",13.98,United States,NASDAQ,USD,1.00,--
ECVT,ECOVYST INC,Materials,Equity,"23,549,862.06",0.04,"23,549,862.06","2,896,662.00",8.13,United States,New York Stock Exchange Inc.,USD,1.00,--
GERN,GERON CORP,Health Care,Equity,"23,544,307.20",0.04,"23,544,307.20","14,715,192.00",1.60,United States,NASDAQ,USD,1.00,--
HROW,HARROW INC,Health Care,Equity,"23,521,879.44",0.04,"23,521,879.44","754,632.00",31.17,United States,NASDAQ,USD,1.00,--
AVDL,AVADEL PHARMACEUTICALS ORD,Health Care,Equity,"23,522,370.96",0.04,"23,522,370.96","2,299,352.00",10.23,United States,NASDAQ,USD,1.00,--
KOS,KOSMOS ENERGY LTD,Energy,Equity,"23,514,920.00",0.04,"23,514,920.00","11,757,460.00",2.00,United States,New York Stock Exchange Inc.,USD,1.00,--
ARR,ARMOUR RESIDENTIAL REIT INC,Financials,Equity,"23,488,072.75",0.04,"23,488,072.75","1,402,273.00",16.75,United States,New York Stock Exchange Inc.,USD,1.00,--
GOGL,GOLDEN OCEAN GROUP LTD,Industrials,Equity,"23,482,589.90",0.04,"23,482,589.90","3,049,687.00",7.70,Norway,NASDAQ,USD,1.00,--
OLO,OLO INC CLASS A,Information Technology,Equity,"23,072,153.16",0.04,"23,072,153.16","2,661,148.00",8.67,United States,New York Stock Exchange Inc.,USD,1.00,--
PRO,PROS HOLDINGS INC,Information Technology,Equity,"23,003,260.28",0.04,"23,003,260.28","1,149,014.00",20.02,United States,New York Stock Exchange Inc.,USD,1.00,--
ASTE,ASTEC INDUSTRIES INC,Industrials,Equity,"22,998,343.20",0.04,"22,998,343.20","567,440.00",40.53,United States,NASDAQ,USD,1.00,--
THR,THERMON GROUP HOLDINGS INC,Industrials,Equity,"22,907,070.00",0.04,"22,907,070.00","825,480.00",27.75,United States,New York Stock Exchange Inc.,USD,1.00,--
DEA,EASTERLY GOVERNMENT PROPERTIES INC,Real Estate,Equity,"22,874,277.42",0.04,"22,874,277.42","1,003,698.00",22.79,United States,New York Stock Exchange Inc.,USD,1.00,--
YEXT,YEXT INC,Information Technology,Equity,"22,856,119.90",0.04,"22,856,119.90","2,642,326.00",8.65,United States,New York Stock Exchange Inc.,USD,1.00,--
SNDX,SYNDAX PHARMACEUTICALS INC,Health Care,Equity,"22,837,274.64",0.04,"22,837,274.64","2,031,786.00",11.24,United States,NASDAQ,USD,1.00,--
PNTG,PENNANT GROUP INC,Health Care,Equity,"22,770,805.05",0.04,"22,770,805.05","803,203.00",28.35,United States,NASDAQ,USD,1.00,--
SPNS,SAPIENS INTERNATIONAL NV,Information Technology,Equity,"22,651,002.00",0.04,"22,651,002.00","762,660.00",29.70,Israel,NASDAQ,USD,1.00,--
ECPG,ENCORE CAPITAL GROUP INC,Financials,Equity,"22,626,097.92",0.04,"22,626,097.92","580,752.00",38.96,United States,NASDAQ,USD,1.00,--
CDRE,CADRE HOLDINGS INC,Industrials,Equity,"22,540,593.33",0.04,"22,540,593.33","643,833.00",35.01,United States,New York Stock Exchange Inc.,USD,1.00,--
ALGT,ALLEGIANT TRAVEL,Industrials,Equity,"22,489,672.95",0.04,"22,489,672.95","387,419.00",58.05,United States,NASDAQ,USD,1.00,--
AHCO,ADAPTHEALTH CORP,Health Care,Equity,"22,436,457.12",0.04,"22,436,457.12","2,543,816.00",8.82,United States,NASDAQ,USD,1.00,--
STAA,STAAR SURGICAL,Health Care,Equity,"22,401,193.39",0.04,"22,401,193.39","1,232,867.00",18.17,United States,NASDAQ,USD,1.00,--
CRMD,CORMEDIX INC,Health Care,Equity,"22,376,155.96",0.04,"22,376,155.96","1,502,764.00",14.89,United States,NASDAQ,USD,1.00,--
PRCH,PORCH GROUP INC,Information Technology,Equity,"22,360,316.48",0.04,"22,360,316.48","1,989,352.00",11.24,United States,NASDAQ,USD,1.00,--
FMBH,FIRST MID BANCSHARES INC,Financials,Equity,"22,360,669.84",0.04,"22,360,669.84","598,519.00",37.36,United States,NASDAQ,USD,1.00,--
FBRT,FRANKLIN BSP REALTY TRUST INC,Financials,Equity,"22,350,063.96",0.04,"22,350,063.96","2,008,092.00",11.13,United States,New York Stock Exchange Inc.,USD,1.00,--
SBSI,SOUTHSIDE BANCSHARES INC,Financials,Equity,"22,332,918.52",0.04,"22,332,918.52","771,964.00",28.93,United States,New York Stock Exchange Inc.,USD,1.00,--
XPRO,EXPRO GROUP HOLDINGS NV,Energy,Equity,"22,264,613.96",0.03,"22,264,613.96","2,351,068.00",9.47,United States,New York Stock Exchange Inc.,USD,1.00,--
APOG,APOGEE ENTERPRISES INC,Industrials,Equity,"22,205,520.68",0.03,"22,205,520.68","541,334.00",41.02,United States,NASDAQ,USD,1.00,--
HSII,HEIDRICK AND STRUGGLES INTERNATION,Industrials,Equity,"22,183,757.19",0.03,"22,183,757.19","500,649.00",44.31,United States,NASDAQ,USD,1.00,--
HG,HAMILTON INSURANCE GROUP LTD CLASS,Financials,Equity,"22,171,049.80",0.03,"22,171,049.80","1,058,284.00",20.95,United States,New York Stock Exchange Inc.,USD,1.00,--
WGS,GENEDX HOLDINGS CORP CLASS A,Health Care,Equity,"22,157,077.11",0.03,"22,157,077.11","318,761.00",69.51,United States,NASDAQ,USD,1.00,--
UTZ,UTZ BRANDS INC CLASS A,Consumer Staples,Equity,"22,061,147.95",0.03,"22,061,147.95","1,628,129.00",13.55,United States,New York Stock Exchange Inc.,USD,1.00,--
BRKL,BROOKLINE BANCORP INC,Financials,Equity,"22,000,759.35",0.03,"22,000,759.35","2,065,799.00",10.65,United States,NASDAQ,USD,1.00,--
JAMF,JAMF HOLDING CORP,Information Technology,Equity,"21,983,467.20",0.03,"21,983,467.20","2,073,912.00",10.60,United States,NASDAQ,USD,1.00,--
THRM,GENTHERM INC,Consumer Discretionary,Equity,"21,921,748.80",0.03,"21,921,748.80","763,824.00",28.70,United States,NASDAQ,USD,1.00,--
UVSP,UNIVEST FINANCIAL CORP,Financials,Equity,"21,868,833.61",0.03,"21,868,833.61","734,593.00",29.77,United States,NASDAQ,USD,1.00,--
COHU,COHU INC,Information Technology,Equity,"21,822,371.06",0.03,"21,822,371.06","1,137,767.00",19.18,United States,NASDAQ,USD,1.00,--
ARDX,ARDELYX INC,Health Care,Equity,"21,811,500.48",0.03,"21,811,500.48","5,831,952.00",3.74,United States,NASDAQ,USD,1.00,--
IMKTA,INGLES MARKETS INC CLASS A,Consumer Staples,Equity,"21,745,876.34",0.03,"21,745,876.34","353,534.00",61.51,United States,NASDAQ,USD,1.00,--
AMWD,AMERICAN WOODMARK CORP,Industrials,Equity,"21,739,200.14",0.03,"21,739,200.14","375,526.00",57.89,United States,NASDAQ,USD,1.00,--
BLFS,BIOLIFE SOLUTIONS INC,Health Care,Equity,"21,628,555.62",0.03,"21,628,555.62","904,582.00",23.91,United States,NASDAQ,USD,1.00,--
AMSF,AMERISAFE INC,Financials,Equity,"21,614,898.40",0.03,"21,614,898.40","476,624.00",45.35,United States,NASDAQ,USD,1.00,--
GIII,G III APPAREL GROUP LTD,Consumer Discretionary,Equity,"21,535,441.20",0.03,"21,535,441.20","976,664.00",22.05,United States,NASDAQ,USD,1.00,--
SHLS,SHOALS TECHNOLOGIES GROUP INC CLAS,Industrials,Equity,"21,486,686.00",0.03,"21,486,686.00","4,132,055.00",5.20,United States,NASDAQ,USD,1.00,--
CVI,CVR ENERGY INC,Energy,Equity,"21,455,155.44",0.03,"21,455,155.44","867,927.00",24.72,United States,New York Stock Exchange Inc.,USD,1.00,--
NTLA,INTELLIA THERAPEUTICS INC,Health Care,Equity,"21,443,642.99",0.03,"21,443,642.99","2,531,717.00",8.47,United States,NASDAQ,USD,1.00,--
NTGR,NETGEAR INC,Information Technology,Equity,"21,432,994.11",0.03,"21,432,994.11","703,413.00",30.47,United States,NASDAQ,USD,1.00,--
QNST,QUINSTREET INC,Communication,Equity,"21,407,757.15",0.03,"21,407,757.15","1,348,945.00",15.87,United States,NASDAQ,USD,1.00,--
AAMI,ACADIAN ASSET MANAGEMENT INC,Financials,Equity,"21,391,755.35",0.03,"21,391,755.35","680,183.00",31.45,United States,New York Stock Exchange Inc.,USD,1.00,--
BLND,BLEND LABS INC CLASS A,Information Technology,Equity,"21,362,021.10",0.03,"21,362,021.10","5,967,045.00",3.58,United States,New York Stock Exchange Inc.,USD,1.00,--
FIHL,FIDELIS INSURANCE HOLDINGS LTD,Financials,Equity,"21,276,097.92",0.03,"21,276,097.92","1,255,968.00",16.94,Bermuda,New York Stock Exchange Inc.,USD,1.00,--
WS,WORTHINGTON STEEL INC,Materials,Equity,"21,277,778.30",0.03,"21,277,778.30","809,041.00",26.30,United States,New York Stock Exchange Inc.,USD,1.00,--
AKBA,AKEBIA THERAPEUTICS INC,Health Care,Equity,"21,264,353.60",0.03,"21,264,353.60","5,424,580.00",3.92,United States,NASDAQ,USD,1.00,--
RVLV,REVOLVE GROUP CLASS A INC,Consumer Discretionary,Equity,"20,996,491.38",0.03,"20,996,491.38","962,259.00",21.82,United States,New York Stock Exchange Inc.,USD,1.00,--
HLF,HERBALIFE LTD,Consumer Staples,Equity,"20,977,450.44",0.03,"20,977,450.44","2,536,572.00",8.27,United States,New York Stock Exchange Inc.,USD,1.00,--
BELFB,BEL FUSE INC CLASS B,Information Technology,Equity,"20,889,352.96",0.03,"20,889,352.96","262,528.00",79.57,United States,NASDAQ,USD,1.00,--
SAFE,SAFEHOLD INC,Real Estate,Equity,"20,872,290.60",0.03,"20,872,290.60","1,301,265.00",16.04,United States,New York Stock Exchange Inc.,USD,1.00,--
AMN,AMN HEALTHCARE INC,Health Care,Equity,"20,826,978.42",0.03,"20,826,978.42","945,821.00",22.02,United States,New York Stock Exchange Inc.,USD,1.00,--
GBTG,GLOBAL BUSINESS TRAVEL GROUP INC C,Consumer Discretionary,Equity,"20,766,410.01",0.03,"20,766,410.01","3,160,793.00",6.57,United States,New York Stock Exchange Inc.,USD,1.00,--
CTBI,COMMUNITY TRUST BANCORP INC,Financials,Equity,"20,763,390.23",0.03,"20,763,390.23","394,067.00",52.69,United States,NASDAQ,USD,1.00,--
BY,BYLINE BANCORP INC,Financials,Equity,"20,645,795.84",0.03,"20,645,795.84","772,672.00",26.72,United States,New York Stock Exchange Inc.,USD,1.00,--
JANX,JANUX THERAPEUTICS INC,Health Care,Equity,"20,547,415.68",0.03,"20,547,415.68","783,057.00",26.24,United States,NASDAQ,USD,1.00,--
CIFR,CIPHER MINING INC,Information Technology,Equity,"20,486,557.00",0.03,"20,486,557.00","5,045,950.00",4.06,United States,NASDAQ,USD,1.00,--
WTTR,SELECT WATER SOLUTIONS INC CLASS A,Energy,Equity,"20,478,384.64",0.03,"20,478,384.64","2,285,534.00",8.96,United States,New York Stock Exchange Inc.,USD,1.00,--
PLAY,DAVE AND BUSTERS ENTERTAINMENT INC,Consumer Discretionary,Equity,"20,436,316.94",0.03,"20,436,316.94","789,962.00",25.87,United States,NASDAQ,USD,1.00,--
OXM,OXFORD INDUSTRIES INC,Consumer Discretionary,Equity,"20,412,053.34",0.03,"20,412,053.34","372,891.00",54.74,United States,New York Stock Exchange Inc.,USD,1.00,--
LPG,DORIAN LPG LTD,Energy,Equity,"20,414,294.16",0.03,"20,414,294.16","904,488.00",22.57,United States,New York Stock Exchange Inc.,USD,1.00,--
CABO,CABLE ONE INC,Communication,Equity,"20,393,164.57",0.03,"20,393,164.57","139,231.00",146.47,United States,New York Stock Exchange Inc.,USD,1.00,--
UTL,UNITIL CORP,Utilities,Equity,"20,209,432.08",0.03,"20,209,432.08","377,112.00",53.59,United States,New York Stock Exchange Inc.,USD,1.00,--
FARO,FARO TECHNOLOGIES INC,Information Technology,Equity,"20,124,921.60",0.03,"20,124,921.60","472,416.00",42.60,United States,NASDAQ,USD,1.00,--
BJRI,BJS RESTAURANTS INC,Consumer Discretionary,Equity,"19,993,961.46",0.03,"19,993,961.46","462,502.00",43.23,United States,NASDAQ,USD,1.00,--
RWT,REDWOOD TRUST REIT INC,Financials,Equity,"19,927,085.75",0.03,"19,927,085.75","3,418,025.00",5.83,United States,New York Stock Exchange Inc.,USD,1.00,--
CMPR,CIMPRESS PLC,Industrials,Equity,"19,907,909.67",0.03,"19,907,909.67","420,486.00",47.34,United States,NASDAQ,USD,1.00,--
VTOL,BRISTOW GROUP INC,Energy,Equity,"19,861,000.32",0.03,"19,861,000.32","611,484.00",32.48,United States,New York Stock Exchange Inc.,USD,1.00,--
PAX,PATRIA INVESTMENTS LTD CLASS A,Financials,Equity,"19,813,215.98",0.03,"19,813,215.98","1,449,394.00",13.67,Brazil,NASDAQ,USD,1.00,--
PRAX,PRAXIS PRECISION MEDICINES INC,Health Care,Equity,"19,785,512.95",0.03,"19,785,512.95","431,527.00",45.85,United States,NASDAQ,USD,1.00,--
ELVN,ENLIVEN THERAPEUTICS INC,Health Care,Equity,"19,788,859.30",0.03,"19,788,859.30","911,929.00",21.70,United States,NASDAQ,USD,1.00,--
LFST,LIFESTANCE HEALTH GROUP INC,Health Care,Equity,"19,766,375.20",0.03,"19,766,375.20","3,455,660.00",5.72,United States,NASDAQ,USD,1.00,--
CNXN,PC CONNECTION INC,Information Technology,Equity,"19,656,050.70",0.03,"19,656,050.70","298,815.00",65.78,United States,NASDAQ,USD,1.00,--
TMP,TOMPKINS FINANCIAL CORP,Financials,Equity,"19,647,234.64",0.03,"19,647,234.64","312,059.00",62.96,United States,Nyse Mkt Llc,USD,1.00,--
BASE,COUCHBASE INC,Information Technology,Equity,"19,560,177.00",0.03,"19,560,177.00","1,003,086.00",19.50,United States,NASDAQ,USD,1.00,--
LASR,NLIGHT INC,Information Technology,Equity,"19,513,862.58",0.03,"19,513,862.58","1,130,583.00",17.26,United States,NASDAQ,USD,1.00,--
GOGO,GOGO INC,Communication,Equity,"19,454,358.55",0.03,"19,454,358.55","1,636,195.00",11.89,United States,NASDAQ,USD,1.00,--
RDUS,RADIUS RECYCLING INC CLASS A,Materials,Equity,"19,426,391.20",0.03,"19,426,391.20","656,297.00",29.60,United States,NASDAQ,USD,1.00,--
NXRT,NEXPOINT RESIDENTIAL TRUST INC,Real Estate,Equity,"19,401,550.50",0.03,"19,401,550.50","558,318.00",34.75,United States,New York Stock Exchange Inc.,USD,1.00,--
MDXG,MIMEDX GROUP INC,Health Care,Equity,"19,392,474.03",0.03,"19,392,474.03","2,969,751.00",6.53,United States,NASDAQ,USD,1.00,--
KW,KENNEDY WILSON HOLDINGS INC,Real Estate,Equity,"19,380,688.87",0.03,"19,380,688.87","2,862,731.00",6.77,United States,New York Stock Exchange Inc.,USD,1.00,--
BDN,BRANDYWINE REALTY TRUST REIT,Real Estate,Equity,"19,371,896.88",0.03,"19,371,896.88","4,248,223.00",4.56,United States,New York Stock Exchange Inc.,USD,1.00,--
SIBN,SI BONE INC,Health Care,Equity,"19,368,660.60",0.03,"19,368,660.60","1,014,066.00",19.10,United States,NASDAQ,USD,1.00,--
BHRB,BURKE HERBERT FINANCIAL SERVICES C,Financials,Equity,"19,363,315.75",0.03,"19,363,315.75","328,025.00",59.03,United States,NASDAQ,USD,1.00,--
CECO,CECO ENVIRONMENTAL CORP,Industrials,Equity,"19,335,025.50",0.03,"19,335,025.50","723,075.00",26.74,United States,NASDAQ,USD,1.00,--
SEI,SOLARIS OILFIELD INFRASTRUCTURE IN,Energy,Equity,"19,283,179.42",0.03,"19,283,179.42","764,902.00",25.21,United States,New York Stock Exchange Inc.,USD,1.00,--
EXPI,EXP WORLD HOLDINGS INC,Real Estate,Equity,"19,269,055.65",0.03,"19,269,055.65","2,087,655.00",9.23,United States,NASDAQ,USD,1.00,--
KFRC,KFORCE INC,Industrials,Equity,"18,964,273.24",0.03,"18,964,273.24","452,716.00",41.89,United States,New York Stock Exchange Inc.,USD,1.00,--
GDYN,GRID DYNAMICS HOLDINGS INC CLASS A,Information Technology,Equity,"18,965,372.40",0.03,"18,965,372.40","1,560,936.00",12.15,United States,NASDAQ,USD,1.00,--
HTZ,HERTZ GLOBAL HLDGS INC,Industrials,Equity,"18,912,160.96",0.03,"18,912,160.96","3,070,156.00",6.16,United States,NASDAQ,USD,1.00,--
OUST,OUSTER INC,Information Technology,Equity,"18,911,296.32",0.03,"18,911,296.32","1,179,744.00",16.03,United States,NASDAQ,USD,1.00,--
GRPN,GROUPON INC,Consumer Discretionary,Equity,"18,873,657.09",0.03,"18,873,657.09","578,769.00",32.61,United States,NASDAQ,USD,1.00,--
BBUC,BROOKFIELD BUSINESS CORP CLASS A,Industrials,Equity,"18,745,957.92",0.03,"18,745,957.92","650,224.00",28.83,Canada,New York Stock Exchange Inc.,USD,1.00,--
GLDD,GREAT LAKES DREDGE AND DOCK CORP,Industrials,Equity,"18,712,210.80",0.03,"18,712,210.80","1,641,422.00",11.40,United States,NASDAQ,USD,1.00,--
NNE,NANO NUCLEAR ENERGY INC,Industrials,Equity,"18,664,820.80",0.03,"18,664,820.80","611,360.00",30.53,United States,NASDAQ,USD,1.00,--
GRC,GORMAN-RUPP,Industrials,Equity,"18,619,481.02",0.03,"18,619,481.02","497,581.00",37.42,United States,New York Stock Exchange Inc.,USD,1.00,--
MRTN,MARTEN TRANSPORT LTD,Industrials,Equity,"18,598,598.16",0.03,"18,598,598.16","1,373,604.00",13.54,United States,NASDAQ,USD,1.00,--
MMI,MARCUS & MILLICHAP INC,Real Estate,Equity,"18,461,622.48",0.03,"18,461,622.48","601,944.00",30.67,United States,New York Stock Exchange Inc.,USD,1.00,--
SYRE,SPYRE THERAPEUTICS INC,Health Care,Equity,"18,451,702.40",0.03,"18,451,702.40","994,165.00",18.56,United States,NASDAQ,USD,1.00,--
TROX,TRONOX HOLDINGS PLC,Materials,Equity,"18,443,709.36",0.03,"18,443,709.36","3,013,678.00",6.12,United States,New York Stock Exchange Inc.,USD,1.00,--
VVX,V2X INC,Industrials,Equity,"18,417,351.20",0.03,"18,417,351.20","412,760.00",44.62,United States,New York Stock Exchange Inc.,USD,1.00,--
HFWA,HERITAGE FINANCIAL CORP,Financials,Equity,"18,403,534.73",0.03,"18,403,534.73","772,933.00",23.81,United States,NASDAQ,USD,1.00,--
RC,READY CAPITAL CORP,Financials,Equity,"18,385,367.00",0.03,"18,385,367.00","4,040,740.00",4.55,United States,New York Stock Exchange Inc.,USD,1.00,--
MBWM,MERCANTILE BANK CORP,Financials,Equity,"18,371,007.12",0.03,"18,371,007.12","403,581.00",45.52,United States,NASDAQ,USD,1.00,--
DHC,DIVERSIFIED HEALTHCARE TRUST,Real Estate,Equity,"18,208,231.55",0.03,"18,208,231.55","5,435,293.00",3.35,United States,NASDAQ,USD,1.00,--
IBTA,IBOTTA INC CLASS A,Communication,Equity,"18,142,064.64",0.03,"18,142,064.64","390,656.00",46.44,United States,New York Stock Exchange Inc.,USD,1.00,--
MEG,MONTROSE ENVIRONMENTAL GRP INC,Industrials,Equity,"18,139,728.90",0.03,"18,139,728.90","799,107.00",22.70,United States,New York Stock Exchange Inc.,USD,1.00,--
EVLV,EVOLV TECHNOLOGIES HOLDINGS INC CL,Information Technology,Equity,"17,964,770.46",0.03,"17,964,770.46","3,290,251.00",5.46,United States,NASDAQ,USD,1.00,--
ERII,ENERGY RECOVERY INC,Industrials,Equity,"17,949,128.16",0.03,"17,949,128.16","1,400,088.00",12.82,United States,NASDAQ,USD,1.00,--
SPRY,ARS PHARMACEUTICALS INC,Health Care,Equity,"17,941,660.88",0.03,"17,941,660.88","1,221,352.00",14.69,United States,NASDAQ,USD,1.00,--
WLDN,WILLDAN GROUP INC,Industrials,Equity,"17,870,520.80",0.03,"17,870,520.80","317,416.00",56.30,United States,NASDAQ,USD,1.00,--
OSBC,OLD SECOND BANCORP INC,Financials,Equity,"17,858,317.91",0.03,"17,858,317.91","1,037,671.00",17.21,United States,NASDAQ,USD,1.00,--
FCBC,FIRST COMMUNITY BANKSHARES INC,Financials,Equity,"17,830,368.66",0.03,"17,830,368.66","458,718.00",38.87,United States,NASDAQ,USD,1.00,--
AAOI,APPLIED OPTOELECTRONICS INC,Information Technology,Equity,"17,823,524.64",0.03,"17,823,524.64","1,084,156.00",16.44,United States,NASDAQ,USD,1.00,--
IBCP,INDEPENDENT BANK CORP,Financials,Equity,"17,683,610.91",0.03,"17,683,610.91","554,519.00",31.89,United States,NASDAQ,USD,1.00,--
BRSP,BRIGHTSPIRE CAPITAL INC CLASS A,Financials,Equity,"17,673,190.32",0.03,"17,673,190.32","3,297,237.00",5.36,United States,New York Stock Exchange Inc.,USD,1.00,--
DLX,DELUXE CORP,Industrials,Equity,"17,645,348.16",0.03,"17,645,348.16","1,113,974.00",15.84,United States,New York Stock Exchange Inc.,USD,1.00,--
ZYME,ZYMEWORKS INC,Health Care,Equity,"17,600,793.92",0.03,"17,600,793.92","1,346,656.00",13.07,United States,NASDAQ,USD,1.00,--
CFFN,CAPITOL FEDERAL FINANCIAL INC,Financials,Equity,"17,588,509.40",0.03,"17,588,509.40","2,956,052.00",5.95,United States,NASDAQ,USD,1.00,"Jan 01, 1970"
FLNG,FLEX LNG LTD,Energy,Equity,"17,575,547.52",0.03,"17,575,547.52","744,096.00",23.62,Norway,New York Stock Exchange Inc.,USD,1.00,--
PLYM,PLYMOUTH INDUSTRIAL REIT INC,Real Estate,Equity,"17,503,983.43",0.03,"17,503,983.43","1,050,029.00",16.67,United States,New York Stock Exchange Inc.,USD,1.00,--
AGL,AGILON HEALTH,Health Care,Equity,"17,451,033.36",0.03,"17,451,033.36","7,653,962.00",2.28,United States,New York Stock Exchange Inc.,USD,1.00,--
WVE,WAVE LIFE SCIENCES LTD,Health Care,Equity,"17,420,012.61",0.03,"17,420,012.61","2,409,407.00",7.23,United States,NASDAQ,USD,1.00,--
MCB,METROPOLITAN BANK HOLDING CORP,Financials,Equity,"17,375,490.00",0.03,"17,375,490.00","263,265.00",66.00,United States,New York Stock Exchange Inc.,USD,1.00,--
SXC,SUNCOKE ENERGY INC,Materials,Equity,"17,351,023.48",0.03,"17,351,023.48","2,082,956.00",8.33,United States,New York Stock Exchange Inc.,USD,1.00,--
NPKI,NPK INTERNATIONAL INC,Industrials,Equity,"17,339,951.12",0.03,"17,339,951.12","2,104,363.00",8.24,United States,New York Stock Exchange Inc.,USD,1.00,--
PPTA,PERPETUA RESOURCES CORP,Materials,Equity,"17,324,630.16",0.03,"17,324,630.16","1,048,072.00",16.53,United States,NASDAQ,USD,1.00,--
REPL,REPLIMUNE GROUP INC,Health Care,Equity,"17,315,735.76",0.03,"17,315,735.76","1,709,352.00",10.13,United States,NASDAQ,USD,1.00,--
TRNS,TRANSCAT INC,Industrials,Equity,"17,218,461.40",0.03,"17,218,461.40","229,886.00",74.90,United States,NASDAQ,USD,1.00,--
AVBP,ARRIVENT BIOPHARMA INC,Health Care,Equity,"17,216,885.00",0.03,"17,216,885.00","702,730.00",24.50,United States,NASDAQ,USD,1.00,--
CARS,CARS.COM INC,Communication,Equity,"17,190,855.40",0.03,"17,190,855.40","1,606,622.00",10.70,United States,New York Stock Exchange Inc.,USD,1.00,--
XRX,XEROX HOLDINGS CORP,Information Technology,Equity,"17,152,966.40",0.03,"17,152,966.40","2,957,408.00",5.80,United States,NASDAQ,USD,1.00,--
DEC,DIVERSIFIED ENERGY COMPANY PLC,Energy,Equity,"17,142,503.04",0.03,"17,142,503.04","1,170,936.00",14.64,United Kingdom,New York Stock Exchange Inc.,USD,1.00,--
LILAK,LIBERTY LATIN AMERICA LTD CLASS C,Communication,Equity,"17,116,160.60",0.03,"17,116,160.60","3,175,540.00",5.39,United States,NASDAQ,USD,1.00,--
CMP,COMPASS MINERALS INTERNATIONAL INC,Materials,Equity,"17,059,099.96",0.03,"17,059,099.96","867,706.00",19.66,United States,New York Stock Exchange Inc.,USD,1.00,--
IMNM,IMMUNOME INC,Health Care,Equity,"17,018,838.21",0.03,"17,018,838.21","1,778,353.00",9.57,United States,NASDAQ,USD,1.00,--
DFH,DREAM FINDERS HOMES INC CLASS A,Consumer Discretionary,Equity,"16,966,834.68",0.03,"16,966,834.68","691,959.00",24.52,United States,New York Stock Exchange Inc.,USD,1.00,--
HELE,HELEN OF TROY LTD,Consumer Discretionary,Equity,"16,954,063.94",0.03,"16,954,063.94","572,966.00",29.59,United States,NASDAQ,USD,1.00,--
UDMY,UDEMY INC,Consumer Discretionary,Equity,"16,939,653.64",0.03,"16,939,653.64","2,261,636.00",7.49,United States,NASDAQ,USD,1.00,--
OEC,ORION SA,Materials,Equity,"16,939,953.36",0.03,"16,939,953.36","1,425,922.00",11.88,United States,New York Stock Exchange Inc.,USD,1.00,--
REX,REX AMERICAN RESOURCES CORP,Energy,Equity,"16,940,644.55",0.03,"16,940,644.55","378,055.00",44.81,United States,New York Stock Exchange Inc.,USD,1.00,--
IE,IVANHOE ELECTRIC INC,Materials,Equity,"16,871,541.18",0.03,"16,871,541.18","2,080,338.00",8.11,United States,Nyse Mkt Llc,USD,1.00,--
FIGS,FIGS INC CLASS A,Consumer Discretionary,Equity,"16,843,829.60",0.03,"16,843,829.60","3,239,198.00",5.20,United States,New York Stock Exchange Inc.,USD,1.00,--
COGT,COGENT BIOSCIENCES INC,Health Care,Equity,"16,815,515.64",0.03,"16,815,515.64","2,266,242.00",7.42,United States,NASDAQ,USD,1.00,--
SHEN,SHENANDOAH TELECOMMUNICATIONS,Communication,Equity,"16,801,829.20",0.03,"16,801,829.20","1,214,005.00",13.84,United States,NASDAQ,USD,1.00,--
MATW,MATTHEWS INTERNATIONAL CORP CLASS,Consumer Discretionary,Equity,"16,795,169.28",0.03,"16,795,169.28","728,957.00",23.04,United States,NASDAQ,USD,1.00,--
NVRI,ENVIRI CORP,Industrials,Equity,"16,720,069.50",0.03,"16,720,069.50","1,967,067.00",8.50,United States,New York Stock Exchange Inc.,USD,1.00,--
NAGE,NIAGEN BIOSCIENCE INC,Health Care,Equity,"16,678,582.96",0.03,"16,678,582.96","1,233,623.00",13.52,United States,NASDAQ,USD,1.00,--
CAC,CAMDEN NATIONAL CORP,Financials,Equity,"16,651,777.56",0.03,"16,651,777.56","413,606.00",40.26,United States,NASDAQ,USD,1.00,--
HBNC,HORIZON BANCORP INC,Financials,Equity,"16,656,023.89",0.03,"16,656,023.89","1,089,341.00",15.29,United States,NASDAQ,USD,1.00,--
IIIN,INSTEEL INDUSTRIES INC,Industrials,Equity,"16,647,531.03",0.03,"16,647,531.03","462,303.00",36.01,United States,New York Stock Exchange Inc.,USD,1.00,--
BZH,BEAZER HOMES INC,Consumer Discretionary,Equity,"16,607,195.15",0.03,"16,607,195.15","722,995.00",22.97,United States,New York Stock Exchange Inc.,USD,1.00,--
LIF,LIFE360 INC,Information Technology,Equity,"16,488,937.50",0.03,"16,488,937.50","263,823.00",62.50,United States,NASDAQ,USD,1.00,--
ARIS,ARIS WATER SOLUTIONS INC CLASS A,Energy,Equity,"16,482,585.48",0.03,"16,482,585.48","671,662.00",24.54,United States,New York Stock Exchange Inc.,USD,1.00,--
RBCAA,REPUBLIC BANCORP INC CLASS A,Financials,Equity,"16,415,400.41",0.03,"16,415,400.41","230,521.00",71.21,United States,NASDAQ,USD,1.00,--
MSFUT,CASH COLLATERAL MSFUT USD,Cash and/or Derivatives,Cash Collateral and Margins,"16,360,000.00",0.03,"16,360,000.00","16,360,000.00",100.00,United States,--,USD,1.00,"Feb 01, 2009"
PLOW,DOUGLAS DYNAMICS INC,Industrials,Equity,"16,354,125.06",0.03,"16,354,125.06","566,671.00",28.86,United States,New York Stock Exchange Inc.,USD,1.00,--
AMTB,AMERANT BANCORP INC CLASS A,Financials,Equity,"16,325,866.32",0.03,"16,325,866.32","900,986.00",18.12,United States,New York Stock Exchange Inc.,USD,1.00,--
KOP,KOPPERS HOLDINGS INC,Materials,Equity,"16,310,970.08",0.03,"16,310,970.08","490,408.00",33.26,United States,New York Stock Exchange Inc.,USD,1.00,--
VMEO,VIMEO INC,Communication,Equity,"16,297,637.44",0.03,"16,297,637.44","3,605,672.00",4.52,United States,NASDAQ,USD,1.00,--
EVER,EVERQUOTE INC CLASS A,Communication,Equity,"16,290,028.56",0.03,"16,290,028.56","629,688.00",25.87,United States,NASDAQ,USD,1.00,--
MBUU,MALIBU BOATS CLASS A INC,Consumer Discretionary,Equity,"16,252,128.22",0.03,"16,252,128.22","486,154.00",33.43,United States,NASDAQ,USD,1.00,--
IOVA,IOVANCE BIOTHERAPEUTICS INC,Health Care,Equity,"16,226,302.12",0.03,"16,226,302.12","6,817,774.00",2.38,United States,NASDAQ,USD,1.00,--
XNCR,XENCOR INC,Health Care,Equity,"16,200,249.80",0.03,"16,200,249.80","1,663,270.00",9.74,United States,NASDAQ,USD,1.00,--
PGY,PAGAYA TECHNOLOGIES LTD CLASS A,Information Technology,Equity,"16,131,650.99",0.03,"16,131,650.99","896,701.00",17.99,United States,NASDAQ,USD,1.00,--
HSTM,HEALTHSTREAM INC,Health Care,Equity,"16,093,623.08",0.03,"16,093,623.08","572,116.00",28.13,United States,NASDAQ,USD,1.00,--
ETWO,E2OPEN PARENT HOLDINGS INC CLASS A,Information Technology,Equity,"16,052,485.68",0.03,"16,052,485.68","4,985,244.00",3.22,United States,New York Stock Exchange Inc.,USD,1.00,--
BLMN,BLOOMIN BRANDS INC,Consumer Discretionary,Equity,"16,056,727.50",0.03,"16,056,727.50","1,946,270.00",8.25,United States,NASDAQ,USD,1.00,--
UVE,UNIVERSAL INSURANCE HOLDINGS INC,Financials,Equity,"16,050,154.88",0.03,"16,050,154.88","604,298.00",26.56,United States,New York Stock Exchange Inc.,USD,1.00,--
OSPN,ONESPAN INC,Information Technology,Equity,"16,010,825.18",0.03,"16,010,825.18","965,671.00",16.58,United States,NASDAQ,USD,1.00,--
MTAL,MAC COPPER LTD,Materials,Equity,"16,011,008.96",0.03,"16,011,008.96","1,318,864.00",12.14,Australia,New York Stock Exchange Inc.,USD,1.00,--
EQBK,EQUITY BANCSHARES INC CLASS A,Financials,Equity,"16,006,372.40",0.03,"16,006,372.40","396,590.00",40.36,United States,New York Stock Exchange Inc.,USD,1.00,--
ASIX,ADVANSIX INC,Materials,Equity,"15,949,508.40",0.03,"15,949,508.40","648,354.00",24.60,United States,New York Stock Exchange Inc.,USD,1.00,--
ICHR,ICHOR HOLDINGS LTD,Information Technology,Equity,"15,949,729.12",0.03,"15,949,729.12","828,988.00",19.24,United States,NASDAQ,USD,1.00,--
GOOD,GLADSTONE COMMERCIAL REIT CORP,Real Estate,Equity,"15,889,589.04",0.02,"15,889,589.04","1,072,172.00",14.82,United States,NASDAQ,USD,1.00,--
PTLO,PORTILLO S INC CLASS A,Consumer Discretionary,Equity,"15,859,736.40",0.02,"15,859,736.40","1,369,580.00",11.58,United States,NASDAQ,USD,1.00,--
PFBC,PREFERRED BANK,Financials,Equity,"15,794,102.85",0.02,"15,794,102.85","185,051.00",85.35,United States,NASDAQ,USD,1.00,--
XERS,XERIS BIOPHARMA HOLDINGS INC,Health Care,Equity,"15,789,978.75",0.02,"15,789,978.75","3,470,325.00",4.55,United States,NASDAQ,USD,1.00,--
ADTN,ADTRAN HOLDINGS INC,Information Technology,Equity,"15,774,902.01",0.02,"15,774,902.01","1,969,401.00",8.01,United States,NASDAQ,USD,1.00,--
HAFC,HANMI FINANCIAL CORP,Financials,Equity,"15,748,485.69",0.02,"15,748,485.69","663,653.00",23.73,United States,NASDAQ,USD,1.00,--
SMP,STANDARD MOTOR PRODUCTS INC,Consumer Discretionary,Equity,"15,710,662.70",0.02,"15,710,662.70","513,085.00",30.62,United States,New York Stock Exchange Inc.,USD,1.00,--
WSR,WHITESTONE REIT,Real Estate,Equity,"15,612,896.40",0.02,"15,612,896.40","1,243,065.00",12.56,United States,New York Stock Exchange Inc.,USD,1.00,--
HTB,HOMETRUST BANCSHARES INC,Financials,Equity,"15,601,546.30",0.02,"15,601,546.30","422,234.00",36.95,United States,New York Stock Exchange Inc.,USD,1.00,--
HCKT,HACKETT GROUP INC,Information Technology,Equity,"15,593,234.28",0.02,"15,593,234.28","621,492.00",25.09,United States,NASDAQ,USD,1.00,--
OMI,OWENS & MINOR INC,Health Care,Equity,"15,550,599.02",0.02,"15,550,599.02","1,910,393.00",8.14,United States,New York Stock Exchange Inc.,USD,1.00,--
THFF,FIRST FINANCIAL CORPORATION CORP,Financials,Equity,"15,553,050.66",0.02,"15,553,050.66","294,231.00",52.86,United States,NASDAQ,USD,1.00,--
FG,F&G ANNUITIES AND LIFE INC,Financials,Equity,"15,545,039.40",0.02,"15,545,039.40","483,516.00",32.15,United States,New York Stock Exchange Inc.,USD,1.00,--
MCW,MISTER CAR WASH INC,Consumer Discretionary,Equity,"15,528,536.40",0.02,"15,528,536.40","2,338,635.00",6.64,United States,NASDAQ,USD,1.00,--
CPF,CENTRAL PACIFIC FINANCIAL CORP,Financials,Equity,"15,450,491.76",0.02,"15,450,491.76","566,367.00",27.28,United States,New York Stock Exchange Inc.,USD,1.00,--
NYMT,NEW YORK MORTGAGE TRUST REIT INC,Financials,Equity,"15,431,461.44",0.02,"15,431,461.44","2,217,164.00",6.96,United States,NASDAQ,USD,1.00,--
NBBK,NB BANCORP INC,Financials,Equity,"15,404,074.00",0.02,"15,404,074.00","932,450.00",16.52,United States,NASDAQ,USD,1.00,--
PDFS,PDF SOLUTIONS INC,Information Technology,Equity,"15,384,400.80",0.02,"15,384,400.80","761,604.00",20.20,United States,NASDAQ,USD,1.00,--
ETD,ETHAN ALLEN INTERIORS INC,Consumer Discretionary,Equity,"15,350,739.75",0.02,"15,350,739.75","567,495.00",27.05,United States,New York Stock Exchange Inc.,USD,1.00,--
AMBP,ARDAGH METAL PACKAGING SA,Materials,Equity,"15,353,719.83",0.02,"15,353,719.83","3,629,721.00",4.23,United States,New York Stock Exchange Inc.,USD,1.00,--
SPTN,SPARTANNASH,Consumer Staples,Equity,"15,285,441.60",0.02,"15,285,441.60","816,530.00",18.72,United States,NASDAQ,USD,1.00,--
BFST,BUSINESS FIRST BANCSHARES INC,Financials,Equity,"15,255,328.20",0.02,"15,255,328.20","626,245.00",24.36,United States,NASDAQ,USD,1.00,--
FIP,FTAI INFRASTRUCTURE INC,Industrials,Equity,"15,260,844.24",0.02,"15,260,844.24","2,493,602.00",6.12,United States,NASDAQ,USD,1.00,--
ACEL,ACCEL ENTERTAINMENT INC CLASS A,Consumer Discretionary,Equity,"15,238,395.70",0.02,"15,238,395.70","1,306,895.00",11.66,United States,New York Stock Exchange Inc.,USD,1.00,--
ESQ,ESQUIRE FINANCIAL HOLDINGS INC,Financials,Equity,"15,158,444.88",0.02,"15,158,444.88","164,337.00",92.24,United States,NASDAQ,USD,1.00,--
RGR,STURM RUGER INC,Consumer Discretionary,Equity,"15,114,366.28",0.02,"15,114,366.28","400,699.00",37.72,United States,New York Stock Exchange Inc.,USD,1.00,--
FWRG,FIRST WATCH RESTAURANT GROUP INC,Consumer Discretionary,Equity,"15,086,705.23",0.02,"15,086,705.23","948,253.00",15.91,United States,NASDAQ,USD,1.00,--
AVXL,ANAVEX LIFE SCIENCES CORP,Health Care,Equity,"15,081,089.24",0.02,"15,081,089.24","1,857,277.00",8.12,United States,NASDAQ,USD,1.00,--
CASS,CASS INFORMATION SYSTEMS INC,Financials,Equity,"15,070,494.49",0.02,"15,070,494.49","349,907.00",43.07,United States,NASDAQ,USD,1.00,--
NABL,N ABLE INC,Information Technology,Equity,"15,072,418.48",0.02,"15,072,418.48","1,824,748.00",8.26,United States,New York Stock Exchange Inc.,USD,1.00,--
HTBK,HERITAGE COMMERCE CORP,Financials,Equity,"15,074,429.05",0.02,"15,074,429.05","1,562,117.00",9.65,United States,NASDAQ,USD,1.00,--
BBW,BUILD A BEAR WORKSHOP INC,Consumer Discretionary,Equity,"15,054,562.22",0.02,"15,054,562.22","311,947.00",48.26,United States,New York Stock Exchange Inc.,USD,1.00,--
TDUP,THREDUP INC CLASS A,Consumer Discretionary,Equity,"15,046,315.86",0.02,"15,046,315.86","1,964,271.00",7.66,United States,NASDAQ,USD,1.00,--
UFCS,UNITED FIRE GROUP INC,Financials,Equity,"15,047,234.82",0.02,"15,047,234.82","532,457.00",28.26,United States,NASDAQ,USD,1.00,--
BXC,BLUELINX HOLDINGS INC,Industrials,Equity,"15,038,367.36",0.02,"15,038,367.36","210,268.00",71.52,United States,New York Stock Exchange Inc.,USD,1.00,--
MCBS,METROCITY BANKSHARES INC,Financials,Equity,"15,039,393.23",0.02,"15,039,393.23","524,569.00",28.67,United States,NASDAQ,USD,1.00,--
MTUS,METALLUS INC,Materials,Equity,"15,035,173.02",0.02,"15,035,173.02","1,031,219.00",14.58,United States,New York Stock Exchange Inc.,USD,1.00,--
ORIC,ORIC PHARMACEUTICALS INC,Health Care,Equity,"15,025,929.75",0.02,"15,025,929.75","1,541,121.00",9.75,United States,NASDAQ,USD,1.00,--
RYI,RYERSON HOLDING CORP,Materials,Equity,"14,967,842.90",0.02,"14,967,842.90","679,430.00",22.03,United States,New York Stock Exchange Inc.,USD,1.00,--
EYPT,EYEPOINT PHARMACEUTICALS INC,Health Care,Equity,"14,937,496.38",0.02,"14,937,496.38","1,621,878.00",9.21,United States,NASDAQ,USD,1.00,--
TIPT,TIPTREE INC,Financials,Equity,"14,916,110.04",0.02,"14,916,110.04","642,382.00",23.22,United States,NASDAQ,USD,1.00,--
PRSU,PURSUIT ATTRACTIONS AND HOSPITALIT,Consumer Discretionary,Equity,"14,861,204.29",0.02,"14,861,204.29","508,423.00",29.23,United States,New York Stock Exchange Inc.,USD,1.00,--
DJCO,DAILY JOURNAL CORP,Information Technology,Equity,"14,820,978.06",0.02,"14,820,978.06","34,818.00",425.67,United States,NASDAQ,USD,1.00,--
AOSL,ALPHA AND OMEGA SEMICONDUCTOR LTD,Information Technology,Equity,"14,786,008.23",0.02,"14,786,008.23","591,677.00",24.99,United States,NASDAQ,USD,1.00,--
CCBG,CAPITAL CITY BANK INC,Financials,Equity,"14,781,929.94",0.02,"14,781,929.94","389,203.00",37.98,United States,NASDAQ,USD,1.00,--
CSV,CARRIAGE SERVICES INC,Consumer Discretionary,Equity,"14,717,502.80",0.02,"14,717,502.80","323,960.00",45.43,United States,New York Stock Exchange Inc.,USD,1.00,--
NBN,NORTHEAST BANK,Financials,Equity,"14,683,323.80",0.02,"14,683,323.80","171,334.00",85.70,United States,NASDAQ,USD,1.00,--
EMBC,EMBECTA CORP,Health Care,Equity,"14,672,048.88",0.02,"14,672,048.88","1,448,376.00",10.13,United States,NASDAQ,USD,1.00,--
PRAA,PRA GROUP INC,Financials,Equity,"14,667,762.30",0.02,"14,667,762.30","973,955.00",15.06,United States,NASDAQ,USD,1.00,--
IAS,INTEGRAL AD SCIENCE HOLDING CORP,Communication,Equity,"14,643,521.36",0.02,"14,643,521.36","1,812,317.00",8.08,United States,NASDAQ,USD,1.00,--
MLNK,MERIDIANLINK INC,Information Technology,Equity,"14,628,750.40",0.02,"14,628,750.40","831,179.00",17.60,United States,New York Stock Exchange Inc.,USD,1.00,--
MBIN,MERCHANTS BANCORP,Financials,Equity,"14,615,269.05",0.02,"14,615,269.05","443,559.00",32.95,United States,NASDAQ,USD,1.00,--
SITC,SITE CENTERS CORP,Real Estate,Equity,"14,572,782.90",0.02,"14,572,782.90","1,199,406.00",12.15,United States,New York Stock Exchange Inc.,USD,1.00,--
GNK,GENCO SHIPPING AND TRADING LTD,Industrials,Equity,"14,548,878.47",0.02,"14,548,878.47","1,076,897.00",13.51,United States,New York Stock Exchange Inc.,USD,1.00,--
DAKT,DAKTRONICS INC,Information Technology,Equity,"14,547,435.84",0.02,"14,547,435.84","1,018,728.00",14.28,United States,NASDAQ,USD,1.00,--
REAL,THE REALREAL INC,Consumer Discretionary,Equity,"14,536,300.45",0.02,"14,536,300.45","2,501,945.00",5.81,United States,NASDAQ,USD,1.00,--
GDOT,GREEN DOT CORP CLASS A,Financials,Equity,"14,510,715.50",0.02,"14,510,715.50","1,352,350.00",10.73,United States,New York Stock Exchange Inc.,USD,1.00,--
VTS,VITESSE ENERGY INC,Energy,Equity,"14,483,615.10",0.02,"14,483,615.10","611,123.00",23.70,United States,New York Stock Exchange Inc.,USD,1.00,--
SMBC,SOUTHERN MISSOURI BANCORP INC,Financials,Equity,"14,455,034.30",0.02,"14,455,034.30","267,785.00",53.98,United States,NASDAQ,USD,1.00,--
RXST,RXSIGHT INC,Health Care,Equity,"14,432,069.94",0.02,"14,432,069.94","919,826.00",15.69,United States,NASDAQ,USD,1.00,--
MOFG,MIDWESTONE FINANCIAL GROUP INC,Financials,Equity,"14,410,728.59",0.02,"14,410,728.59","488,003.00",29.53,United States,NASDAQ,USD,1.00,--
CBL,CBL ASSOCIATES PROPERTIES INC,Real Estate,Equity,"14,401,463.26",0.02,"14,401,463.26","562,997.00",25.58,United States,New York Stock Exchange Inc.,USD,1.00,--
AVNS,AVANOS MEDICAL INC,Health Care,Equity,"14,403,118.96",0.02,"14,403,118.96","1,115,656.00",12.91,United States,New York Stock Exchange Inc.,USD,1.00,--
MNMD,MIND MEDICINE SUBORDINATE VOTING I,Health Care,Equity,"14,399,865.42",0.02,"14,399,865.42","1,825,078.00",7.89,United States,NASDAQ,USD,1.00,--
CTLP,CANTALOUPE INC,Financials,Equity,"14,367,681.28",0.02,"14,367,681.28","1,463,104.00",9.82,United States,NASDAQ,USD,1.00,--
INVX,INNOVEX INTERNATIONAL INC,Energy,Equity,"14,339,103.24",0.02,"14,339,103.24","886,772.00",16.17,United States,New York Stock Exchange Inc.,USD,1.00,--
SMBK,SMARTFINANCIAL INC,Financials,Equity,"14,281,561.50",0.02,"14,281,561.50","436,745.00",32.70,United States,New York Stock Exchange Inc.,USD,1.00,--
GRND,GRINDR INC,Communication,Equity,"14,240,894.66",0.02,"14,240,894.66","619,978.00",22.97,United States,New York Stock Exchange Inc.,USD,1.00,--
IIIV,I3 VERTICALS INC CLASS A,Information Technology,Equity,"14,177,723.27",0.02,"14,177,723.27","571,913.00",24.79,United States,NASDAQ,USD,1.00,--
JBSS,JOHN B SANFILIPPO AND SON INC,Consumer Staples,Equity,"14,140,283.10",0.02,"14,140,283.10","218,046.00",64.85,United States,NASDAQ,USD,1.00,--
AHH,ARMADA HOFFLER PROPERTIES REIT INC,Real Estate,Equity,"14,117,350.05",0.02,"14,117,350.05","2,002,461.00",7.05,United States,New York Stock Exchange Inc.,USD,1.00,--
CLB,CORE LABORATORIES INC,Energy,Equity,"14,092,049.44",0.02,"14,092,049.44","1,170,436.00",12.04,United States,New York Stock Exchange Inc.,USD,1.00,--
TRST,TRUSTCO BANK CORP,Financials,Equity,"14,080,014.62",0.02,"14,080,014.62","439,177.00",32.06,United States,NASDAQ,USD,1.00,--
HZO,MARINEMAX INC,Consumer Discretionary,Equity,"13,965,771.56",0.02,"13,965,771.56","553,319.00",25.24,United States,New York Stock Exchange Inc.,USD,1.00,--
ODP,ODP CORP,Consumer Discretionary,Equity,"13,883,061.99",0.02,"13,883,061.99","747,607.00",18.57,United States,NASDAQ,USD,1.00,--
WRLD,WORLD ACCEPTANCE CORP,Financials,Equity,"13,867,689.73",0.02,"13,867,689.73","87,887.00",157.79,United States,NASDAQ,USD,1.00,--
BOW,BOWHEAD SPECIALTY HOLDINGS INC,Financials,Equity,"13,863,728.88",0.02,"13,863,728.88","397,014.00",34.92,United States,New York Stock Exchange Inc.,USD,1.00,--
EOLS,EVOLUS INC,Health Care,Equity,"13,804,033.95",0.02,"13,804,033.95","1,398,585.00",9.87,United States,NASDAQ,USD,1.00,--
ODC,OIL DRI CORPORATION OF AMERICA,Consumer Staples,Equity,"13,774,687.92",0.02,"13,774,687.92","236,232.00",58.31,United States,New York Stock Exchange Inc.,USD,1.00,--
ORC,ORCHID ISLAND CAPITAL INC,Financials,Equity,"13,774,876.32",0.02,"13,774,876.32","1,945,604.00",7.08,United States,New York Stock Exchange Inc.,USD,1.00,--
ORRF,ORRSTOWN FINANCIAL SERVICES INC,Financials,Equity,"13,768,747.20",0.02,"13,768,747.20","441,306.00",31.20,United States,NASDAQ,USD,1.00,--
KALV,KALVISTA PHARMACEUTICALS INC,Health Care,Equity,"13,757,496.76",0.02,"13,757,496.76","968,156.00",14.21,United States,NASDAQ,USD,1.00,--
NAT,NORDIC AMERICAN TANKERS LTD,Energy,Equity,"13,742,911.14",0.02,"13,742,911.14","5,015,661.00",2.74,United States,New York Stock Exchange Inc.,USD,1.00,--
INDI,INDIE SEMICONDUCTOR INC CLASS A,Information Technology,Equity,"13,737,295.00",0.02,"13,737,295.00","4,226,860.00",3.25,United States,NASDAQ,USD,1.00,--
KREF,KKR REAL ESTATE FINANCE INC TRUST,Financials,Equity,"13,717,212.48",0.02,"13,717,212.48","1,460,832.00",9.39,United States,New York Stock Exchange Inc.,USD,1.00,--
HIPO,HIPPO HOLDINGS INC,Financials,Equity,"13,666,930.50",0.02,"13,666,930.50","492,502.00",27.75,United States,New York Stock Exchange Inc.,USD,1.00,--
MTSR,METSERA INC,Health Care,Equity,"13,638,280.50",0.02,"13,638,280.50","388,555.00",35.10,United States,NASDAQ,USD,1.00,--
LINC,LINCOLN EDUCATIONAL SERVICES CORP,Consumer Discretionary,Equity,"13,642,910.00",0.02,"13,642,910.00","644,750.00",21.16,United States,NASDAQ,USD,1.00,--
STKL,SUNOPTA INC,Consumer Staples,Equity,"13,623,341.16",0.02,"13,623,341.16","2,381,703.00",5.72,Canada,NASDAQ,USD,1.00,--
GSBC,GREAT SOUTHERN BANCORP INC,Financials,Equity,"13,609,289.52",0.02,"13,609,289.52","236,601.00",57.52,United States,NASDAQ,USD,1.00,--
GCMG,GCM GROSVENOR INC CLASS A,Financials,Equity,"13,582,862.80",0.02,"13,582,862.80","1,091,870.00",12.44,United States,NASDAQ,USD,1.00,--
RCUS,ARCUS BIOSCIENCES INC,Health Care,Equity,"13,542,310.56",0.02,"13,542,310.56","1,351,528.00",10.02,United States,New York Stock Exchange Inc.,USD,1.00,--
FMNB,FARMERS NATIONAL BANC CORP,Financials,Equity,"13,525,804.16",0.02,"13,525,804.16","990,176.00",13.66,United States,NASDAQ,USD,1.00,--
GDEN,GOLDEN ENTERTAINMENT INC,Consumer Discretionary,Equity,"13,517,485.68",0.02,"13,517,485.68","483,458.00",27.96,United States,NASDAQ,USD,1.00,--
HRTG,HERITAGE INSURANCE HOLDINGS INC,Financials,Equity,"13,506,267.06",0.02,"13,506,267.06","574,002.00",23.53,United States,New York Stock Exchange Inc.,USD,1.00,--
MYE,MYERS INDUSTRIES INC,Materials,Equity,"13,419,561.60",0.02,"13,419,561.60","931,914.00",14.40,United States,New York Stock Exchange Inc.,USD,1.00,--
FSBC,FIVE STAR BANCORP,Financials,Equity,"13,388,784.12",0.02,"13,388,784.12","470,773.00",28.44,United States,NASDAQ,USD,1.00,--
AMAL,AMALGAMATED FINANCIAL CORP,Financials,Equity,"13,381,027.13",0.02,"13,381,027.13","427,919.00",31.27,United States,NASDAQ,USD,1.00,--
EGBN,EAGLE BANCORP INC,Financials,Equity,"13,333,613.72",0.02,"13,333,613.72","710,747.00",18.76,United States,NASDAQ,USD,1.00,--
MLAB,MESA LABORATORIES INC,Health Care,Equity,"13,327,268.95",0.02,"13,327,268.95","127,717.00",104.35,United States,NASDAQ,USD,1.00,--
LQDT,LIQUIDITY SERVICES INC,Industrials,Equity,"13,309,973.36",0.02,"13,309,973.36","539,302.00",24.68,United States,NASDAQ,USD,1.00,--
VTLE,VITAL ENERGY INC,Energy,Equity,"13,242,603.85",0.02,"13,242,603.85","713,887.00",18.55,United States,New York Stock Exchange Inc.,USD,1.00,--
KRUS,KURA SUSHI USA INC,Consumer Discretionary,Equity,"13,230,807.32",0.02,"13,230,807.32","169,019.00",78.28,United States,NASDAQ,USD,1.00,--
UHT,UNIVERSAL HEALTH REALTY INCOME TRU,Real Estate,Equity,"13,198,056.92",0.02,"13,198,056.92","322,612.00",40.91,United States,New York Stock Exchange Inc.,USD,1.00,--
PUMP,PROPETRO HOLDING CORP,Energy,Equity,"13,161,094.86",0.02,"13,161,094.86","2,129,627.00",6.18,United States,New York Stock Exchange Inc.,USD,1.00,--
AEVA,AEVA TECHNOLOGIES INC,Information Technology,Equity,"13,137,963.30",0.02,"13,137,963.30","590,205.00",22.26,United States,NASDAQ,USD,1.00,--
IVR,INVESCO MORTGAGE CAPITAL REIT INC,Financials,Equity,"13,127,628.24",0.02,"13,127,628.24","1,696,076.00",7.74,United States,New York Stock Exchange Inc.,USD,1.00,--
CTO,CTO REALTY GROWTH INC,Real Estate,Equity,"13,129,299.60",0.02,"13,129,299.60","698,367.00",18.80,United States,New York Stock Exchange Inc.,USD,1.00,--
HOV,HOVNANIAN ENTERPRISES INC CLASS A,Consumer Discretionary,Equity,"13,131,136.20",0.02,"13,131,136.20","124,395.00",105.56,United States,New York Stock Exchange Inc.,USD,1.00,--
THRY,THRYV HOLDINGS INC,Communication,Equity,"13,118,432.88",0.02,"13,118,432.88","956,154.00",13.72,United States,NASDAQ,USD,1.00,--
APPS,DIGITAL TURBINE INC,Information Technology,Equity,"13,114,043.25",0.02,"13,114,043.25","2,497,913.00",5.25,United States,NASDAQ,USD,1.00,--
RGLS,REGULUS THERAPEUTICS INC,Health Care,Equity,"13,076,044.10",0.02,"13,076,044.10","1,575,427.00",8.30,United States,NASDAQ,USD,1.00,--
BORR,BORR DRILLING LTD,Energy,Equity,"13,048,577.40",0.02,"13,048,577.40","5,851,380.00",2.23,Norway,New York Stock Exchange Inc.,USD,1.00,--
NRIM,NORTHRIM BANCORP INC,Financials,Equity,"13,001,001.66",0.02,"13,001,001.66","143,721.00",90.46,United States,NASDAQ,USD,1.00,--
FPI,FARMLAND PARTNERS INC,Real Estate,Equity,"13,005,580.91",0.02,"13,005,580.91","1,112,539.00",11.69,United States,New York Stock Exchange Inc.,USD,1.00,--
EVGO,EVGO INC CLASS A,Consumer Discretionary,Equity,"12,997,158.72",0.02,"12,997,158.72","3,124,317.00",4.16,United States,NASDAQ,USD,1.00,--
EE,EXCELERATE ENERGY INC CLASS A,Energy,Equity,"12,999,360.56",0.02,"12,999,360.56","422,606.00",30.76,United States,New York Stock Exchange Inc.,USD,1.00,--
EHAB,ENHABIT INC,Health Care,Equity,"12,990,463.84",0.02,"12,990,463.84","1,211,797.00",10.72,United States,New York Stock Exchange Inc.,USD,1.00,--
CCNE,CNB FINANCIAL CORP,Financials,Equity,"12,992,360.64",0.02,"12,992,360.64","583,664.00",22.26,United States,NASDAQ,USD,1.00,--
AXL,AMERICAN AXLE AND MANUFACTURING HO,Consumer Discretionary,Equity,"12,970,034.91",0.02,"12,970,034.91","2,941,051.00",4.41,United States,New York Stock Exchange Inc.,USD,1.00,--
ANAB,ANAPTYSBIO INC,Health Care,Equity,"12,966,307.83",0.02,"12,966,307.83","540,939.00",23.97,United States,NASDAQ,USD,1.00,--
ABUS,ARBUTUS BIOPHARMA CORP,Health Care,Equity,"12,916,937.70",0.02,"12,916,937.70","3,638,574.00",3.55,United States,NASDAQ,USD,1.00,--
ALRS,ALERUS FINANCIAL CORP,Financials,Equity,"12,837,464.32",0.02,"12,837,464.32","589,957.00",21.76,United States,NASDAQ,USD,1.00,--
BHB,BAR HARBOR BANKSHARES,Financials,Equity,"12,772,439.16",0.02,"12,772,439.16","430,919.00",29.64,United States,Nyse Mkt Llc,USD,1.00,--
GCI,GANNETT CO INC,Communication,Equity,"12,753,273.28",0.02,"12,753,273.28","3,623,089.00",3.52,United States,New York Stock Exchange Inc.,USD,1.00,--
MLR,MILLER INDUSTRIES INC,Industrials,Equity,"12,742,731.50",0.02,"12,742,731.50","276,415.00",46.10,United States,New York Stock Exchange Inc.,USD,1.00,--
KURA,KURA ONCOLOGY INC,Health Care,Equity,"12,679,579.86",0.02,"12,679,579.86","1,861,906.00",6.81,United States,NASDAQ,USD,1.00,--
AMRC,AMERESCO INC CLASS A,Industrials,Equity,"12,630,446.70",0.02,"12,630,446.70","808,090.00",15.63,United States,New York Stock Exchange Inc.,USD,1.00,--
SPFI,SOUTH PLAINS FINANCIAL INC,Financials,Equity,"12,624,385.45",0.02,"12,624,385.45","343,895.00",36.71,United States,NASDAQ,USD,1.00,--
NFBK,NORTHFIELD BANCORP INC,Financials,Equity,"12,614,274.20",0.02,"12,614,274.20","1,042,502.00",12.10,United States,NASDAQ,USD,1.00,--
RDVT,RED VIOLET INC,Information Technology,Equity,"12,602,700.00",0.02,"12,602,700.00","280,060.00",45.00,United States,NASDAQ,USD,1.00,--
NPK,NATIONAL PRESTO INDUSTRIES INC,Industrials,Equity,"12,603,225.06",0.02,"12,603,225.06","126,513.00",99.62,United States,New York Stock Exchange Inc.,USD,1.00,--
WASH,WASHINGTON TRUST BANCORP INC,Financials,Equity,"12,594,535.38",0.02,"12,594,535.38","447,567.00",28.14,United States,NASDAQ,USD,1.00,--
IBRX,IMMUNITYBIO INC,Health Care,Equity,"12,551,960.48",0.02,"12,551,960.48","3,758,072.00",3.34,United States,NASDAQ,USD,1.00,--
MPB,MID PENN BANCORP INC,Financials,Equity,"12,533,540.95",0.02,"12,533,540.95","467,495.00",26.81,United States,NASDAQ,USD,1.00,--
CAPR,CAPRICOR THERAPEUTICS INC,Health Care,Equity,"12,533,988.75",0.02,"12,533,988.75","902,375.00",13.89,United States,NASDAQ,USD,1.00,--
PKST,PEAKSTONE REALTY TRUST CLASS E,Real Estate,Equity,"12,507,730.74",0.02,"12,507,730.74","937,611.00",13.34,United States,New York Stock Exchange Inc.,USD,1.00,--
ARVN,ARVINAS INC,Health Care,Equity,"12,460,724.26",0.02,"12,460,724.26","1,593,443.00",7.82,United States,NASDAQ,USD,1.00,--
CEVA,CEVA INC,Information Technology,Equity,"12,463,136.32",0.02,"12,463,136.32","581,303.00",21.44,United States,NASDAQ,USD,1.00,--
MNRO,MONRO INC,Consumer Discretionary,Equity,"12,424,296.60",0.02,"12,424,296.60","746,204.00",16.65,United States,NASDAQ,USD,1.00,--
PAHC,PHIBRO ANIMAL HEALTH CORP CLASS A,Health Care,Equity,"12,396,386.34",0.02,"12,396,386.34","509,301.00",24.34,United States,NASDAQ,USD,1.00,--
VIR,VIR BIOTECHNOLOGY INC,Health Care,Equity,"12,357,215.18",0.02,"12,357,215.18","2,279,929.00",5.42,United States,NASDAQ,USD,1.00,--
INN,SUMMIT HOTEL PROPERTIES REIT INC,Real Estate,Equity,"12,360,262.10",0.02,"12,360,262.10","2,629,843.00",4.70,United States,New York Stock Exchange Inc.,USD,1.00,--
ZVRA,ZEVRA THERAPEUTICS INC,Health Care,Equity,"12,315,413.76",0.02,"12,315,413.76","1,327,092.00",9.28,United States,NASDAQ,USD,1.00,--
AVO,MISSION PRODUCE INC,Consumer Staples,Equity,"12,308,967.50",0.02,"12,308,967.50","1,070,345.00",11.50,United States,NASDAQ,USD,1.00,--
AIOT,POWERFLEET INC,Information Technology,Equity,"12,310,410.00",0.02,"12,310,410.00","2,522,625.00",4.88,United States,NASDAQ,USD,1.00,--
FWRD,FORWARD AIR CORP,Industrials,Equity,"12,297,199.42",0.02,"12,297,199.42","628,049.00",19.58,United States,NASDAQ,USD,1.00,--
PGC,PEAPACK GLADSTONE FINANCIAL CORP,Financials,Equity,"12,286,445.00",0.02,"12,286,445.00","434,150.00",28.30,United States,NASDAQ,USD,1.00,--
TRTX,TPG RE FINANCE TRUST INC,Financials,Equity,"12,283,064.00",0.02,"12,283,064.00","1,535,383.00",8.00,United States,New York Stock Exchange Inc.,USD,1.00,--
SFIX,STITCH FIX INC CLASS A,Consumer Discretionary,Equity,"12,234,618.00",0.02,"12,234,618.00","2,554,200.00",4.79,United States,NASDAQ,USD,1.00,--
SHBI,SHORE BANCSHARES INC,Financials,Equity,"12,214,270.70",0.02,"12,214,270.70","806,755.00",15.14,United States,NASDAQ,USD,1.00,--
TRVI,TREVI THERAPEUTICS INC,Health Care,Equity,"12,166,721.28",0.02,"12,166,721.28","1,868,928.00",6.51,United States,NASDAQ,USD,1.00,--
ALX,ALEXANDERS REIT INC,Real Estate,Equity,"12,140,428.95",0.02,"12,140,428.95","52,911.00",229.45,United States,New York Stock Exchange Inc.,USD,1.00,--
NLOP,NET LEASE OFFICE PROPERTIES,Real Estate,Equity,"12,135,788.30",0.02,"12,135,788.30","375,721.00",32.30,United States,New York Stock Exchange Inc.,USD,1.00,--
AGS,PLAYAGS INC,Consumer Discretionary,Equity,"12,103,703.16",0.02,"12,103,703.16","977,682.00",12.38,United States,New York Stock Exchange Inc.,USD,1.00,--
HY,HYSTER YALE INC CLASS A,Industrials,Equity,"12,096,366.40",0.02,"12,096,366.40","288,352.00",41.95,United States,New York Stock Exchange Inc.,USD,1.00,--
BYRN,BYRNA TECHNOLOGIES INC,Industrials,Equity,"12,099,112.66",0.02,"12,099,112.66","420,254.00",28.79,United States,NASDAQ,USD,1.00,--
ALT,ALTIMMUNE INC,Health Care,Equity,"12,077,298.16",0.02,"12,077,298.16","1,791,884.00",6.74,United States,NASDAQ,USD,1.00,--
FISI,FINANCIAL INSTITUTIONS INC,Financials,Equity,"11,980,793.56",0.02,"11,980,793.56","454,162.00",26.38,United States,NASDAQ,USD,1.00,--
SNCY,SUN COUNTRY AIRLINES HOLDINGS INC,Industrials,Equity,"11,964,024.00",0.02,"11,964,024.00","997,002.00",12.00,United States,NASDAQ,USD,1.00,--
AROW,ARROW FINANCIAL CORP,Financials,Equity,"11,956,560.55",0.02,"11,956,560.55","454,795.00",26.29,United States,NASDAQ,USD,1.00,--
ASPI,ASP ISOTOPES INC,Materials,Equity,"11,930,208.94",0.02,"11,930,208.94","1,369,714.00",8.71,United States,NASDAQ,USD,1.00,--
CSTL,CASTLE BIOSCIENCES INC,Health Care,Equity,"11,898,282.00",0.02,"11,898,282.00","659,550.00",18.04,United States,NASDAQ,USD,1.00,--
DOMO,DOMO INC CLASS B,Information Technology,Equity,"11,899,525.00",0.02,"11,899,525.00","865,420.00",13.75,United States,NASDAQ,USD,1.00,--
CLFD,CLEARFIELD INC,Information Technology,Equity,"11,894,716.47",0.02,"11,894,716.47","301,973.00",39.39,United States,NASDAQ,USD,1.00,--
SSTK,SHUTTERSTOCK INC,Communication,Equity,"11,865,331.80",0.02,"11,865,331.80","624,820.00",18.99,United States,New York Stock Exchange Inc.,USD,1.00,--
LUNR,INTUITIVE MACHINES INC CLASS A,Industrials,Equity,"11,858,464.87",0.02,"11,858,464.87","1,057,847.00",11.21,United States,NASDAQ,USD,1.00,--
PFIS,PEOPLES FINANCIAL SERVICES CORP,Financials,Equity,"11,848,197.12",0.02,"11,848,197.12","239,648.00",49.44,United States,NASDAQ,USD,1.00,--
CLW,CLEARWATER PAPER CORP,Materials,Equity,"11,831,517.60",0.02,"11,831,517.60","408,688.00",28.95,United States,New York Stock Exchange Inc.,USD,1.00,--
ALNT,ALLIENT INC,Industrials,Equity,"11,833,217.87",0.02,"11,833,217.87","347,729.00",34.03,United States,NASDAQ,USD,1.00,--
CGEM,CULLINAN THERAPEUTICS INC,Health Care,Equity,"11,826,283.98",0.02,"11,826,283.98","1,309,666.00",9.03,United States,NASDAQ,USD,1.00,--
CAL,CALERES INC,Consumer Discretionary,Equity,"11,798,290.24",0.02,"11,798,290.24","823,328.00",14.33,United States,New York Stock Exchange Inc.,USD,1.00,--
SWBI,SMITH WESSON BRANDS INC,Consumer Discretionary,Equity,"11,777,819.55",0.02,"11,777,819.55","1,116,381.00",10.55,United States,NASDAQ,USD,1.00,--
MYGN,MYRIAD GENETICS INC,Health Care,Equity,"11,772,332.52",0.02,"11,772,332.52","2,250,924.00",5.23,United States,NASDAQ,USD,1.00,--
RPAY,REPAY HOLDINGS CORP CLASS A,Financials,Equity,"11,721,573.36",0.02,"11,721,573.36","2,228,436.00",5.26,United States,NASDAQ,USD,1.00,--
CMCO,COLUMBUS MCKINNON CORP,Industrials,Equity,"11,721,842.14",0.02,"11,721,842.14","717,371.00",16.34,United States,NASDAQ,USD,1.00,--
PUBM,PUBMATIC INC CLASS A,Communication,Equity,"11,664,353.54",0.02,"11,664,353.54","1,003,817.00",11.62,United States,NASDAQ,USD,1.00,--
GHM,GRAHAM CORP,Industrials,Equity,"11,661,037.50",0.02,"11,661,037.50","250,775.00",46.50,United States,New York Stock Exchange Inc.,USD,1.00,--
BATRA,ATLANTA BRAVES HOLDINGS INC SERIES,Communication,Equity,"11,603,714.94",0.02,"11,603,714.94","256,833.00",45.18,United States,NASDAQ,USD,1.00,--
RUSHB,RUSH ENTERPRISES INC CLASS B,Industrials,Equity,"11,583,126.18",0.02,"11,583,126.18","220,086.00",52.63,United States,NASDAQ,USD,1.00,--
HONE,HARBORONE BANCORP INC,Financials,Equity,"11,575,566.36",0.02,"11,575,566.36","991,908.00",11.67,United States,NASDAQ,USD,1.00,--
CHCT,COMMUNITY HEALTHCARE TRUST INC,Real Estate,Equity,"11,529,885.85",0.02,"11,529,885.85","683,455.00",16.87,United States,New York Stock Exchange Inc.,USD,1.00,--
TSHA,TAYSHA GENE THERAPIES INC,Health Care,Equity,"11,531,551.59",0.02,"11,531,551.59","4,418,219.00",2.61,United States,NASDAQ,USD,1.00,--
MITK,MITEK SYSTEMS INC,Information Technology,Equity,"11,505,414.17",0.02,"11,505,414.17","1,126,877.00",10.21,United States,NASDAQ,USD,1.00,--
TWI,TITAN INTERNATIONAL INC,Industrials,Equity,"11,464,051.41",0.02,"11,464,051.41","1,236,683.00",9.27,United States,New York Stock Exchange Inc.,USD,1.00,--
CLMB,CLIMB GLOBAL SOLUTIONS INC,Information Technology,Equity,"11,445,740.00",0.02,"11,445,740.00","106,472.00",107.50,United States,NASDAQ,USD,1.00,--
MLYS,MINERALYS THERAPEUTICS INC,Health Care,Equity,"11,451,415.22",0.02,"11,451,415.22","714,374.00",16.03,United States,NASDAQ,USD,1.00,--
LYTS,LSI INDUSTRIES INC,Industrials,Equity,"11,397,127.69",0.02,"11,397,127.69","687,817.00",16.57,United States,NASDAQ,USD,1.00,--
AXGN,AXOGEN INC,Health Care,Equity,"11,389,814.16",0.02,"11,389,814.16","1,066,462.00",10.68,United States,NASDAQ,USD,1.00,--
ARHS,ARHAUS INC CLASS A,Consumer Discretionary,Equity,"11,379,128.15",0.02,"11,379,128.15","1,291,615.00",8.81,United States,NASDAQ,USD,1.00,--
EBF,ENNIS INC,Industrials,Equity,"11,372,685.08",0.02,"11,372,685.08","605,252.00",18.79,United States,New York Stock Exchange Inc.,USD,1.00,--
RGNX,REGENXBIO INC,Health Care,Equity,"11,301,335.82",0.02,"11,301,335.82","1,152,022.00",9.81,United States,NASDAQ,USD,1.00,--
TK,TEEKAY CORPORATION CORP LTD,Energy,Equity,"11,303,821.52",0.02,"11,303,821.52","1,371,823.00",8.24,Bermuda,New York Stock Exchange Inc.,USD,1.00,--
NUVB,NUVATION BIO INC CLASS A,Health Care,Equity,"11,292,657.53",0.02,"11,292,657.53","4,463,501.00",2.53,United States,New York Stock Exchange Inc.,USD,1.00,--
LFMD,LIFEMD INC,Health Care,Equity,"11,287,459.20",0.02,"11,287,459.20","928,245.00",12.16,United States,NASDAQ,USD,1.00,--
KROS,KEROS THERAPEUTICS INC,Health Care,Equity,"11,289,451.25",0.02,"11,289,451.25","821,051.00",13.75,United States,NASDAQ,USD,1.00,--
SCHL,SCHOLASTIC CORP,Communication,Equity,"11,266,911.72",0.02,"11,266,911.72","590,509.00",19.08,United States,NASDAQ,USD,1.00,--
KE,KIMBALL ELECTRONICS INC,Information Technology,Equity,"11,271,611.11",0.02,"11,271,611.11","587,369.00",19.19,United States,NASDAQ,USD,1.00,--
CRSR,CORSAIR GAMING INC,Information Technology,Equity,"11,240,185.40",0.02,"11,240,185.40","1,158,782.00",9.70,United States,NASDAQ,USD,1.00,--
WNC,WABASH NATIONAL CORP,Industrials,Equity,"11,233,975.72",0.02,"11,233,975.72","1,086,458.00",10.34,United States,New York Stock Exchange Inc.,USD,1.00,--
OPK,OPKO HEALTH INC,Health Care,Equity,"11,194,125.30",0.02,"11,194,125.30","8,111,685.00",1.38,United States,NASDAQ,USD,1.00,--
CNDT,CONDUENT INC,Industrials,Equity,"11,186,185.18",0.02,"11,186,185.18","4,038,334.00",2.77,United States,NASDAQ,USD,1.00,--
VERV,VERVE THERAPEUTICS INC,Health Care,Equity,"11,163,163.67",0.02,"11,163,163.67","1,748,342.00",6.38,United States,NASDAQ,USD,1.00,--
DNTH,DIANTHUS THERAPEUTICS INC,Health Care,Equity,"11,064,937.50",0.02,"11,064,937.50","590,130.00",18.75,United States,NASDAQ,USD,1.00,--
GCT,GIGACLOUD TECHNOLOGY INC CLASS A,Consumer Discretionary,Equity,"10,997,640.60",0.02,"10,997,640.60","591,271.00",18.60,United States,NASDAQ,USD,1.00,--
EBTC,ENTERPRISE BANCORP INC,Financials,Equity,"10,981,572.85",0.02,"10,981,572.85","267,517.00",41.05,United States,NASDAQ,USD,1.00,--
SBGI,SINCLAIR INC CLASS A,Communication,Equity,"10,965,470.28",0.02,"10,965,470.28","808,663.00",13.56,United States,NASDAQ,USD,1.00,--
FBIZ,FIRST BUSINESS FINANCIAL SERVICES,Financials,Equity,"10,950,498.69",0.02,"10,950,498.69","222,979.00",49.11,United States,NASDAQ,USD,1.00,--
FLGT,FULGENT GENETICS INC,Health Care,Equity,"10,930,950.53",0.02,"10,930,950.53","501,765.00",21.79,United States,NASDAQ,USD,1.00,--
SENEA,SENECA FOODS CORP CLASS A,Consumer Staples,Equity,"10,838,168.44",0.02,"10,838,168.44","117,436.00",92.29,United States,NASDAQ,USD,1.00,--
GLRE,GREENLIGHT CAPITAL LTD CLASS A,Financials,Equity,"10,833,523.74",0.02,"10,833,523.74","731,007.00",14.82,United States,NASDAQ,USD,1.00,--
TRML,TOURMALINE BIO INC,Health Care,Equity,"10,824,699.00",0.02,"10,824,699.00","569,721.00",19.00,United States,NASDAQ,USD,1.00,--
OLP,ONE LIBERTY PROPERTIES REIT INC,Real Estate,Equity,"10,825,509.24",0.02,"10,825,509.24","424,863.00",25.48,United States,New York Stock Exchange Inc.,USD,1.00,--
RLAY,RELAY THERAPEUTICS INC,Health Care,Equity,"10,800,318.03",0.02,"10,800,318.03","3,094,647.00",3.49,United States,NASDAQ,USD,1.00,--
BMBL,BUMBLE INC CLASS A,Communication,Equity,"10,761,393.24",0.02,"10,761,393.24","2,053,701.00",5.24,United States,NASDAQ,USD,1.00,--
ZIP,ZIPRECRUITER INC CLASS A,Communication,Equity,"10,735,183.48",0.02,"10,735,183.48","1,768,564.00",6.07,United States,New York Stock Exchange Inc.,USD,1.00,--
ANGO,ANGIODYNAMICS INC,Health Care,Equity,"10,731,529.62",0.02,"10,731,529.62","963,333.00",11.14,United States,NASDAQ,USD,1.00,--
CCSI,CONSENSUS CLOUD SOLUTIONS INC,Information Technology,Equity,"10,714,412.00",0.02,"10,714,412.00","465,844.00",23.00,United States,NASDAQ,USD,1.00,--
PSFE,PAYSAFE LTD,Financials,Equity,"10,705,041.88",0.02,"10,705,041.88","830,492.00",12.89,United States,New York Stock Exchange Inc.,USD,1.00,--
SLP,SIMULATIONS PLUS INC,Health Care,Equity,"10,688,940.14",0.02,"10,688,940.14","392,687.00",27.22,United States,NASDAQ,USD,1.00,--
BSRR,SIERRA BANCORP,Financials,Equity,"10,677,986.20",0.02,"10,677,986.20","377,314.00",28.30,United States,NASDAQ,USD,1.00,--
STGW,STAGWELL INC CLASS A,Communication,Equity,"10,626,097.68",0.02,"10,626,097.68","2,218,392.00",4.79,United States,NASDAQ,USD,1.00,--
REAX,REAL BROKERAGE INC,Real Estate,Equity,"10,573,800.25",0.02,"10,573,800.25","2,487,953.00",4.25,Canada,NASDAQ,USD,1.00,--
PACS,PACS GROUP INC,Health Care,Equity,"10,522,829.78",0.02,"10,522,829.78","984,362.00",10.69,United States,New York Stock Exchange Inc.,USD,1.00,--
HBCP,HOME BANCORP INC,Financials,Equity,"10,514,415.00",0.02,"10,514,415.00","206,165.00",51.00,United States,NASDAQ,USD,1.00,--
RES,RPC INC,Energy,Equity,"10,469,933.10",0.02,"10,469,933.10","2,115,138.00",4.95,United States,New York Stock Exchange Inc.,USD,1.00,--
MGPI,MGP INGREDIENTS INC,Consumer Staples,Equity,"10,454,964.08",0.02,"10,454,964.08","354,646.00",29.48,United States,NASDAQ,USD,1.00,--
CCO,CLEAR CHANNEL OUTDOOR HOLDINGS INC,Communication,Equity,"10,450,527.22",0.02,"10,450,527.22","8,856,379.00",1.18,United States,New York Stock Exchange Inc.,USD,1.00,--
RDW,REDWIRE CORP,Industrials,Equity,"10,441,483.02",0.02,"10,441,483.02","574,339.00",18.18,United States,New York Stock Exchange Inc.,USD,1.00,--
CODI,COMPASS DIVERSIFIED,Financials,Equity,"10,429,921.28",0.02,"10,429,921.28","1,650,304.00",6.32,United States,New York Stock Exchange Inc.,USD,1.00,--
NUS,NU SKIN ENTERPRISES INC CLASS A,Consumer Staples,Equity,"10,396,644.84",0.02,"10,396,644.84","1,242,132.00",8.37,United States,New York Stock Exchange Inc.,USD,1.00,--
BMRC,BANK OF MARIN BANCORP,Financials,Equity,"10,389,317.40",0.02,"10,389,317.40","449,754.00",23.10,United States,NASDAQ,USD,1.00,--
NGVC,NATURAL GROCERS BY VITAMIN COTTAGE,Consumer Staples,Equity,"10,392,196.32",0.02,"10,392,196.32","235,224.00",44.18,United States,New York Stock Exchange Inc.,USD,1.00,--
MCS,THE MARCUS CORP,Communication,Equity,"10,380,652.56",0.02,"10,380,652.56","592,503.00",17.52,United States,New York Stock Exchange Inc.,USD,1.00,--
LXU,LSB INDUSTRIES INC,Materials,Equity,"10,370,184.64",0.02,"10,370,184.64","1,336,364.00",7.76,United States,New York Stock Exchange Inc.,USD,1.00,--
DIN,DINE BRANDS GLOBAL INC,Consumer Discretionary,Equity,"10,371,131.12",0.02,"10,371,131.12","393,442.00",26.36,United States,New York Stock Exchange Inc.,USD,1.00,--
CWCO,CONSOLIDATED WATER LTD,Utilities,Equity,"10,368,444.36",0.02,"10,368,444.36","365,601.00",28.36,United States,NASDAQ,USD,1.00,--
WLFC,WILLIS LEASE FINANCE CORP,Industrials,Equity,"10,350,174.04",0.02,"10,350,174.04","71,692.00",144.37,United States,NASDAQ,USD,1.00,--
CTKB,CYTEK BIOSCIENCES INC,Health Care,Equity,"10,338,292.45",0.02,"10,338,292.45","2,979,335.00",3.47,United States,NASDAQ,USD,1.00,--
CENT,CENTRAL GARDEN AND PET,Consumer Staples,Equity,"10,325,603.61",0.02,"10,325,603.61","284,217.00",36.33,United States,NASDAQ,USD,1.00,--
CYH,COMMUNITY HEALTH SYSTEMS INC,Health Care,Equity,"10,312,181.75",0.02,"10,312,181.75","3,172,979.00",3.25,United States,New York Stock Exchange Inc.,USD,1.00,--
HNST,THE HONEST COMPANY INC,Consumer Staples,Equity,"10,309,360.46",0.02,"10,309,360.46","2,074,318.00",4.97,United States,NASDAQ,USD,1.00,--
TITN,TITAN MACHINERY INC,Industrials,Equity,"10,295,157.32",0.02,"10,295,157.32","529,042.00",19.46,United States,NASDAQ,USD,1.00,--
DHIL,DIAMOND HILL INVESTMENT GROUP INC,Financials,Equity,"10,298,117.70",0.02,"10,298,117.70","71,046.00",144.95,United States,NASDAQ,USD,1.00,--
CELC,CELCUITY INC,Health Care,Equity,"10,275,702.36",0.02,"10,275,702.36","795,333.00",12.92,United States,NASDAQ,USD,1.00,--
LIND,LINDBLAD EXPEDITIONS HOLDINGS INC,Consumer Discretionary,Equity,"10,268,940.57",0.02,"10,268,940.57","903,161.00",11.37,United States,NASDAQ,USD,1.00,--
SVC,SERVICE PROPERTIES TRUST,Real Estate,Equity,"10,258,993.68",0.02,"10,258,993.68","4,136,691.00",2.48,United States,NASDAQ,USD,1.00,--
CRNC,CERENCE INC,Information Technology,Equity,"10,211,906.32",0.02,"10,211,906.32","1,054,949.00",9.68,United States,NASDAQ,USD,1.00,--
CARE,CARTER BANKSHARES INC,Financials,Equity,"10,213,764.48",0.02,"10,213,764.48","612,336.00",16.68,United States,NASDAQ,USD,1.00,--
CCRN,CROSS COUNTRY HEALTHCARE INC,Health Care,Equity,"10,168,990.65",0.02,"10,168,990.65","779,233.00",13.05,United States,NASDAQ,USD,1.00,--
STOK,STOKE THERAPEUTICS INC,Health Care,Equity,"10,129,200.80",0.02,"10,129,200.80","891,655.00",11.36,United States,NASDAQ,USD,1.00,--
APEI,AMERICAN PUBLIC EDUCATION INC,Consumer Discretionary,Equity,"10,124,846.76",0.02,"10,124,846.76","388,819.00",26.04,United States,NASDAQ,USD,1.00,--
YORW,YORK WATER,Utilities,Equity,"10,125,799.96",0.02,"10,125,799.96","309,847.00",32.68,United States,NASDAQ,USD,1.00,--
IRMD,IRADIMED CORP,Health Care,Equity,"10,082,029.66",0.02,"10,082,029.66","168,188.00",59.95,United States,NASDAQ,USD,1.00,--
SHYF,SHYFT GROUP INC,Industrials,Equity,"10,064,015.10",0.02,"10,064,015.10","828,314.00",12.15,United States,NASDAQ,USD,1.00,--
CIVB,CIVISTA BANCSHARES INC,Financials,Equity,"10,058,262.18",0.02,"10,058,262.18","448,629.00",22.42,United States,NASDAQ,USD,1.00,--
CRMT,AMERICAS CAR MART INC,Consumer Discretionary,Equity,"10,050,289.55",0.02,"10,050,289.55","180,145.00",55.79,United States,NASDAQ,USD,1.00,--
HNRG,HALLADOR ENERGY,Energy,Equity,"10,049,790.96",0.02,"10,049,790.96","624,987.00",16.08,United States,NASDAQ,USD,1.00,--
PX,P10 INC CLASS A,Financials,Equity,"10,028,140.00",0.02,"10,028,140.00","1,002,814.00",10.00,United States,New York Stock Exchange Inc.,USD,1.00,--
CLBK,COLUMBIA FINANCIAL INC,Financials,Equity,"9,990,209.80",0.02,"9,990,209.80","691,364.00",14.45,United States,NASDAQ,USD,1.00,--
SRDX,SURMODICS INC,Health Care,Equity,"9,982,370.40",0.02,"9,982,370.40","341,862.00",29.20,United States,NASDAQ,USD,1.00,--
BBAI,BIGBEAR.AI HOLDINGS INC,Information Technology,Equity,"9,976,826.21",0.02,"9,976,826.21","2,646,373.00",3.77,United States,New York Stock Exchange Inc.,USD,1.00,--
NRDS,NERDWALLET INC CLASS A,Financials,Equity,"9,961,427.52",0.02,"9,961,427.52","890,208.00",11.19,United States,NASDAQ,USD,1.00,--
JACK,JACK IN THE BOX INC,Consumer Discretionary,Equity,"9,931,613.98",0.02,"9,931,613.98","477,941.00",20.78,United States,NASDAQ,USD,1.00,--
ASC,ARDMORE SHIPPING CORP,Energy,Equity,"9,909,327.78",0.02,"9,909,327.78","1,029,006.00",9.63,Bermuda,New York Stock Exchange Inc.,USD,1.00,--
FFIC,FLUSHING FINANCIAL CORP,Financials,Equity,"9,882,264.96",0.02,"9,882,264.96","799,536.00",12.36,United States,NASDAQ,USD,1.00,--
TTI,TETRA TECHNOLOGIES INC,Energy,Equity,"9,862,583.25",0.02,"9,862,583.25","3,111,225.00",3.17,United States,New York Stock Exchange Inc.,USD,1.00,--
MTW,MANITOWOC INC,Industrials,Equity,"9,826,668.53",0.02,"9,826,668.53","861,233.00",11.41,United States,New York Stock Exchange Inc.,USD,1.00,--
HBT,HBT FINANCIAL INC,Financials,Equity,"9,808,409.60",0.02,"9,808,409.60","401,984.00",24.40,United States,NASDAQ,USD,1.00,--
OPEN,OPENDOOR TECHNOLOGIES INC CLASS A,Real Estate,Equity,"9,788,592.51",0.02,"9,788,592.51","16,238,541.00",0.60,United States,NASDAQ,USD,1.00,--
FOR,FORESTAR GROUP INC,Real Estate,Equity,"9,764,859.39",0.02,"9,764,859.39","472,417.00",20.67,United States,New York Stock Exchange Inc.,USD,1.00,--
CVGW,CALAVO GROWERS INC,Consumer Staples,Equity,"9,756,902.42",0.02,"9,756,902.42","420,919.00",23.18,United States,NASDAQ,USD,1.00,--
BIGC,BIGCOMMERCE HOLDINGS INC SERIES,Information Technology,Equity,"9,759,158.51",0.02,"9,759,158.51","1,803,911.00",5.41,United States,NASDAQ,USD,1.00,--
BAND,BANDWIDTH INC CLASS A,Communication,Equity,"9,752,549.28",0.02,"9,752,549.28","643,308.00",15.16,United States,NASDAQ,USD,1.00,--
OFIX,ORTHOFIX MEDICAL INC,Health Care,Equity,"9,753,139.76",0.02,"9,753,139.76","842,968.00",11.57,United States,NASDAQ,USD,1.00,--
HTLD,HEARTLAND EXPRESS INC,Industrials,Equity,"9,737,932.04",0.02,"9,737,932.04","1,083,196.00",8.99,United States,NASDAQ,USD,1.00,--
WEAV,WEAVE COMMUNICATIONS INC,Information Technology,Equity,"9,743,655.60",0.02,"9,743,655.60","1,008,660.00",9.66,United States,New York Stock Exchange Inc.,USD,1.00,--
CPS,COOPER STANDARD HOLDINGS INC,Consumer Discretionary,Equity,"9,717,225.70",0.02,"9,717,225.70","424,333.00",22.90,United States,New York Stock Exchange Inc.,USD,1.00,--
HOUS,ANYWHERE REAL ESTATE INC,Real Estate,Equity,"9,711,204.44",0.02,"9,711,204.44","2,483,684.00",3.91,United States,New York Stock Exchange Inc.,USD,1.00,--
ASPN,ASPEN AEROGELS INC,Materials,Equity,"9,696,113.46",0.02,"9,696,113.46","1,519,767.00",6.38,United States,New York Stock Exchange Inc.,USD,1.00,--
GMRE,GLOBAL MEDICAL REIT INC,Real Estate,Equity,"9,656,611.23",0.02,"9,656,611.23","1,525,531.00",6.33,United States,New York Stock Exchange Inc.,USD,1.00,--
KELYA,KELLY SERVICES INC CLASS A,Industrials,Equity,"9,638,670.24",0.02,"9,638,670.24","784,908.00",12.28,United States,NASDAQ,USD,1.00,--
MATV,MATIV HOLDINGS INC,Materials,Equity,"9,599,557.96",0.02,"9,599,557.96","1,377,268.00",6.97,United States,New York Stock Exchange Inc.,USD,1.00,--
AMRK,A MARK PRECIOUS METALS INC,Consumer Discretionary,Equity,"9,593,309.43",0.02,"9,593,309.43","445,993.00",21.51,United States,NASDAQ,USD,1.00,--
CVLG,COVENANT LOGISTICS GROUP INC CLASS,Industrials,Equity,"9,589,038.18",0.02,"9,589,038.18","410,314.00",23.37,United States,New York Stock Exchange Inc.,USD,1.00,--
IPI,INTREPID POTASH INC,Materials,Equity,"9,575,796.16",0.02,"9,575,796.16","274,064.00",34.94,United States,New York Stock Exchange Inc.,USD,1.00,--
CTRI,CENTURI HOLDINGS INC,Industrials,Equity,"9,559,800.04",0.02,"9,559,800.04","418,922.00",22.82,United States,New York Stock Exchange Inc.,USD,1.00,--
CMRE,COSTAMARE INC,Industrials,Equity,"9,556,890.00",0.02,"9,556,890.00","1,092,216.00",8.75,Monaco,New York Stock Exchange Inc.,USD,1.00,"Jan 01, 1970"
SANA,SANA BIOTECHNOLOGY INC,Health Care,Equity,"9,558,002.67",0.02,"9,558,002.67","3,284,537.00",2.91,United States,NASDAQ,USD,1.00,--
FULC,FULCRUM THERAPEUTICS INC,Health Care,Equity,"9,551,732.10",0.01,"9,551,732.10","1,384,309.00",6.90,United States,NASDAQ,USD,1.00,--
UNTY,UNITY BANCORP INC,Financials,Equity,"9,524,403.36",0.01,"9,524,403.36","216,858.00",43.92,United States,NASDAQ,USD,1.00,--
SAGE,SAGE THERAPEUTICS INC,Health Care,Equity,"9,502,506.57",0.01,"9,502,506.57","1,359,443.00",6.99,United States,NASDAQ,USD,1.00,--
SEMR,SEMRUSH HOLDINGS INC CLASS A,Information Technology,Equity,"9,470,422.96",0.01,"9,470,422.96","929,384.00",10.19,United States,New York Stock Exchange Inc.,USD,1.00,--
TBPH,THERAVANCE BIOPHARMA INC,Health Care,Equity,"9,460,909.25",0.01,"9,460,909.25","881,725.00",10.73,United States,NASDAQ,USD,1.00,--
ACNB,ACNB CORP,Financials,Equity,"9,447,450.24",0.01,"9,447,450.24","220,323.00",42.88,United States,NASDAQ,USD,1.00,--
NCMI,NATIONAL CINEMEDIA INC,Communication,Equity,"9,418,707.00",0.01,"9,418,707.00","1,744,205.00",5.40,United States,NASDAQ,USD,1.00,--
RIGL,RIGEL PHARMACEUTICALS INC,Health Care,Equity,"9,392,872.72",0.01,"9,392,872.72","435,662.00",21.56,United States,NASDAQ,USD,1.00,--
KODK,EASTMAN KODAK,Information Technology,Equity,"9,364,552.23",0.01,"9,364,552.23","1,589,907.00",5.89,United States,New York Stock Exchange Inc.,USD,1.00,--
ARKO,ARKO,Consumer Discretionary,Equity,"9,320,022.90",0.01,"9,320,022.90","2,004,306.00",4.65,United States,NASDAQ,USD,1.00,--
NWPX,NORTHWEST PIPE,Industrials,Equity,"9,311,511.84",0.01,"9,311,511.84","235,496.00",39.54,United States,NASDAQ,USD,1.00,--
SCVL,SHOE CARNIVAL INC,Consumer Discretionary,Equity,"9,312,541.40",0.01,"9,312,541.40","465,860.00",19.99,United States,NASDAQ,USD,1.00,--
EGY,VAALCO ENERGY INC,Energy,Equity,"9,302,537.82",0.01,"9,302,537.82","2,541,677.00",3.66,United States,New York Stock Exchange Inc.,USD,1.00,--
TALK,TALKSPACE INC,Health Care,Equity,"9,283,909.88",0.01,"9,283,909.88","3,115,406.00",2.98,United States,NASDAQ,USD,1.00,--
TREE,LENDINGTREE INC,Financials,Equity,"9,272,835.00",0.01,"9,272,835.00","255,450.00",36.30,United States,NASDAQ,USD,1.00,--
EU,ENCORE ENERGY CORP,Energy,Equity,"9,278,764.00",0.01,"9,278,764.00","4,439,600.00",2.09,United States,NASDAQ,USD,1.00,--
DAWN,DAY ONE BIOPHARMACEUTICALS INC,Health Care,Equity,"9,270,829.02",0.01,"9,270,829.02","1,328,199.00",6.98,United States,NASDAQ,USD,1.00,--
TCBX,THIRD COAST BANCSHARES INC,Financials,Equity,"9,167,484.52",0.01,"9,167,484.52","290,294.00",31.58,United States,NASDAQ,USD,1.00,--
RBBN,RIBBON COMMUNICATIONS INC,Information Technology,Equity,"9,152,575.16",0.01,"9,152,575.16","2,299,642.00",3.98,United States,NASDAQ,USD,1.00,--
WTBA,WEST BANCORPORATION INC,Financials,Equity,"9,148,666.35",0.01,"9,148,666.35","462,755.00",19.77,United States,NASDAQ,USD,1.00,--
XPER,XPERI INC,Information Technology,Equity,"9,120,947.85",0.01,"9,120,947.85","1,133,037.00",8.05,United States,New York Stock Exchange Inc.,USD,1.00,--
KIDS,ORTHOPEDIATRICS CORP,Health Care,Equity,"9,108,877.05",0.01,"9,108,877.05","410,865.00",22.17,United States,NASDAQ,USD,1.00,--
GNTY,GUARANTY BANCSHARES INC,Financials,Equity,"9,052,153.20",0.01,"9,052,153.20","214,506.00",42.20,United States,New York Stock Exchange Inc.,USD,1.00,--
BFS,SAUL CENTERS REIT INC,Real Estate,Equity,"9,046,098.55",0.01,"9,046,098.55","257,357.00",35.15,United States,New York Stock Exchange Inc.,USD,1.00,--
CLDT,CHATHAM LODGING TRUST REIT,Real Estate,Equity,"9,043,116.29",0.01,"9,043,116.29","1,233,713.00",7.33,United States,New York Stock Exchange Inc.,USD,1.00,--
KRNY,KEARNY FINANCIAL CORP,Financials,Equity,"9,018,730.38",0.01,"9,018,730.38","1,438,394.00",6.27,United States,NASDAQ,USD,1.00,--
GTN,GRAY MEDIA INC,Communication,Equity,"8,957,235.15",0.01,"8,957,235.15","2,211,663.00",4.05,United States,New York Stock Exchange Inc.,USD,1.00,--
LENZ,LENZ THERAPEUTICS INC,Health Care,Equity,"8,913,967.92",0.01,"8,913,967.92","317,449.00",28.08,United States,NASDAQ,USD,1.00,--
BWMN,BOWMAN CONSULTING GROUP LTD,Industrials,Equity,"8,890,442.88",0.01,"8,890,442.88","325,896.00",27.28,United States,NASDAQ,USD,1.00,--
GIC,GLOBAL INDUSTRIAL,Industrials,Equity,"8,896,309.32",0.01,"8,896,309.32","324,446.00",27.42,United States,New York Stock Exchange Inc.,USD,1.00,--
VREX,VAREX IMAGING CORP,Health Care,Equity,"8,860,050.54",0.01,"8,860,050.54","994,394.00",8.91,United States,NASDAQ,USD,1.00,--
PLPC,PREFORMED LINE PRODUCTS,Industrials,Equity,"8,853,105.58",0.01,"8,853,105.58","57,871.00",152.98,United States,NASDAQ,USD,1.00,--
USNA,USANA HEALTH SCIENCES INC,Consumer Staples,Equity,"8,798,895.78",0.01,"8,798,895.78","285,123.00",30.86,United States,New York Stock Exchange Inc.,USD,1.00,--
BTBT,BIT DIGITAL INC,Information Technology,Equity,"8,790,220.60",0.01,"8,790,220.60","3,267,740.00",2.69,United States,NASDAQ,USD,1.00,--
BGS,B AND G FOODS INC,Consumer Staples,Equity,"8,748,401.04",0.01,"8,748,401.04","1,918,509.00",4.56,United States,New York Stock Exchange Inc.,USD,1.00,--
CMPO,COMPOSECURE INC CLASS A,Information Technology,Equity,"8,726,595.12",0.01,"8,726,595.12","637,909.00",13.68,United States,NASDAQ,USD,1.00,--
MSBI,MIDLAND STATES BANCORP INC,Financials,Equity,"8,710,572.78",0.01,"8,710,572.78","499,746.00",17.43,United States,NASDAQ,USD,1.00,--
RBB,RBB BANCORP,Financials,Equity,"8,697,543.12",0.01,"8,697,543.12","493,058.00",17.64,United States,NASDAQ,USD,1.00,--
HPP,HUDSON PACIFIC PROPERTIES REIT INC,Real Estate,Equity,"8,688,371.52",0.01,"8,688,371.52","3,560,808.00",2.44,United States,New York Stock Exchange Inc.,USD,1.00,"Jan 01, 1970"
PHAT,PHATHOM PHARMACEUTICALS INC,Health Care,Equity,"8,691,113.73",0.01,"8,691,113.73","968,909.00",8.97,United States,NASDAQ,USD,1.00,--
ACCO,ACCO BRANDS CORP,Industrials,Equity,"8,642,530.29",0.01,"8,642,530.29","2,280,351.00",3.79,United States,New York Stock Exchange Inc.,USD,1.00,--
JELD,JELD WEN HOLDING INC,Industrials,Equity,"8,630,197.65",0.01,"8,630,197.65","2,130,913.00",4.05,United States,New York Stock Exchange Inc.,USD,1.00,--
RICK,RCI HOSPITALITY HOLDINGS INC,Consumer Discretionary,Equity,"8,598,266.84",0.01,"8,598,266.84","202,217.00",42.52,United States,NASDAQ,USD,1.00,--
IMXI,INTERNATIONAL MONEY EXPRESS INC,Financials,Equity,"8,592,011.60",0.01,"8,592,011.60","770,584.00",11.15,United States,NASDAQ,USD,1.00,--
FRBA,FIRST BANK,Financials,Equity,"8,579,354.10",0.01,"8,579,354.10","566,294.00",15.15,United States,NASDAQ,USD,1.00,--
FMAO,FARMERS AND MERCHANTS BANCORP INC,Financials,Equity,"8,553,076.00",0.01,"8,553,076.00","351,400.00",24.34,United States,NASDAQ,USD,1.00,--
SD,SANDRIDGE ENERGY INC,Energy,Equity,"8,477,241.90",0.01,"8,477,241.90","774,885.00",10.94,United States,New York Stock Exchange Inc.,USD,1.00,--
BCAL,CALIFORNIA BANCORP,Financials,Equity,"8,444,738.52",0.01,"8,444,738.52","561,672.00",15.04,United States,NASDAQ,USD,1.00,--
FLOC,FLOWCO HOLDINGS INC CLASS A,Energy,Equity,"8,445,726.11",0.01,"8,445,726.11","481,787.00",17.53,United States,New York Stock Exchange Inc.,USD,1.00,--
AEHR,AEHR TEST SYSTEMS,Information Technology,Equity,"8,439,637.47",0.01,"8,439,637.47","691,207.00",12.21,United States,NASDAQ,USD,1.00,--
CWBC,COMMUNITY WEST BANCSHARES,Financials,Equity,"8,440,863.86",0.01,"8,440,863.86","454,054.00",18.59,United States,NASDAQ,USD,1.00,--
MAX,MEDIAALPHA INC CLASS A,Communication,Equity,"8,382,463.20",0.01,"8,382,463.20","756,540.00",11.08,United States,New York Stock Exchange Inc.,USD,1.00,--
CBNK,CAPITAL BANCORP INC,Financials,Equity,"8,378,424.21",0.01,"8,378,424.21","258,833.00",32.37,United States,NASDAQ,USD,1.00,--
URG,UR ENERGY INC,Energy,Equity,"8,356,345.31",0.01,"8,356,345.31","8,790,601.00",0.95,United States,Nyse Mkt Llc,USD,1.00,--
LSEA,LANDSEA HOMES CORP,Consumer Discretionary,Equity,"8,338,109.50",0.01,"8,338,109.50","739,850.00",11.27,United States,NASDAQ,USD,1.00,--
FFWM,FIRST FOUNDATION INC,Financials,Equity,"8,332,063.02",0.01,"8,332,063.02","1,537,281.00",5.42,United States,New York Stock Exchange Inc.,USD,1.00,--
CHPT,CHARGEPOINT HOLDINGS INC CLASS A,Industrials,Equity,"8,305,483.77",0.01,"8,305,483.77","10,089,266.00",0.82,United States,New York Stock Exchange Inc.,USD,1.00,--
HIFS,HINGHAM INSTITUTION FOR SAVINGS,Financials,Equity,"8,301,879.92",0.01,"8,301,879.92","35,548.00",233.54,United States,NASDAQ,USD,1.00,--
BCML,BAYCOM CORP,Financials,Equity,"8,294,163.14",0.01,"8,294,163.14","303,371.00",27.34,United States,NASDAQ,USD,1.00,--
LAND,GLADSTONE LAND REIT CORP,Real Estate,Equity,"8,278,915.76",0.01,"8,278,915.76","805,342.00",10.28,United States,NASDAQ,USD,1.00,--
NECB,NORTHEAST COMMUNITY BANCORP INC,Financials,Equity,"8,269,808.26",0.01,"8,269,808.26","362,393.00",22.82,United States,NASDAQ,USD,1.00,--
BOC,BOSTON OMAHA CORP CLASS A,Communication,Equity,"8,251,932.40",0.01,"8,251,932.40","581,122.00",14.20,United States,New York Stock Exchange Inc.,USD,1.00,--
MGTX,MEIRAGTX HOLDINGS PLC,Health Care,Equity,"8,238,311.20",0.01,"8,238,311.20","1,200,920.00",6.86,United States,NASDAQ,USD,1.00,--
ARDT,ARDENT HEALTH INC,Health Care,Equity,"8,212,986.32",0.01,"8,212,986.32","611,996.00",13.42,United States,New York Stock Exchange Inc.,USD,1.00,--
MTRX,MATRIX SERVICE,Industrials,Equity,"8,192,028.69",0.01,"8,192,028.69","667,647.00",12.27,United States,NASDAQ,USD,1.00,--
FRPH,FRP HOLDINGS INC,Real Estate,Equity,"8,182,535.48",0.01,"8,182,535.48","296,254.00",27.62,United States,NASDAQ,USD,1.00,--
TRC,TEJON RANCH,Real Estate,Equity,"8,163,630.39",0.01,"8,163,630.39","497,479.00",16.41,United States,New York Stock Exchange Inc.,USD,1.00,--
BKV,BKV CORP,Energy,Equity,"8,138,853.87",0.01,"8,138,853.87","359,967.00",22.61,United States,New York Stock Exchange Inc.,USD,1.00,--
CBAN,COLONY BANKCORP INC,Financials,Equity,"8,098,612.50",0.01,"8,098,612.50","507,750.00",15.95,United States,New York Stock Exchange Inc.,USD,1.00,--
CLNE,CLEAN ENERGY FUELS CORP,Energy,Equity,"8,079,697.96",0.01,"8,079,697.96","4,186,372.00",1.93,United States,NASDAQ,USD,1.00,--
PACB,PACIFIC BIOSCIENCES OF CALIFORNIA,Health Care,Equity,"8,062,885.08",0.01,"8,062,885.08","6,950,763.00",1.16,United States,NASDAQ,USD,1.00,--
DGICA,DONEGAL GROUP INC CLASS A,Financials,Equity,"8,063,596.87",0.01,"8,063,596.87","425,071.00",18.97,United States,NASDAQ,USD,1.00,--
GEFB,GREIF INC CLASS B,Materials,Equity,"8,045,663.70",0.01,"8,045,663.70","120,390.00",66.83,United States,New York Stock Exchange Inc.,USD,1.00,--
HDSN,HUDSON TECHNOLOGIES INC,Industrials,Equity,"8,031,481.00",0.01,"8,031,481.00","1,095,700.00",7.33,United States,NASDAQ,USD,1.00,--
EAF,GRAFTECH INTERNATIONAL LTD,Industrials,Equity,"8,014,548.48",0.01,"8,014,548.48","6,261,366.00",1.28,United States,New York Stock Exchange Inc.,USD,1.00,--
NVEC,NVE CORP,Information Technology,Equity,"8,007,984.83",0.01,"8,007,984.83","108,967.00",73.49,United States,NASDAQ,USD,1.00,--
NBR,NABORS INDUSTRIES LTD,Energy,Equity,"7,999,973.60",0.01,"7,999,973.60","236,336.00",33.85,United States,New York Stock Exchange Inc.,USD,1.00,--
OCGN,OCUGEN INC,Health Care,Equity,"7,980,396.74",0.01,"7,980,396.74","7,062,298.00",1.13,United States,NASDAQ,USD,1.00,--
CZNC,CITIZENS AND NORTHERN CORP,Financials,Equity,"7,984,558.02",0.01,"7,984,558.02","418,917.00",19.06,United States,NASDAQ,USD,1.00,--
GPRE,GREEN PLAINS INC,Energy,Equity,"7,985,383.65",0.01,"7,985,383.65","1,739,735.00",4.59,United States,NASDAQ,USD,1.00,--
LXFR,LUXFER HOLDINGS PLC,Industrials,Equity,"7,968,847.86",0.01,"7,968,847.86","651,582.00",12.23,United States,New York Stock Exchange Inc.,USD,1.00,--
ZEUS,OLYMPIC STEEL INC,Materials,Equity,"7,956,981.78",0.01,"7,956,981.78","248,578.00",32.01,United States,NASDAQ,USD,1.00,--
AURA,AURA BIOSCIENCES INC,Health Care,Equity,"7,947,897.97",0.01,"7,947,897.97","1,140,301.00",6.97,United States,NASDAQ,USD,1.00,--
BWB,BRIDGEWATER BANCSHARES INC,Financials,Equity,"7,928,537.76",0.01,"7,928,537.76","518,544.00",15.29,United States,NASDAQ,USD,1.00,--
PLSE,PULSE BIOSCIENCES INC,Health Care,Equity,"7,928,836.38",0.01,"7,928,836.38","457,257.00",17.34,United States,NASDAQ,USD,1.00,--
ORN,ORION GROUP INC,Industrials,Equity,"7,929,713.75",0.01,"7,929,713.75","906,253.00",8.75,United States,New York Stock Exchange Inc.,USD,1.00,--
REPX,RILEY EXPLORATION PERMIAN INC,Energy,Equity,"7,850,290.80",0.01,"7,850,290.80","283,404.00",27.70,United States,Nyse Mkt Llc,USD,1.00,--
BKSY,BLACKSKY TECHNOLOGY INC CLASS A,Industrials,Equity,"7,820,253.76",0.01,"7,820,253.76","647,372.00",12.08,United States,New York Stock Exchange Inc.,USD,1.00,--
LAB,STANDARD BIOTOOLS INC,Health Care,Equity,"7,801,805.52",0.01,"7,801,805.52","7,223,894.00",1.08,United States,NASDAQ,USD,1.00,--
UIS,UNISYS CORP,Information Technology,Equity,"7,789,511.54",0.01,"7,789,511.54","1,671,569.00",4.66,United States,New York Stock Exchange Inc.,USD,1.00,--
FLNC,FLUENCE ENERGY INC CLASS A,Industrials,Equity,"7,763,597.24",0.01,"7,763,597.24","1,562,092.00",4.97,United States,NASDAQ,USD,1.00,--
SLQT,SELECTQUOTE INC,Financials,Equity,"7,757,563.00",0.01,"7,757,563.00","3,526,165.00",2.20,United States,New York Stock Exchange Inc.,USD,1.00,--
AMBC,AMBAC FINANCIAL GROUP INC,Financials,Equity,"7,762,139.72",0.01,"7,762,139.72","1,153,364.00",6.73,United States,New York Stock Exchange Inc.,USD,1.00,--
BYON,BEYOND INC,Consumer Discretionary,Equity,"7,762,613.30",0.01,"7,762,613.30","1,158,599.00",6.70,United States,New York Stock Exchange Inc.,USD,1.00,--
VLGEA,VILLAGE SUPER MARKET INC CLASS A,Consumer Staples,Equity,"7,753,205.52",0.01,"7,753,205.52","209,094.00",37.08,United States,NASDAQ,USD,1.00,--
OOMA,OOMA INC,Information Technology,Equity,"7,746,815.55",0.01,"7,746,815.55","599,135.00",12.93,United States,New York Stock Exchange Inc.,USD,1.00,--
PBPB,POTBELLY CORP,Consumer Discretionary,Equity,"7,740,185.60",0.01,"7,740,185.60","691,088.00",11.20,United States,NASDAQ,USD,1.00,--
VPG,VISHAY PRECISION GROUP INC,Information Technology,Equity,"7,726,057.50",0.01,"7,726,057.50","294,326.00",26.25,United States,New York Stock Exchange Inc.,USD,1.00,--
SSBK,SOUTHERN STATES BANCSHARES ANNISTO,Financials,Equity,"7,713,420.88",0.01,"7,713,420.88","217,096.00",35.53,United States,NASDAQ,USD,1.00,--
NNOX,NANO X IMAGING LTD,Health Care,Equity,"7,699,908.91",0.01,"7,699,908.91","1,367,657.00",5.63,Israel,NASDAQ,USD,1.00,--
MCFT,MASTERCRAFT BOAT HOLDINGS INC,Consumer Discretionary,Equity,"7,595,914.57",0.01,"7,595,914.57","402,113.00",18.89,United States,NASDAQ,USD,1.00,--
ATLC,ATLANTICUS HOLDINGS CORP,Financials,Equity,"7,572,099.53",0.01,"7,572,099.53","144,203.00",52.51,United States,NASDAQ,USD,1.00,--
OIS,OIL STATES INTERNATIONAL INC,Energy,Equity,"7,562,185.18",0.01,"7,562,185.18","1,494,503.00",5.06,United States,New York Stock Exchange Inc.,USD,1.00,--
HVT,HAVERTY FURNITURE COMPANIES INC,Consumer Discretionary,Equity,"7,556,084.46",0.01,"7,556,084.46","363,798.00",20.77,United States,New York Stock Exchange Inc.,USD,1.00,--
CRCT,CRICUT INC CLASS A,Consumer Discretionary,Equity,"7,552,140.21",0.01,"7,552,140.21","1,178,181.00",6.41,United States,NASDAQ,USD,1.00,--
FNLC,FIRST BANCORP INC,Financials,Equity,"7,542,163.20",0.01,"7,542,163.20","306,592.00",24.60,United States,NASDAQ,USD,1.00,--
SFST,SOUTHERN FIRST BANCSHARES INC,Financials,Equity,"7,528,964.03",0.01,"7,528,964.03","205,093.00",36.71,United States,NASDAQ,USD,1.00,--
ARCT,ARCTURUS THERAPEUTICS HOLDINGS INC,Health Care,Equity,"7,530,155.70",0.01,"7,530,155.70","583,733.00",12.90,United States,NASDAQ,USD,1.00,--
MEI,METHODE ELECTRONICS INC,Information Technology,Equity,"7,515,543.28",0.01,"7,515,543.28","865,846.00",8.68,United States,New York Stock Exchange Inc.,USD,1.00,--
TMCI,TREACE MEDICAL CONCEPTS INC,Health Care,Equity,"7,504,614.19",0.01,"7,504,614.19","1,216,307.00",6.17,United States,NASDAQ,USD,1.00,--
KLC,KINDERCARE LEARNING COMPANIES INC,Consumer Discretionary,Equity,"7,481,365.75",0.01,"7,481,365.75","695,941.00",10.75,United States,New York Stock Exchange Inc.,USD,1.00,--
FSBW,FS BANCORP INC,Financials,Equity,"7,470,873.72",0.01,"7,470,873.72","192,747.00",38.76,United States,NASDAQ,USD,1.00,--
ERAS,ERASCA INC,Health Care,Equity,"7,475,168.82",0.01,"7,475,168.82","4,642,962.00",1.61,United States,NASDAQ,USD,1.00,--
NEWT,NEWTEKONE INC,Financials,Equity,"7,455,360.64",0.01,"7,455,360.64","666,848.00",11.18,United States,NASDAQ,USD,1.00,--
LOVE,LOVESAC COMPANY,Consumer Discretionary,Equity,"7,393,242.57",0.01,"7,393,242.57","353,913.00",20.89,United States,NASDAQ,USD,1.00,--
GNE,GENIE ENERGY LTD CLASS B,Utilities,Equity,"7,379,663.78",0.01,"7,379,663.78","321,274.00",22.97,United States,New York Stock Exchange Inc.,USD,1.00,--
ITIC,INVESTORS TITLE,Financials,Equity,"7,364,426.72",0.01,"7,364,426.72","36,778.00",200.24,United States,NASDAQ,USD,1.00,--
CZFS,CITIZENS FINANCIAL SERVICES INC,Financials,Equity,"7,318,025.88",0.01,"7,318,025.88","119,031.00",61.48,United States,NASDAQ,USD,1.00,--
KIND,NEXTDOOR HOLDINGS INC CLASS A,Communication,Equity,"7,228,429.56",0.01,"7,228,429.56","4,407,579.00",1.64,United States,New York Stock Exchange Inc.,USD,1.00,--
CYRX,CRYOPORT INC,Health Care,Equity,"7,219,038.90",0.01,"7,219,038.90","1,064,755.00",6.78,United States,NASDAQ,USD,1.00,--
GRNT,GRANITE RIDGE RESOURCES INC,Energy,Equity,"7,178,144.16",0.01,"7,178,144.16","1,214,576.00",5.91,United States,New York Stock Exchange Inc.,USD,1.00,--
SIGA,SIGA TECHNOLOGIES INC,Health Care,Equity,"7,171,000.68",0.01,"7,171,000.68","1,152,894.00",6.22,United States,NASDAQ,USD,1.00,--
ATEX,ANTERIX INC,Communication,Equity,"7,119,264.90",0.01,"7,119,264.90","250,855.00",28.38,United States,NASDAQ,USD,1.00,--
OPRX,OPTIMIZERX CORP,Health Care,Equity,"7,101,535.36",0.01,"7,101,535.36","459,944.00",15.44,United States,NASDAQ,USD,1.00,--
SPOK,SPOK HOLDINGS INC,Communication,Equity,"7,105,130.24",0.01,"7,105,130.24","426,991.00",16.64,United States,NASDAQ,USD,1.00,--
TERN,TERNS PHARMACEUTICALS INC,Health Care,Equity,"7,096,652.64",0.01,"7,096,652.64","1,747,944.00",4.06,United States,NASDAQ,USD,1.00,--
ADCT,ADC THERAPEUTICS SA,Health Care,Equity,"7,006,088.72",0.01,"7,006,088.72","1,909,016.00",3.67,United States,New York Stock Exchange Inc.,USD,1.00,--
SVRA,SAVARA INC,Health Care,Equity,"6,983,233.68",0.01,"6,983,233.68","2,997,096.00",2.33,United States,NASDAQ,USD,1.00,--
LOCO,EL POLLO LOCO INC,Consumer Discretionary,Equity,"6,932,592.96",0.01,"6,932,592.96","634,272.00",10.93,United States,NASDAQ,USD,1.00,--
AVAH,AVEANNA HEALTHCARE HOLDINGS INC,Health Care,Equity,"6,905,748.16",0.01,"6,905,748.16","1,269,439.00",5.44,United States,NASDAQ,USD,1.00,--
ACIC,AMERICAN COASTAL INSURANCE CORP,Financials,Equity,"6,874,663.26",0.01,"6,874,663.26","640,099.00",10.74,United States,NASDAQ,USD,1.00,--
AQST,AQUESTIVE THERAPEUTICS INC,Health Care,Equity,"6,869,056.98",0.01,"6,869,056.98","1,918,731.00",3.58,United States,NASDAQ,USD,1.00,--
DSGR,DISTRIBUTION SOLUTIONS GROUP INC,Industrials,Equity,"6,856,009.05",0.01,"6,856,009.05","244,421.00",28.05,United States,NASDAQ,USD,1.00,--
PCB,PCB BANCORP,Financials,Equity,"6,843,547.50",0.01,"6,843,547.50","340,475.00",20.10,United States,NASDAQ,USD,1.00,--
EVEX,EVE HOLDING INC,Industrials,Equity,"6,831,724.20",0.01,"6,831,724.20","1,246,665.00",5.48,United States,New York Stock Exchange Inc.,USD,1.00,--
OBT,ORANGE COUNTY BANCORP INC,Financials,Equity,"6,803,640.80",0.01,"6,803,640.80","277,360.00",24.53,United States,NASDAQ,USD,1.00,--
OPFI,OPPFI INC CLASS A,Financials,Equity,"6,792,072.98",0.01,"6,792,072.98","487,586.00",13.93,United States,New York Stock Exchange Inc.,USD,1.00,--
ITOS,ITEOS THERAPEUTICS INC,Health Care,Equity,"6,759,257.12",0.01,"6,759,257.12","673,904.00",10.03,United States,NASDAQ,USD,1.00,--
ACRE,ARES COMMERCIAL REAL ESTATE REIT C,Financials,Equity,"6,762,395.64",0.01,"6,762,395.64","1,368,906.00",4.94,United States,New York Stock Exchange Inc.,USD,1.00,--
CMTG,CLAROS MORTGAGE TRUST INC,Financials,Equity,"6,734,039.13",0.01,"6,734,039.13","2,252,187.00",2.99,United States,New York Stock Exchange Inc.,USD,1.00,--
RMR,RMR GROUP INC CLASS A,Real Estate,Equity,"6,693,248.10",0.01,"6,693,248.10","413,930.00",16.17,United States,NASDAQ,USD,1.00,--
LMNR,LIMONEIRA,Consumer Staples,Equity,"6,695,903.52",0.01,"6,695,903.52","404,342.00",16.56,United States,NASDAQ,USD,1.00,--
PKBK,PARKE BANCORP INC,Financials,Equity,"6,691,008.60",0.01,"6,691,008.60","341,030.00",19.62,United States,NASDAQ,USD,1.00,--
NGNE,NEUROGENE INC,Health Care,Equity,"6,672,687.06",0.01,"6,672,687.06","309,207.00",21.58,United States,NASDAQ,USD,1.00,--
PDLB,PONCE FINANCIAL GROUP INC,Financials,Equity,"6,642,292.45",0.01,"6,642,292.45","488,045.00",13.61,United States,NASDAQ,USD,1.00,--
CMCL,CALEDONIA MINING PLC,Materials,Equity,"6,646,741.05",0.01,"6,646,741.05","365,005.00",18.21,Canada,Nyse Mkt Llc,USD,1.00,--
PLBC,PLUMAS BANCORP,Financials,Equity,"6,632,790.18",0.01,"6,632,790.18","153,786.00",43.13,United States,NASDAQ,USD,1.00,--
COFS,CHOICEONE FINANCIAL SERVICES INC,Financials,Equity,"6,634,344.30",0.01,"6,634,344.30","221,514.00",29.95,United States,NASDAQ,USD,1.00,--
BWFG,BANKWELL FINANCIAL GROUP INC,Financials,Equity,"6,634,417.50",0.01,"6,634,417.50","186,885.00",35.50,United States,NASDAQ,USD,1.00,--
RRBI,RED RIVER BANCSHARES INC,Financials,Equity,"6,614,397.50",0.01,"6,614,397.50","115,033.00",57.50,United States,NASDAQ,USD,1.00,--
URGN,UROGEN PHARMA LTD,Health Care,Equity,"6,589,705.50",0.01,"6,589,705.50","934,710.00",7.05,United States,NASDAQ,USD,1.00,--
BVS,BIOVENTUS CLASS A INC,Health Care,Equity,"6,537,710.34",0.01,"6,537,710.34","953,019.00",6.86,United States,NASDAQ,USD,1.00,--
TSBK,TIMBERLAND BANCORP INC,Financials,Equity,"6,530,440.28",0.01,"6,530,440.28","212,303.00",30.76,United States,NASDAQ,USD,1.00,--
VNDA,VANDA PHARMACEUTICALS INC,Health Care,Equity,"6,530,687.10",0.01,"6,530,687.10","1,401,435.00",4.66,United States,NASDAQ,USD,1.00,--
MOV,MOVADO GROUP INC,Consumer Discretionary,Equity,"6,476,078.70",0.01,"6,476,078.70","403,494.00",16.05,United States,New York Stock Exchange Inc.,USD,1.00,--
SPIR,SPIRE GLOBAL INC CLASS A,Industrials,Equity,"6,479,705.05",0.01,"6,479,705.05","547,735.00",11.83,United States,New York Stock Exchange Inc.,USD,1.00,--
CMPX,COMPASS THERAPEUTICS,Health Care,Equity,"6,481,552.92",0.01,"6,481,552.92","2,582,292.00",2.51,United States,NASDAQ,USD,1.00,--
METC,RAMACO RESOURCES INC CLASS A,Materials,Equity,"6,474,029.49",0.01,"6,474,029.49","648,051.00",9.99,United States,NASDAQ,USD,1.00,--
ZIMV,ZIMVIE INC,Health Care,Equity,"6,467,680.20",0.01,"6,467,680.20","677,244.00",9.55,United States,NASDAQ,USD,1.00,--
RM,REGIONAL MANAGEMENT CORP,Financials,Equity,"6,456,851.02",0.01,"6,456,851.02","227,114.00",28.43,United States,New York Stock Exchange Inc.,USD,1.00,--
RYAM,RAYONIER ADVANCED MATERIALS INC,Materials,Equity,"6,451,371.15",0.01,"6,451,371.15","1,616,885.00",3.99,United States,New York Stock Exchange Inc.,USD,1.00,--
IBEX,IBEX LTD,Industrials,Equity,"6,445,770.24",0.01,"6,445,770.24","218,946.00",29.44,United States,NASDAQ,USD,1.00,--
ATXS,ASTRIA THERAPEUTICS INC,Health Care,Equity,"6,440,811.48",0.01,"6,440,811.48","1,127,988.00",5.71,United States,NASDAQ,USD,1.00,--
WSBF,WATERSTONE FINANCIAL INC,Financials,Equity,"6,431,766.40",0.01,"6,431,766.40","469,472.00",13.70,United States,NASDAQ,USD,1.00,--
MVIS,MICROVISION INC,Information Technology,Equity,"6,405,856.44",0.01,"6,405,856.44","5,250,702.00",1.22,United States,NASDAQ,USD,1.00,--
ANNX,ANNEXON INC,Health Care,Equity,"6,410,215.68",0.01,"6,410,215.68","2,428,112.00",2.64,United States,NASDAQ,USD,1.00,--
DNUT,KRISPY KREME INC,Consumer Discretionary,Equity,"6,398,304.36",0.01,"6,398,304.36","2,176,294.00",2.94,United States,NASDAQ,USD,1.00,--
AVNW,AVIAT NETWORKS INC,Information Technology,Equity,"6,389,603.13",0.01,"6,389,603.13","282,351.00",22.63,United States,NASDAQ,USD,1.00,--
CERS,CERUS CORP,Health Care,Equity,"6,382,905.12",0.01,"6,382,905.12","4,432,573.00",1.44,United States,NASDAQ,USD,1.00,--
IMMR,IMMERSION CORP,Information Technology,Equity,"6,369,787.62",0.01,"6,369,787.62","798,219.00",7.98,United States,NASDAQ,USD,1.00,--
BBNX,BETA BIONICS INC,Health Care,Equity,"6,330,696.02",0.01,"6,330,696.02","328,526.00",19.27,United States,NASDAQ,USD,1.00,--
NGS,NATURAL GAS SERVICES GROUP INC,Energy,Equity,"6,333,694.51",0.01,"6,333,694.51","252,439.00",25.09,United States,New York Stock Exchange Inc.,USD,1.00,--
SVV,SAVERS VALUE VILLAGE INC,Consumer Discretionary,Equity,"6,334,493.76",0.01,"6,334,493.76","576,912.00",10.98,United States,New York Stock Exchange Inc.,USD,1.00,--
PSTL,POSTAL REALTY TRUST INC CLASS A,Real Estate,Equity,"6,291,506.65",0.01,"6,291,506.65","428,285.00",14.69,United States,New York Stock Exchange Inc.,USD,1.00,--
FC,FRANKLIN COVEY,Industrials,Equity,"6,275,769.64",0.01,"6,275,769.64","271,796.00",23.09,United States,New York Stock Exchange Inc.,USD,1.00,--
CRDF,CARDIFF ONCOLOGY INC,Health Care,Equity,"6,268,028.30",0.01,"6,268,028.30","1,457,681.00",4.30,United States,NASDAQ,USD,1.00,--
SKYT,SKYWATER TECHNOLOGY INC,Information Technology,Equity,"6,252,375.20",0.01,"6,252,375.20","686,320.00",9.11,United States,NASDAQ,USD,1.00,--
BLZE,BACKBLAZE INC CLASS A,Information Technology,Equity,"6,242,218.84",0.01,"6,242,218.84","1,116,676.00",5.59,United States,NASDAQ,USD,1.00,--
MAMA,MAMAS CREATIONS INC,Consumer Staples,Equity,"6,215,777.26",0.01,"6,215,777.26","763,609.00",8.14,United States,NASDAQ,USD,1.00,--
MVBF,MVB FINANCIAL CORP,Financials,Equity,"6,193,820.00",0.01,"6,193,820.00","309,691.00",20.00,United States,NASDAQ,USD,1.00,--
SLDP,SOLID POWER INC CLASS A,Consumer Discretionary,Equity,"6,194,666.67",0.01,"6,194,666.67","3,800,409.00",1.63,United States,NASDAQ,USD,1.00,--
GCO,GENESCO INC,Consumer Discretionary,Equity,"6,172,678.41",0.01,"6,172,678.41","267,563.00",23.07,United States,New York Stock Exchange Inc.,USD,1.00,--
DC,DAKOTA GOLD CORP,Materials,Equity,"6,174,827.52",0.01,"6,174,827.52","1,608,028.00",3.84,United States,Nyse Mkt Llc,USD,1.00,--
HRTX,HERON THERAPEUTICS INC,Health Care,Equity,"6,162,568.64",0.01,"6,162,568.64","2,906,872.00",2.12,United States,NASDAQ,USD,1.00,--
QTRX,QUANTERIX CORP,Health Care,Equity,"6,131,118.98",0.01,"6,131,118.98","931,781.00",6.58,United States,NASDAQ,USD,1.00,--
HCAT,HEALTH CATALYST INC,Health Care,Equity,"6,119,213.94",0.01,"6,119,213.94","1,478,071.00",4.14,United States,NASDAQ,USD,1.00,--
STRZ,STARZ ENTERTAINMENT CORP,Communication,Equity,"6,107,641.68",0.01,"6,107,641.68","322,133.00",18.96,United States,NASDAQ,USD,1.00,--
ABSI,ABSCI CORP,Health Care,Equity,"6,108,552.72",0.01,"6,108,552.72","2,016,024.00",3.03,United States,NASDAQ,USD,1.00,--
AVIR,ATEA PHARMACEUTICALS INC,Health Care,Equity,"6,081,095.58",0.01,"6,081,095.58","1,888,539.00",3.22,United States,NASDAQ,USD,1.00,--
RCKT,ROCKET PHARMACEUTICALS INC,Health Care,Equity,"6,085,866.12",0.01,"6,085,866.12","1,925,907.00",3.16,United States,NASDAQ,USD,1.00,--
TCMD,TACTILE SYSTEMS TECHNOLOGY INC,Health Care,Equity,"6,079,610.70",0.01,"6,079,610.70","587,402.00",10.35,United States,NASDAQ,USD,1.00,--
BCAX,BICARA THERAPEUTICS INC,Health Care,Equity,"6,058,213.50",0.01,"6,058,213.50","481,575.00",12.58,United States,NASDAQ,USD,1.00,--
HUMA,HUMACYTE INC,Health Care,Equity,"6,059,583.69",0.01,"6,059,583.69","2,269,507.00",2.67,United States,NASDAQ,USD,1.00,--
EGHT,8X8 INC,Information Technology,Equity,"6,036,311.94",0.01,"6,036,311.94","3,245,329.00",1.86,United States,NASDAQ,USD,1.00,--
TRAK,REPOSITRAK INC,Information Technology,Equity,"6,018,388.55",0.01,"6,018,388.55","279,535.00",21.53,United States,New York Stock Exchange Inc.,USD,1.00,--
ORGO,ORGANOGENESIS HOLDINGS INC CLASS A,Health Care,Equity,"6,011,157.34",0.01,"6,011,157.34","1,732,322.00",3.47,United States,NASDAQ,USD,1.00,--
ONIT,ONITY GROUP INC,Financials,Equity,"6,012,991.95",0.01,"6,012,991.95","158,195.00",38.01,United States,New York Stock Exchange Inc.,USD,1.00,--
SWIM,LATHAM GROUP INC,Consumer Discretionary,Equity,"6,010,819.97",0.01,"6,010,819.97","1,013,629.00",5.93,United States,NASDAQ,USD,1.00,--
MRVI,MARAVAI LIFESCIENCES HOLDINGS INC,Health Care,Equity,"6,003,223.20",0.01,"6,003,223.20","2,779,270.00",2.16,United States,NASDAQ,USD,1.00,--
REFI,CHICAGO ATLANTIC REAL ESTATE FINAN,Financials,Equity,"5,997,568.80",0.01,"5,997,568.80","422,364.00",14.20,United States,NASDAQ,USD,1.00,--
MXCT,MAXCYTE INC,Health Care,Equity,"5,989,448.85",0.01,"5,989,448.85","2,592,835.00",2.31,United States,NASDAQ,USD,1.00,--
DDD,3D SYSTEMS CORP,Industrials,Equity,"5,971,022.64",0.01,"5,971,022.64","3,245,121.00",1.84,United States,New York Stock Exchange Inc.,USD,1.00,--
HMST,HOMESTREET INC,Financials,Equity,"5,954,269.44",0.01,"5,954,269.44","462,288.00",12.88,United States,NASDAQ,USD,1.00,--
ESPR,ESPERION THERAPEUTICS INC,Health Care,Equity,"5,959,686.58",0.01,"5,959,686.58","4,884,989.00",1.22,United States,NASDAQ,USD,1.00,--
PKE,PARK AEROSPACE CORP,Industrials,Equity,"5,935,277.26",0.01,"5,935,277.26","411,886.00",14.41,United States,New York Stock Exchange Inc.,USD,1.00,--
ASUR,ASURE SOFTWARE INC,Industrials,Equity,"5,939,223.04",0.01,"5,939,223.04","598,712.00",9.92,United States,NASDAQ,USD,1.00,--
VSTM,VERASTEM INC,Health Care,Equity,"5,907,164.76",0.01,"5,907,164.76","965,223.00",6.12,United States,NASDAQ,USD,1.00,--
NRC,NATIONAL RESEARCH CORP,Health Care,Equity,"5,849,281.24",0.01,"5,849,281.24","360,844.00",16.21,United States,NASDAQ,USD,1.00,--
WOOF,PETCO HEALTH AND WELLNESS COMPANY,Consumer Discretionary,Equity,"5,814,641.04",0.01,"5,814,641.04","2,145,624.00",2.71,United States,NASDAQ,USD,1.00,--
AIP,ARTERIS INC,Information Technology,Equity,"5,815,667.12",0.01,"5,815,667.12","701,528.00",8.29,United States,NASDAQ,USD,1.00,--
FRST,PRIMIS FINANCIAL CORP,Financials,Equity,"5,817,208.99",0.01,"5,817,208.99","588,191.00",9.89,United States,NASDAQ,USD,1.00,--
TH,TARGET HOSPITALITY CORP,Consumer Discretionary,Equity,"5,819,461.59",0.01,"5,819,461.59","832,541.00",6.99,United States,NASDAQ,USD,1.00,--
WEST,WESTROCK COFFEE,Consumer Staples,Equity,"5,802,030.60",0.01,"5,802,030.60","840,874.00",6.90,United States,NASDAQ,USD,1.00,--
BLDE,BLADE AIR MOBILITY INC CLASS A,Industrials,Equity,"5,773,257.16",0.01,"5,773,257.16","1,381,162.00",4.18,United States,NASDAQ,USD,1.00,--
CTOS,CUSTOM TRUCK ONE SOURCE INC,Industrials,Equity,"5,754,397.92",0.01,"5,754,397.92","1,214,008.00",4.74,United States,New York Stock Exchange Inc.,USD,1.00,--
AMCX,AMC NETWORKS CLASS A INC,Communication,Equity,"5,712,741.76",0.01,"5,712,741.76","811,469.00",7.04,United States,NASDAQ,USD,1.00,--
TG,TREDEGAR CORP,Materials,Equity,"5,649,664.44",0.01,"5,649,664.44","650,883.00",8.68,United States,New York Stock Exchange Inc.,USD,1.00,--
BRY,BERRY,Energy,Equity,"5,646,329.22",0.01,"5,646,329.22","2,038,386.00",2.77,United States,NASDAQ,USD,1.00,--
EVCM,EVERCOMMERCE INC,Information Technology,Equity,"5,611,327.38",0.01,"5,611,327.38","546,913.00",10.26,United States,NASDAQ,USD,1.00,--
PRTA,PROTHENA PLC,Health Care,Equity,"5,587,403.44",0.01,"5,587,403.44","1,062,244.00",5.26,United States,NASDAQ,USD,1.00,--
PHLT,PERFORMANT HEALTHCARE INC,Health Care,Equity,"5,578,838.10",0.01,"5,578,838.10","1,690,557.00",3.30,United States,NASDAQ,USD,1.00,--
MBCN,MIDDLEFIELD BANC CORP,Financials,Equity,"5,580,681.92",0.01,"5,580,681.92","189,304.00",29.48,United States,NASDAQ,USD,1.00,--
TBCH,TURTLE BEACH CORP,Information Technology,Equity,"5,566,698.00",0.01,"5,566,698.00","412,348.00",13.50,United States,NASDAQ,USD,1.00,--
CIO,CITY OFFICE REIT INC,Real Estate,Equity,"5,567,698.55",0.01,"5,567,698.55","1,052,495.00",5.29,United States,New York Stock Exchange Inc.,USD,1.00,--
JMSB,JOHN MARSHALL BANCORP INC,Financials,Equity,"5,523,816.96",0.01,"5,523,816.96","311,552.00",17.73,United States,NASDAQ,USD,1.00,--
HYLN,HYLIION HOLDINGS CORP,Industrials,Equity,"5,525,588.64",0.01,"5,525,588.64","3,497,208.00",1.58,United States,Nyse Mkt Llc,USD,1.00,--
ILPT,INDUSTRIAL LOGISTICS PROPERTIES TR,Real Estate,Equity,"5,519,664.54",0.01,"5,519,664.54","1,572,554.00",3.51,United States,NASDAQ,USD,1.00,--
SB,SAFE BULKERS INC,Industrials,Equity,"5,497,121.80",0.01,"5,497,121.80","1,446,611.00",3.80,Monaco,New York Stock Exchange Inc.,USD,1.00,--
VMD,VIEMED HEALTHCARE INC,Health Care,Equity,"5,443,948.20",0.01,"5,443,948.20","788,978.00",6.90,United States,NASDAQ,USD,1.00,--
SMLR,SEMLER SCIENTIFIC INC,Health Care,Equity,"5,443,357.50",0.01,"5,443,357.50","172,805.00",31.50,United States,NASDAQ,USD,1.00,--
CBLL,CERIBELL INC,Health Care,Equity,"5,436,797.24",0.01,"5,436,797.24","306,817.00",17.72,United States,NASDAQ,USD,1.00,--
OSUR,ORASURE TECHNOLOGIES INC,Health Care,Equity,"5,428,778.55",0.01,"5,428,778.55","1,815,645.00",2.99,United States,NASDAQ,USD,1.00,--
ACDC,PROFRAC HOLDING CLASS A CORP,Energy,Equity,"5,429,491.92",0.01,"5,429,491.92","573,336.00",9.47,United States,NASDAQ,USD,1.00,--
FDBC,FIDELITY D AND D BANCORP INC,Financials,Equity,"5,414,944.64",0.01,"5,414,944.64","126,784.00",42.71,United States,NASDAQ,USD,1.00,--
OMER,OMEROS CORP,Health Care,Equity,"5,407,633.60",0.01,"5,407,633.60","1,393,720.00",3.88,United States,NASDAQ,USD,1.00,--
XPOF,XPONENTIAL FITNESS INC CLASS A,Consumer Discretionary,Equity,"5,395,217.96",0.01,"5,395,217.96","594,187.00",9.08,United States,New York Stock Exchange Inc.,USD,1.00,--
RAPP,RAPPORT THERAPEUTICS INC,Health Care,Equity,"5,396,231.68",0.01,"5,396,231.68","410,048.00",13.16,United States,NASDAQ,USD,1.00,--
LEGH,LEGACY HOUSING CORP,Consumer Discretionary,Equity,"5,377,472.16",0.01,"5,377,472.16","238,152.00",22.58,United States,NASDAQ,USD,1.00,--
CTRN,CITI TRENDS INC,Consumer Discretionary,Equity,"5,378,518.02",0.01,"5,378,518.02","157,543.00",34.14,United States,NASDAQ,USD,1.00,--
JRVR,JAMES RIVER GROUP HOLDINGS LTD,Financials,Equity,"5,379,991.73",0.01,"5,379,991.73","945,517.00",5.69,United States,NASDAQ,USD,1.00,--
BYND,BEYOND MEAT INC,Consumer Staples,Equity,"5,353,969.39",0.01,"5,353,969.39","1,570,079.00",3.41,United States,NASDAQ,USD,1.00,--
CRDA,CRAWFORD CLASS A,Financials,Equity,"5,343,317.84",0.01,"5,343,317.84","492,926.00",10.84,United States,New York Stock Exchange Inc.,USD,1.00,--
INBK,FIRST INTERNET BANCORP,Financials,Equity,"5,341,031.05",0.01,"5,341,031.05","220,795.00",24.19,United States,NASDAQ,USD,1.00,--
DENN,DENNYS CORP,Consumer Discretionary,Equity,"5,291,983.80",0.01,"5,291,983.80","1,251,060.00",4.23,United States,NASDAQ,USD,1.00,--
DMRC,DIGIMARC CORP,Information Technology,Equity,"5,285,401.68",0.01,"5,285,401.68","383,556.00",13.78,United States,NASDAQ,USD,1.00,--
DSP,VIANT TECHNOLOGY INC CLASS A,Information Technology,Equity,"5,286,986.88",0.01,"5,286,986.88","393,377.00",13.44,United States,NASDAQ,USD,1.00,--
MITT,AG MORTGAGE INVESTMENT TRUST REIT,Financials,Equity,"5,280,374.50",0.01,"5,280,374.50","707,825.00",7.46,United States,New York Stock Exchange Inc.,USD,1.00,"Jul 23, 2021"
BLFY,BLUE FOUNDRY BANCORP,Financials,Equity,"5,281,219.02",0.01,"5,281,219.02","585,501.00",9.02,United States,NASDAQ,USD,1.00,--
LPRO,OPEN LENDING CORP,Financials,Equity,"5,257,782.60",0.01,"5,257,782.60","2,564,772.00",2.05,United States,NASDAQ,USD,1.00,--
TNGX,TANGO THERAPEUTICS INC,Health Care,Equity,"5,238,902.58",0.01,"5,238,902.58","1,172,014.00",4.47,United States,NASDAQ,USD,1.00,--
TYRA,TYRA BIOSCIENCES INC,Health Care,Equity,"5,210,811.27",0.01,"5,210,811.27","486,537.00",10.71,United States,NASDAQ,USD,1.00,--
INR,INFINITY NATURAL RESOURCES INC CLA,Energy,Equity,"5,206,854.01",0.01,"5,206,854.01","303,253.00",17.17,United States,New York Stock Exchange Inc.,USD,1.00,--
GLUE,MONTE ROSA THERAPEUTICS INC,Health Care,Equity,"5,170,911.68",0.01,"5,170,911.68","1,017,896.00",5.08,United States,NASDAQ,USD,1.00,--
PGEN,PRECIGEN INC,Health Care,Equity,"5,148,021.34",0.01,"5,148,021.34","3,342,871.00",1.54,United States,NASDAQ,USD,1.00,--
BSVN,BANK7 CORP,Financials,Equity,"5,149,294.50",0.01,"5,149,294.50","129,055.00",39.90,United States,NASDAQ,USD,1.00,--
MBI,MBIA INC,Financials,Equity,"5,141,279.04",0.01,"5,141,279.04","1,173,808.00",4.38,United States,New York Stock Exchange Inc.,USD,1.00,--
FDMT,4D MOLECULAR THERAPEUTICS INC,Health Care,Equity,"5,133,052.98",0.01,"5,133,052.98","1,148,334.00",4.47,United States,NASDAQ,USD,1.00,--
ISTR,INVESTAR HOLDING CORP,Financials,Equity,"5,136,127.59",0.01,"5,136,127.59","263,797.00",19.47,United States,NASDAQ,USD,1.00,--
NWFL,NORWOOD FINANCIAL CORP,Financials,Equity,"5,127,170.40",0.01,"5,127,170.40","194,211.00",26.40,United States,NASDAQ,USD,1.00,--
ALCO,ALICO INC,Consumer Staples,Equity,"5,128,405.00",0.01,"5,128,405.00","163,325.00",31.40,United States,NASDAQ,USD,1.00,--
RLGT,RADIANT LOGISTIC INC,Industrials,Equity,"5,096,262.74",0.01,"5,096,262.74","839,582.00",6.07,United States,Nyse Mkt Llc,USD,1.00,--
WOW,WIDEOPENWEST INC,Communication,Equity,"5,097,719.31",0.01,"5,097,719.31","1,240,321.00",4.11,United States,New York Stock Exchange Inc.,USD,1.00,--
INZY,INOZYME PHARMA INC,Health Care,Equity,"5,061,811.76",0.01,"5,061,811.76","1,271,812.00",3.98,United States,NASDAQ,USD,1.00,--
EB,EVENTBRITE CLASS A INC,Communication,Equity,"5,048,844.80",0.01,"5,048,844.80","1,972,205.00",2.56,United States,New York Stock Exchange Inc.,USD,1.00,--
QSI,QUANTUM SI INC CLASS A,Health Care,Equity,"5,039,029.50",0.01,"5,039,029.50","2,964,135.00",1.70,United States,NASDAQ,USD,1.00,--
DH,DEFINITIVE HEALTHCARE CORP CLASS A,Health Care,Equity,"5,015,452.50",0.01,"5,015,452.50","1,337,454.00",3.75,United States,NASDAQ,USD,1.00,--
TRDA,ENTRADA THERAPEUTICS INC,Health Care,Equity,"5,004,403.60",0.01,"5,004,403.60","605,860.00",8.26,United States,NASDAQ,USD,1.00,--
TTGT,TECHTARGET INC,Communication,Equity,"5,005,487.48",0.01,"5,005,487.48","674,594.00",7.42,United States,NASDAQ,USD,1.00,--
PCYO,PURE CYCLE CORP,Utilities,Equity,"5,003,291.70",0.01,"5,003,291.70","466,290.00",10.73,United States,NASDAQ,USD,1.00,--
SNBR,SLEEP NUMBER CORP,Consumer Discretionary,Equity,"5,003,576.18",0.01,"5,003,576.18","540,343.00",9.26,United States,NASDAQ,USD,1.00,--
NATH,NATHANS FAMOUS INC,Consumer Discretionary,Equity,"4,979,278.66",0.01,"4,979,278.66","43,051.00",115.66,United States,NASDAQ,USD,1.00,--
UPB,UPSTREAM BIO INC,Health Care,Equity,"4,954,713.41",0.01,"4,954,713.41","427,499.00",11.59,United States,NASDAQ,USD,1.00,--
LCNB,LCNB CORP,Financials,Equity,"4,916,244.48",0.01,"4,916,244.48","329,728.00",14.91,United States,NASDAQ,USD,1.00,--
BRT,BRT APARTMENTS CORP,Real Estate,Equity,"4,909,944.33",0.01,"4,909,944.33","301,779.00",16.27,United States,New York Stock Exchange Inc.,USD,1.00,--
GAMB,GAMBLING COM GROUP LTD,Communication,Equity,"4,900,492.08",0.01,"4,900,492.08","400,367.00",12.24,Jersey,NASDAQ,USD,1.00,--
ASLE,AERSALE CORP,Industrials,Equity,"4,872,106.80",0.01,"4,872,106.80","820,220.00",5.94,United States,NASDAQ,USD,1.00,--
EWCZ,EUROPEAN WAX CENTER INC CLASS A,Consumer Discretionary,Equity,"4,870,233.60",0.01,"4,870,233.60","765,760.00",6.36,United States,NASDAQ,USD,1.00,--
CDXS,CODEXIS INC,Health Care,Equity,"4,860,438.52",0.01,"4,860,438.52","1,991,983.00",2.44,United States,NASDAQ,USD,1.00,--
PRTH,PRIORITY TECHNOLOGY HOLDINGS INC,Financials,Equity,"4,849,891.62",0.01,"4,849,891.62","567,903.00",8.54,United States,NASDAQ,USD,1.00,--
IAUX,I GOLD CORP,Materials,Equity,"4,840,413.16",0.01,"4,840,413.16","7,807,118.00",0.62,Canada,Nyse Mkt Llc,USD,1.00,--
PINE,ALPINE INCOME PROPERTY TRUST INC,Real Estate,Equity,"4,811,519.25",0.01,"4,811,519.25","309,025.00",15.57,United States,New York Stock Exchange Inc.,USD,1.00,--
OVLY,OAK VALLEY BANCORP,Financials,Equity,"4,785,867.93",0.01,"4,785,867.93","181,903.00",26.31,United States,NASDAQ,USD,1.00,--
CTGO,CONTANGO ORE INC,Materials,Equity,"4,766,355.99",0.01,"4,766,355.99","239,877.00",19.87,United States,Nyse Mkt Llc,USD,1.00,--
KLTR,KALTURA INC,Information Technology,Equity,"4,749,532.32",0.01,"4,749,532.32","2,283,429.00",2.08,United States,NASDAQ,USD,1.00,--
MFIN,MEDALLION FINANCIAL CORP,Financials,Equity,"4,742,504.13",0.01,"4,742,504.13","499,737.00",9.49,United States,NASDAQ,USD,1.00,--
IHRT,IHEARTMEDIA INC CLASS A,Communication,Equity,"4,732,113.60",0.01,"4,732,113.60","2,628,952.00",1.80,United States,NASDAQ,USD,1.00,--
RNGR,RANGER ENERGY SERVICES INC CLASS A,Energy,Equity,"4,732,421.40",0.01,"4,732,421.40","375,589.00",12.60,United States,New York Stock Exchange Inc.,USD,1.00,--
SEPN,SEPTERNA INC,Health Care,Equity,"4,735,440.88",0.01,"4,735,440.88","460,646.00",10.28,United States,NASDAQ,USD,1.00,--
ZUMZ,ZUMIEZ INC,Consumer Discretionary,Equity,"4,735,683.76",0.01,"4,735,683.76","385,642.00",12.28,United States,NASDAQ,USD,1.00,--
FENC,FENNEC PHARMACEUTICALS INC,Health Care,Equity,"4,718,767.02",0.01,"4,718,767.02","567,842.00",8.31,Canada,NASDAQ,USD,1.00,--
KFS,KINGSWAY FINANCIAL SERVICES INC,Financials,Equity,"4,719,988.02",0.01,"4,719,988.02","337,866.00",13.97,United States,New York Stock Exchange Inc.,USD,1.00,--
RGP,RESOURCES CONNECTION INC,Industrials,Equity,"4,720,972.62",0.01,"4,720,972.62","864,647.00",5.46,United States,NASDAQ,USD,1.00,--
TBI,TRUEBLUE INC,Industrials,Equity,"4,692,433.08",0.01,"4,692,433.08","760,524.00",6.17,United States,New York Stock Exchange Inc.,USD,1.00,--
KRT,KARAT PACKAGING INC,Industrials,Equity,"4,693,814.64",0.01,"4,693,814.64","151,609.00",30.96,United States,NASDAQ,USD,1.00,--
JAKK,JAKKS PACIFIC INC,Consumer Discretionary,Equity,"4,681,383.46",0.01,"4,681,383.46","208,154.00",22.49,United States,NASDAQ,USD,1.00,--
ALMS,ALUMIS INC,Health Care,Equity,"4,682,838.72",0.01,"4,682,838.72","1,393,702.00",3.36,United States,NASDAQ,USD,1.00,--
III,INFORMATION SERVICES GROUP INC,Information Technology,Equity,"4,657,071.51",0.01,"4,657,071.51","964,197.00",4.83,United States,NASDAQ,USD,1.00,--
YMAB,Y MABS THERAPEUTICS INC,Health Care,Equity,"4,642,424.78",0.01,"4,642,424.78","908,498.00",5.11,United States,NASDAQ,USD,1.00,--
OLPX,OLAPLEX HOLDINGS INC,Consumer Staples,Equity,"4,642,619.03",0.01,"4,642,619.03","3,490,691.00",1.33,United States,NASDAQ,USD,1.00,--
FVCB,FVCBANKCORP INC,Financials,Equity,"4,620,604.80",0.01,"4,620,604.80","398,328.00",11.60,United States,NASDAQ,USD,1.00,--
ALLO,ALLOGENE THERAPEUTICS INC,Health Care,Equity,"4,620,618.22",0.01,"4,620,618.22","3,164,807.00",1.46,United States,NASDAQ,USD,1.00,--
XOMA,XOMA ROYALTY CORP,Health Care,Equity,"4,613,150.00",0.01,"4,613,150.00","184,526.00",25.00,United States,NASDAQ,USD,1.00,--
VABK,VIRGINIA NATIONAL BANKSHARES CORP,Financials,Equity,"4,580,799.30",0.01,"4,580,799.30","121,765.00",37.62,United States,NASDAQ,USD,1.00,--
MYFW,FIRST WESTERN FINANCIAL INC,Financials,Equity,"4,575,944.04",0.01,"4,575,944.04","213,132.00",21.47,United States,NASDAQ,USD,1.00,--
INSE,INSPIRED ENTERTAINMENT INC,Consumer Discretionary,Equity,"4,567,950.87",0.01,"4,567,950.87","566,041.00",8.07,United States,NASDAQ,USD,1.00,--
NPCE,NEUROPACE INC,Health Care,Equity,"4,568,531.70",0.01,"4,568,531.70","353,055.00",12.94,United States,NASDAQ,USD,1.00,--
CATX,PERSPECTIVE THERAPEUTICS INC,Health Care,Equity,"4,563,004.46",0.01,"4,563,004.46","1,330,322.00",3.43,United States,Nyse Mkt Llc,USD,1.00,--
MDWD,MEDIWOUND LTD,Health Care,Equity,"4,537,878.34",0.01,"4,537,878.34","213,146.00",21.29,Israel,NASDAQ,USD,1.00,--
ULCC,FRONTIER GROUP HOLDINGS INC,Industrials,Equity,"4,530,417.19",0.01,"4,530,417.19","1,124,173.00",4.03,United States,NASDAQ,USD,1.00,--
CHMG,CHEMUNG FINANCIAL CORP,Financials,Equity,"4,532,688.55",0.01,"4,532,688.55","95,005.00",47.71,United States,NASDAQ,USD,1.00,--
USCB,USCB FINANCIAL HOLDINGS INC CLASS,Financials,Equity,"4,501,906.50",0.01,"4,501,906.50","266,385.00",16.90,United States,NASDAQ,USD,1.00,--
FET,FORUM ENERGY TECHNOLOGIES INC,Energy,Equity,"4,495,231.44",0.01,"4,495,231.44","250,152.00",17.97,United States,New York Stock Exchange Inc.,USD,1.00,--
ONEW,ONEWATER MARINE CLASS A INC,Consumer Discretionary,Equity,"4,483,085.40",0.01,"4,483,085.40","289,605.00",15.48,United States,NASDAQ,USD,1.00,--
MEC,MAYVILLE ENGINEERING COMPANY INC,Industrials,Equity,"4,485,639.60",0.01,"4,485,639.60","301,860.00",14.86,United States,New York Stock Exchange Inc.,USD,1.00,--
BH,BIGLARI HOLDINGS INCINARY CLASS B,Consumer Discretionary,Equity,"4,473,527.60",0.01,"4,473,527.60","16,790.00",266.44,United States,New York Stock Exchange Inc.,USD,1.00,--
FSTR,LB FOSTER,Industrials,Equity,"4,424,345.73",0.01,"4,424,345.73","226,541.00",19.53,United States,NASDAQ,USD,1.00,--
SSP,EW SCRIPPS CLASS A,Communication,Equity,"4,401,898.74",0.01,"4,401,898.74","1,560,957.00",2.82,United States,NASDAQ,USD,1.00,--
INBX,INHIBRX BIOSCIENCES INC,Health Care,Equity,"4,384,830.45",0.01,"4,384,830.45","285,285.00",15.37,United States,NASDAQ,USD,1.00,--
WTI,W AND T OFFSHORE INC,Energy,Equity,"4,372,230.60",0.01,"4,372,230.60","2,429,017.00",1.80,United States,New York Stock Exchange Inc.,USD,1.00,--
VEL,VELOCITY FINANCIAL INC,Financials,Equity,"4,358,364.78",0.01,"4,358,364.78","229,026.00",19.03,United States,New York Stock Exchange Inc.,USD,1.00,--
ATLO,AMES NATIONAL CORP,Financials,Equity,"4,351,799.40",0.01,"4,351,799.40","245,310.00",17.74,United States,NASDAQ,USD,1.00,--
BPRN,PRINCETON BANCORP INC,Financials,Equity,"4,338,869.12",0.01,"4,338,869.12","141,608.00",30.64,United States,NASDAQ,USD,1.00,--
NATR,NATURES SUNSHINE PRODUCTS INC,Consumer Staples,Equity,"4,312,422.40",0.01,"4,312,422.40","301,568.00",14.30,United States,NASDAQ,USD,1.00,--
EDIT,EDITAS MEDICINE INC,Health Care,Equity,"4,314,046.80",0.01,"4,314,046.80","2,054,308.00",2.10,United States,NASDAQ,USD,1.00,--
SEVN,SEVEN HILLS REALTY TRUST,Financials,Equity,"4,279,005.84",0.01,"4,279,005.84","358,977.00",11.92,United States,NASDAQ,USD,1.00,--
LILA,LIBERTY LATIN AMERICA LTD CLASS A,Communication,Equity,"4,276,485.20",0.01,"4,276,485.20","813,020.00",5.26,United States,NASDAQ,USD,1.00,--
ALTG,ALTA EQUIPMENT GROUP INC CLASS A,Industrials,Equity,"4,265,433.80",0.01,"4,265,433.80","675,980.00",6.31,United States,New York Stock Exchange Inc.,USD,1.00,--
QUAD,QUAD GRAPHICS INC CLASS A,Industrials,Equity,"4,259,215.50",0.01,"4,259,215.50","778,650.00",5.47,United States,New York Stock Exchange Inc.,USD,1.00,--
HAIN,HAIN CELESTIAL GROUP INC,Consumer Staples,Equity,"4,252,772.70",0.01,"4,252,772.70","2,274,210.00",1.87,United States,NASDAQ,USD,1.00,--
OLMA,OLEMA PHARMACEUTICALS INC,Health Care,Equity,"4,256,676.27",0.01,"4,256,676.27","1,011,087.00",4.21,United States,NASDAQ,USD,1.00,--
FVR,FRONTVIEW REIT INC,Real Estate,Equity,"4,256,688.81",0.01,"4,256,688.81","370,469.00",11.49,United States,New York Stock Exchange Inc.,USD,1.00,--
HSHP,HIMALAYA SHIPPING LTD,Industrials,Equity,"4,243,278.93",0.01,"4,243,278.93","676,759.00",6.27,Norway,New York Stock Exchange Inc.,USD,1.00,--
NKSH,NATIONAL BANKSHARES INC,Financials,Equity,"4,237,866.60",0.01,"4,237,866.60","156,610.00",27.06,United States,NASDAQ,USD,1.00,--
MASS,908 DEVICES INC,Information Technology,Equity,"4,219,551.30",0.01,"4,219,551.30","594,303.00",7.10,United States,NASDAQ,USD,1.00,--
RMNI,RIMINI STREET INC,Information Technology,Equity,"4,203,241.25",0.01,"4,203,241.25","1,293,305.00",3.25,United States,NASDAQ,USD,1.00,--
PAYS,PAYSIGN INC,Financials,Equity,"4,193,101.99",0.01,"4,193,101.99","840,301.00",4.99,United States,NASDAQ,USD,1.00,--
GCBC,GREENE COUNTY BANCORP INC,Financials,Equity,"4,175,479.14",0.01,"4,175,479.14","184,674.00",22.61,United States,NASDAQ,USD,1.00,--
ZBIO,ZENAS BIOPHARMA INC,Health Care,Equity,"4,168,540.56",0.01,"4,168,540.56","349,124.00",11.94,United States,NASDAQ,USD,1.00,--
SMRT,SMARTRENT INC CLASS A,Information Technology,Equity,"4,155,402.88",0.01,"4,155,402.88","4,668,992.00",0.89,United States,New York Stock Exchange Inc.,USD,1.00,--
ULH,UNIVERSAL LOGISTICS INC,Industrials,Equity,"4,146,906.76",0.01,"4,146,906.76","164,299.00",25.24,United States,NASDAQ,USD,1.00,--
SRI,STONERIDGE INC,Consumer Discretionary,Equity,"4,150,004.40",0.01,"4,150,004.40","653,544.00",6.35,United States,New York Stock Exchange Inc.,USD,1.00,--
WEYS,WEYCO GROUP INC,Consumer Discretionary,Equity,"4,138,180.80",0.01,"4,138,180.80","129,480.00",31.96,United States,NASDAQ,USD,1.00,--
FSP,FRANKLIN STREET PROPERTIES REIT CO,Real Estate,Equity,"4,124,547.00",0.01,"4,124,547.00","2,291,415.00",1.80,United States,Nyse Mkt Llc,USD,1.00,--
FATE,FATE THERAPEUTICS INC,Health Care,Equity,"4,102,445.18",0.01,"4,102,445.18","2,456,554.00",1.67,United States,NASDAQ,USD,1.00,--
GETY,GETTY IMAGES HOLDINGS INC CLASS A,Communication,Equity,"4,103,813.48",0.01,"4,103,813.48","2,428,292.00",1.69,United States,New York Stock Exchange Inc.,USD,1.00,--
RCKY,ROCKY BRANDS INC,Consumer Discretionary,Equity,"4,074,749.69",0.01,"4,074,749.69","177,859.00",22.91,United States,NASDAQ,USD,1.00,--
PACK,RANPAK HOLDINGS CORP CLASS A,Materials,Equity,"4,061,196.02",0.01,"4,061,196.02","1,094,662.00",3.71,United States,New York Stock Exchange Inc.,USD,1.00,--
GRDN,GUARDIAN PHARMACY SERVICES INC CLA,Consumer Staples,Equity,"4,049,854.67",0.01,"4,049,854.67","196,309.00",20.63,United States,New York Stock Exchange Inc.,USD,1.00,--
FNKO,FUNKO INC CLASS A,Consumer Discretionary,Equity,"4,050,135.10",0.01,"4,050,135.10","786,434.00",5.15,United States,NASDAQ,USD,1.00,--
PVBC,PROVIDENT BANCORP INC,Financials,Equity,"4,050,152.25",0.01,"4,050,152.25","341,785.00",11.85,United States,NASDAQ,USD,1.00,--
CADL,CANDEL THERAPEUTICS INC,Health Care,Equity,"4,050,692.10",0.01,"4,050,692.10","692,426.00",5.85,United States,NASDAQ,USD,1.00,--
SAMG,SILVERCREST ASSET MANAGEMENT GROUP,Financials,Equity,"4,046,626.08",0.01,"4,046,626.08","267,634.00",15.12,United States,NASDAQ,USD,1.00,--
ATNI,ATN INTERNATIONAL INC,Communication,Equity,"4,041,691.50",0.01,"4,041,691.50","249,950.00",16.17,United States,NASDAQ,USD,1.00,--
PESI,PERMA FIX ENVIRONMENTAL SERVICES I,Industrials,Equity,"4,017,452.60",0.01,"4,017,452.60","387,785.00",10.36,United States,NASDAQ,USD,1.00,--
ESSA,ESSA BANCORP INC,Financials,Equity,"3,984,951.60",0.01,"3,984,951.60","210,844.00",18.90,United States,NASDAQ,USD,1.00,--
VTYX,VENTYX BIOSCIENCES INC,Health Care,Equity,"3,989,463.70",0.01,"3,989,463.70","1,505,458.00",2.65,United States,NASDAQ,USD,1.00,--
BHR,BRAEMAR HOTELS RESORTS INC,Real Estate,Equity,"3,972,932.50",0.01,"3,972,932.50","1,589,173.00",2.50,United States,New York Stock Exchange Inc.,USD,1.00,--
TTSH,TILE SHOP HOLDINGS INC,Consumer Discretionary,Equity,"3,968,884.92",0.01,"3,968,884.92","632,996.00",6.27,United States,NASDAQ,USD,1.00,--
HPK,HIGHPEAK ENERGY INC,Energy,Equity,"3,965,580.58",0.01,"3,965,580.58","352,183.00",11.26,United States,NASDAQ,USD,1.00,--
INGN,INOGEN INC,Health Care,Equity,"3,947,651.64",0.01,"3,947,651.64","596,322.00",6.62,United States,NASDAQ,USD,1.00,--
PANL,PANGAEA LOGISTICS SOLUTIONS LTD,Industrials,Equity,"3,950,135.77",0.01,"3,950,135.77","824,663.00",4.79,United States,NASDAQ,USD,1.00,--
SSTI,SOUNDTHINKING INC,Information Technology,Equity,"3,937,582.80",0.01,"3,937,582.80","235,220.00",16.74,United States,NASDAQ,USD,1.00,--
LFCR,LIFECORE BIOMEDICAL INC,Health Care,Equity,"3,937,838.94",0.01,"3,937,838.94","574,029.00",6.86,United States,NASDAQ,USD,1.00,--
TCX,TUCOWS INC,Information Technology,Equity,"3,911,942.62",0.01,"3,911,942.62","193,087.00",20.26,United States,NASDAQ,USD,1.00,--
TLS,TELOS CORPORATION CORP,Information Technology,Equity,"3,903,971.52",0.01,"3,903,971.52","1,409,376.00",2.77,United States,NASDAQ,USD,1.00,--
CHGG,CHEGG INC,Consumer Discretionary,Equity,"3,897,705.24",0.01,"3,897,705.24","2,498,529.00",1.56,United States,New York Stock Exchange Inc.,USD,1.00,--
LZM,LIFEZONE METALS LTD,Materials,Equity,"3,890,011.42",0.01,"3,890,011.42","851,206.00",4.57,Isle of Man,New York Stock Exchange Inc.,USD,1.00,--
KRO,KRONOS WORLDWIDE INC,Materials,Equity,"3,867,615.68",0.01,"3,867,615.68","558,904.00",6.92,United States,New York Stock Exchange Inc.,USD,1.00,--
PAL,PROFICIENT AUTO LOGISTICS INC,Industrials,Equity,"3,868,264.53",0.01,"3,868,264.53","522,033.00",7.41,United States,NASDAQ,USD,1.00,--
ARQ,ARQ INC,Materials,Equity,"3,858,377.60",0.01,"3,858,377.60","715,840.00",5.39,United States,NASDAQ,USD,1.00,--
CRGX,CARGO THERAPEUTICS INC,Health Care,Equity,"3,858,386.13",0.01,"3,858,386.13","840,607.00",4.59,United States,NASDAQ,USD,1.00,--
DCGO,DOCGO INC,Health Care,Equity,"3,859,981.92",0.01,"3,859,981.92","2,522,864.00",1.53,United States,NASDAQ,USD,1.00,--
MED,MEDIFAST INC,Consumer Staples,Equity,"3,854,531.70",0.01,"3,854,531.70","283,630.00",13.59,United States,New York Stock Exchange Inc.,USD,1.00,--
ADV,ADVANTAGE SOLUTIONS INC CLASS A,Communication,Equity,"3,856,950.72",0.01,"3,856,950.72","2,623,776.00",1.47,United States,NASDAQ,USD,1.00,--
VYGR,VOYAGER THERAPEUTICS INC,Health Care,Equity,"3,840,482.36",0.01,"3,840,482.36","1,109,966.00",3.46,United States,NASDAQ,USD,1.00,--
LWLG,LIGHTWAVE LOGIC INC,Information Technology,Equity,"3,834,590.50",0.01,"3,834,590.50","2,949,685.00",1.30,United States,NASDAQ,USD,1.00,--
SCPH,SCPHARMACEUTICALS INC,Health Care,Equity,"3,813,515.65",0.01,"3,813,515.65","893,095.00",4.27,United States,NASDAQ,USD,1.00,--
PKOH,PARK OHIO HOLDINGS CORP,Industrials,Equity,"3,817,143.78",0.01,"3,817,143.78","209,618.00",18.21,United States,NASDAQ,USD,1.00,--
MG,MISTRAS GROUP INC,Industrials,Equity,"3,805,404.16",0.01,"3,805,404.16","492,928.00",7.72,United States,New York Stock Exchange Inc.,USD,1.00,--
ENTA,ENANTA PHARMACEUTICALS INC,Health Care,Equity,"3,793,964.34",0.01,"3,793,964.34","500,523.00",7.58,United States,NASDAQ,USD,1.00,--
ONTF,ON24 INC,Information Technology,Equity,"3,768,518.56",0.01,"3,768,518.56","665,816.00",5.66,United States,New York Stock Exchange Inc.,USD,1.00,--
BCBP,BCB BANCORP INC,Financials,Equity,"3,771,724.32",0.01,"3,771,724.32","460,528.00",8.19,United States,NASDAQ,USD,1.00,--
RCEL,AVITA MEDICAL INC,Health Care,Equity,"3,754,915.36",0.01,"3,754,915.36","626,864.00",5.99,United States,NASDAQ,USD,1.00,--
TE,T1 ENERGY INC,Industrials,Equity,"3,736,842.66",0.01,"3,736,842.66","2,707,857.00",1.38,United States,New York Stock Exchange Inc.,USD,1.00,--
EVC,ENTRAVISION COMMUNICATIONS CORP CL,Communication,Equity,"3,741,488.01",0.01,"3,741,488.01","1,539,707.00",2.43,United States,New York Stock Exchange Inc.,USD,1.00,--
NXDT,NEXPOINT DIVERSIFIED REAL ESTATE T,Real Estate,Equity,"3,729,366.74",0.01,"3,729,366.74","892,193.00",4.18,United States,New York Stock Exchange Inc.,USD,1.00,--
PBYI,PUMA BIOTECHNOLOGY INC,Health Care,Equity,"3,712,914.00",0.01,"3,712,914.00","1,031,365.00",3.60,United States,NASDAQ,USD,1.00,--
HBB,HAMILTON BEACH BRANDS HOLDING COMP,Consumer Discretionary,Equity,"3,677,421.60",0.01,"3,677,421.60","200,952.00",18.30,United States,New York Stock Exchange Inc.,USD,1.00,--
SEAT,VIVID SEATS INC CLASS A,Communication,Equity,"3,648,295.56",0.01,"3,648,295.56","2,004,558.00",1.82,United States,NASDAQ,USD,1.00,--
FLXS,FLEXSTEEL INDUSTRIES INC,Consumer Discretionary,Equity,"3,652,529.35",0.01,"3,652,529.35","113,609.00",32.15,United States,NASDAQ,USD,1.00,--
PEBK,PEOPLES BANCORP OF NORTH CAROLINA,Financials,Equity,"3,642,260.68",0.01,"3,642,260.68","127,709.00",28.52,United States,NASDAQ,USD,1.00,--
RMAX,RE MAX HOLDINGS INC CLASS A,Real Estate,Equity,"3,628,868.60",0.01,"3,628,868.60","446,905.00",8.12,United States,New York Stock Exchange Inc.,USD,1.00,--
MNTK,MONTAUK RENEWABLES INC,Utilities,Equity,"3,609,874.24",0.01,"3,609,874.24","1,611,551.00",2.24,United States,NASDAQ,USD,1.00,--
ALDX,ALDEYRA THERAPEUTICS INC,Health Care,Equity,"3,574,766.04",0.01,"3,574,766.04","1,331,384.00",2.69,United States,NASDAQ,USD,1.00,--
BOOM,DMC GLOBAL INC,Energy,Equity,"3,575,820.26",0.01,"3,575,820.26","459,617.00",7.78,United States,NASDAQ,USD,1.00,--
WBTN,WEBTOON ENTERTAINMENT INC,Communication,Equity,"3,570,544.04",0.01,"3,570,544.04","401,636.00",8.89,United States,NASDAQ,USD,1.00,--
RGCO,RGC RESOURCES INC,Utilities,Equity,"3,530,870.64",0.01,"3,530,870.64","169,103.00",20.88,United States,NASDAQ,USD,1.00,--
OABI,OMNIAB INC,Health Care,Equity,"3,518,097.66",0.01,"3,518,097.66","2,284,479.00",1.54,United States,NASDAQ,USD,1.00,--
KOD,KODIAK SCIENCES INC,Health Care,Equity,"3,505,094.02",0.01,"3,505,094.02","830,591.00",4.22,United States,NASDAQ,USD,1.00,--
EPM,EVOLUTION PETROLEUM CORP,Energy,Equity,"3,466,646.34",0.01,"3,466,646.34","690,567.00",5.02,United States,Nyse Mkt Llc,USD,1.00,--
NKTR,NEKTAR THERAPEUTICS,Health Care,Equity,"3,455,995.55",0.01,"3,455,995.55","304,493.00",11.35,United States,NASDAQ,USD,1.00,--
BBCP,CONCRETE PUMPING HOLDINGS INC,Industrials,Equity,"3,446,697.75",0.01,"3,446,697.75","567,825.00",6.07,United States,NASDAQ,USD,1.00,--
SGC,SUPERIOR GROUP OF COMPANIES INC,Consumer Discretionary,Equity,"3,449,418.56",0.01,"3,449,418.56","326,032.00",10.58,United States,NASDAQ,USD,1.00,--
ANIK,ANIKA THERAPEUTICS INC,Health Care,Equity,"3,429,599.25",0.01,"3,429,599.25","296,935.00",11.55,United States,NASDAQ,USD,1.00,--
POWW,OUTDOOR HOLDING,Consumer Discretionary,Equity,"3,430,498.68",0.01,"3,430,498.68","2,242,156.00",1.53,United States,NASDAQ,USD,1.00,--
SGHT,SIGHT SCIENCES INC,Health Care,Equity,"3,430,542.24",0.01,"3,430,542.24","822,672.00",4.17,United States,NASDAQ,USD,1.00,--
SMHI,SEACOR MARINE HOLDINGS INC,Energy,Equity,"3,421,493.86",0.01,"3,421,493.86","582,878.00",5.87,United States,New York Stock Exchange Inc.,USD,1.00,--
UP,WHEELS UP EXPERIENCE INC CLASS A,Industrials,Equity,"3,393,243.44",0.01,"3,393,243.44","2,232,397.00",1.52,United States,New York Stock Exchange Inc.,USD,1.00,--
AGEN,AGENUS INC,Health Care,Equity,"3,393,727.23",0.01,"3,393,727.23","631,979.00",5.37,United States,NASDAQ,USD,1.00,--
NC,NACCO INDUSTRIES INC CLASS A,Energy,Equity,"3,356,939.00",0.01,"3,356,939.00","92,990.00",36.10,United States,New York Stock Exchange Inc.,USD,1.00,--
RSVR,RESERVOIR MEDIA INC,Communication,Equity,"3,331,106.80",0.01,"3,331,106.80","456,316.00",7.30,United States,NASDAQ,USD,1.00,--
SES,SES AI CORP CLASS A,Industrials,Equity,"3,327,859.86",0.01,"3,327,859.86","3,372,717.00",0.99,United States,New York Stock Exchange Inc.,USD,1.00,--
GPMT,GRANITE POINT MORTGAGE TRUST INC,Financials,Equity,"3,312,558.60",0.01,"3,312,558.60","1,274,061.00",2.60,United States,New York Stock Exchange Inc.,USD,1.00,--
FCEL,FUELCELL ENERGY INC,Industrials,Equity,"3,295,723.20",0.01,"3,295,723.20","490,435.00",6.72,United States,NASDAQ,USD,1.00,--
JYNT,JOINT CORP,Health Care,Equity,"3,296,847.87",0.01,"3,296,847.87","263,537.00",12.51,United States,NASDAQ,USD,1.00,--
NREF,NEXPOINT REAL ESTATE FINANCE INC,Financials,Equity,"3,280,136.48",0.01,"3,280,136.48","211,349.00",15.52,United States,New York Stock Exchange Inc.,USD,1.00,--
PBFS,PIONEER BANCORP INC,Financials,Equity,"3,271,993.74",0.01,"3,271,993.74","284,274.00",11.51,United States,NASDAQ,USD,1.00,--
SMID,SMITH MIDLAND CORP,Materials,Equity,"3,272,360.00",0.01,"3,272,360.00","105,560.00",31.00,United States,NASDAQ,USD,1.00,--
FORR,FORRESTER RESEARCH INC,Industrials,Equity,"3,277,203.60",0.01,"3,277,203.60","299,288.00",10.95,United States,NASDAQ,USD,1.00,--
TRUE,TRUECAR INC,Communication,Equity,"3,270,393.36",0.01,"3,270,393.36","2,096,406.00",1.56,United States,NASDAQ,USD,1.00,--
AMPY,AMPLIFY ENERGY CORP,Energy,Equity,"3,270,575.38",0.01,"3,270,575.38","945,253.00",3.46,United States,New York Stock Exchange Inc.,USD,1.00,--
GENC,GENCOR INDUSTRIES INC,Industrials,Equity,"3,258,366.30",0.01,"3,258,366.30","224,870.00",14.49,United States,Nyse Mkt Llc,USD,1.00,--
LESL,LESLIES INC,Consumer Discretionary,Equity,"3,258,535.83",0.01,"3,258,535.83","4,878,778.00",0.67,United States,NASDAQ,USD,1.00,--
NRDY,NERDY INC CLASS A,Consumer Discretionary,Equity,"3,242,645.77",0.01,"3,242,645.77","1,791,517.00",1.81,United States,New York Stock Exchange Inc.,USD,1.00,--
MLP,MAUI LAND AND PINEAPPLE INC,Real Estate,Equity,"3,237,110.40",0.01,"3,237,110.40","180,240.00",17.96,United States,New York Stock Exchange Inc.,USD,1.00,--
FLWS,1-800 FLOWERS.COM INC CLASS A,Consumer Discretionary,Equity,"3,227,285.88",0.01,"3,227,285.88","625,443.00",5.16,United States,NASDAQ,USD,1.00,--
ALTI,ALTI GLOBAL INC CLASS A,Financials,Equity,"3,217,047.68",0.01,"3,217,047.68","829,136.00",3.88,United States,NASDAQ,USD,1.00,--
MYPS,PLAYSTUDIOS INC CLASS A,Communication,Equity,"3,213,829.50",0.01,"3,213,829.50","2,142,553.00",1.50,United States,NASDAQ,USD,1.00,--
ESCA,ESCALADE INC,Consumer Discretionary,Equity,"3,206,361.62",0.01,"3,206,361.62","224,378.00",14.29,United States,NASDAQ,USD,1.00,--
HFFG,HF FOODS GROUP INC,Consumer Staples,Equity,"3,188,695.10",0.01,"3,188,695.10","880,855.00",3.62,United States,NASDAQ,USD,1.00,--
LE,LAND END INC,Consumer Discretionary,Equity,"3,190,025.45",0.01,"3,190,025.45","352,489.00",9.05,United States,NASDAQ,USD,1.00,--
LAW,CS DISCO INC,Information Technology,Equity,"3,191,525.61",0.01,"3,191,525.61","726,999.00",4.39,United States,New York Stock Exchange Inc.,USD,1.00,--
ALEC,ALECTOR INC,Health Care,Equity,"3,184,186.47",0.01,"3,184,186.47","2,002,633.00",1.59,United States,NASDAQ,USD,1.00,--
LUNG,PULMONX CORP,Health Care,Equity,"3,176,762.80",0.00,"3,176,762.80","934,342.00",3.40,United States,NASDAQ,USD,1.00,--
CDZI,CADIZ INC,Utilities,Equity,"3,171,714.26",0.00,"3,171,714.26","1,060,774.00",2.99,United States,NASDAQ,USD,1.00,--
LCTX,LINEAGE CELL THERAPEUTICS INC,Health Care,Equity,"3,160,184.43",0.00,"3,160,184.43","4,241,289.00",0.75,United States,Nyse Mkt Llc,USD,1.00,--
LNKB,LINKBANCORP INC,Financials,Equity,"3,128,528.00",0.00,"3,128,528.00","439,400.00",7.12,United States,NASDAQ,USD,1.00,--
SLDB,SOLID BIOSCIENCES INC,Health Care,Equity,"3,107,984.25",0.00,"3,107,984.25","643,475.00",4.83,United States,NASDAQ,USD,1.00,--
DSGN,DESIGN THERAPEUTICS INC,Health Care,Equity,"3,097,115.48",0.00,"3,097,115.48","772,348.00",4.01,United States,NASDAQ,USD,1.00,--
ACTG,ACACIA RESEARCH CORP,Financials,Equity,"3,078,339.52",0.00,"3,078,339.52","803,744.00",3.83,United States,NASDAQ,USD,1.00,--
MBX,MBX BIOSCIENCES INC,Health Care,Equity,"3,078,817.62",0.00,"3,078,817.62","268,775.00",11.46,United States,NASDAQ,USD,1.00,--
JOUT,JOHNSON OUTDOORS INC CLASS A,Consumer Discretionary,Equity,"3,053,574.48",0.00,"3,053,574.48","105,006.00",29.08,United States,NASDAQ,USD,1.00,--
LRMR,LARIMAR THERAPEUTICS INC,Health Care,Equity,"3,043,862.91",0.00,"3,043,862.91","1,046,001.00",2.91,United States,NASDAQ,USD,1.00,--
FRGE,FORGE GLOBAL HOLDINGS INC,Financials,Equity,"3,047,095.17",0.00,"3,047,095.17","193,221.00",15.77,United States,New York Stock Exchange Inc.,USD,1.00,--
MAZE,MAZE THERAPEUTICS INC,Health Care,Equity,"3,037,011.12",0.00,"3,037,011.12","235,976.00",12.87,United States,NASDAQ,USD,1.00,--
SKIN,BEAUTY HEALTH COMPANY CLASS A CLAS,Consumer Staples,Equity,"3,022,630.40",0.00,"3,022,630.40","1,889,144.00",1.60,United States,NASDAQ,USD,1.00,--
KG,KESTREL GROUP LTD,Financials,Equity,"3,006,572.91",0.00,"3,006,572.91","109,769.00",27.39,United States,NASDAQ,USD,1.00,--
HOFT,HOOKER FURNISHINGS CORP,Consumer Discretionary,Equity,"3,006,781.84",0.00,"3,006,781.84","249,112.00",12.07,United States,NASDAQ,USD,1.00,--
STXS,STEREOTAXIS INC,Health Care,Equity,"2,963,694.48",0.00,"2,963,694.48","1,250,504.00",2.37,United States,Nyse Mkt Llc,USD,1.00,--
ARAY,ACCURAY INC,Health Care,Equity,"2,955,416.32",0.00,"2,955,416.32","2,308,919.00",1.28,United States,NASDAQ,USD,1.00,--
REI,RING ENERGY INC,Energy,Equity,"2,950,842.03",0.00,"2,950,842.03","3,683,028.00",0.80,United States,Nyse Mkt Llc,USD,1.00,--
MRAM,EVERSPIN TECHNOLOGIES INC,Information Technology,Equity,"2,952,511.17",0.00,"2,952,511.17","484,813.00",6.09,United States,NASDAQ,USD,1.00,--
ONL,ORION PROPERTIES INC,Real Estate,Equity,"2,944,065.18",0.00,"2,944,065.18","1,344,322.00",2.19,United States,New York Stock Exchange Inc.,USD,1.00,--
ACHV,ACHIEVE LIFE SCIENCES INC,Health Care,Equity,"2,928,299.13",0.00,"2,928,299.13","793,577.00",3.69,United States,NASDAQ,USD,1.00,--
AOMR,ANGEL OAK MORTGAGE REIT INC,Financials,Equity,"2,933,382.13",0.00,"2,933,382.13","319,889.00",9.17,United States,New York Stock Exchange Inc.,USD,1.00,"Jun 17, 2021"
TTEC,TTEC HOLDINGS INC,Industrials,Equity,"2,900,661.75",0.00,"2,900,661.75","552,507.00",5.25,United States,NASDAQ,USD,1.00,--
IRWD,IRONWOOD PHARMA INC CLASS A,Health Care,Equity,"2,889,749.37",0.00,"2,889,749.37","3,616,255.00",0.80,United States,NASDAQ,USD,1.00,--
DBI,DESIGNER BRANDS INC CLASS A,Consumer Discretionary,Equity,"2,891,369.50",0.00,"2,891,369.50","947,990.00",3.05,United States,New York Stock Exchange Inc.,USD,1.00,--
LXEO,LEXEO THERAPEUTICS INC,Health Care,Equity,"2,883,255.35",0.00,"2,883,255.35","625,435.00",4.61,United States,NASDAQ,USD,1.00,--
AVD,AMER VANGUARD CORP,Materials,Equity,"2,879,053.45",0.00,"2,879,053.45","632,759.00",4.55,United States,New York Stock Exchange Inc.,USD,1.00,--
BARK,BARK INC CLASS A,Consumer Discretionary,Equity,"2,873,470.41",0.00,"2,873,470.41","3,198,431.00",0.90,United States,New York Stock Exchange Inc.,USD,1.00,--
CMT,CORE MOLDING TECHNOLOGIES INC,Materials,Equity,"2,868,558.00",0.00,"2,868,558.00","173,852.00",16.50,United States,Nyse Mkt Llc,USD,1.00,--
LVWR,LIVEWIRE GROUP INC,Consumer Discretionary,Equity,"2,860,995.28",0.00,"2,860,995.28","382,486.00",7.48,United States,New York Stock Exchange Inc.,USD,1.00,--
THRD,THIRD HARMONIC BIO INC,Health Care,Equity,"2,855,984.50",0.00,"2,855,984.50","538,865.00",5.30,United States,NASDAQ,USD,1.00,--
GPRO,GOPRO INC CLASS A,Consumer Discretionary,Equity,"2,841,098.04",0.00,"2,841,098.04","3,324,477.00",0.85,United States,NASDAQ,USD,1.00,--
IRBT,IROBOT CORP,Consumer Discretionary,Equity,"2,828,130.00",0.00,"2,828,130.00","760,250.00",3.72,United States,NASDAQ,USD,1.00,--
RELL,RICHARDSON ELECTRONICS LTD,Information Technology,Equity,"2,809,771.80",0.00,"2,809,771.80","302,126.00",9.30,United States,NASDAQ,USD,1.00,--
INFU,INFUSYSTEM HOLDINGS INC,Health Care,Equity,"2,811,701.20",0.00,"2,811,701.20","464,744.00",6.05,United States,Nyse Mkt Llc,USD,1.00,--
PMTS,CPI CARD GROUP INC,Information Technology,Equity,"2,800,702.23",0.00,"2,800,702.23","127,711.00",21.93,United States,NASDAQ,USD,1.00,--
SNDA,SONIDA SENIOR LIVING INC,Health Care,Equity,"2,781,765.35",0.00,"2,781,765.35","110,695.00",25.13,United States,New York Stock Exchange Inc.,USD,1.00,--
LWAY,LIFEWAY FOODS INC,Consumer Staples,Equity,"2,784,175.00",0.00,"2,784,175.00","111,367.00",25.00,United States,NASDAQ,USD,1.00,--
ATOS,ATOSSA THERAPEUTICS INC,Health Care,Equity,"2,762,023.26",0.00,"2,762,023.26","3,119,168.00",0.89,United States,NASDAQ,USD,1.00,--
SKYH,SKY HARBOUR GROUP CORP CLASS A,Industrials,Equity,"2,758,875.84",0.00,"2,758,875.84","273,698.00",10.08,United States,New York Stock Exchange Inc.,USD,1.00,--
FHTX,FOGHORN THERAPEUTICS INC,Health Care,Equity,"2,732,380.61",0.00,"2,732,380.61","590,147.00",4.63,United States,NASDAQ,USD,1.00,--
CABA,CABALETTA BIO INC,Health Care,Equity,"2,728,707.20",0.00,"2,728,707.20","1,161,152.00",2.35,United States,NASDAQ,USD,1.00,--
RNAC,CARTESIAN THERAPEUTICS INC,Health Care,Equity,"2,716,689.42",0.00,"2,716,689.42","252,246.00",10.77,United States,NASDAQ,USD,1.00,--
MGNX,MACROGENICS INC,Health Care,Equity,"2,699,256.08",0.00,"2,699,256.08","1,516,436.00",1.78,United States,NASDAQ,USD,1.00,--
SMTI,SANARA MEDTECH INC,Health Care,Equity,"2,693,711.40",0.00,"2,693,711.40","90,393.00",29.80,United States,NASDAQ,USD,1.00,--
CRBP,CORBUS PHARMACEUTICALS HOLDINGS IN,Health Care,Equity,"2,689,995.00",0.00,"2,689,995.00","291,125.00",9.24,United States,NASDAQ,USD,1.00,--
EGAN,EGAIN CORP,Information Technology,Equity,"2,679,054.95",0.00,"2,679,054.95","442,819.00",6.05,United States,NASDAQ,USD,1.00,--
AFCG,ADVANCED FLOWER CAPITAL INC,Financials,Equity,"2,682,338.88",0.00,"2,682,338.88","475,592.00",5.64,United States,NASDAQ,USD,1.00,--
SUNS,SUNRISE REALTY TRUST INC,Financials,Equity,"2,671,313.70",0.00,"2,671,313.70","238,085.00",11.22,United States,NASDAQ,USD,1.00,--
BTMD,BIOTE CORP CLASS A,Health Care,Equity,"2,661,448.68",0.00,"2,661,448.68","642,862.00",4.14,United States,NASDAQ,USD,1.00,--
REKR,REKOR SYSTEMS INC,Information Technology,Equity,"2,651,701.05",0.00,"2,651,701.05","1,964,223.00",1.35,United States,NASDAQ,USD,1.00,--
PLL,PIEDMONT LITHIUM INC,Materials,Equity,"2,636,724.76",0.00,"2,636,724.76","429,434.00",6.14,United States,NASDAQ,USD,1.00,--
UTMD,UTAH MEDICAL PRODUCTS INC,Health Care,Equity,"2,627,950.05",0.00,"2,627,950.05","45,855.00",57.31,United States,NASDAQ,USD,1.00,--
EML,EASTERN,Industrials,Equity,"2,614,638.24",0.00,"2,614,638.24","111,546.00",23.44,United States,NASDAQ,USD,1.00,--
CVRX,CVRX INC,Health Care,Equity,"2,605,476.76",0.00,"2,605,476.76","399,613.00",6.52,United States,NASDAQ,USD,1.00,--
NKTX,NKARTA INC,Health Care,Equity,"2,607,630.33",0.00,"2,607,630.33","1,310,367.00",1.99,United States,NASDAQ,USD,1.00,--
TEAD,TEADS HOLDING,Communication,Equity,"2,588,632.20",0.00,"2,588,632.20","973,170.00",2.66,United States,NASDAQ,USD,1.00,--
INMB,INMUNE BIO INC,Health Care,Equity,"2,572,110.80",0.00,"2,572,110.80","326,410.00",7.88,United States,NASDAQ,USD,1.00,--
PROK,PROKIDNEY CORP CLASS A,Health Care,Equity,"2,555,090.00",0.00,"2,555,090.00","2,555,090.00",1.00,United States,NASDAQ,USD,1.00,--
NODK,NI HOLDINGS INC,Financials,Equity,"2,547,795.24",0.00,"2,547,795.24","199,358.00",12.78,United States,NASDAQ,USD,1.00,--
STRS,STRATUS PROPERTIES INC,Real Estate,Equity,"2,544,019.65",0.00,"2,544,019.65","136,555.00",18.63,United States,NASDAQ,USD,1.00,--
AEYE,AUDIOEYE INC,Information Technology,Equity,"2,544,109.00",0.00,"2,544,109.00","207,175.00",12.28,United States,NASDAQ,USD,1.00,--
CRBU,CARIBOU BIOSCIENCES INC,Health Care,Equity,"2,537,435.30",0.00,"2,537,435.30","2,079,865.00",1.22,United States,NASDAQ,USD,1.00,--
FF,FUTUREFUEL CORP,Energy,Equity,"2,523,809.05",0.00,"2,523,809.05","638,939.00",3.95,United States,New York Stock Exchange Inc.,USD,1.00,--
STHO,STAR HOLDINGS SHARES OF BENEFICIAL,Real Estate,Equity,"2,493,714.06",0.00,"2,493,714.06","318,482.00",7.83,United States,NASDAQ,USD,1.00,--
BELFA,BEL FUSE INC CLASS A,Information Technology,Equity,"2,468,614.84",0.00,"2,468,614.84","35,489.00",69.56,United States,NASDAQ,USD,1.00,--
NNBR,NN INC,Industrials,Equity,"2,434,631.76",0.00,"2,434,631.76","1,111,704.00",2.19,United States,NASDAQ,USD,1.00,--
BDTX,BLACK DIAMOND THERAPEUTICS INC,Health Care,Equity,"2,418,681.84",0.00,"2,418,681.84","983,204.00",2.46,United States,NASDAQ,USD,1.00,--
FLL,FULL HOUSE RESORTS INC,Consumer Discretionary,Equity,"2,422,167.48",0.00,"2,422,167.48","740,724.00",3.27,United States,NASDAQ,USD,1.00,--
ZNTL,ZENTALIS PHARMACEUTICALS INC,Health Care,Equity,"2,408,015.30",0.00,"2,408,015.30","1,477,310.00",1.63,United States,NASDAQ,USD,1.00,--
JILL,J JILL INC,Consumer Discretionary,Equity,"2,400,525.16",0.00,"2,400,525.16","142,549.00",16.84,United States,New York Stock Exchange Inc.,USD,1.00,--
VIRC,VIRCO MANUFACTURING CORP,Industrials,Equity,"2,387,076.48",0.00,"2,387,076.48","276,282.00",8.64,United States,NASDAQ,USD,1.00,--
KRRO,KORRO BIO INC,Health Care,Equity,"2,390,576.25",0.00,"2,390,576.25","150,825.00",15.85,United States,NASDAQ,USD,1.00,--
CCCC,C4 THERAPEUTICS INC,Health Care,Equity,"2,383,244.30",0.00,"2,383,244.30","1,517,990.00",1.57,United States,NASDAQ,USD,1.00,--
VERU,VERU INC,Health Care,Equity,"2,374,550.36",0.00,"2,374,550.36","3,550,995.00",0.67,United States,NASDAQ,USD,1.00,--
PLRX,PLIANT THERAPEUTICS INC,Health Care,Equity,"2,379,352.36",0.00,"2,379,352.36","1,545,034.00",1.54,United States,NASDAQ,USD,1.00,--
PNRG,PRIMEENERGY RESOURCES CORP,Energy,Equity,"2,369,400.00",0.00,"2,369,400.00","16,500.00",143.60,United States,NASDAQ,USD,1.00,--
CURV,TORRID HOLDINGS INC,Consumer Discretionary,Equity,"2,372,625.92",0.00,"2,372,625.92","478,352.00",4.96,United States,New York Stock Exchange Inc.,USD,1.00,--
EVI,EVI INDUSTRIES INC,Industrials,Equity,"2,357,810.22",0.00,"2,357,810.22","125,549.00",18.78,United States,Nyse Mkt Llc,USD,1.00,--
RXT,RACKSPACE TECHNOLOGY INC,Information Technology,Equity,"2,348,753.88",0.00,"2,348,753.88","1,779,359.00",1.32,United States,NASDAQ,USD,1.00,--
STEM,STEM INC,Industrials,Equity,"2,348,842.51",0.00,"2,348,842.51","3,715,935.00",0.63,United States,New York Stock Exchange Inc.,USD,1.00,--
HLLY,HOLLEY INC,Consumer Discretionary,Equity,"2,341,333.08",0.00,"2,341,333.08","1,074,006.00",2.18,United States,New York Stock Exchange Inc.,USD,1.00,--
MAPS,WM TECHNOLOGY INC CLASS A,Information Technology,Equity,"2,333,817.25",0.00,"2,333,817.25","2,065,325.00",1.13,United States,NASDAQ,USD,1.00,--
BLNK,BLINK CHARGING,Industrials,Equity,"2,290,459.20",0.00,"2,290,459.20","2,372,058.00",0.97,United States,NASDAQ,USD,1.00,--
CLAR,CLARUS CORP,Consumer Discretionary,Equity,"2,287,016.40",0.00,"2,287,016.40","647,880.00",3.53,United States,NASDAQ,USD,1.00,--
QUIK,QUICKLOGIC CORP,Information Technology,Equity,"2,276,497.24",0.00,"2,276,497.24","340,793.00",6.68,United States,NASDAQ,USD,1.00,--
TAYD,TAYLOR DEVICES INC,Industrials,Equity,"2,268,386.88",0.00,"2,268,386.88","64,608.00",35.11,United States,NASDAQ,USD,1.00,--
GWRS,GLOBAL WATER RESOURCES INC,Utilities,Equity,"2,259,457.20",0.00,"2,259,457.20","209,209.00",10.80,United States,NASDAQ,USD,1.00,--
TSQ,TOWNSQUARE MEDIA INC CLASS A,Communication,Equity,"2,262,535.44",0.00,"2,262,535.44","311,644.00",7.26,United States,New York Stock Exchange Inc.,USD,1.00,--
LYEL,LYELL IMMUNOPHARMA INC,Health Care,Equity,"2,229,573.60",0.00,"2,229,573.60","206,442.00",10.80,United States,NASDAQ,USD,1.00,--
LAZR,LUMINAR TECHNOLOGIES INC CLASS A,Consumer Discretionary,Equity,"2,225,368.20",0.00,"2,225,368.20","643,170.00",3.46,United States,NASDAQ,USD,1.00,--
OFLX,OMEGA FLEX INC,Industrials,Equity,"2,198,630.00",0.00,"2,198,630.00","68,600.00",32.05,United States,NASDAQ,USD,1.00,--
CMDB,COSTAMARE BULKERS HOLDINGS LTD,Industrials,Equity,"2,199,700.87",0.00,"2,199,700.87","218,441.00",10.07,Monaco,New York Stock Exchange Inc.,USD,1.00,--
CHRS,COHERUS ONCOLOGY INC,Health Care,Equity,"2,188,740.54",0.00,"2,188,740.54","2,718,257.00",0.81,United States,NASDAQ,USD,1.00,--
NRGV,ENERGY VAULT HOLDINGS INC,Industrials,Equity,"2,182,928.42",0.00,"2,182,928.42","2,534,752.00",0.86,United States,New York Stock Exchange Inc.,USD,1.00,--
SPCE,VIRGIN GALACTIC HOLDINGS INC SHS C,Industrials,Equity,"2,184,726.78",0.00,"2,184,726.78","638,809.00",3.42,United States,New York Stock Exchange Inc.,USD,1.00,--
SAVA,CASSAVA SCIENCES INC,Health Care,Equity,"2,165,239.02",0.00,"2,165,239.02","997,806.00",2.17,United States,NASDAQ,USD,1.00,--
PRME,PRIME MEDICINE INC,Health Care,Equity,"2,161,405.25",0.00,"2,161,405.25","1,394,455.00",1.55,United States,NASDAQ,USD,1.00,--
BRCC,BRC INC CLASS A,Consumer Staples,Equity,"2,131,101.84",0.00,"2,131,101.84","1,268,513.00",1.68,United States,New York Stock Exchange Inc.,USD,1.00,--
KYTX,KYVERNA THERAPEUTICS INC,Health Care,Equity,"2,114,298.00",0.00,"2,114,298.00","587,305.00",3.60,United States,NASDAQ,USD,1.00,--
NMRA,NEUMORA THERAPEUTICS INC,Health Care,Equity,"2,107,195.56",0.00,"2,107,195.56","2,065,878.00",1.02,United States,NASDAQ,USD,1.00,--
PAMT,PAMT CORP,Industrials,Equity,"2,051,205.00",0.00,"2,051,205.00","157,785.00",13.00,United States,NASDAQ,USD,1.00,--
LXRX,LEXICON PHARMACEUTICALS INC,Health Care,Equity,"1,999,072.37",0.00,"1,999,072.37","2,851,337.00",0.70,United States,NASDAQ,USD,1.00,--
RHLD,RESOLUTE HOLDINGS MANAGEMENT INC,Industrials,Equity,"1,977,056.90",0.00,"1,977,056.90","52,990.00",37.31,United States,NASDAQ,USD,1.00,--
CPSS,CONSUMER PORTFOLIO SERVICES INC,Financials,Equity,"1,943,234.58",0.00,"1,943,234.58","201,163.00",9.66,United States,NASDAQ,USD,1.00,--
IVVD,INVIVYD INC,Health Care,Equity,"1,927,794.11",0.00,"1,927,794.11","2,128,983.00",0.91,United States,NASDAQ,USD,1.00,--
CDLX,CARDLYTICS INC,Communication,Equity,"1,922,570.98",0.00,"1,922,570.98","1,074,062.00",1.79,United States,NASDAQ,USD,1.00,--
QIPT,QUIPT HOME MEDICAL CORP,Health Care,Equity,"1,895,637.69",0.00,"1,895,637.69","915,767.00",2.07,Canada,NASDAQ,USD,1.00,--
INO,INOVIO PHARMACEUTICALS INC,Health Care,Equity,"1,889,401.50",0.00,"1,889,401.50","839,734.00",2.25,United States,NASDAQ,USD,1.00,--
GRWG,GROWGENERATION CORP,Consumer Discretionary,Equity,"1,878,359.74",0.00,"1,878,359.74","1,401,761.00",1.34,United States,NASDAQ,USD,1.00,--
EEX,EMERALD HOLDING INC,Communication,Equity,"1,869,006.90",0.00,"1,869,006.90","382,210.00",4.89,United States,New York Stock Exchange Inc.,USD,1.00,--
VTSI,VIRTRA INC,Industrials,Equity,"1,852,352.38",0.00,"1,852,352.38","277,714.00",6.67,United States,NASDAQ,USD,1.00,--
EP,EMPIRE PETROLEUM CORP,Energy,Equity,"1,855,002.52",0.00,"1,855,002.52","334,838.00",5.54,United States,Nyse Mkt Llc,USD,1.00,--
RILY,B RILEY FINANCIAL INC,Financials,Equity,"1,831,879.60",0.00,"1,831,879.60","577,880.00",3.17,United States,NASDAQ,USD,1.00,--
GEOS,GEOSPACE TECHNOLOGIES CORP,Energy,Equity,"1,833,149.52",0.00,"1,833,149.52","264,906.00",6.92,United States,NASDAQ,USD,1.00,--
STKS,ONE GROUP HOSPITALITY INC,Consumer Discretionary,Equity,"1,823,566.80",0.00,"1,823,566.80","479,886.00",3.80,United States,NASDAQ,USD,1.00,--
GUTS,FRACTYL HEALTH INC,Health Care,Equity,"1,815,922.80",0.00,"1,815,922.80","840,705.00",2.16,United States,NASDAQ,USD,1.00,--
AMTX,AEMETIS INC,Energy,Equity,"1,785,083.01",0.00,"1,785,083.01","888,101.00",2.01,United States,NASDAQ,USD,1.00,--
BMEA,BIOMEA FUSION INC,Health Care,Equity,"1,736,106.24",0.00,"1,736,106.24","686,208.00",2.53,United States,NASDAQ,USD,1.00,--
INNV,INNOVAGE HOLDING CORP,Health Care,Equity,"1,698,749.46",0.00,"1,698,749.46","445,866.00",3.81,United States,NASDAQ,USD,1.00,--
STRO,SUTRO BIOPHARMA INC,Health Care,Equity,"1,678,233.62",0.00,"1,678,233.62","1,998,849.00",0.84,United States,NASDAQ,USD,1.00,--
AIRS,AIRSCULPT TECHNOLOGIES INC,Health Care,Equity,"1,670,645.76",0.00,"1,670,645.76","326,298.00",5.12,United States,NASDAQ,USD,1.00,--
ULBI,ULTRALIFE CORP,Industrials,Equity,"1,653,812.70",0.00,"1,653,812.70","211,485.00",7.82,United States,NASDAQ,USD,1.00,--
OBIO,ORCHESTRA BIOMED HOLDINGS INC,Health Care,Equity,"1,658,537.12",0.00,"1,658,537.12","496,568.00",3.34,United States,NASDAQ,USD,1.00,--
JSPR,JASPER THERAPEUTICS INC,Health Care,Equity,"1,633,158.11",0.00,"1,633,158.11","283,043.00",5.77,United States,NASDAQ,USD,1.00,--
TWIN,TWIN DISC INC,Industrials,Equity,"1,589,928.24",0.00,"1,589,928.24","208,652.00",7.62,United States,NASDAQ,USD,1.00,--
PYXS,PYXIS ONCOLOGY INC,Health Care,Equity,"1,574,821.60",0.00,"1,574,821.60","1,175,240.00",1.34,United States,NASDAQ,USD,1.00,--
MPX,MARINE PRODUCTS CORP,Consumer Discretionary,Equity,"1,558,112.40",0.00,"1,558,112.40","184,392.00",8.45,United States,New York Stock Exchange Inc.,USD,1.00,--
TCRX,TSCAN THERAPEUTICS INC,Health Care,Equity,"1,560,642.33",0.00,"1,560,642.33","923,457.00",1.69,United States,NASDAQ,USD,1.00,--
COOK,TRAEGER INC,Consumer Discretionary,Equity,"1,545,791.55",0.00,"1,545,791.55","835,563.00",1.85,United States,New York Stock Exchange Inc.,USD,1.00,--
TUSK,MAMMOTH ENERGY SERVICES INC,Energy,Equity,"1,550,148.73",0.00,"1,550,148.73","529,061.00",2.93,United States,NASDAQ,USD,1.00,--
DIBS,1STDIBS COM INC,Consumer Discretionary,Equity,"1,539,841.13",0.00,"1,539,841.13","532,817.00",2.89,United States,NASDAQ,USD,1.00,--
DXLG,DESTINATION XL GROUP INC,Consumer Discretionary,Equity,"1,536,034.15",0.00,"1,536,034.15","1,290,785.00",1.19,United States,NASDAQ,USD,1.00,--
HLVX,HILLEVAX INC,Health Care,Equity,"1,503,494.85",0.00,"1,503,494.85","771,023.00",1.95,United States,NASDAQ,USD,1.00,--
NL,NL INDUSTRIES INC,Industrials,Equity,"1,474,118.19",0.00,"1,474,118.19","202,211.00",7.29,United States,New York Stock Exchange Inc.,USD,1.00,--
GYRE,GYRE THERAPEUTICS INC,Health Care,Equity,"1,450,089.00",0.00,"1,450,089.00","161,121.00",9.00,United States,NASDAQ,USD,1.00,--
ADVM,ADVERUM BIOTECHNOLOGIES INC,Health Care,Equity,"1,447,856.55",0.00,"1,447,856.55","518,945.00",2.79,United States,NASDAQ,USD,1.00,--
VRA,VERA BRADLEY INC,Consumer Discretionary,Equity,"1,424,107.05",0.00,"1,424,107.05","606,003.00",2.35,United States,NASDAQ,USD,1.00,--
LVO,LIVEONE INC,Communication,Equity,"1,406,478.31",0.00,"1,406,478.31","1,672,388.00",0.84,United States,NASDAQ,USD,1.00,--
ZURA,ZURA BIO LTD CLASS A,Health Care,Equity,"1,398,115.84",0.00,"1,398,115.84","1,092,278.00",1.28,United States,NASDAQ,USD,1.00,--
TPIC,TPI COMPOSITES INC,Industrials,Equity,"1,389,180.45",0.00,"1,389,180.45","1,129,415.00",1.23,United States,NASDAQ,USD,1.00,--
CLPR,CLIPPER REALTY INC,Real Estate,Equity,"1,339,344.01",0.00,"1,339,344.01","334,001.00",4.01,United States,New York Stock Exchange Inc.,USD,1.00,--
ANRO,ALTO NEUROSCIENCE INC,Health Care,Equity,"1,334,469.84",0.00,"1,334,469.84","505,481.00",2.64,United States,New York Stock Exchange Inc.,USD,1.00,--
WALD,WALDENCAST PLC CLASS A,Consumer Staples,Equity,"1,323,493.60",0.00,"1,323,493.60","575,432.00",2.30,United States,NASDAQ,USD,1.00,--
BIOA,BIOAGE LABS INC,Health Care,Equity,"1,316,663.04",0.00,"1,316,663.04","300,608.00",4.38,United States,NASDAQ,USD,1.00,--
NPWR,NET POWER INC CLASS A,Industrials,Equity,"1,309,818.60",0.00,"1,309,818.60","539,020.00",2.43,United States,New York Stock Exchange Inc.,USD,1.00,--
STRW,STRAWBERRY FIELDS REIT INC,Real Estate,Equity,"1,314,038.88",0.00,"1,314,038.88","121,896.00",10.78,United States,Nyse Mkt Llc,USD,1.00,--
ATNM,ACTINIUM PHARMACEUTICALS INC,Health Care,Equity,"1,314,761.31",0.00,"1,314,761.31","742,803.00",1.77,United States,Nyse Mkt Llc,USD,1.00,--
GLSI,GREENWICH LIFESCIENCES INC,Health Care,Equity,"1,302,980.96",0.00,"1,302,980.96","135,164.00",9.64,United States,NASDAQ,USD,1.00,--
XBIT,XBIOTECH INC,Health Care,Equity,"1,252,714.26",0.00,"1,252,714.26","430,486.00",2.91,United States,NASDAQ,USD,1.00,--
AMPX,AMPRIUS TECHNOLOGIES INC,Industrials,Equity,"1,255,812.34",0.00,"1,255,812.34","401,218.00",3.13,United States,New York Stock Exchange Inc.,USD,1.00,--
ISPR,ISPIRE TECHNOLOGY INC,Consumer Staples,Equity,"1,236,700.60",0.00,"1,236,700.60","459,740.00",2.69,United States,NASDAQ,USD,1.00,--
CVGI,COMMERCIAL VEHICLE GROUP INC,Industrials,Equity,"1,160,314.80",0.00,"1,160,314.80","763,365.00",1.52,United States,NASDAQ,USD,1.00,--
CRVO,CERVOMED INC,Health Care,Equity,"1,155,043.24",0.00,"1,155,043.24","149,617.00",7.72,United States,NASDAQ,USD,1.00,--
VHI,VALHI INC,Materials,Equity,"1,139,941.32",0.00,"1,139,941.32","69,636.00",16.37,United States,New York Stock Exchange Inc.,USD,1.00,--
STTK,SHATTUCK LABS INC,Health Care,Equity,"1,130,917.64",0.00,"1,130,917.64","974,929.00",1.16,United States,NASDAQ,USD,1.00,--
ABOS,ACUMEN PHARMACEUTICALS INC,Health Care,Equity,"1,136,404.90",0.00,"1,136,404.90","963,055.00",1.18,United States,NASDAQ,USD,1.00,--
CTNM,CONTINEUM THERAPEUTICS INC CLASS A,Health Care,Equity,"1,116,251.20",0.00,"1,116,251.20","228,740.00",4.88,United States,NASDAQ,USD,1.00,--
APLT,APPLIED THERAPEUTICS INC,Health Care,Equity,"1,088,807.41",0.00,"1,088,807.41","2,820,014.00",0.39,United States,NASDAQ,USD,1.00,--
HQI,HIREQUEST INC,Industrials,Equity,"1,089,918.00",0.00,"1,089,918.00","108,720.00",10.03,United States,NASDAQ,USD,1.00,--
TCI,TRANSCONTINENTAL REALTY INVESTORS,Real Estate,Equity,"1,074,789.52",0.00,"1,074,789.52","27,272.00",39.41,United States,New York Stock Exchange Inc.,USD,1.00,--
AISP,AIRSHIP AI HOLDINGS INC CLASS A,Information Technology,Equity,"1,076,358.24",0.00,"1,076,358.24","218,772.00",4.92,United States,NASDAQ,USD,1.00,--
LNZA,LANZATECH GLOBAL INC,Industrials,Equity,"1,068,689.78",0.00,"1,068,689.78","3,109,368.00",0.34,United States,NASDAQ,USD,1.00,--
NTIC,NORTHERN TECHNOLOGIES INTERNATIONA,Materials,Equity,"1,069,174.08",0.00,"1,069,174.08","144,288.00",7.41,United States,NASDAQ,USD,1.00,--
PRPL,PURPLE INNOVATION INC,Consumer Discretionary,Equity,"1,052,746.82",0.00,"1,052,746.82","1,334,449.00",0.79,United States,NASDAQ,USD,1.00,--
LCUT,LIFETIME BRANDS INC,Consumer Discretionary,Equity,"1,042,339.40",0.00,"1,042,339.40","252,995.00",4.12,United States,NASDAQ,USD,1.00,--
RENB,RENOVARO INC,Health Care,Equity,"1,043,617.90",0.00,"1,043,617.90","2,742,754.00",0.38,United States,NASDAQ,USD,1.00,--
NOTE,FISCALNOTE HOLDINGS INC CLASS A,Industrials,Equity,"1,047,338.20",0.00,"1,047,338.20","1,823,043.00",0.57,United States,New York Stock Exchange Inc.,USD,1.00,--
SKYE,SKYE BIOSCIENCE INC,Health Care,Equity,"1,010,487.42",0.00,"1,010,487.42","426,366.00",2.37,United States,NASDAQ,USD,1.00,--
MGX,METAGENOMI INC,Health Care,Equity,"1,011,899.54",0.00,"1,011,899.54","644,522.00",1.57,United States,NASDAQ,USD,1.00,--
METCB,RAMACO RESOURCES INC CLASS B,Materials,Equity,"1,004,354.34",0.00,"1,004,354.34","132,326.00",7.59,United States,NASDAQ,USD,1.00,--
SERA,SERA PROGNOSTICS INC CLASS A,Health Care,Equity,"992,061.37",0.00,"992,061.37","665,813.00",1.49,United States,NASDAQ,USD,1.00,--
MKTW,MARKETWISE INC CLASS A,Financials,Equity,"989,710.48",0.00,"989,710.48","54,862.00",18.04,United States,NASDAQ,USD,1.00,--
CLYM,CLIMB BIO INC,Health Care,Equity,"946,117.89",0.00,"946,117.89","690,597.00",1.37,United States,NASDAQ,USD,1.00,--
MRSN,MERSANA THERAPEUTICS INC,Health Care,Equity,"950,173.65",0.00,"950,173.65","2,334,579.00",0.41,United States,NASDAQ,USD,1.00,--
TNYA,TENAYA THERAPEUTICS INC,Health Care,Equity,"941,623.11",0.00,"941,623.11","1,363,683.00",0.69,United States,NASDAQ,USD,1.00,--
DLHC,DLH HOLDINGS CORP,Industrials,Equity,"927,056.78",0.00,"927,056.78","165,842.00",5.59,United States,NASDAQ,USD,1.00,--
OTLK,OUTLOOK THERAPEUTICS INC,Health Care,Equity,"931,768.96",0.00,"931,768.96","507,776.00",1.84,United States,NASDAQ,USD,1.00,--
INH,INHIBRX INC CVR,Health Care,Equity,"897,712.68",0.00,"897,712.68","794,436.00",1.13,United States,NO MARKET (E.G. UNLISTED),USD,1.00,--
TELO,TELOMIR PHARMACEUTICALS INC,Health Care,Equity,"876,840.35",0.00,"876,840.35","427,727.00",2.05,United States,NASDAQ,USD,1.00,--
ARTV,ARTIVA BIOTHERAPEUTICS INC,Health Care,Equity,"868,092.16",0.00,"868,092.16","417,352.00",2.08,United States,NASDAQ,USD,1.00,--
HOWL,WEREWOLF THERAPEUTICS INC,Health Care,Equity,"859,093.55",0.00,"859,093.55","645,935.00",1.33,United States,NASDAQ,USD,1.00,--
MODV,MODIVCARE INC,Health Care,Equity,"861,930.96",0.00,"861,930.96","264,396.00",3.26,United States,NASDAQ,USD,1.00,--
NAUT,NAUTILUS BIOTECHNOLGY INC,Health Care,Equity,"862,195.31",0.00,"862,195.31","1,148,063.00",0.75,United States,NASDAQ,USD,1.00,--
CSTE,CAESARSTONE LTD,Industrials,Equity,"843,329.63",0.00,"843,329.63","403,507.00",2.09,Israel,NASDAQ,USD,1.00,--
RMBL,RUMBLEON INC CLASS B,Consumer Discretionary,Equity,"835,892.94",0.00,"835,892.94","349,746.00",2.39,United States,NASDAQ,USD,1.00,--
RAPT,RAPT THERAPEUTICS INC,Health Care,Equity,"830,103.54",0.00,"830,103.54","697,566.00",1.19,United States,NASDAQ,USD,1.00,--
AKYA,AKOYA BIOSCIENCES INC,Health Care,Equity,"824,400.50",0.00,"824,400.50","619,850.00",1.33,United States,NASDAQ,USD,1.00,--
VALU,VALUE LINE INC,Financials,Equity,"815,456.88",0.00,"815,456.88","21,258.00",38.36,United States,NASDAQ,USD,1.00,--
ZYXI,ZYNEX INC,Health Care,Equity,"778,501.20",0.00,"778,501.20","355,480.00",2.19,United States,NASDAQ,USD,1.00,--
GMGI,GOLDEN MATRIX GROUP INC,Communication,Equity,"764,869.70",0.00,"764,869.70","402,563.00",1.90,United States,NASDAQ,USD,1.00,--
RDZN,ROADZEN INC,Information Technology,Equity,"745,424.64",0.00,"745,424.64","776,484.00",0.96,United States,NASDAQ,USD,1.00,--
SVCO,SILVACO GROUP INC,Information Technology,Equity,"745,683.12",0.00,"745,683.12","150,948.00",4.94,United States,NASDAQ,USD,1.00,--
GOCO,GOHEALTH INC CLASS A,Financials,Equity,"732,167.84",0.00,"732,167.84","123,677.00",5.92,United States,NASDAQ,USD,1.00,--
CIX,COMPX INTERNATIONAL INC CLASS A,Industrials,Equity,"721,931.34",0.00,"721,931.34","30,346.00",23.79,United States,Nyse Mkt Llc,USD,1.00,--
LYRA,LYRA THERAPEUTICS INC,Health Care,Equity,"688,293.00",0.00,"688,293.00","44,406.00",15.50,United States,NASDAQ,USD,1.00,--
QRHC,QUEST RESOURCE HOLDING CORP,Industrials,Equity,"651,407.96",0.00,"651,407.96","300,188.00",2.17,United States,NASDAQ,USD,1.00,--
IPSC,CENTURY THERAPEUTICS INC,Health Care,Equity,"622,178.91",0.00,"622,178.91","980,118.00",0.63,United States,NASDAQ,USD,1.00,--
SMXT,SOLARMAX TECHNOLOGY INC SHS,Industrials,Equity,"616,966.44",0.00,"616,966.44","545,988.00",1.13,United States,NASDAQ,USD,1.00,--
CBUS,CIBUS INC CLASS A,Health Care,Equity,"598,534.40",0.00,"598,534.40","364,960.00",1.64,United States,NASDAQ,USD,1.00,--
PEPG,PEPGEN INC,Health Care,Equity,"567,904.50",0.00,"567,904.50","378,603.00",1.50,United States,NASDAQ,USD,1.00,--
SWKH,SWK HOLDINGS CORP,Financials,Equity,"567,925.40",0.00,"567,925.40","38,899.00",14.60,United States,NASDAQ,USD,1.00,--
FBLG,FIBROBIOLOGICS INC,Health Care,Equity,"560,656.51",0.00,"560,656.51","598,992.00",0.94,United States,NASDAQ,USD,1.00,--
TLYS,TILLYS INC CLASS A,Consumer Discretionary,Equity,"551,768.32",0.00,"551,768.32","431,069.00",1.28,United States,New York Stock Exchange Inc.,USD,1.00,--
XFOR,X4 PHARMACEUTICALS INC,Health Care,Equity,"539,169.12",0.00,"539,169.12","151,452.00",3.56,United States,NASDAQ,USD,1.00,--
PROP,PRAIRIE OPERATING,Energy,Equity,"539,616.36",0.00,"539,616.36","135,582.00",3.98,United States,NASDAQ,USD,1.00,--
HBIO,HARVARD BIOSCIENCE INC,Health Care,Equity,"540,294.59",0.00,"540,294.59","908,669.00",0.59,United States,NASDAQ,USD,1.00,--
IGMS,IGM BIOSCIENCES INC,Health Care,Equity,"517,202.55",0.00,"517,202.55","383,113.00",1.35,United States,NASDAQ,USD,1.00,--
GBIO,GENERATION BIO,Health Care,Equity,"506,835.25",0.00,"506,835.25","1,192,273.00",0.43,United States,NASDAQ,USD,1.00,--
SCWO,374WATER INC,Industrials,Equity,"499,201.31",0.00,"499,201.31","1,261,884.00",0.40,United States,NASDAQ,USD,1.00,--
SLND,SOUTHLAND HOLDINGS INC,Industrials,Equity,"490,112.70",0.00,"490,112.70","127,302.00",3.85,United States,Nyse Mkt Llc,USD,1.00,--
OVID,OVID THERAPEUTICS INC,Health Care,Equity,"492,620.06",0.00,"492,620.06","1,534,164.00",0.32,United States,NASDAQ,USD,1.00,--
GALT,GALECTIN THERAPEUTICS INC,Health Care,Equity,"475,781.74",0.00,"475,781.74","355,061.00",1.34,United States,NASDAQ,USD,1.00,--
ELEV,ELEVATION ONCOLOGY INC,Health Care,Equity,"480,878.62",0.00,"480,878.62","1,256,542.00",0.38,United States,NASDAQ,USD,1.00,--
ARL,AMERICAN REALTY INVESTORS INC,Real Estate,Equity,"448,391.44",0.00,"448,391.44","31,444.00",14.26,United States,New York Stock Exchange Inc.,USD,1.00,--
ALXO,ALX ONCOLOGY HOLDINGS INC,Health Care,Equity,"441,838.54",0.00,"441,838.54","827,723.00",0.53,United States,NASDAQ,USD,1.00,--
AFRI,FORAFRIC GLOBAL PLC,Consumer Staples,Equity,"377,922.55",0.00,"377,922.55","48,143.00",7.85,Gibraltar,NASDAQ,USD,1.00,--
PRLD,PRELUDE THERAPEUTICS INC,Health Care,Equity,"369,608.40",0.00,"369,608.40","342,230.00",1.08,United States,NASDAQ,USD,1.00,--
DTI,DRILLING TOOLS INTERNATIONAL CORP,Energy,Equity,"356,193.18",0.00,"356,193.18","110,619.00",3.22,United States,NASDAQ,USD,1.00,--
ACRV,ACRIVON THERAPEUTICS INC,Health Care,Equity,"344,538.88",0.00,"344,538.88","269,171.00",1.28,United States,NASDAQ,USD,1.00,--
UHG,UNITED HOMES INC CLASS A,Consumer Discretionary,Equity,"336,447.68",0.00,"336,447.68","91,426.00",3.68,United States,NASDAQ,USD,1.00,--
SST,SYSTEM1 INC CLASS A,Communication,Equity,"321,190.08",0.00,"321,190.08","732,976.00",0.44,United States,New York Stock Exchange Inc.,USD,1.00,--
VRCA,VERRICA PHARMACEUTICALS INC,Health Care,Equity,"310,271.06",0.00,"310,271.06","516,258.00",0.60,United States,NASDAQ,USD,1.00,--
VGAS,VERDE CLEAN FUELS INC CLASS A,Energy,Equity,"294,672.70",0.00,"294,672.70","87,962.00",3.35,United States,NASDAQ,USD,1.00,--
BOLD,BOUNDLESS BIO INC,Health Care,Equity,"289,493.85",0.00,"289,493.85","270,555.00",1.07,United States,NASDAQ,USD,1.00,--
QTTB,Q32 BIO INC,Health Care,Equity,"264,465.60",0.00,"264,465.60","157,420.00",1.68,United States,NASDAQ,USD,1.00,--
ZSPC,ZSPACE,Consumer Discretionary,Equity,"255,323.31",0.00,"255,323.31","62,733.00",4.07,United States,NASDAQ,USD,1.00,--
SCLX,SCILEX HOLDING,Health Care,Equity,"246,434.04",0.00,"246,434.04","40,868.00",6.03,United States,NASDAQ,USD,1.00,--
CAMP,CAMP4 THERAPEUTICS CORP,Health Care,Equity,"236,230.72",0.00,"236,230.72","134,222.00",1.76,United States,NASDAQ,USD,1.00,--
GCTS,GCT SEMICONDUCTOR HOLDING INC,Information Technology,Equity,"217,393.70",0.00,"217,393.70","189,038.00",1.15,United States,New York Stock Exchange Inc.,USD,1.00,--
ADRO,CHINOOK THERAPEUTICS INC,Health Care,Equity,"210,652.00",0.00,"210,652.00","1,316,575.00",0.16,United States,NO MARKET (E.G. UNLISTED),USD,1.00,--
OPAD,OFFERPAD SOLUTIONS INC CLASS A,Real Estate,Equity,"167,697.89",0.00,"167,697.89","156,727.00",1.07,United States,New York Stock Exchange Inc.,USD,1.00,--
ADRO,CHINOOK THERAPEUTICS INC CVR,Health Care,Equity,"130,722.72",0.00,"130,722.72","272,339.00",0.48,United States,NO MARKET (E.G. UNLISTED),USD,1.00,--
--,PULSE BIOSCIENCE INC WARRANTS,Health Care,Equity,"126,232.57",0.00,"126,232.57","39,821.00",3.17,United States,NO MARKET (E.G. UNLISTED),USD,1.00,--
--,NEXPOINT STRATEGIC CASH ACCRUAL,Real Estate,Equity,"108,899.16",0.00,"108,899.16","907,493.00",0.12,United States,New York Stock Exchange Inc.,USD,1.00,--
WLLBW,CHORD ENERGY EQUITY WARRANTS SERIE,Energy,Equity,"28,256.42",0.00,"28,256.42","46,322.00",0.61,United States,Non-Nms Quotation Service (Nnqs),USD,1.00,--
GTXI,GTXI INC - CVR,Health Care,Equity,"13,604.82",0.00,"13,604.82","13,273.00",1.02,United States,NASDAQ,USD,1.00,--
CAD,CAD CASH,Cash and/or Derivatives,Cash,0.01,0.00,0.01,0.00,73.12,Canada,--,USD,1.37,--
PDLI,PDL BIOPHARMA INC,Health Care,Equity,0.12,0.00,0.12,"11,853.00",0.00,United States,NASDAQ,USD,1.00,--
P5N994,Petrocorp Inc Escrow,Energy,Equity,0.26,0.00,0.26,"26,106.00",0.00,United States,Non-Nms Quotation Service (Nnqs),USD,1.00,--
SBT,STERLING BANCORP INC,Financials,Equity,5.81,0.00,5.81,"580,763.00",0.00,United States,NASDAQ,USD,1.00,--
--,OMNIAB INC $15.00 VESTING Prvt,Health Care,Equity,1.31,0.00,1.31,"130,676.00",0.00,United States,NO MARKET (E.G. UNLISTED),USD,1.00,--
--,OMNIAB INC $12.50 VESTING Prvt,Health Care,Equity,1.31,0.00,1.31,"130,676.00",0.00,United States,NO MARKET (E.G. UNLISTED),USD,1.00,--
RTYM5,RUSSELL 2000 EMINI CME JUN 25,Cash and/or Derivatives,Futures,0.00,0.00,"171,672,300.00","1,590.00","2,159.40",--,Chicago Mercantile Exchange,USD,1.00,--