tic,datadate,gvkeyx,conm,spmi,prccd,prccddiv
I0124,1999-01-04,156765,Russell 2000,,1048.62939500,1608.41992200
I0124,1999-01-05,156765,Russell 2000,,1050.72534200,1611.66064500
I0124,1999-01-06,156765,Russell 2000,,1064.87524400,1633.44006300
I0124,1999-01-07,156765,Russell 2000,,1065.28710900,1634.17956500
I0124,1999-01-08,156765,Russell 2000,,1073.78857400,1647.22106900
I0124,1999-01-11,156765,Russell 2000,,1078.89099100,1655.07043500
I0124,1999-01-12,156765,Russell 2000,,1064.53405800,1633.09350600
I0124,1999-01-13,156765,Russell 2000,,1058.05481000,1623.33081100
I0124,1999-01-14,156765,Russell 2000,,1046.09851100,1604.98877000
I0124,1999-01-15,156765,Russell 2000,,1063.12280300,1631.11645500
I0124,1999-01-19,156765,Russell 2000,,1073.06567400,1646.37146000
I0124,1999-01-20,156765,Russell 2000,,1072.26171900,1645.19335900
I0124,1999-01-21,156765,Russell 2000,,1055.86987300,1620.08105500
I0124,1999-01-22,156765,Russell 2000,,1051.88476600,1613.98535200
I0124,1999-01-25,156765,Russell 2000,,1050.88867200,1612.45861800
I0124,1999-01-26,156765,Russell 2000,,1058.85107400,1624.69531300
I0124,1999-01-27,156765,Russell 2000,,1048.33178700,1608.73657200
I0124,1999-01-28,156765,Russell 2000,,1055.40564000,1619.79199200
I0124,1999-01-29,156765,Russell 2000,,1063.52893100,1632.30175800
I0124,1999-02-01,156765,Russell 2000,,1060.70129400,1628.05578600
I0124,1999-02-02,156765,Russell 2000,,1049.96203600,1611.57739300
I0124,1999-02-03,156765,Russell 2000,,1054.85803200,1619.24597200
I0124,1999-02-04,156765,Russell 2000,,1040.19934100,1596.81189000
I0124,1999-02-05,156765,Russell 2000,,1027.83190900,1577.85278300
I0124,1999-02-08,156765,Russell 2000,,1024.14245600,1572.32080100
I0124,1999-02-09,156765,Russell 2000,,1003.64965800,1540.91442900
I0124,1999-02-10,156765,Russell 2000,,990.84039300,1521.66760300
I0124,1999-02-11,156765,Russell 2000,,1011.13256800,1552.96447800
I0124,1999-02-12,156765,Russell 2000,,991.58197000,1523.00354000
I0124,1999-02-16,156765,Russell 2000,,986.92565900,1515.92150900
I0124,1999-02-17,156765,Russell 2000,,969.93670700,1489.92492700
I0124,1999-02-18,156765,Russell 2000,,973.62738000,1495.63952600
I0124,1999-02-19,156765,Russell 2000,,976.71307400,1500.40991200
I0124,1999-02-22,156765,Russell 2000,,990.29968300,1521.28979500
I0124,1999-02-23,156765,Russell 2000,,993.18878200,1525.75195300
I0124,1999-02-24,156765,Russell 2000,,983.68322800,1511.29003900
I0124,1999-02-25,156765,Russell 2000,,977.37133800,1501.87524400
I0124,1999-02-26,156765,Russell 2000,,976.20013400,1500.09423800
I0124,1999-03-01,156765,Russell 2000,,981.48693800,1508.22326700
I0124,1999-03-02,156765,Russell 2000,,981.58325200,1508.39221200
I0124,1999-03-03,156765,Russell 2000,,975.50634800,1499.14660600
I0124,1999-03-04,156765,Russell 2000,,980.67230200,1507.15869100
I0124,1999-03-05,156765,Russell 2000,,990.47015400,1522.30041500
I0124,1999-03-08,156765,Russell 2000,,995.47406000,1530.06848100
I0124,1999-03-09,156765,Russell 2000,,993.56292700,1527.19506800
I0124,1999-03-10,156765,Russell 2000,,998.42000000,1534.79000000
I0124,1999-03-11,156765,Russell 2000,,998.33276400,1534.86767600
I0124,1999-03-12,156765,Russell 2000,,991.69622800,1524.70251500
I0124,1999-03-15,156765,Russell 2000,,997.80914300,1534.14013700
I0124,1999-03-16,156765,Russell 2000,,993.62078900,1527.73498500
I0124,1999-03-17,156765,Russell 2000,,991.71521000,1525.04467800
I0124,1999-03-18,156765,Russell 2000,,994.49658200,1529.38391100
I0124,1999-03-19,156765,Russell 2000,,987.08685300,1517.98889200
I0124,1999-03-22,156765,Russell 2000,,978.58990500,1504.94372600
I0124,1999-03-23,156765,Russell 2000,,954.19726600,1467.53698700
I0124,1999-03-24,156765,Russell 2000,,956.92218000,1471.84045400
I0124,1999-03-25,156765,Russell 2000,,978.23541300,1504.66687000
I0124,1999-03-26,156765,Russell 2000,,980.60931400,1508.38855000
I0124,1999-03-29,156765,Russell 2000,,995.14202900,1531.35803200
I0124,1999-03-30,156765,Russell 2000,,992.70074500,1527.78552200
I0124,1999-03-31,156765,Russell 2000,,989.86779800,1523.51306200
I0124,1999-04-01,156765,Russell 2000,,992.61383100,1527.77294900
I0124,1999-04-05,156765,Russell 2000,,1001.41449000,1541.31897000
I0124,1999-04-06,156765,Russell 2000,,998.39794900,1536.68542500
I0124,1999-04-07,156765,Russell 2000,,990.20550500,1524.19445800
I0124,1999-04-08,156765,Russell 2000,,995.45916700,1532.41809100
I0124,1999-04-09,156765,Russell 2000,,1010.29455600,1555.25952100
I0124,1999-04-12,156765,Russell 2000,,1026.37414600,1580.01501500
I0124,1999-04-13,156765,Russell 2000,,1038.64135700,1599.09619100
I0124,1999-04-14,156765,Russell 2000,,1039.08142100,1599.86303700
I0124,1999-04-15,156765,Russell 2000,,1039.84973100,1601.07421900
I0124,1999-04-16,156765,Russell 2000,,1049.53552200,1616.04614300
I0124,1999-04-19,156765,Russell 2000,,1026.78649900,1581.03051800
I0124,1999-04-20,156765,Russell 2000,,1034.10388200,1592.31848100
I0124,1999-04-21,156765,Russell 2000,,1061.93689000,1635.22839400
I0124,1999-04-22,156765,Russell 2000,,1067.48230000,1643.81042500
I0124,1999-04-23,156765,Russell 2000,,1074.78515600,1655.07885700
I0124,1999-04-26,156765,Russell 2000,,1082.86193800,1667.51831100
I0124,1999-04-27,156765,Russell 2000,,1083.36169400,1668.29138200
I0124,1999-04-28,156765,Russell 2000,,1079.33886700,1662.37500000
I0124,1999-04-29,156765,Russell 2000,,1077.85156300,1660.36157200
I0124,1999-04-30,156765,Russell 2000,,1077.60705600,1660.03112800
I0124,1999-05-03,156765,Russell 2000,,1078.75695800,1661.84436000
I0124,1999-05-04,156765,Russell 2000,,1077.00488300,1659.22631800
I0124,1999-05-05,156765,Russell 2000,,1081.22290000,1665.79626500
I0124,1999-05-06,156765,Russell 2000,,1078.93249500,1662.42858900
I0124,1999-05-07,156765,Russell 2000,,1085.72827100,1672.95385700
I0124,1999-05-10,156765,Russell 2000,,1100.06469700,1695.13562000
I0124,1999-05-11,156765,Russell 2000,,1112.38647500,1714.15185500
I0124,1999-05-12,156765,Russell 2000,,1118.41613800,1723.74243200
I0124,1999-05-13,156765,Russell 2000,,1122.46545400,1730.09289600
I0124,1999-05-14,156765,Russell 2000,,1103.29431200,1700.61779800
I0124,1999-05-17,156765,Russell 2000,,1098.78491200,1693.67944300
I0124,1999-05-18,156765,Russell 2000,,1101.62158200,1698.18432600
I0124,1999-05-19,156765,Russell 2000,,1110.79736300,1712.50048800
I0124,1999-05-20,156765,Russell 2000,,1115.46862800,1719.70532200
I0124,1999-05-21,156765,Russell 2000,,1118.13793900,1723.85742200
I0124,1999-05-24,156765,Russell 2000,,1096.43811000,1690.40808100
I0124,1999-05-25,156765,Russell 2000,,1081.65698200,1667.62219200
I0124,1999-05-26,156765,Russell 2000,,1083.97436500,1671.32690400
I0124,1999-05-27,156765,Russell 2000,,1077.73095700,1661.97839400
I0124,1999-05-28,156765,Russell 2000,,1092.17395000,1684.27917500
I0124,1999-06-01,156765,Russell 2000,,1089.11389200,1679.57800300
I0124,1999-06-02,156765,Russell 2000,,1087.33154300,1676.97473100
I0124,1999-06-03,156765,Russell 2000,,1085.46093800,1674.12841800
I0124,1999-06-04,156765,Russell 2000,,1101.26660200,1698.51062000
I0124,1999-06-07,156765,Russell 2000,,1112.54480000,1715.91320800
I0124,1999-06-08,156765,Russell 2000,,1105.20959500,1704.74243200
I0124,1999-06-09,156765,Russell 2000,,1108.40429700,1709.77612300
I0124,1999-06-10,156765,Russell 2000,,1101.06286600,1698.47412100
I0124,1999-06-11,156765,Russell 2000,,1090.53051800,1682.50378400
I0124,1999-06-14,156765,Russell 2000,,1074.39074700,1657.65417500
I0124,1999-06-15,156765,Russell 2000,,1080.28601100,1666.76025400
I0124,1999-06-16,156765,Russell 2000,,1098.42590300,1694.98168900
I0124,1999-06-17,156765,Russell 2000,,1103.85998500,1703.43969700
I0124,1999-06-18,156765,Russell 2000,,1108.00585900,1709.87207000
I0124,1999-06-21,156765,Russell 2000,,1118.90454100,1726.72363300
I0124,1999-06-22,156765,Russell 2000,,1113.67065400,1718.66784700
I0124,1999-06-23,156765,Russell 2000,,1112.94946300,1717.71569800
I0124,1999-06-24,156765,Russell 2000,,1103.35522500,1702.93664600
I0124,1999-06-25,156765,Russell 2000,,1103.26953100,1702.84216300
I0124,1999-06-28,156765,Russell 2000,,1116.83960000,1724.42358400
I0124,1999-06-29,156765,Russell 2000,,1130.47534200,1745.64428700
I0124,1999-06-30,156765,Russell 2000,,1139.99646000,1760.44152800
I0124,1999-07-01,156765,Russell 2000,,1131.77746600,1747.77453600
I0124,1999-07-02,156765,Russell 2000,,1136.92150900,1755.71826200
I0124,1999-07-06,156765,Russell 2000,,1136.98571800,1755.86291500
I0124,1999-07-07,156765,Russell 2000,,1127.37023900,1741.19555700
I0124,1999-07-08,156765,Russell 2000,,1132.51391600,1749.25219700
I0124,1999-07-09,156765,Russell 2000,,1140.62280300,1761.77954100
I0124,1999-07-12,156765,Russell 2000,,1143.89465300,1766.84472700
I0124,1999-07-13,156765,Russell 2000,,1140.88317900,1762.33349600
I0124,1999-07-14,156765,Russell 2000,,1149.22998000,1775.38159200
I0124,1999-07-15,156765,Russell 2000,,1160.00158700,1792.03332500
I0124,1999-07-16,156765,Russell 2000,,1158.61608900,1789.91015600
I0124,1999-07-19,156765,Russell 2000,,1148.98754900,1775.07238800
I0124,1999-07-20,156765,Russell 2000,,1129.53491200,1745.02368200
I0124,1999-07-21,156765,Russell 2000,,1132.22106900,1749.23242200
I0124,1999-07-22,156765,Russell 2000,,1124.41076700,1737.20764200
I0124,1999-07-23,156765,Russell 2000,,1116.67016600,1725.32043500
I0124,1999-07-26,156765,Russell 2000,,1103.03271500,1704.27929700
I0124,1999-07-27,156765,Russell 2000,,1112.02429200,1718.18566900
I0124,1999-07-28,156765,Russell 2000,,1112.26770000,1718.79638700
I0124,1999-07-29,156765,Russell 2000,,1099.79357900,1699.82482900
I0124,1999-07-30,156765,Russell 2000,,1107.71606400,1712.13635300
I0124,1999-08-02,156765,Russell 2000,,1102.34680200,1703.89221200
I0124,1999-08-03,156765,Russell 2000,,1086.62280300,1679.61926300
I0124,1999-08-04,156765,Russell 2000,,1070.12243700,1654.29760700
I0124,1999-08-05,156765,Russell 2000,,1070.23144500,1654.51257300
I0124,1999-08-06,156765,Russell 2000,,1066.02600100,1648.16162100
I0124,1999-08-09,156765,Russell 2000,,1060.67639200,1639.97753900
I0124,1999-08-10,156765,Russell 2000,,1053.03125000,1628.23083500
I0124,1999-08-11,156765,Russell 2000,,1066.45031700,1649.20214800
I0124,1999-08-12,156765,Russell 2000,,1067.92932100,1651.59167500
I0124,1999-08-13,156765,Russell 2000,,1080.89050300,1671.69567900
I0124,1999-08-16,156765,Russell 2000,,1080.42797900,1671.02941900
I0124,1999-08-17,156765,Russell 2000,,1085.76684600,1679.34655800
I0124,1999-08-18,156765,Russell 2000,,1078.65661600,1668.47497600
I0124,1999-08-19,156765,Russell 2000,,1077.77549000,1667.13400000
I0124,1999-08-20,156765,Russell 2000,,1081.88459000,1673.52045000
I0124,1999-08-23,156765,Russell 2000,,1088.90835000,1684.40924000
I0124,1999-08-24,156765,Russell 2000,,1088.64279000,1683.99845000
I0124,1999-08-25,156765,Russell 2000,,1090.50168000,1687.05032000
I0124,1999-08-26,156765,Russell 2000,,1085.91000000,1679.96000000
I0124,1999-08-27,156765,Russell 2000,,1077.04633000,1666.35141000
I0124,1999-08-30,156765,Russell 2000,,1064.36218000,1646.95589000
I0124,1999-08-31,156765,Russell 2000,,1065.52290000,1648.77205000
I0124,1999-09-01,156765,Russell 2000,,1073.44518000,1661.19358000
I0124,1999-09-02,156765,Russell 2000,,1064.59891000,1647.55892000
I0124,1999-09-03,156765,Russell 2000,,1085.71867000,1680.25190000
I0124,1999-09-07,156765,Russell 2000,,1091.42408000,1689.16424000
I0124,1999-09-08,156765,Russell 2000,,1085.68463000,1680.45771000
I0124,1999-09-09,156765,Russell 2000,,1090.25491000,1687.58077000
I0124,1999-09-10,156765,Russell 2000,,1098.68439000,1700.64418000
I0124,1999-09-13,156765,Russell 2000,,1094.96394000,1695.14993000
I0124,1999-09-14,156765,Russell 2000,,1091.39817000,1689.68081000
I0124,1999-09-15,156765,Russell 2000,,1086.66109000,1682.52300000
I0124,1999-09-16,156765,Russell 2000,,1071.59996000,1659.24422000
I0124,1999-09-17,156765,Russell 2000,,1082.04873000,1675.44849000
I0124,1999-09-20,156765,Russell 2000,,1078.87598000,1670.53862000
I0124,1999-09-21,156765,Russell 2000,,1062.21897000,1644.76775000
I0124,1999-09-22,156765,Russell 2000,,1064.78422000,1648.95134000
I0124,1999-09-23,156765,Russell 2000,,1046.58218000,1620.78188000
I0124,1999-09-24,156765,Russell 2000,,1038.83503000,1608.79108000
I0124,1999-09-27,156765,Russell 2000,,1050.70474000,1627.21148000
I0124,1999-09-28,156765,Russell 2000,,1042.25620000,1614.78392000
I0124,1999-09-29,156765,Russell 2000,,1049.79261000,1626.56689000
I0124,1999-09-30,156765,Russell 2000,,1064.32155000,1649.13212000
I0124,1999-10-01,156765,Russell 2000,,1054.88135000,1634.52439000
I0124,1999-10-04,156765,Russell 2000,,1062.49498000,1646.40202000
I0124,1999-10-05,156765,Russell 2000,,1060.94625000,1644.04763000
I0124,1999-10-06,156765,Russell 2000,,1070.33829000,1658.87502000
I0124,1999-10-07,156765,Russell 2000,,1066.16552000,1652.46084000
I0124,1999-10-08,156765,Russell 2000,,1065.16752000,1650.91754000
I0124,1999-10-11,156765,Russell 2000,,1071.36145000,1660.51760000
I0124,1999-10-12,156765,Russell 2000,,1057.76019000,1639.44715000
I0124,1999-10-13,156765,Russell 2000,,1044.37369000,1618.97328000
I0124,1999-10-14,156765,Russell 2000,,1044.39824000,1619.02619000
I0124,1999-10-15,156765,Russell 2000,,1032.80175000,1601.05170000
I0124,1999-10-18,156765,Russell 2000,,1018.38807000,1578.78357000
I0124,1999-10-19,156765,Russell 2000,,1023.47605000,1586.74685000
I0124,1999-10-20,156765,Russell 2000,,1030.89123000,1598.28662000
I0124,1999-10-21,156765,Russell 2000,,1031.75904000,1599.68837000
I0124,1999-10-22,156765,Russell 2000,,1042.75503000,1616.76511000
I0124,1999-10-25,156765,Russell 2000,,1040.46000000,1613.22000000
I0124,1999-10-26,156765,Russell 2000,,1035.51432000,1605.55786000
I0124,1999-10-27,156765,Russell 2000,,1038.08616000,1609.74320000
I0124,1999-10-28,156765,Russell 2000,,1052.93252000,1633.02675000
I0124,1999-10-29,156765,Russell 2000,,1067.58851000,1655.81140000
I0124,1999-11-01,156765,Russell 2000,,1075.36626000,1667.89851000
I0124,1999-11-02,156765,Russell 2000,,1076.76562000,1670.10967000
I0124,1999-11-03,156765,Russell 2000,,1091.98876000,1693.91684000
I0124,1999-11-04,156765,Russell 2000,,1095.53196000,1699.50592000
I0124,1999-11-05,156765,Russell 2000,,1101.77146000,1709.24350000
I0124,1999-11-08,156765,Russell 2000,,1108.33216000,1719.64362000
I0124,1999-11-09,156765,Russell 2000,,1111.28884000,1724.39873000
I0124,1999-11-10,156765,Russell 2000,,1117.42791000,1734.08291000
I0124,1999-11-11,156765,Russell 2000,,1114.41131000,1729.40160000
I0124,1999-11-12,156765,Russell 2000,,1119.79006000,1737.82642000
I0124,1999-11-15,156765,Russell 2000,,1127.90089000,1750.43702000
I0124,1999-11-16,156765,Russell 2000,,1137.74006000,1765.74214000
I0124,1999-11-17,156765,Russell 2000,,1137.64660000,1765.80462000
I0124,1999-11-18,156765,Russell 2000,,1149.97467000,1784.95746000
I0124,1999-11-19,156765,Russell 2000,,1148.00002000,1781.91452000
I0124,1999-11-22,156765,Russell 2000,,1146.83721000,1780.15747000
I0124,1999-11-23,156765,Russell 2000,,1131.03447000,1755.73013000
I0124,1999-11-24,156765,Russell 2000,,1134.65979000,1761.51160000
I0124,1999-11-26,156765,Russell 2000,,1142.01181000,1773.04462000
I0124,1999-11-29,156765,Russell 2000,,1137.22554000,1765.90614000
I0124,1999-11-30,156765,Russell 2000,,1129.96711000,1754.67878000
I0124,1999-12-01,156765,Russell 2000,,1128.96920000,1753.25077000
I0124,1999-12-02,156765,Russell 2000,,1145.74171000,1779.35846000
I0124,1999-12-03,156765,Russell 2000,,1156.08721000,1795.42934000
I0124,1999-12-06,156765,Russell 2000,,1159.06381000,1800.05670000
I0124,1999-12-07,156765,Russell 2000,,1158.96849000,1800.03123000
I0124,1999-12-08,156765,Russell 2000,,1166.69334000,1812.16240000
I0124,1999-12-09,156765,Russell 2000,,1156.88370000,1796.98810000
I0124,1999-12-10,156765,Russell 2000,,1161.32387000,1803.95378000
I0124,1999-12-13,156765,Russell 2000,,1170.55345000,1818.57118000
I0124,1999-12-14,156765,Russell 2000,,1151.42828000,1788.92022000
I0124,1999-12-15,156765,Russell 2000,,1148.07831000,1784.01538000
I0124,1999-12-16,156765,Russell 2000,,1157.97525000,1799.49511000
I0124,1999-12-17,156765,Russell 2000,,1160.30181000,1803.13770000
I0124,1999-12-20,156765,Russell 2000,,1162.76065000,1806.99069000
I0124,1999-12-21,156765,Russell 2000,,1183.96342000,1840.14998000
I0124,1999-12-22,156765,Russell 2000,,1189.36449000,1848.58597000
I0124,1999-12-23,156765,Russell 2000,,1200.43682000,1865.82244000
I0124,1999-12-27,156765,Russell 2000,,1205.35253000,1873.46905000
I0124,1999-12-28,156765,Russell 2000,,1215.56446000,1889.46227000
I0124,1999-12-29,156765,Russell 2000,,1237.31810000,1924.02730000
I0124,1999-12-30,156765,Russell 2000,,1235.77447000,1921.74752000
I0124,1999-12-31,156765,Russell 2000,,1256.03768000,1953.30831000
I0124,2000-01-03,156765,Russell 2000,,1237.95957000,1925.19892000
I0124,2000-01-04,156765,Russell 2000,,1190.52265000,1851.46390000
I0124,2000-01-05,156765,Russell 2000,,1191.57001000,1853.19139000
I0124,2000-01-06,156765,Russell 2000,,1182.71204000,1839.55596000
I0124,2000-01-07,156765,Russell 2000,,1215.31536000,1890.27345000
I0124,2000-01-10,156765,Russell 2000,,1249.01048000,1942.70602000
I0124,2000-01-11,156765,Russell 2000,,1225.86368000,1906.71147000
I0124,2000-01-12,156765,Russell 2000,,1219.29693000,1896.77186000
I0124,2000-01-13,156765,Russell 2000,,1247.22676000,1940.30653000
I0124,2000-01-14,156765,Russell 2000,,1263.20993000,1965.17595000
I0124,2000-01-18,156765,Russell 2000,,1277.68638000,1987.70355000
I0124,2000-01-19,156765,Russell 2000,,1293.96149000,2013.04638000
I0124,2000-01-20,156765,Russell 2000,,1312.17388000,2041.42374000
I0124,2000-01-21,156765,Russell 2000,,1328.68678000,2067.16441000
I0124,2000-01-24,156765,Russell 2000,,1301.78901000,2025.36687000
I0124,2000-01-25,156765,Russell 2000,,1298.05853000,2019.57270000
I0124,2000-01-26,156765,Russell 2000,,1296.83478000,2017.73534000
I0124,2000-01-27,156765,Russell 2000,,1286.64369000,2002.06533000
I0124,2000-01-28,156765,Russell 2000,,1255.80961000,1954.22297000
I0124,2000-01-31,156765,Russell 2000,,1235.05557000,1921.94077000
I0124,2000-02-01,156765,Russell 2000,,1253.82924000,1951.25294000
I0124,2000-02-02,156765,Russell 2000,,1269.01868000,1975.06427000
I0124,2000-02-03,156765,Russell 2000,,1298.00020000,2020.24097000
I0124,2000-02-04,156765,Russell 2000,,1307.77637000,2035.52093000
I0124,2000-02-07,156765,Russell 2000,,1324.86645000,2062.15589000
I0124,2000-02-08,156765,Russell 2000,,1337.51312000,2081.96523000
I0124,2000-02-09,156765,Russell 2000,,1333.72684000,2076.23156000
I0124,2000-02-10,156765,Russell 2000,,1349.31419000,2100.65260000
I0124,2000-02-11,156765,Russell 2000,,1336.69509000,2081.20479000
I0124,2000-02-14,156765,Russell 2000,,1343.62304000,2092.10437000
I0124,2000-02-15,156765,Russell 2000,,1344.29962000,2093.16778000
I0124,2000-02-16,156765,Russell 2000,,1363.01521000,2122.48132000
I0124,2000-02-17,156765,Russell 2000,,1389.55524000,2163.83537000
I0124,2000-02-18,156765,Russell 2000,,1358.02457000,2114.73972000
I0124,2000-02-22,156765,Russell 2000,,1346.41197000,2096.68974000
I0124,2000-02-23,156765,Russell 2000,,1368.29397000,2130.89123000
I0124,2000-02-24,156765,Russell 2000,,1378.93108000,2147.47988000
I0124,2000-02-25,156765,Russell 2000,,1385.32172000,2157.57770000
I0124,2000-02-28,156765,Russell 2000,,1387.59827000,2161.34996000
I0124,2000-02-29,156765,Russell 2000,,1437.64665000,2239.32231000
I0124,2000-03-01,156765,Russell 2000,,1464.03069000,2280.50251000
I0124,2000-03-02,156765,Russell 2000,,1453.25219000,2263.76242000
I0124,2000-03-03,156765,Russell 2000,,1488.58878000,2318.88991000
I0124,2000-03-06,156765,Russell 2000,,1497.36840000,2332.58274000
I0124,2000-03-07,156765,Russell 2000,,1481.29683000,2307.60128000
I0124,2000-03-08,156765,Russell 2000,,1479.79940000,2305.49708000
I0124,2000-03-09,156765,Russell 2000,,1508.16235000,2349.72548000
I0124,2000-03-10,156765,Russell 2000,,1502.48627000,2340.88678000
I0124,2000-03-13,156765,Russell 2000,,1468.42371000,2288.07562000
I0124,2000-03-14,156765,Russell 2000,,1425.42207000,2221.12035000
I0124,2000-03-15,156765,Russell 2000,,1391.19144000,2168.00114000
I0124,2000-03-16,156765,Russell 2000,,1428.58232000,2226.30414000
I0124,2000-03-17,156765,Russell 2000,,1430.00912000,2228.54670000
I0124,2000-03-20,156765,Russell 2000,,1366.41910000,2129.51149000
I0124,2000-03-21,156765,Russell 2000,,1375.66746000,2143.93339000
I0124,2000-03-22,156765,Russell 2000,,1421.63706000,2215.80374000
I0124,2000-03-23,156765,Russell 2000,,1427.89821000,2225.59059000
I0124,2000-03-24,156765,Russell 2000,,1428.75782000,2226.93764000
I0124,2000-03-27,156765,Russell 2000,,1427.50422000,2224.99814000
I0124,2000-03-28,156765,Russell 2000,,1391.16787000,2168.42240000
I0124,2000-03-29,156765,Russell 2000,,1351.06487000,2106.65504000
I0124,2000-03-30,156765,Russell 2000,,1322.77578000,2062.62932000
I0124,2000-03-31,156765,Russell 2000,,1341.37248000,2091.68221000
I0124,2000-04-03,156765,Russell 2000,,1284.13294000,2002.46628000
I0124,2000-04-04,156765,Russell 2000,,1259.18117000,1963.59178000
I0124,2000-04-05,156765,Russell 2000,,1289.00670000,2010.17181000
I0124,2000-04-06,156765,Russell 2000,,1325.50953000,2067.28194000
I0124,2000-04-07,156765,Russell 2000,,1351.11483000,2107.25734000
I0124,2000-04-10,156765,Russell 2000,,1290.93633000,2013.41131000
I0124,2000-04-11,156765,Russell 2000,,1269.73188000,1980.34565000
I0124,2000-04-12,156765,Russell 2000,,1228.00092000,1915.57221000
I0124,2000-04-13,156765,Russell 2000,,1217.59979000,1899.36476000
I0124,2000-04-14,156765,Russell 2000,,1129.52561000,1761.97835000
I0124,2000-04-17,156765,Russell 2000,,1142.73937000,1782.60235000
I0124,2000-04-18,156765,Russell 2000,,1209.68623000,1887.08692000
I0124,2000-04-19,156765,Russell 2000,,1210.28353000,1888.12520000
I0124,2000-04-20,156765,Russell 2000,,1199.06838000,1870.66410000
I0124,2000-04-24,156765,Russell 2000,,1166.13878000,1819.29952000
I0124,2000-04-25,156765,Russell 2000,,1217.13532000,1898.86220000
I0124,2000-04-26,156765,Russell 2000,,1205.22996000,1880.45706000
I0124,2000-04-27,156765,Russell 2000,,1230.75357000,1920.40506000
I0124,2000-04-28,156765,Russell 2000,,1259.77922000,1965.81483000
I0124,2000-05-01,156765,Russell 2000,,1291.43000000,2015.31000000
I0124,2000-05-02,156765,Russell 2000,,1257.43614000,1962.30383000
I0124,2000-05-03,156765,Russell 2000,,1233.24623000,1924.74723000
I0124,2000-05-04,156765,Russell 2000,,1248.92484000,1949.29982000
I0124,2000-05-05,156765,Russell 2000,,1276.20535000,1991.89238000
I0124,2000-05-08,156765,Russell 2000,,1244.43158000,1942.45764000
I0124,2000-05-09,156765,Russell 2000,,1221.44393000,1906.64193000
I0124,2000-05-10,156765,Russell 2000,,1180.37413000,1842.73678000
I0124,2000-05-11,156765,Russell 2000,,1218.02733000,1901.72114000
I0124,2000-05-12,156765,Russell 2000,,1221.71905000,1907.54300000
I0124,2000-05-15,156765,Russell 2000,,1238.64205000,1934.03693000
I0124,2000-05-16,156765,Russell 2000,,1259.00865000,1965.90635000
I0124,2000-05-17,156765,Russell 2000,,1243.37089000,1941.61412000
I0124,2000-05-18,156765,Russell 2000,,1221.74728000,1907.89902000
I0124,2000-05-19,156765,Russell 2000,,1193.65934000,1864.04839000
I0124,2000-05-22,156765,Russell 2000,,1173.65759000,1832.87156000
I0124,2000-05-23,156765,Russell 2000,,1142.21599000,1783.79140000
I0124,2000-05-24,156765,Russell 2000,,1149.45434000,1795.19052000
I0124,2000-05-25,156765,Russell 2000,,1135.18745000,1772.95141000
I0124,2000-05-26,156765,Russell 2000,,1138.31798000,1777.96107000
I0124,2000-05-30,156765,Russell 2000,,1186.20763000,1852.96649000
I0124,2000-05-31,156765,Russell 2000,,1185.04768000,1851.24394000
I0124,2000-06-01,156765,Russell 2000,,1225.71649000,1914.81260000
I0124,2000-06-02,156765,Russell 2000,,1276.58811000,1994.31333000
I0124,2000-06-05,156765,Russell 2000,,1277.53792000,1995.79966000
I0124,2000-06-06,156765,Russell 2000,,1273.29293000,1989.22695000
I0124,2000-06-07,156765,Russell 2000,,1285.57033000,2008.56658000
I0124,2000-06-08,156765,Russell 2000,,1280.72799000,2001.08387000
I0124,2000-06-09,156765,Russell 2000,,1302.00302000,2034.33611000
I0124,2000-06-12,156765,Russell 2000,,1265.93866000,1977.99880000
I0124,2000-06-13,156765,Russell 2000,,1278.88931000,1998.60080000
I0124,2000-06-14,156765,Russell 2000,,1268.73186000,1983.74991000
I0124,2000-06-15,156765,Russell 2000,,1275.23252000,1993.94530000
I0124,2000-06-16,156765,Russell 2000,,1278.72008000,1999.42922000
I0124,2000-06-19,156765,Russell 2000,,1301.37918000,2034.88246000
I0124,2000-06-20,156765,Russell 2000,,1308.64985000,2046.27318000
I0124,2000-06-21,156765,Russell 2000,,1313.52916000,2054.05060000
I0124,2000-06-22,156765,Russell 2000,,1282.43740000,2005.47996000
I0124,2000-06-23,156765,Russell 2000,,1270.73573000,1987.18745000
I0124,2000-06-26,156765,Russell 2000,,1285.50720000,2010.29445000
I0124,2000-06-27,156765,Russell 2000,,1265.16131000,1978.51125000
I0124,2000-06-28,156765,Russell 2000,,1296.86057000,2028.89205000
I0124,2000-06-29,156765,Russell 2000,,1276.08190000,1996.45862000
I0124,2000-06-30,156765,Russell 2000,,1286.38989000,2012.61863000
I0124,2000-07-03,156765,Russell 2000,,1302.23485000,2037.45755000
I0124,2000-07-05,156765,Russell 2000,,1288.04159000,2015.32648000
I0124,2000-07-06,156765,Russell 2000,,1300.49679000,2035.11650000
I0124,2000-07-07,156765,Russell 2000,,1312.57270000,2054.02584000
I0124,2000-07-10,156765,Russell 2000,,1319.16854000,2064.38987000
I0124,2000-07-11,156765,Russell 2000,,1316.29929000,2059.91910000
I0124,2000-07-12,156765,Russell 2000,,1342.44352000,2101.11942000
I0124,2000-07-13,156765,Russell 2000,,1348.67081000,2110.96372000
I0124,2000-07-14,156765,Russell 2000,,1348.50148000,2110.72906000
I0124,2000-07-17,156765,Russell 2000,,1354.80131000,2120.59351000
I0124,2000-07-18,156765,Russell 2000,,1332.79042000,2086.22279000
I0124,2000-07-19,156765,Russell 2000,,1311.78437000,2053.35720000
I0124,2000-07-20,156765,Russell 2000,,1329.05921000,2080.42413000
I0124,2000-07-21,156765,Russell 2000,,1298.98709000,2033.36192000
I0124,2000-07-24,156765,Russell 2000,,1278.08409000,2000.72747000
I0124,2000-07-25,156765,Russell 2000,,1278.13670000,2000.84194000
I0124,2000-07-26,156765,Russell 2000,,1276.92731000,1999.05011000
I0124,2000-07-27,156765,Russell 2000,,1246.69382000,1951.87658000
I0124,2000-07-28,156765,Russell 2000,,1218.19375000,1907.40237000
I0124,2000-07-31,156765,Russell 2000,,1244.01628000,1947.86667000
I0124,2000-08-01,156765,Russell 2000,,1236.96921000,1936.94772000
I0124,2000-08-02,156765,Russell 2000,,1243.04536000,1946.71410000
I0124,2000-08-03,156765,Russell 2000,,1241.26299000,1943.99570000
I0124,2000-08-04,156765,Russell 2000,,1251.58830000,1960.18358000
I0124,2000-08-07,156765,Russell 2000,,1267.22901000,1984.69961000
I0124,2000-08-08,156765,Russell 2000,,1264.03133000,1980.02257000
I0124,2000-08-09,156765,Russell 2000,,1261.36484000,1976.04152000
I0124,2000-08-10,156765,Russell 2000,,1246.72456000,1953.41700000
I0124,2000-08-11,156765,Russell 2000,,1268.04261000,1987.08197000
I0124,2000-08-14,156765,Russell 2000,,1278.56964000,2003.60999000
I0124,2000-08-15,156765,Russell 2000,,1267.29052000,1986.00474000
I0124,2000-08-16,156765,Russell 2000,,1274.28532000,1997.19715000
I0124,2000-08-17,156765,Russell 2000,,1283.52760000,2011.74991000
I0124,2000-08-18,156765,Russell 2000,,1281.16704000,2008.08099000
I0124,2000-08-21,156765,Russell 2000,,1283.59396000,2011.89078000
I0124,2000-08-22,156765,Russell 2000,,1285.91679000,2015.76942000
I0124,2000-08-23,156765,Russell 2000,,1287.07729000,2017.84451000
I0124,2000-08-24,156765,Russell 2000,,1300.46395000,2038.85155000
I0124,2000-08-25,156765,Russell 2000,,1305.08436000,2046.17584000
I0124,2000-08-28,156765,Russell 2000,,1308.40916000,2051.39852000
I0124,2000-08-29,156765,Russell 2000,,1316.25797000,2063.83228000
I0124,2000-08-30,156765,Russell 2000,,1322.94003000,2074.71344000
I0124,2000-08-31,156765,Russell 2000,,1336.79600000,2096.49036000
I0124,2000-09-01,156765,Russell 2000,,1346.82443000,2112.23730000
I0124,2000-09-05,156765,Russell 2000,,1339.48557000,2100.75467000
I0124,2000-09-06,156765,Russell 2000,,1332.91152000,2090.66098000
I0124,2000-09-07,156765,Russell 2000,,1348.99591000,2115.95473000
I0124,2000-09-08,156765,Russell 2000,,1329.59497000,2085.52739000
I0124,2000-09-11,156765,Russell 2000,,1326.41345000,2080.56562000
I0124,2000-09-12,156765,Russell 2000,,1323.27074000,2075.72541000
I0124,2000-09-13,156765,Russell 2000,,1327.10945000,2082.26255000
I0124,2000-09-14,156765,Russell 2000,,1340.30963000,2103.06400000
I0124,2000-09-15,156765,Russell 2000,,1319.37063000,2070.22593000
I0124,2000-09-18,156765,Russell 2000,,1284.03952000,2014.82074000
I0124,2000-09-19,156765,Russell 2000,,1300.46986000,2040.63940000
I0124,2000-09-20,156765,Russell 2000,,1295.85438000,2033.56714000
I0124,2000-09-21,156765,Russell 2000,,1278.21858000,2005.93635000
I0124,2000-09-22,156765,Russell 2000,,1289.44296000,2023.55422000
I0124,2000-09-25,156765,Russell 2000,,1281.10767000,2010.47976000
I0124,2000-09-26,156765,Russell 2000,,1267.41903000,1989.00500000
I0124,2000-09-27,156765,Russell 2000,,1262.90570000,1982.77205000
I0124,2000-09-28,156765,Russell 2000,,1301.94138000,2044.16204000
I0124,2000-09-29,156765,Russell 2000,,1295.99587000,2034.87371000
I0124,2000-10-02,156765,Russell 2000,,1271.79539000,1996.95488000
I0124,2000-10-03,156765,Russell 2000,,1254.30953000,1969.53940000
I0124,2000-10-04,156765,Russell 2000,,1261.46533000,1980.95930000
I0124,2000-10-05,156765,Russell 2000,,1249.38745000,1962.17723000
I0124,2000-10-06,156765,Russell 2000,,1220.40125000,1916.65484000
I0124,2000-10-09,156765,Russell 2000,,1216.72899000,1910.88750000
I0124,2000-10-10,156765,Russell 2000,,1197.03309000,1879.97946000
I0124,2000-10-11,156765,Russell 2000,,1179.94903000,1853.41979000
I0124,2000-10-12,156765,Russell 2000,,1150.70609000,1807.62249000
I0124,2000-10-13,156765,Russell 2000,,1194.04790000,1875.77749000
I0124,2000-10-16,156765,Russell 2000,,1197.37811000,1881.01302000
I0124,2000-10-17,156765,Russell 2000,,1170.40491000,1838.72296000
I0124,2000-10-18,156765,Russell 2000,,1158.73522000,1820.46851000
I0124,2000-10-19,156765,Russell 2000,,1196.29200000,1879.51110000
I0124,2000-10-20,156765,Russell 2000,,1211.51302000,1903.45840000
I0124,2000-10-23,156765,Russell 2000,,1217.81228000,1913.38879000
I0124,2000-10-24,156765,Russell 2000,,1212.55556000,1905.15189000
I0124,2000-10-25,156765,Russell 2000,,1181.16872000,1855.90253000
I0124,2000-10-26,156765,Russell 2000,,1192.40427000,1873.59496000
I0124,2000-10-27,156765,Russell 2000,,1192.65118000,1874.17673000
I0124,2000-10-30,156765,Russell 2000,,1199.82132000,1885.57225000
I0124,2000-10-31,156765,Russell 2000,,1236.99428000,1944.03674000
I0124,2000-11-01,156765,Russell 2000,,1230.75303000,1934.46817000
I0124,2000-11-02,156765,Russell 2000,,1260.11077000,1980.71357000
I0124,2000-11-03,156765,Russell 2000,,1262.01294000,1983.74231000
I0124,2000-11-06,156765,Russell 2000,,1252.59377000,1968.98348000
I0124,2000-11-07,156765,Russell 2000,,1257.69856000,1977.06017000
I0124,2000-11-08,156765,Russell 2000,,1244.38793000,1956.48986000
I0124,2000-11-09,156765,Russell 2000,,1231.14873000,1935.75987000
I0124,2000-11-10,156765,Russell 2000,,1195.33592000,1879.51379000
I0124,2000-11-13,156765,Russell 2000,,1184.39837000,1862.60324000
I0124,2000-11-14,156765,Russell 2000,,1210.20886000,1903.30833000
I0124,2000-11-15,156765,Russell 2000,,1222.32761000,1922.60401000
I0124,2000-11-16,156765,Russell 2000,,1197.06935000,1883.01341000
I0124,2000-11-17,156765,Russell 2000,,1199.70609000,1887.19132000
I0124,2000-11-20,156765,Russell 2000,,1168.76406000,1838.58100000
I0124,2000-11-21,156765,Russell 2000,,1160.17741000,1825.18158000
I0124,2000-11-22,156765,Russell 2000,,1138.11244000,1790.50865000
I0124,2000-11-24,156765,Russell 2000,,1172.77754000,1845.05651000
I0124,2000-11-27,156765,Russell 2000,,1172.39242000,1844.51963000
I0124,2000-11-28,156765,Russell 2000,,1140.91151000,1795.14532000
I0124,2000-11-29,156765,Russell 2000,,1129.90622000,1778.24970000
I0124,2000-11-30,156765,Russell 2000,,1108.43922000,1744.47891000
I0124,2000-12-01,156765,Russell 2000,,1135.42952000,1786.97378000
I0124,2000-12-04,156765,Russell 2000,,1119.46465000,1761.85356000
I0124,2000-12-05,156765,Russell 2000,,1171.07958000,1843.11000000
I0124,2000-12-06,156765,Russell 2000,,1152.20919000,1813.66812000
I0124,2000-12-07,156765,Russell 2000,,1146.09440000,1804.08253000
I0124,2000-12-08,156765,Russell 2000,,1190.71901000,1874.38000000
I0124,2000-12-11,156765,Russell 2000,,1211.01117000,1906.35406000
I0124,2000-12-12,156765,Russell 2000,,1187.50262000,1869.50724000
I0124,2000-12-13,156765,Russell 2000,,1167.95919000,1839.21157000
I0124,2000-12-14,156765,Russell 2000,,1147.86513000,1807.66574000
I0124,2000-12-15,156765,Russell 2000,,1138.49333000,1792.90716000
I0124,2000-12-18,156765,Russell 2000,,1151.35649000,1813.25204000
I0124,2000-12-19,156765,Russell 2000,,1140.33387000,1795.93435000
I0124,2000-12-20,156765,Russell 2000,,1103.05612000,1737.47765000
I0124,2000-12-21,156765,Russell 2000,,1111.11806000,1750.20002000
I0124,2000-12-22,156765,Russell 2000,,1150.78504000,1812.68995000
I0124,2000-12-26,156765,Russell 2000,,1159.81562000,1826.93621000
I0124,2000-12-27,156765,Russell 2000,,1191.30727000,1877.48369000
I0124,2000-12-28,156765,Russell 2000,,1227.87616000,1935.27850000
I0124,2000-12-29,156765,Russell 2000,,1201.82357000,1894.29892000
I0124,2001-01-02,156765,Russell 2000,,1149.51217000,1811.88224000
I0124,2001-01-03,156765,Russell 2000,,1203.92970000,1897.68801000
I0124,2001-01-04,156765,Russell 2000,,1186.04698000,1869.60770000
I0124,2001-01-05,156765,Russell 2000,,1151.13468000,1814.57422000
I0124,2001-01-08,156765,Russell 2000,,1147.38951000,1808.78192000
I0124,2001-01-09,156765,Russell 2000,,1153.11303000,1817.87855000
I0124,2001-01-10,156765,Russell 2000,,1181.69266000,1863.20117000
I0124,2001-01-11,156765,Russell 2000,,1202.57147000,1896.18716000
I0124,2001-01-12,156765,Russell 2000,,1207.31093000,1903.67542000
I0124,2001-01-16,156765,Russell 2000,,1226.04966000,1933.22452000
I0124,2001-01-17,156765,Russell 2000,,1226.45426000,1933.95397000
I0124,2001-01-18,156765,Russell 2000,,1229.33481000,1938.50234000
I0124,2001-01-19,156765,Russell 2000,,1213.12283000,1912.95334000
I0124,2001-01-22,156765,Russell 2000,,1218.30157000,1921.20344000
I0124,2001-01-23,156765,Russell 2000,,1247.83202000,1967.79792000
I0124,2001-01-24,156765,Russell 2000,,1248.35501000,1968.68746000
I0124,2001-01-25,156765,Russell 2000,,1240.24111000,1955.92200000
I0124,2001-01-26,156765,Russell 2000,,1239.41933000,1954.64940000
I0124,2001-01-29,156765,Russell 2000,,1262.37347000,1991.02794000
I0124,2001-01-30,156765,Russell 2000,,1271.69097000,2005.82226000
I0124,2001-01-31,156765,Russell 2000,,1263.45281000,1992.92255000
I0124,2001-02-01,156765,Russell 2000,,1265.03183000,1995.65916000
I0124,2001-02-02,156765,Russell 2000,,1245.25806000,1964.50709000
I0124,2001-02-05,156765,Russell 2000,,1244.54445000,1963.41920000
I0124,2001-02-06,156765,Russell 2000,,1257.03523000,1983.23773000
I0124,2001-02-07,156765,Russell 2000,,1260.33268000,1988.79709000
I0124,2001-02-08,156765,Russell 2000,,1249.90631000,1972.45455000
I0124,2001-02-09,156765,Russell 2000,,1235.36599000,1949.53027000
I0124,2001-02-12,156765,Russell 2000,,1255.99026000,1982.18471000
I0124,2001-02-13,156765,Russell 2000,,1249.05837000,1971.60459000
I0124,2001-02-14,156765,Russell 2000,,1251.37013000,1975.50342000
I0124,2001-02-15,156765,Russell 2000,,1264.67321000,1996.54888000
I0124,2001-02-16,156765,Russell 2000,,1240.88817000,1959.03063000
I0124,2001-02-20,156765,Russell 2000,,1220.71413000,1927.23280000
I0124,2001-02-21,156765,Russell 2000,,1201.72516000,1897.40582000
I0124,2001-02-22,156765,Russell 2000,,1186.16850000,1872.96022000
I0124,2001-02-23,156765,Russell 2000,,1186.65709000,1873.81956000
I0124,2001-02-26,156765,Russell 2000,,1213.62242000,1916.55218000
I0124,2001-02-27,156765,Russell 2000,,1189.87253000,1879.28085000
I0124,2001-02-28,156765,Russell 2000,,1178.98116000,1862.15825000
I0124,2001-03-01,156765,Russell 2000,,1176.31381000,1858.00567000
I0124,2001-03-02,156765,Russell 2000,,1185.15750000,1871.98652000
I0124,2001-03-05,156765,Russell 2000,,1182.47229000,1867.74516000
I0124,2001-03-06,156765,Russell 2000,,1195.71728000,1888.70637000
I0124,2001-03-07,156765,Russell 2000,,1204.95577000,1903.53042000
I0124,2001-03-08,156765,Russell 2000,,1196.64212000,1890.53319000
I0124,2001-03-09,156765,Russell 2000,,1177.16363000,1859.79055000
I0124,2001-03-12,156765,Russell 2000,,1139.24262000,1799.91526000
I0124,2001-03-13,156765,Russell 2000,,1148.82603000,1815.35712000
I0124,2001-03-14,156765,Russell 2000,,1127.56832000,1782.02334000
I0124,2001-03-15,156765,Russell 2000,,1123.75463000,1776.03679000
I0124,2001-03-16,156765,Russell 2000,,1097.98975000,1735.32514000
I0124,2001-03-19,156765,Russell 2000,,1121.53906000,1772.62455000
I0124,2001-03-20,156765,Russell 2000,,1104.65994000,1746.01624000
I0124,2001-03-21,156765,Russell 2000,,1082.96115000,1711.86246000
I0124,2001-03-22,156765,Russell 2000,,1075.63098000,1700.32844000
I0124,2001-03-23,156765,Russell 2000,,1101.66043000,1741.49493000
I0124,2001-03-26,156765,Russell 2000,,1111.87173000,1757.64344000
I0124,2001-03-27,156765,Russell 2000,,1125.54022000,1779.25988000
I0124,2001-03-28,156765,Russell 2000,,1098.98398000,1738.11581000
I0124,2001-03-29,156765,Russell 2000,,1097.32729000,1735.68432000
I0124,2001-03-30,156765,Russell 2000,,1119.69754000,1771.06897000
I0124,2001-04-02,156765,Russell 2000,,1092.88798000,1728.68843000
I0124,2001-04-03,156765,Russell 2000,,1061.14844000,1678.58603000
I0124,2001-04-04,156765,Russell 2000,,1058.08115000,1673.81720000
I0124,2001-04-05,156765,Russell 2000,,1105.27225000,1748.50015000
I0124,2001-04-06,156765,Russell 2000,,1080.30584000,1709.17020000
I0124,2001-04-09,156765,Russell 2000,,1097.66869000,1736.66601000
I0124,2001-04-10,156765,Russell 2000,,1122.96266000,1777.04337000
I0124,2001-04-11,156765,Russell 2000,,1116.52701000,1766.96507000
I0124,2001-04-12,156765,Russell 2000,,1130.86344000,1789.65587000
I0124,2001-04-16,156765,Russell 2000,,1120.68229000,1773.54772000
I0124,2001-04-17,156765,Russell 2000,,1132.29605000,1791.93581000
I0124,2001-04-18,156765,Russell 2000,,1159.46154000,1834.94509000
I0124,2001-04-19,156765,Russell 2000,,1174.09389000,1858.20475000
I0124,2001-04-20,156765,Russell 2000,,1159.92415000,1835.84974000
I0124,2001-04-23,156765,Russell 2000,,1145.95213000,1813.73843000
I0124,2001-04-24,156765,Russell 2000,,1149.08312000,1818.76106000
I0124,2001-04-25,156765,Russell 2000,,1174.91429000,1859.70761000
I0124,2001-04-26,156765,Russell 2000,,1186.89022000,1878.86948000
I0124,2001-04-27,156765,Russell 2000,,1202.82362000,1904.24255000
I0124,2001-04-30,156765,Russell 2000,,1206.16606000,1909.61911000
I0124,2001-05-01,156765,Russell 2000,,1218.99925000,1930.03122000
I0124,2001-05-02,156765,Russell 2000,,1221.93970000,1934.95515000
I0124,2001-05-03,156765,Russell 2000,,1207.04168000,1911.51917000
I0124,2001-05-04,156765,Russell 2000,,1225.00145000,1940.01455000
I0124,2001-05-07,156765,Russell 2000,,1216.96255000,1927.32449000
I0124,2001-05-08,156765,Russell 2000,,1222.23957000,1935.90921000
I0124,2001-05-09,156765,Russell 2000,,1218.23366000,1929.77722000
I0124,2001-05-10,156765,Russell 2000,,1219.31513000,1931.53270000
I0124,2001-05-11,156765,Russell 2000,,1211.29129000,1919.15815000
I0124,2001-05-14,156765,Russell 2000,,1209.51404000,1916.34562000
I0124,2001-05-15,156765,Russell 2000,,1216.93905000,1928.21555000
I0124,2001-05-16,156765,Russell 2000,,1235.77684000,1958.38360000
I0124,2001-05-17,156765,Russell 2000,,1254.52846000,1988.15684000
I0124,2001-05-18,156765,Russell 2000,,1258.31654000,1994.18256000
I0124,2001-05-21,156765,Russell 2000,,1282.25854000,2032.12817000
I0124,2001-05-22,156765,Russell 2000,,1285.58264000,2037.41275000
I0124,2001-05-23,156765,Russell 2000,,1261.03262000,1998.68866000
I0124,2001-05-24,156765,Russell 2000,,1268.57346000,2010.69149000
I0124,2001-05-25,156765,Russell 2000,,1264.16235000,2003.76192000
I0124,2001-05-29,156765,Russell 2000,,1248.62963000,1979.28188000
I0124,2001-05-30,156765,Russell 2000,,1227.72047000,1946.50885000
I0124,2001-05-31,156765,Russell 2000,,1234.03812000,1956.55690000
I0124,2001-06-01,156765,Russell 2000,,1247.00374000,1977.12711000
I0124,2001-06-04,156765,Russell 2000,,1260.94028000,1999.24356000
I0124,2001-06-05,156765,Russell 2000,,1283.71104000,2035.35012000
I0124,2001-06-06,156765,Russell 2000,,1274.04373000,2020.22297000
I0124,2001-06-07,156765,Russell 2000,,1279.45984000,2028.89302000
I0124,2001-06-08,156765,Russell 2000,,1271.70545000,2016.61083000
I0124,2001-06-11,156765,Russell 2000,,1260.00538000,1998.09778000
I0124,2001-06-12,156765,Russell 2000,,1260.01001000,1998.24961000
I0124,2001-06-13,156765,Russell 2000,,1255.51543000,1991.59595000
I0124,2001-06-14,156765,Russell 2000,,1231.30671000,1953.30751000
I0124,2001-06-15,156765,Russell 2000,,1230.67043000,1952.31456000
I0124,2001-06-18,156765,Russell 2000,,1219.24858000,1934.24026000
I0124,2001-06-19,156765,Russell 2000,,1214.78254000,1927.17078000
I0124,2001-06-20,156765,Russell 2000,,1232.51355000,1955.45056000
I0124,2001-06-21,156765,Russell 2000,,1237.34334000,1963.22444000
I0124,2001-06-22,156765,Russell 2000,,1214.58985000,1927.14021000
I0124,2001-06-25,156765,Russell 2000,,1203.51374000,1909.57809000
I0124,2001-06-26,156765,Russell 2000,,1219.95883000,1935.68193000
I0124,2001-06-27,156765,Russell 2000,,1231.78451000,1955.25800000
I0124,2001-06-28,156765,Russell 2000,,1250.22792000,1984.71943000
I0124,2001-06-29,156765,Russell 2000,,1275.04353000,2024.11576000
I0124,2001-07-02,156765,Russell 2000,,1238.09302000,1965.68977000
I0124,2001-07-03,156765,Russell 2000,,1232.64218000,1957.16175000
I0124,2001-07-05,156765,Russell 2000,,1222.44990000,1941.01701000
I0124,2001-07-06,156765,Russell 2000,,1198.96107000,1903.83942000
I0124,2001-07-09,156765,Russell 2000,,1205.70983000,1914.59085000
I0124,2001-07-10,156765,Russell 2000,,1186.25902000,1883.73355000
I0124,2001-07-11,156765,Russell 2000,,1180.52068000,1874.92892000
I0124,2001-07-12,156765,Russell 2000,,1213.28324000,1927.03301000
I0124,2001-07-13,156765,Russell 2000,,1217.42288000,1933.63414000
I0124,2001-07-16,156765,Russell 2000,,1202.32936000,1909.72319000
I0124,2001-07-17,156765,Russell 2000,,1219.15460000,1936.44761000
I0124,2001-07-18,156765,Russell 2000,,1201.89203000,1909.04892000
I0124,2001-07-19,156765,Russell 2000,,1211.62535000,1924.52321000
I0124,2001-07-20,156765,Russell 2000,,1212.76801000,1926.37808000
I0124,2001-07-23,156765,Russell 2000,,1199.79217000,1905.77139000
I0124,2001-07-24,156765,Russell 2000,,1178.80713000,1872.51281000
I0124,2001-07-25,156765,Russell 2000,,1185.57771000,1883.38176000
I0124,2001-07-26,156765,Russell 2000,,1205.64167000,1915.29891000
I0124,2001-07-27,156765,Russell 2000,,1205.51207000,1915.30178000
I0124,2001-07-30,156765,Russell 2000,,1204.76199000,1914.20982000
I0124,2001-07-31,156765,Russell 2000,,1204.94527000,1914.55193000
I0124,2001-08-01,156765,Russell 2000,,1216.00706000,1932.23411000
I0124,2001-08-02,156765,Russell 2000,,1215.39292000,1931.37828000
I0124,2001-08-03,156765,Russell 2000,,1210.78945000,1924.18129000
I0124,2001-08-06,156765,Russell 2000,,1195.42742000,1899.77696000
I0124,2001-08-07,156765,Russell 2000,,1193.86802000,1897.35090000
I0124,2001-08-08,156765,Russell 2000,,1174.71853000,1867.26139000
I0124,2001-08-09,156765,Russell 2000,,1178.58789000,1873.45705000
I0124,2001-08-10,156765,Russell 2000,,1181.89347000,1878.74805000
I0124,2001-08-13,156765,Russell 2000,,1187.08238000,1887.18309000
I0124,2001-08-14,156765,Russell 2000,,1193.56159000,1897.56125000
I0124,2001-08-15,156765,Russell 2000,,1190.43441000,1892.82799000
I0124,2001-08-16,156765,Russell 2000,,1197.22739000,1903.71668000
I0124,2001-08-17,156765,Russell 2000,,1182.24489000,1879.93585000
I0124,2001-08-20,156765,Russell 2000,,1190.24300000,1892.65583000
I0124,2001-08-21,156765,Russell 2000,,1173.78866000,1866.51217000
I0124,2001-08-22,156765,Russell 2000,,1186.04739000,1886.25123000
I0124,2001-08-23,156765,Russell 2000,,1176.70949000,1871.43270000
I0124,2001-08-24,156765,Russell 2000,,1195.07060000,1900.65155000
I0124,2001-08-27,156765,Russell 2000,,1190.41192000,1893.24234000
I0124,2001-08-28,156765,Russell 2000,,1178.65990000,1874.57876000
I0124,2001-08-29,156765,Russell 2000,,1176.50823000,1871.54068000
I0124,2001-08-30,156765,Russell 2000,,1163.64450000,1851.15539000
I0124,2001-08-31,156765,Russell 2000,,1164.61874000,1852.71455000
I0124,2001-09-04,156765,Russell 2000,,1160.63188000,1846.37944000
I0124,2001-09-05,156765,Russell 2000,,1149.59936000,1828.96315000
I0124,2001-09-06,156765,Russell 2000,,1126.95389000,1793.08420000
I0124,2001-09-07,156765,Russell 2000,,1106.56294000,1760.66084000
I0124,2001-09-10,156765,Russell 2000,,1095.47205000,1743.08802000
I0124,2001-09-11,156765,Russell 2000,,1095.47205000,1743.21871000
I0124,2001-09-12,156765,Russell 2000,,1095.47205000,1743.21871000
I0124,2001-09-13,156765,Russell 2000,,1095.47205000,1743.68327000
I0124,2001-09-14,156765,Russell 2000,,1095.47205000,1743.68349000
I0124,2001-09-17,156765,Russell 2000,,1038.16528000,1652.51438000
I0124,2001-09-18,156765,Russell 2000,,1023.23093000,1628.76347000
I0124,2001-09-19,156765,Russell 2000,,1002.18229000,1595.41487000
I0124,2001-09-20,156765,Russell 2000,,963.53938000,1533.98035000
I0124,2001-09-21,156765,Russell 2000,,941.79684000,1499.39968000
I0124,2001-09-24,156765,Russell 2000,,978.77539000,1558.27593000
I0124,2001-09-25,156765,Russell 2000,,984.74286000,1567.79499000
I0124,2001-09-26,156765,Russell 2000,,968.83502000,1543.29856000
I0124,2001-09-27,156765,Russell 2000,,976.73991000,1556.14904000
I0124,2001-09-28,156765,Russell 2000,,1006.34444000,1603.31588000
I0124,2001-10-01,156765,Russell 2000,,988.29520000,1574.57366000
I0124,2001-10-02,156765,Russell 2000,,998.70191000,1591.17265000
I0124,2001-10-03,156765,Russell 2000,,1027.08420000,1636.63333000
I0124,2001-10-04,156765,Russell 2000,,1036.59362000,1651.82131000
I0124,2001-10-05,156765,Russell 2000,,1031.44882000,1643.73234000
I0124,2001-10-08,156765,Russell 2000,,1024.52774000,1632.70280000
I0124,2001-10-09,156765,Russell 2000,,1015.84278000,1618.90974000
I0124,2001-10-10,156765,Russell 2000,,1048.11080000,1670.43830000
I0124,2001-10-11,156765,Russell 2000,,1071.37417000,1707.66619000
I0124,2001-10-12,156765,Russell 2000,,1065.30309000,1698.02173000
I0124,2001-10-15,156765,Russell 2000,,1069.03662000,1703.99654000
I0124,2001-10-16,156765,Russell 2000,,1080.05864000,1721.57056000
I0124,2001-10-17,156765,Russell 2000,,1055.13416000,1681.89116000
I0124,2001-10-18,156765,Russell 2000,,1046.58992000,1668.39200000
I0124,2001-10-19,156765,Russell 2000,,1058.13398000,1686.80868000
I0124,2001-10-22,156765,Russell 2000,,1070.04027000,1705.81530000
I0124,2001-10-23,156765,Russell 2000,,1062.26895000,1693.43503000
I0124,2001-10-24,156765,Russell 2000,,1062.96113000,1694.61365000
I0124,2001-10-25,156765,Russell 2000,,1083.60026000,1727.54899000
I0124,2001-10-26,156765,Russell 2000,,1090.27546000,1738.21797000
I0124,2001-10-29,156765,Russell 2000,,1067.33865000,1701.84618000
I0124,2001-10-30,156765,Russell 2000,,1050.98421000,1675.88803000
I0124,2001-10-31,156765,Russell 2000,,1064.22728000,1697.14274000
I0124,2001-11-01,156765,Russell 2000,,1080.87153000,1723.83649000
I0124,2001-11-02,156765,Russell 2000,,1076.39876000,1716.74376000
I0124,2001-11-05,156765,Russell 2000,,1087.49068000,1734.47485000
I0124,2001-11-06,156765,Russell 2000,,1100.51640000,1755.30532000
I0124,2001-11-07,156765,Russell 2000,,1095.59028000,1747.73120000
I0124,2001-11-08,156765,Russell 2000,,1091.26340000,1740.88552000
I0124,2001-11-09,156765,Russell 2000,,1088.88566000,1737.10204000
I0124,2001-11-12,156765,Russell 2000,,1094.78980000,1746.52093000
I0124,2001-11-13,156765,Russell 2000,,1114.35611000,1777.96567000
I0124,2001-11-14,156765,Russell 2000,,1125.47713000,1795.97907000
I0124,2001-11-15,156765,Russell 2000,,1116.97235000,1782.55401000
I0124,2001-11-16,156765,Russell 2000,,1121.71431000,1790.12979000
I0124,2001-11-19,156765,Russell 2000,,1137.63539000,1815.61971000
I0124,2001-11-20,156765,Russell 2000,,1128.17118000,1800.62708000
I0124,2001-11-21,156765,Russell 2000,,1124.22171000,1794.39286000
I0124,2001-11-23,156765,Russell 2000,,1139.39388000,1818.63918000
I0124,2001-11-26,156765,Russell 2000,,1146.32834000,1829.70761000
I0124,2001-11-27,156765,Russell 2000,,1145.09714000,1827.75354000
I0124,2001-11-28,156765,Russell 2000,,1127.65720000,1800.23520000
I0124,2001-11-29,156765,Russell 2000,,1151.57077000,1838.61487000
I0124,2001-11-30,156765,Russell 2000,,1145.24587000,1828.52997000
I0124,2001-12-03,156765,Russell 2000,,1135.92319000,1813.65266000
I0124,2001-12-04,156765,Russell 2000,,1162.78969000,1856.56615000
I0124,2001-12-05,156765,Russell 2000,,1191.55506000,1902.69123000
I0124,2001-12-06,156765,Russell 2000,,1198.53823000,1914.00554000
I0124,2001-12-07,156765,Russell 2000,,1196.02207000,1910.00329000
I0124,2001-12-10,156765,Russell 2000,,1178.54930000,1882.16680000
I0124,2001-12-11,156765,Russell 2000,,1179.99512000,1884.56115000
I0124,2001-12-12,156765,Russell 2000,,1181.35177000,1887.24601000
I0124,2001-12-13,156765,Russell 2000,,1164.86124000,1860.96536000
I0124,2001-12-14,156765,Russell 2000,,1171.38841000,1871.46802000
I0124,2001-12-17,156765,Russell 2000,,1192.84584000,1905.77549000
I0124,2001-12-18,156765,Russell 2000,,1206.65447000,1927.85403000
I0124,2001-12-19,156765,Russell 2000,,1198.15940000,1914.44435000
I0124,2001-12-20,156765,Russell 2000,,1178.30255000,1882.77119000
I0124,2001-12-21,156765,Russell 2000,,1203.00802000,1922.26965000
I0124,2001-12-24,156765,Russell 2000,,1207.39927000,1929.30198000
I0124,2001-12-26,156765,Russell 2000,,1218.26268000,1947.06167000
I0124,2001-12-27,156765,Russell 2000,,1224.31959000,1957.48531000
I0124,2001-12-28,156765,Russell 2000,,1226.80987000,1961.70600000
I0124,2001-12-31,156765,Russell 2000,,1214.09952000,1941.39316000
I0124,2002-01-02,156765,Russell 2000,,1210.84360000,1936.24494000
I0124,2002-01-03,156765,Russell 2000,,1231.54722000,1969.39469000
I0124,2002-01-04,156765,Russell 2000,,1240.82776000,1984.25387000
I0124,2002-01-07,156765,Russell 2000,,1225.63478000,1959.95821000
I0124,2002-01-08,156765,Russell 2000,,1237.34693000,1978.75081000
I0124,2002-01-09,156765,Russell 2000,,1229.54492000,1966.36364000
I0124,2002-01-10,156765,Russell 2000,,1230.96960000,1968.71116000
I0124,2002-01-11,156765,Russell 2000,,1217.62486000,1947.54652000
I0124,2002-01-14,156765,Russell 2000,,1200.38736000,1919.97577000
I0124,2002-01-15,156765,Russell 2000,,1205.33817000,1927.93676000
I0124,2002-01-16,156765,Russell 2000,,1184.02625000,1893.96612000
I0124,2002-01-17,156765,Russell 2000,,1198.85979000,1917.72678000
I0124,2002-01-18,156765,Russell 2000,,1178.92415000,1885.87592000
I0124,2002-01-22,156765,Russell 2000,,1166.63232000,1866.24040000
I0124,2002-01-23,156765,Russell 2000,,1186.56667000,1898.21149000
I0124,2002-01-24,156765,Russell 2000,,1192.22755000,1907.29187000
I0124,2002-01-25,156765,Russell 2000,,1191.29214000,1905.82671000
I0124,2002-01-28,156765,Russell 2000,,1196.08744000,1913.49822000
I0124,2002-01-29,156765,Russell 2000,,1177.93125000,1884.64271000
I0124,2002-01-30,156765,Russell 2000,,1192.19564000,1907.66853000
I0124,2002-01-31,156765,Russell 2000,,1200.60414000,1921.20037000
I0124,2002-02-01,156765,Russell 2000,,1192.99182000,1909.07404000
I0124,2002-02-04,156765,Russell 2000,,1168.28127000,1869.55680000
I0124,2002-02-05,156765,Russell 2000,,1165.12237000,1864.54251000
I0124,2002-02-06,156765,Russell 2000,,1149.18826000,1839.27853000
I0124,2002-02-07,156765,Russell 2000,,1139.23328000,1823.44480000
I0124,2002-02-08,156765,Russell 2000,,1159.77699000,1856.38855000
I0124,2002-02-11,156765,Russell 2000,,1171.32000000,1874.92000000
I0124,2002-02-12,156765,Russell 2000,,1173.04151000,1877.82093000
I0124,2002-02-13,156765,Russell 2000,,1183.77644000,1895.40333000
I0124,2002-02-14,156765,Russell 2000,,1169.92688000,1873.28601000
I0124,2002-02-15,156765,Russell 2000,,1166.17771000,1867.29438000
I0124,2002-02-19,156765,Russell 2000,,1143.15182000,1830.44057000
I0124,2002-02-20,156765,Russell 2000,,1161.22326000,1859.66283000
I0124,2002-02-21,156765,Russell 2000,,1139.31332000,1824.62305000
I0124,2002-02-22,156765,Russell 2000,,1155.76826000,1851.00398000
I0124,2002-02-25,156765,Russell 2000,,1163.53900000,1863.44910000
I0124,2002-02-26,156765,Russell 2000,,1171.24786000,1875.92748000
I0124,2002-02-27,156765,Russell 2000,,1174.52338000,1881.44797000
I0124,2002-02-28,156765,Russell 2000,,1166.42092000,1868.54678000
I0124,2002-03-01,156765,Russell 2000,,1188.74340000,1904.31946000
I0124,2002-03-04,156765,Russell 2000,,1212.77326000,1942.82515000
I0124,2002-03-05,156765,Russell 2000,,1211.72643000,1941.16591000
I0124,2002-03-06,156765,Russell 2000,,1229.66486000,1970.11144000
I0124,2002-03-07,156765,Russell 2000,,1229.96081000,1970.73664000
I0124,2002-03-08,156765,Russell 2000,,1242.21975000,1990.44908000
I0124,2002-03-11,156765,Russell 2000,,1244.44724000,1994.04461000
I0124,2002-03-12,156765,Russell 2000,,1239.84123000,1986.73549000
I0124,2002-03-13,156765,Russell 2000,,1231.27188000,1973.41438000
I0124,2002-03-14,156765,Russell 2000,,1237.00774000,1982.66334000
I0124,2002-03-15,156765,Russell 2000,,1240.39721000,1988.12743000
I0124,2002-03-18,156765,Russell 2000,,1249.52362000,2002.81991000
I0124,2002-03-19,156765,Russell 2000,,1254.33329000,2010.55953000
I0124,2002-03-20,156765,Russell 2000,,1240.18480000,1987.98854000
I0124,2002-03-21,156765,Russell 2000,,1256.05961000,2013.58482000
I0124,2002-03-22,156765,Russell 2000,,1248.53036000,2001.51624000
I0124,2002-03-25,156765,Russell 2000,,1233.59520000,1977.59656000
I0124,2002-03-26,156765,Russell 2000,,1246.69497000,1999.45834000
I0124,2002-03-27,156765,Russell 2000,,1257.09130000,2016.26664000
I0124,2002-03-28,156765,Russell 2000,,1258.60060000,2018.72591000
I0124,2002-04-01,156765,Russell 2000,,1253.75642000,2010.96494000
I0124,2002-04-02,156765,Russell 2000,,1243.72855000,1994.95989000
I0124,2002-04-03,156765,Russell 2000,,1234.12215000,1979.76762000
I0124,2002-04-04,156765,Russell 2000,,1238.51410000,1986.85884000
I0124,2002-04-05,156765,Russell 2000,,1236.98355000,1984.41568000
I0124,2002-04-08,156765,Russell 2000,,1250.05305000,2005.45997000
I0124,2002-04-09,156765,Russell 2000,,1250.04506000,2005.49780000
I0124,2002-04-10,156765,Russell 2000,,1270.64214000,2038.70024000
I0124,2002-04-11,156765,Russell 2000,,1251.84148000,2008.67538000
I0124,2002-04-12,156765,Russell 2000,,1280.97987000,2055.46259000
I0124,2002-04-15,156765,Russell 2000,,1274.22155000,2044.62277000
I0124,2002-04-16,156765,Russell 2000,,1299.60162000,2085.34776000
I0124,2002-04-17,156765,Russell 2000,,1289.22440000,2068.72869000
I0124,2002-04-18,156765,Russell 2000,,1288.71900000,2067.98170000
I0124,2002-04-19,156765,Russell 2000,,1285.82103000,2063.38712000
I0124,2002-04-22,156765,Russell 2000,,1269.74818000,2037.59708000
I0124,2002-04-23,156765,Russell 2000,,1268.14001000,2035.03202000
I0124,2002-04-24,156765,Russell 2000,,1260.76505000,2023.26700000
I0124,2002-04-25,156765,Russell 2000,,1264.57729000,2029.45475000
I0124,2002-04-26,156765,Russell 2000,,1246.30922000,2000.32909000
I0124,2002-04-29,156765,Russell 2000,,1243.93292000,1996.67348000
I0124,2002-04-30,156765,Russell 2000,,1269.09305000,2037.12343000
I0124,2002-05-01,156765,Russell 2000,,1269.49976000,2037.91015000
I0124,2002-05-02,156765,Russell 2000,,1275.79614000,2048.21207000
I0124,2002-05-03,156765,Russell 2000,,1273.20758000,2044.16597000
I0124,2002-05-06,156765,Russell 2000,,1249.81515000,2006.68031000
I0124,2002-05-07,156765,Russell 2000,,1240.03707000,1990.99961000
I0124,2002-05-08,156765,Russell 2000,,1266.81660000,2034.25774000
I0124,2002-05-09,156765,Russell 2000,,1246.03865000,2000.91182000
I0124,2002-05-10,156765,Russell 2000,,1224.52939000,1966.42461000
I0124,2002-05-13,156765,Russell 2000,,1241.90385000,1994.50106000
I0124,2002-05-14,156765,Russell 2000,,1271.71344000,2042.44486000
I0124,2002-05-15,156765,Russell 2000,,1276.22705000,2049.91640000
I0124,2002-05-16,156765,Russell 2000,,1260.98273000,2025.56211000
I0124,2002-05-17,156765,Russell 2000,,1264.79330000,2031.70060000
I0124,2002-05-20,156765,Russell 2000,,1250.46037000,2008.68314000
I0124,2002-05-21,156765,Russell 2000,,1231.29295000,1977.93604000
I0124,2002-05-22,156765,Russell 2000,,1227.44871000,1971.90371000
I0124,2002-05-23,156765,Russell 2000,,1245.67476000,2001.23872000
I0124,2002-05-24,156765,Russell 2000,,1226.77892000,1970.88161000
I0124,2002-05-28,156765,Russell 2000,,1223.72206000,1965.97295000
I0124,2002-05-29,156765,Russell 2000,,1211.77418000,1947.11906000
I0124,2002-05-30,156765,Russell 2000,,1212.34132000,1948.15694000
I0124,2002-05-31,156765,Russell 2000,,1211.43360000,1946.71226000
I0124,2002-06-03,156765,Russell 2000,,1178.86742000,1894.38793000
I0124,2002-06-04,156765,Russell 2000,,1177.30966000,1891.89575000
I0124,2002-06-05,156765,Russell 2000,,1180.47186000,1897.14521000
I0124,2002-06-06,156765,Russell 2000,,1156.25524000,1858.36204000
I0124,2002-06-07,156765,Russell 2000,,1169.21119000,1879.20338000
I0124,2002-06-10,156765,Russell 2000,,1166.19585000,1874.49831000
I0124,2002-06-11,156765,Russell 2000,,1150.00264000,1848.53962000
I0124,2002-06-12,156765,Russell 2000,,1150.53665000,1849.81318000
I0124,2002-06-13,156765,Russell 2000,,1133.11219000,1821.82322000
I0124,2002-06-14,156765,Russell 2000,,1140.79169000,1834.22000000
I0124,2002-06-17,156765,Russell 2000,,1169.79649000,1880.91106000
I0124,2002-06-18,156765,Russell 2000,,1167.24289000,1876.80847000
I0124,2002-06-19,156765,Russell 2000,,1150.35366000,1849.76202000
I0124,2002-06-20,156765,Russell 2000,,1143.74105000,1839.23232000
I0124,2002-06-21,156765,Russell 2000,,1145.76603000,1842.54624000
I0124,2002-06-24,156765,Russell 2000,,1140.83574000,1834.63424000
I0124,2002-06-25,156765,Russell 2000,,1124.35369000,1808.16634000
I0124,2002-06-26,156765,Russell 2000,,1125.81912000,1811.37458000
I0124,2002-06-27,156765,Russell 2000,,1140.12103000,1834.49457000
I0124,2002-06-28,156765,Russell 2000,,1149.83220000,1850.12080000
I0124,2002-07-01,156765,Russell 2000,,1112.80430000,1790.60849000
I0124,2002-07-02,156765,Russell 2000,,1075.80232000,1731.15583000
I0124,2002-07-03,156765,Russell 2000,,1067.43600000,1717.75110000
I0124,2002-07-05,156765,Russell 2000,,1095.90168000,1763.58578000
I0124,2002-07-08,156765,Russell 2000,,1077.70642000,1734.37567000
I0124,2002-07-09,156765,Russell 2000,,1066.86923000,1716.99433000
I0124,2002-07-10,156765,Russell 2000,,1043.34233000,1679.18393000
I0124,2002-07-11,156765,Russell 2000,,1035.65603000,1666.94260000
I0124,2002-07-12,156765,Russell 2000,,1027.18003000,1653.31831000
I0124,2002-07-15,156765,Russell 2000,,1016.76442000,1636.59988000
I0124,2002-07-16,156765,Russell 2000,,1012.26509000,1629.35769000
I0124,2002-07-17,156765,Russell 2000,,1018.26481000,1639.06055000
I0124,2002-07-18,156765,Russell 2000,,986.01129000,1587.18979000
I0124,2002-07-19,156765,Russell 2000,,959.88487000,1545.15000000
I0124,2002-07-22,156765,Russell 2000,,943.59603000,1518.96186000
I0124,2002-07-23,156765,Russell 2000,,904.67017000,1456.37629000
I0124,2002-07-24,156765,Russell 2000,,940.89667000,1514.71448000
I0124,2002-07-25,156765,Russell 2000,,939.78484000,1513.00873000
I0124,2002-07-26,156765,Russell 2000,,950.08176000,1529.59055000
I0124,2002-07-29,156765,Russell 2000,,996.20722000,1604.11119000
I0124,2002-07-30,156765,Russell 2000,,996.44914000,1604.60054000
I0124,2002-07-31,156765,Russell 2000,,975.34364000,1570.69598000
I0124,2002-08-01,156765,Russell 2000,,967.36342000,1557.96717000
I0124,2002-08-02,156765,Russell 2000,,935.66361000,1506.94585000
I0124,2002-08-05,156765,Russell 2000,,912.45657000,1469.58543000
I0124,2002-08-06,156765,Russell 2000,,946.48053000,1524.40629000
I0124,2002-08-07,156765,Russell 2000,,953.13120000,1535.37017000
I0124,2002-08-08,156765,Russell 2000,,968.98076000,1560.97292000
I0124,2002-08-09,156765,Russell 2000,,965.52600000,1555.41972000
I0124,2002-08-12,156765,Russell 2000,,965.77988000,1555.83582000
I0124,2002-08-13,156765,Russell 2000,,938.93654000,1512.78729000
I0124,2002-08-14,156765,Russell 2000,,967.90748000,1559.66075000
I0124,2002-08-15,156765,Russell 2000,,971.18375000,1565.01650000
I0124,2002-08-16,156765,Russell 2000,,984.19679000,1586.03472000
I0124,2002-08-19,156765,Russell 2000,,997.42656000,1607.36545000
I0124,2002-08-20,156765,Russell 2000,,988.86286000,1593.59957000
I0124,2002-08-21,156765,Russell 2000,,1011.09014000,1629.47591000
I0124,2002-08-22,156765,Russell 2000,,1018.25940000,1641.11473000
I0124,2002-08-23,156765,Russell 2000,,994.53178000,1602.92157000
I0124,2002-08-26,156765,Russell 2000,,1013.42494000,1633.37233000
I0124,2002-08-27,156765,Russell 2000,,987.87550000,1592.19340000
I0124,2002-08-28,156765,Russell 2000,,967.82426000,1560.25474000
I0124,2002-08-29,156765,Russell 2000,,980.29096000,1580.45286000
I0124,2002-08-30,156765,Russell 2000,,971.75739000,1566.69598000
I0124,2002-09-03,156765,Russell 2000,,942.36397000,1519.32622000
I0124,2002-09-04,156765,Russell 2000,,968.74990000,1562.05360000
I0124,2002-09-05,156765,Russell 2000,,947.16229000,1527.33974000
I0124,2002-09-06,156765,Russell 2000,,973.27000000,1569.51570000
I0124,2002-09-09,156765,Russell 2000,,975.51746000,1573.15621000
I0124,2002-09-10,156765,Russell 2000,,979.71952000,1580.05376000
I0124,2002-09-11,156765,Russell 2000,,977.74471000,1577.12397000
I0124,2002-09-12,156765,Russell 2000,,960.09558000,1548.91344000
I0124,2002-09-13,156765,Russell 2000,,969.34196000,1563.84253000
I0124,2002-09-16,156765,Russell 2000,,959.75327000,1548.39110000
I0124,2002-09-17,156765,Russell 2000,,942.81671000,1521.08573000
I0124,2002-09-18,156765,Russell 2000,,936.44643000,1510.88742000
I0124,2002-09-19,156765,Russell 2000,,908.58364000,1465.98150000
I0124,2002-09-20,156765,Russell 2000,,912.91525000,1473.00724000
I0124,2002-09-23,156765,Russell 2000,,891.52538000,1438.50852000
I0124,2002-09-24,156765,Russell 2000,,886.31872000,1430.16665000
I0124,2002-09-25,156765,Russell 2000,,907.58318000,1464.63764000
I0124,2002-09-26,156765,Russell 2000,,921.37516000,1487.78967000
I0124,2002-09-27,156765,Russell 2000,,899.24394000,1452.17332000
I0124,2002-09-30,156765,Russell 2000,,900.45273000,1454.18564000
I0124,2002-10-01,156765,Russell 2000,,914.90458000,1477.53354000
I0124,2002-10-02,156765,Russell 2000,,895.37773000,1446.09431000
I0124,2002-10-03,156765,Russell 2000,,886.98459000,1432.54902000
I0124,2002-10-04,156765,Russell 2000,,864.94326000,1396.98284000
I0124,2002-10-07,156765,Russell 2000,,840.85120000,1358.08461000
I0124,2002-10-08,156765,Russell 2000,,845.89430000,1366.32788000
I0124,2002-10-09,156765,Russell 2000,,812.90001000,1313.12770000
I0124,2002-10-10,156765,Russell 2000,,835.60162000,1349.95262000
I0124,2002-10-11,156765,Russell 2000,,857.36159000,1385.13977000
I0124,2002-10-14,156765,Russell 2000,,861.34588000,1391.57672000
I0124,2002-10-15,156765,Russell 2000,,896.11064000,1447.79016000
I0124,2002-10-16,156765,Russell 2000,,872.09623000,1409.04888000
I0124,2002-10-17,156765,Russell 2000,,901.20755000,1456.09105000
I0124,2002-10-18,156765,Russell 2000,,903.21793000,1459.45790000
I0124,2002-10-21,156765,Russell 2000,,916.28636000,1480.58396000
I0124,2002-10-22,156765,Russell 2000,,901.43428000,1456.61343000
I0124,2002-10-23,156765,Russell 2000,,917.07389000,1481.91093000
I0124,2002-10-24,156765,Russell 2000,,909.78275000,1470.17588000
I0124,2002-10-25,156765,Russell 2000,,926.23769000,1496.79172000
I0124,2002-10-28,156765,Russell 2000,,917.22497000,1482.22941000
I0124,2002-10-29,156765,Russell 2000,,916.26954000,1480.95075000
I0124,2002-10-30,156765,Russell 2000,,930.06101000,1503.39323000
I0124,2002-10-31,156765,Russell 2000,,928.38850000,1500.80987000
I0124,2002-11-01,156765,Russell 2000,,953.10642000,1540.86939000
I0124,2002-11-04,156765,Russell 2000,,961.86680000,1555.05364000
I0124,2002-11-05,156765,Russell 2000,,959.62960000,1551.50309000
I0124,2002-11-06,156765,Russell 2000,,976.17523000,1578.48007000
I0124,2002-11-07,156765,Russell 2000,,952.39038000,1540.05134000
I0124,2002-11-08,156765,Russell 2000,,942.06362000,1523.36378000
I0124,2002-11-11,156765,Russell 2000,,917.56271000,1483.74460000
I0124,2002-11-12,156765,Russell 2000,,931.34745000,1506.10128000
I0124,2002-11-13,156765,Russell 2000,,934.88534000,1512.20884000
I0124,2002-11-14,156765,Russell 2000,,960.06354000,1553.08169000
I0124,2002-11-15,156765,Russell 2000,,959.28009000,1551.83067000
I0124,2002-11-18,156765,Russell 2000,,950.97160000,1538.40360000
I0124,2002-11-19,156765,Russell 2000,,943.47444000,1526.27740000
I0124,2002-11-20,156765,Russell 2000,,965.90326000,1562.66738000
I0124,2002-11-21,156765,Russell 2000,,988.53503000,1599.37802000
I0124,2002-11-22,156765,Russell 2000,,994.27240000,1608.67076000
I0124,2002-11-25,156765,Russell 2000,,1006.32620000,1628.17576000
I0124,2002-11-26,156765,Russell 2000,,990.07963000,1602.21461000
I0124,2002-11-27,156765,Russell 2000,,1019.71414000,1650.32710000
I0124,2002-11-29,156765,Russell 2000,,1010.06000000,1634.74777000
I0124,2002-12-02,156765,Russell 2000,,1015.48617000,1643.53242000
I0124,2002-12-03,156765,Russell 2000,,996.33523000,1612.54642000
I0124,2002-12-04,156765,Russell 2000,,988.13120000,1599.45925000
I0124,2002-12-05,156765,Russell 2000,,980.47316000,1587.15883000
I0124,2002-12-06,156765,Russell 2000,,986.11754000,1596.33692000
I0124,2002-12-09,156765,Russell 2000,,960.18739000,1554.45834000
I0124,2002-12-10,156765,Russell 2000,,978.04059000,1583.45232000
I0124,2002-12-11,156765,Russell 2000,,979.05372000,1585.31345000
I0124,2002-12-12,156765,Russell 2000,,982.74542000,1591.44095000
I0124,2002-12-13,156765,Russell 2000,,964.40185000,1561.87210000
I0124,2002-12-16,156765,Russell 2000,,981.59530000,1589.72432000
I0124,2002-12-17,156765,Russell 2000,,972.51688000,1575.05226000
I0124,2002-12-18,156765,Russell 2000,,954.32828000,1545.66639000
I0124,2002-12-19,156765,Russell 2000,,953.00068000,1543.56846000
I0124,2002-12-20,156765,Russell 2000,,961.67964000,1557.73600000
I0124,2002-12-23,156765,Russell 2000,,968.58688000,1568.93529000
I0124,2002-12-24,156765,Russell 2000,,964.58340000,1562.70253000
I0124,2002-12-26,156765,Russell 2000,,967.76688000,1567.97987000
I0124,2002-12-27,156765,Russell 2000,,954.75680000,1547.68968000
I0124,2002-12-30,156765,Russell 2000,,949.96236000,1540.21095000
I0124,2002-12-31,156765,Russell 2000,,952.09445000,1543.72619000
I0124,2003-01-02,156765,Russell 2000,,975.64537000,1581.94568000
I0124,2003-01-03,156765,Russell 2000,,970.01751000,1572.84121000
I0124,2003-01-06,156765,Russell 2000,,986.62427000,1599.77807000
I0124,2003-01-07,156765,Russell 2000,,979.06225000,1587.51938000
I0124,2003-01-08,156765,Russell 2000,,966.94441000,1567.99537000
I0124,2003-01-09,156765,Russell 2000,,983.99786000,1595.71480000
I0124,2003-01-10,156765,Russell 2000,,985.25025000,1597.79594000
I0124,2003-01-13,156765,Russell 2000,,984.61649000,1596.90024000
I0124,2003-01-14,156765,Russell 2000,,990.25051000,1606.05494000
I0124,2003-01-15,156765,Russell 2000,,982.98262000,1594.44913000
I0124,2003-01-16,156765,Russell 2000,,981.37880000,1591.87203000
I0124,2003-01-17,156765,Russell 2000,,964.51985000,1564.54201000
I0124,2003-01-21,156765,Russell 2000,,952.29340000,1544.74881000
I0124,2003-01-22,156765,Russell 2000,,945.71733000,1534.14206000
I0124,2003-01-23,156765,Russell 2000,,953.55023000,1546.88338000
I0124,2003-01-24,156765,Russell 2000,,932.14819000,1512.16424000
I0124,2003-01-27,156765,Russell 2000,,916.02753000,1486.01934000
I0124,2003-01-28,156765,Russell 2000,,927.44595000,1504.58398000
I0124,2003-01-29,156765,Russell 2000,,931.58167000,1511.59223000
I0124,2003-01-30,156765,Russell 2000,,913.63879000,1482.59705000
I0124,2003-01-31,156765,Russell 2000,,924.95438000,1501.00025000
I0124,2003-02-03,156765,Russell 2000,,920.17981000,1493.27979000
I0124,2003-02-04,156765,Russell 2000,,916.37897000,1487.14570000
I0124,2003-02-05,156765,Russell 2000,,912.08159000,1480.29187000
I0124,2003-02-06,156765,Russell 2000,,906.48342000,1471.34295000
I0124,2003-02-07,156765,Russell 2000,,891.69060000,1447.34919000
I0124,2003-02-10,156765,Russell 2000,,899.92005000,1460.71690000
I0124,2003-02-11,156765,Russell 2000,,894.60989000,1452.13461000
I0124,2003-02-12,156765,Russell 2000,,883.23923000,1434.10515000
I0124,2003-02-13,156765,Russell 2000,,881.70811000,1431.72210000
I0124,2003-02-14,156765,Russell 2000,,890.98245000,1446.79670000
I0124,2003-02-18,156765,Russell 2000,,905.95885000,1471.13798000
I0124,2003-02-19,156765,Russell 2000,,895.39969000,1454.07498000
I0124,2003-02-20,156765,Russell 2000,,894.04956000,1451.93040000
I0124,2003-02-21,156765,Russell 2000,,905.52255000,1470.62436000
I0124,2003-02-24,156765,Russell 2000,,890.27733000,1445.86700000
I0124,2003-02-25,156765,Russell 2000,,897.66962000,1457.87254000
I0124,2003-02-26,156765,Russell 2000,,889.64717000,1445.18937000
I0124,2003-02-27,156765,Russell 2000,,898.24127000,1459.25343000
I0124,2003-02-28,156765,Russell 2000,,895.99304000,1455.64703000
I0124,2003-03-03,156765,Russell 2000,,892.98186000,1450.76457000
I0124,2003-03-04,156765,Russell 2000,,886.02035000,1439.48706000
I0124,2003-03-05,156765,Russell 2000,,886.08563000,1439.72739000
I0124,2003-03-06,156765,Russell 2000,,879.38392000,1428.97097000
I0124,2003-03-07,156765,Russell 2000,,880.23834000,1430.41096000
I0124,2003-03-10,156765,Russell 2000,,864.89431000,1405.58803000
I0124,2003-03-11,156765,Russell 2000,,862.45675000,1401.66854000
I0124,2003-03-12,156765,Russell 2000,,859.76434000,1397.63584000
I0124,2003-03-13,156765,Russell 2000,,883.37329000,1436.18769000
I0124,2003-03-14,156765,Russell 2000,,880.75064000,1431.93873000
I0124,2003-03-17,156765,Russell 2000,,908.12698000,1476.47109000
I0124,2003-03-18,156765,Russell 2000,,914.58995000,1486.99323000
I0124,2003-03-19,156765,Russell 2000,,915.85402000,1489.12236000
I0124,2003-03-20,156765,Russell 2000,,920.77218000,1497.13244000
I0124,2003-03-21,156765,Russell 2000,,935.05442000,1520.41374000
I0124,2003-03-24,156765,Russell 2000,,912.70888000,1484.08335000
I0124,2003-03-25,156765,Russell 2000,,924.00103000,1502.52362000
I0124,2003-03-26,156765,Russell 2000,,915.01536000,1488.07058000
I0124,2003-03-27,156765,Russell 2000,,918.30899000,1494.22485000
I0124,2003-03-28,156765,Russell 2000,,916.25322000,1491.05780000
I0124,2003-03-31,156765,Russell 2000,,905.99648000,1474.39060000
I0124,2003-04-01,156765,Russell 2000,,916.30978000,1491.21180000
I0124,2003-04-02,156765,Russell 2000,,935.19966000,1522.07118000
I0124,2003-04-03,156765,Russell 2000,,932.53431000,1517.76124000
I0124,2003-04-04,156765,Russell 2000,,927.72208000,1509.94055000
I0124,2003-04-07,156765,Russell 2000,,935.88201000,1523.22851000
I0124,2003-04-08,156765,Russell 2000,,931.14790000,1515.60355000
I0124,2003-04-09,156765,Russell 2000,,925.24001000,1506.07463000
I0124,2003-04-10,156765,Russell 2000,,926.24923000,1507.75720000
I0124,2003-04-11,156765,Russell 2000,,922.79242000,1502.30686000
I0124,2003-04-14,156765,Russell 2000,,938.48548000,1527.95488000
I0124,2003-04-15,156765,Russell 2000,,943.43294000,1536.08308000
I0124,2003-04-16,156765,Russell 2000,,938.77640000,1528.50759000
I0124,2003-04-17,156765,Russell 2000,,953.61965000,1552.72969000
I0124,2003-04-21,156765,Russell 2000,,957.57856000,1559.25248000
I0124,2003-04-22,156765,Russell 2000,,972.15333000,1583.01452000
I0124,2003-04-23,156765,Russell 2000,,981.61334000,1598.42456000
I0124,2003-04-24,156765,Russell 2000,,974.89900000,1587.54099000
I0124,2003-04-25,156765,Russell 2000,,965.54943000,1572.32959000
I0124,2003-04-28,156765,Russell 2000,,982.19448000,1599.76682000
I0124,2003-04-29,156765,Russell 2000,,983.62999000,1602.26247000
I0124,2003-04-30,156765,Russell 2000,,990.84343000,1614.18854000
I0124,2003-05-01,156765,Russell 2000,,991.21753000,1614.86944000
I0124,2003-05-02,156765,Russell 2000,,1013.17225000,1650.73399000
I0124,2003-05-05,156765,Russell 2000,,1018.50606000,1659.44097000
I0124,2003-05-06,156765,Russell 2000,,1025.80139000,1671.38086000
I0124,2003-05-07,156765,Russell 2000,,1019.53953000,1661.36478000
I0124,2003-05-08,156765,Russell 2000,,1013.20000000,1651.08000000
I0124,2003-05-09,156765,Russell 2000,,1027.74297000,1674.78748000
I0124,2003-05-12,156765,Russell 2000,,1039.34352000,1693.70218000
I0124,2003-05-13,156765,Russell 2000,,1041.90599000,1698.05878000
I0124,2003-05-14,156765,Russell 2000,,1042.43331000,1699.10169000
I0124,2003-05-15,156765,Russell 2000,,1048.93380000,1709.79826000
I0124,2003-05-16,156765,Russell 2000,,1030.62333000,1680.05121000
I0124,2003-05-19,156765,Russell 2000,,1014.81240000,1654.29333000
I0124,2003-05-20,156765,Russell 2000,,1016.57708000,1657.17473000
I0124,2003-05-21,156765,Russell 2000,,1020.78220000,1664.16287000
I0124,2003-05-22,156765,Russell 2000,,1031.63309000,1681.91304000
I0124,2003-05-23,156765,Russell 2000,,1039.85853000,1695.33230000
I0124,2003-05-27,156765,Russell 2000,,1062.98230000,1733.03540000
I0124,2003-05-28,156765,Russell 2000,,1069.87170000,1744.57469000
I0124,2003-05-29,156765,Russell 2000,,1075.23647000,1753.46391000
I0124,2003-05-30,156765,Russell 2000,,1096.03130000,1787.41159000
I0124,2003-06-02,156765,Russell 2000,,1100.08193000,1794.02892000
I0124,2003-06-03,156765,Russell 2000,,1103.15977000,1799.05094000
I0124,2003-06-04,156765,Russell 2000,,1121.44945000,1829.03221000
I0124,2003-06-05,156765,Russell 2000,,1135.00280000,1851.23881000
I0124,2003-06-06,156765,Russell 2000,,1128.19151000,1840.21230000
I0124,2003-06-09,156765,Russell 2000,,1105.42978000,1803.14923000
I0124,2003-06-10,156765,Russell 2000,,1120.77429000,1828.30556000
I0124,2003-06-11,156765,Russell 2000,,1132.05797000,1846.93429000
I0124,2003-06-12,156765,Russell 2000,,1135.14904000,1852.23500000
I0124,2003-06-13,156765,Russell 2000,,1117.67644000,1823.77291000
I0124,2003-06-16,156765,Russell 2000,,1136.95091000,1855.27261000
I0124,2003-06-17,156765,Russell 2000,,1138.28723000,1857.45746000
I0124,2003-06-18,156765,Russell 2000,,1137.04808000,1855.49525000
I0124,2003-06-19,156765,Russell 2000,,1119.19930000,1826.42139000
I0124,2003-06-20,156765,Russell 2000,,1117.30225000,1823.36438000
I0124,2003-06-23,156765,Russell 2000,,1092.06136000,1782.24527000
I0124,2003-06-24,156765,Russell 2000,,1095.75510000,1788.31887000
I0124,2003-06-25,156765,Russell 2000,,1101.51515000,1797.79667000
I0124,2003-06-26,156765,Russell 2000,,1118.13712000,1825.78299000
I0124,2003-06-27,156765,Russell 2000,,1115.27767000,1821.33477000
I0124,2003-06-30,156765,Russell 2000,,1114.29767000,1819.75807000
I0124,2003-07-01,156765,Russell 2000,,1116.31303000,1823.22094000
I0124,2003-07-02,156765,Russell 2000,,1140.49226000,1862.85144000
I0124,2003-07-03,156765,Russell 2000,,1134.17097000,1852.56242000
I0124,2003-07-07,156765,Russell 2000,,1157.42989000,1890.55546000
I0124,2003-07-08,156765,Russell 2000,,1177.95733000,1924.14754000
I0124,2003-07-09,156765,Russell 2000,,1185.45491000,1936.45891000
I0124,2003-07-10,156765,Russell 2000,,1165.68989000,1904.22229000
I0124,2003-07-11,156765,Russell 2000,,1177.47362000,1923.58671000
I0124,2003-07-14,156765,Russell 2000,,1190.52848000,1944.91386000
I0124,2003-07-15,156765,Russell 2000,,1185.32113000,1936.47598000
I0124,2003-07-16,156765,Russell 2000,,1177.22870000,1923.28171000
I0124,2003-07-17,156765,Russell 2000,,1143.07531000,1867.49611000
I0124,2003-07-18,156765,Russell 2000,,1155.07347000,1887.15256000
I0124,2003-07-21,156765,Russell 2000,,1136.20982000,1856.34286000
I0124,2003-07-22,156765,Russell 2000,,1153.19264000,1884.11629000
I0124,2003-07-23,156765,Russell 2000,,1158.50500000,1892.84620000
I0124,2003-07-24,156765,Russell 2000,,1156.30445000,1889.32898000
I0124,2003-07-25,156765,Russell 2000,,1165.32145000,1904.09673000
I0124,2003-07-28,156765,Russell 2000,,1177.60523000,1924.20423000
I0124,2003-07-29,156765,Russell 2000,,1177.04820000,1923.56443000
I0124,2003-07-30,156765,Russell 2000,,1175.05924000,1920.48613000
I0124,2003-07-31,156765,Russell 2000,,1183.04985000,1933.62089000
I0124,2003-08-01,156765,Russell 2000,,1163.33433000,1901.48878000
I0124,2003-08-04,156765,Russell 2000,,1155.08514000,1888.10344000
I0124,2003-08-05,156765,Russell 2000,,1136.90583000,1858.42579000
I0124,2003-08-06,156765,Russell 2000,,1128.09701000,1844.26309000
I0124,2003-08-07,156765,Russell 2000,,1127.74620000,1843.75352000
I0124,2003-08-08,156765,Russell 2000,,1128.19085000,1844.49278000
I0124,2003-08-11,156765,Russell 2000,,1141.41456000,1866.12283000
I0124,2003-08-12,156765,Russell 2000,,1160.50618000,1897.35442000
I0124,2003-08-13,156765,Russell 2000,,1161.80479000,1899.76757000
I0124,2003-08-14,156765,Russell 2000,,1171.11822000,1915.09994000
I0124,2003-08-15,156765,Russell 2000,,1172.85559000,1917.94858000
I0124,2003-08-18,156765,Russell 2000,,1195.23729000,1954.57332000
I0124,2003-08-19,156765,Russell 2000,,1214.55598000,1986.20206000
I0124,2003-08-20,156765,Russell 2000,,1216.44662000,1989.34338000
I0124,2003-08-21,156765,Russell 2000,,1229.78449000,2011.22819000
I0124,2003-08-22,156765,Russell 2000,,1206.65038000,1973.39730000
I0124,2003-08-25,156765,Russell 2000,,1202.55902000,1966.71089000
I0124,2003-08-26,156765,Russell 2000,,1209.11711000,1977.45946000
I0124,2003-08-27,156765,Russell 2000,,1220.09908000,1995.71211000
I0124,2003-08-28,156765,Russell 2000,,1232.23158000,2015.68384000
I0124,2003-08-29,156765,Russell 2000,,1236.24578000,2022.27487000
I0124,2003-09-02,156765,Russell 2000,,1261.28457000,2063.25607000
I0124,2003-09-03,156765,Russell 2000,,1269.27729000,2076.45970000
I0124,2003-09-04,156765,Russell 2000,,1273.86000000,2084.02100000
I0124,2003-09-05,156765,Russell 2000,,1264.70535000,2069.09563000
I0124,2003-09-08,156765,Russell 2000,,1285.23085000,2102.68819000
I0124,2003-09-09,156765,Russell 2000,,1276.38572000,2088.32175000
I0124,2003-09-10,156765,Russell 2000,,1247.02921000,2040.40649000
I0124,2003-09-11,156765,Russell 2000,,1261.12637000,2063.77789000
I0124,2003-09-12,156765,Russell 2000,,1265.16546000,2070.50691000
I0124,2003-09-15,156765,Russell 2000,,1261.64667000,2064.79754000
I0124,2003-09-16,156765,Russell 2000,,1281.56879000,2097.43545000
I0124,2003-09-17,156765,Russell 2000,,1280.17175000,2095.25013000
I0124,2003-09-18,156765,Russell 2000,,1291.01162000,2113.04951000
I0124,2003-09-19,156765,Russell 2000,,1292.85979000,2116.08597000
I0124,2003-09-22,156765,Russell 2000,,1276.58760000,2089.45678000
I0124,2003-09-23,156765,Russell 2000,,1290.77442000,2112.71679000
I0124,2003-09-24,156765,Russell 2000,,1262.18041000,2066.00097000
I0124,2003-09-25,156765,Russell 2000,,1230.37253000,2013.95736000
I0124,2003-09-26,156765,Russell 2000,,1206.09011000,1975.08731000
I0124,2003-09-29,156765,Russell 2000,,1224.52991000,2005.41714000
I0124,2003-09-30,156765,Russell 2000,,1212.02691000,1984.94659000
I0124,2003-10-01,156765,Russell 2000,,1243.45514000,2036.50799000
I0124,2003-10-02,156765,Russell 2000,,1250.61478000,2048.39545000
I0124,2003-10-03,156765,Russell 2000,,1273.16602000,2085.36890000
I0124,2003-10-06,156765,Russell 2000,,1284.21630000,2103.49755000
I0124,2003-10-07,156765,Russell 2000,,1294.28162000,2119.99023000
I0124,2003-10-08,156765,Russell 2000,,1281.61067000,2099.34940000
I0124,2003-10-09,156765,Russell 2000,,1295.68968000,2122.47808000
I0124,2003-10-10,156765,Russell 2000,,1290.01673000,2113.31291000
I0124,2003-10-13,156765,Russell 2000,,1311.18256000,2147.98689000
I0124,2003-10-14,156765,Russell 2000,,1321.77669000,2165.34225000
I0124,2003-10-15,156765,Russell 2000,,1310.63464000,2147.19080000
I0124,2003-10-16,156765,Russell 2000,,1316.32779000,2156.55451000
I0124,2003-10-17,156765,Russell 2000,,1293.25044000,2118.77191000
I0124,2003-10-20,156765,Russell 2000,,1295.93166000,2123.21375000
I0124,2003-10-21,156765,Russell 2000,,1306.10961000,2139.89243000
I0124,2003-10-22,156765,Russell 2000,,1275.34147000,2089.56925000
I0124,2003-10-23,156765,Russell 2000,,1268.71223000,2078.76766000
I0124,2003-10-24,156765,Russell 2000,,1258.62538000,2062.26801000
I0124,2003-10-27,156765,Russell 2000,,1280.80959000,2098.62720000
I0124,2003-10-28,156765,Russell 2000,,1306.89738000,2141.45830000
I0124,2003-10-29,156765,Russell 2000,,1321.71383000,2166.03152000
I0124,2003-10-30,156765,Russell 2000,,1318.12084000,2160.33863000
I0124,2003-10-31,156765,Russell 2000,,1312.79083000,2151.63646000
I0124,2003-11-03,156765,Russell 2000,,1336.69507000,2190.95672000
I0124,2003-11-04,156765,Russell 2000,,1339.26015000,2195.20083000
I0124,2003-11-05,156765,Russell 2000,,1339.36834000,2195.49995000
I0124,2003-11-06,156765,Russell 2000,,1349.37983000,2212.12513000
I0124,2003-11-07,156765,Russell 2000,,1349.41857000,2212.20821000
I0124,2003-11-10,156765,Russell 2000,,1325.20101000,2172.51104000
I0124,2003-11-11,156765,Russell 2000,,1313.65105000,2153.57624000
I0124,2003-11-12,156765,Russell 2000,,1343.69384000,2203.22035000
I0124,2003-11-13,156765,Russell 2000,,1345.04818000,2205.50649000
I0124,2003-11-14,156765,Russell 2000,,1324.56644000,2171.92895000
I0124,2003-11-17,156765,Russell 2000,,1307.80106000,2144.45746000
I0124,2003-11-18,156765,Russell 2000,,1296.52255000,2125.98402000
I0124,2003-11-19,156765,Russell 2000,,1306.32195000,2142.12386000
I0124,2003-11-20,156765,Russell 2000,,1300.00250000,2131.79345000
I0124,2003-11-21,156765,Russell 2000,,1307.08491000,2143.46211000
I0124,2003-11-24,156765,Russell 2000,,1340.83914000,2198.82380000
I0124,2003-11-25,156765,Russell 2000,,1349.97038000,2214.12957000
I0124,2003-11-26,156765,Russell 2000,,1355.26947000,2223.07877000
I0124,2003-11-28,156765,Russell 2000,,1358.24730000,2227.99358000
I0124,2003-12-01,156765,Russell 2000,,1378.32651000,2260.94549000
I0124,2003-12-02,156765,Russell 2000,,1375.86872000,2256.91662000
I0124,2003-12-03,156765,Russell 2000,,1354.95330000,2222.80572000
I0124,2003-12-04,156765,Russell 2000,,1352.39039000,2218.67116000
I0124,2003-12-05,156765,Russell 2000,,1339.61129000,2197.76613000
I0124,2003-12-08,156765,Russell 2000,,1349.62062000,2214.25080000
I0124,2003-12-09,156765,Russell 2000,,1328.49258000,2179.60633000
I0124,2003-12-10,156765,Russell 2000,,1313.45933000,2155.03891000
I0124,2003-12-11,156765,Russell 2000,,1349.32451000,2214.24862000
I0124,2003-12-12,156765,Russell 2000,,1360.92646000,2233.31500000
I0124,2003-12-15,156765,Russell 2000,,1330.25810000,2183.12107000
I0124,2003-12-16,156765,Russell 2000,,1336.45962000,2193.31619000
I0124,2003-12-17,156765,Russell 2000,,1338.54191000,2196.85884000
I0124,2003-12-18,156765,Russell 2000,,1359.20363000,2230.79584000
I0124,2003-12-19,156765,Russell 2000,,1359.15250000,2230.77270000
I0124,2003-12-22,156765,Russell 2000,,1365.35389000,2240.96566000
I0124,2003-12-23,156765,Russell 2000,,1379.43000000,2264.17000000
I0124,2003-12-24,156765,Russell 2000,,1372.76000000,2253.23000000
I0124,2003-12-26,156765,Russell 2000,,1379.10482000,2263.84270000
I0124,2003-12-29,156765,Russell 2000,,1401.41447000,2301.35004000
I0124,2003-12-30,156765,Russell 2000,,1405.36287000,2308.09500000
I0124,2003-12-31,156765,Russell 2000,,1384.08502000,2273.19528000
I0124,2004-01-02,156765,Russell 2000,,1393.88398000,2289.34041000
I0124,2004-01-05,156765,Russell 2000,,1413.96117000,2322.34480000
I0124,2004-01-06,156765,Russell 2000,,1416.33988000,2326.27089000
I0124,2004-01-07,156765,Russell 2000,,1428.09670000,2345.67898000
I0124,2004-01-08,156765,Russell 2000,,1440.53172000,2366.16913000
I0124,2004-01-09,156765,Russell 2000,,1429.54563000,2348.26514000
I0124,2004-01-12,156765,Russell 2000,,1448.94642000,2380.14100000
I0124,2004-01-13,156765,Russell 2000,,1444.35463000,2372.70013000
I0124,2004-01-14,156765,Russell 2000,,1456.68086000,2393.09303000
I0124,2004-01-15,156765,Russell 2000,,1457.27271000,2394.11954000
I0124,2004-01-16,156765,Russell 2000,,1467.36024000,2410.69796000
I0124,2004-01-20,156765,Russell 2000,,1486.16722000,2441.60367000
I0124,2004-01-21,156765,Russell 2000,,1484.92127000,2439.64867000
I0124,2004-01-22,156765,Russell 2000,,1470.64011000,2416.20645000
I0124,2004-01-23,156765,Russell 2000,,1481.60191000,2434.21838000
I0124,2004-01-26,156765,Russell 2000,,1494.91138000,2456.09916000
I0124,2004-01-27,156765,Russell 2000,,1479.18000000,2430.27000000
I0124,2004-01-28,156765,Russell 2000,,1451.19035000,2384.64365000
I0124,2004-01-29,156765,Russell 2000,,1441.12502000,2368.23379000
I0124,2004-01-30,156765,Russell 2000,,1443.37110000,2371.95603000
I0124,2004-02-02,156765,Russell 2000,,1442.81742000,2371.04943000
I0124,2004-02-03,156765,Russell 2000,,1439.37037000,2365.48034000
I0124,2004-02-04,156765,Russell 2000,,1401.79653000,2303.85005000
I0124,2004-02-05,156765,Russell 2000,,1415.47847000,2326.45239000
I0124,2004-02-06,156765,Russell 2000,,1451.59998000,2385.90688000
I0124,2004-02-09,156765,Russell 2000,,1455.11527000,2391.69943000
I0124,2004-02-10,156765,Russell 2000,,1473.36645000,2421.73789000
I0124,2004-02-11,156765,Russell 2000,,1483.91230000,2439.45456000
I0124,2004-02-12,156765,Russell 2000,,1473.16587000,2421.96510000
I0124,2004-02-13,156765,Russell 2000,,1454.24014000,2390.86519000
I0124,2004-02-17,156765,Russell 2000,,1477.45805000,2429.09950000
I0124,2004-02-18,156765,Russell 2000,,1470.01450000,2416.90835000
I0124,2004-02-19,156765,Russell 2000,,1447.91311000,2380.59447000
I0124,2004-02-20,156765,Russell 2000,,1441.20579000,2369.58555000
I0124,2004-02-23,156765,Russell 2000,,1417.11916000,2330.04842000
I0124,2004-02-24,156765,Russell 2000,,1421.26094000,2336.85840000
I0124,2004-02-25,156765,Russell 2000,,1439.10348000,2366.33217000
I0124,2004-02-26,156765,Russell 2000,,1451.06671000,2386.26473000
I0124,2004-02-27,156765,Russell 2000,,1455.29468000,2393.21853000
I0124,2004-03-01,156765,Russell 2000,,1478.17734000,2430.85686000
I0124,2004-03-02,156765,Russell 2000,,1468.97085000,2415.73626000
I0124,2004-03-03,156765,Russell 2000,,1469.62213000,2416.97050000
I0124,2004-03-04,156765,Russell 2000,,1487.16728000,2445.85882000
I0124,2004-03-05,156765,Russell 2000,,1490.04203000,2450.67362000
I0124,2004-03-08,156765,Russell 2000,,1472.57274000,2421.99762000
I0124,2004-03-09,156765,Russell 2000,,1456.25866000,2395.20429000
I0124,2004-03-10,156765,Russell 2000,,1429.07029000,2350.62826000
I0124,2004-03-11,156765,Russell 2000,,1413.48489000,2325.52820000
I0124,2004-03-12,156765,Russell 2000,,1448.53266000,2383.32102000
I0124,2004-03-15,156765,Russell 2000,,1409.03486000,2318.48795000
I0124,2004-03-16,156765,Russell 2000,,1408.26476000,2317.24774000
I0124,2004-03-17,156765,Russell 2000,,1437.93384000,2366.18719000
I0124,2004-03-18,156765,Russell 2000,,1427.93727000,2349.79545000
I0124,2004-03-19,156765,Russell 2000,,1418.46636000,2334.22546000
I0124,2004-03-22,156765,Russell 2000,,1389.25107000,2286.17066000
I0124,2004-03-23,156765,Russell 2000,,1394.05049000,2294.13010000
I0124,2004-03-24,156765,Russell 2000,,1385.87062000,2280.74621000
I0124,2004-03-25,156765,Russell 2000,,1420.42058000,2337.63603000
I0124,2004-03-26,156765,Russell 2000,,1423.88206000,2343.37582000
I0124,2004-03-29,156765,Russell 2000,,1449.89314000,2387.06892000
I0124,2004-03-30,156765,Russell 2000,,1464.83069000,2411.73806000
I0124,2004-03-31,156765,Russell 2000,,1467.09915000,2415.52301000
I0124,2004-04-01,156765,Russell 2000,,1479.54429000,2436.23252000
I0124,2004-04-02,156765,Russell 2000,,1499.76836000,2469.66583000
I0124,2004-04-05,156765,Russell 2000,,1507.07710000,2481.72874000
I0124,2004-04-06,156765,Russell 2000,,1489.52689000,2452.93475000
I0124,2004-04-07,156765,Russell 2000,,1495.26430000,2462.50365000
I0124,2004-04-08,156765,Russell 2000,,1485.91770000,2447.12519000
I0124,2004-04-12,156765,Russell 2000,,1490.32498000,2454.38703000
I0124,2004-04-13,156765,Russell 2000,,1455.97018000,2397.92183000
I0124,2004-04-14,156765,Russell 2000,,1446.48655000,2382.40754000
I0124,2004-04-15,156765,Russell 2000,,1442.22360000,2375.43140000
I0124,2004-04-16,156765,Russell 2000,,1449.84738000,2388.06175000
I0124,2004-04-19,156765,Russell 2000,,1458.73989000,2402.71920000
I0124,2004-04-20,156765,Russell 2000,,1431.06199000,2357.13607000
I0124,2004-04-21,156765,Russell 2000,,1449.48943000,2387.54061000
I0124,2004-04-22,156765,Russell 2000,,1474.39203000,2428.56942000
I0124,2004-04-23,156765,Russell 2000,,1468.10289000,2418.21854000
I0124,2004-04-26,156765,Russell 2000,,1464.97182000,2413.07398000
I0124,2004-04-27,156765,Russell 2000,,1468.22099000,2418.45327000
I0124,2004-04-28,156765,Russell 2000,,1434.16296000,2362.76471000
I0124,2004-04-29,156765,Russell 2000,,1409.79055000,2322.84073000
I0124,2004-04-30,156765,Russell 2000,,1391.28045000,2292.36939000
I0124,2004-05-03,156765,Russell 2000,,1405.38516000,2315.66745000
I0124,2004-05-04,156765,Russell 2000,,1415.71643000,2332.74457000
I0124,2004-05-05,156765,Russell 2000,,1416.77099000,2334.70564000
I0124,2004-05-06,156765,Russell 2000,,1399.45303000,2306.41818000
I0124,2004-05-07,156765,Russell 2000,,1363.33916000,2246.93994000
I0124,2004-05-10,156765,Russell 2000,,1336.75674000,2203.23054000
I0124,2004-05-11,156765,Russell 2000,,1363.52476000,2247.36594000
I0124,2004-05-12,156765,Russell 2000,,1364.41900000,2249.00317000
I0124,2004-05-13,156765,Russell 2000,,1359.88677000,2241.68657000
I0124,2004-05-14,156765,Russell 2000,,1351.42162000,2227.75189000
I0124,2004-05-17,156765,Russell 2000,,1330.48227000,2193.26201000
I0124,2004-05-18,156765,Russell 2000,,1348.43428000,2222.87160000
I0124,2004-05-19,156765,Russell 2000,,1344.20480000,2215.96257000
I0124,2004-05-20,156765,Russell 2000,,1343.92083000,2215.51950000
I0124,2004-05-21,156765,Russell 2000,,1356.49487000,2236.30331000
I0124,2004-05-24,156765,Russell 2000,,1371.18801000,2260.52974000
I0124,2004-05-25,156765,Russell 2000,,1405.16500000,2316.56403000
I0124,2004-05-26,156765,Russell 2000,,1411.08489000,2326.46181000
I0124,2004-05-27,156765,Russell 2000,,1413.04266000,2329.97979000
I0124,2004-05-28,156765,Russell 2000,,1412.35647000,2328.85491000
I0124,2004-06-01,156765,Russell 2000,,1422.81609000,2346.11956000
I0124,2004-06-02,156765,Russell 2000,,1425.46125000,2350.63286000
I0124,2004-06-03,156765,Russell 2000,,1397.83535000,2305.19170000
I0124,2004-06-04,156765,Russell 2000,,1411.04542000,2326.97735000
I0124,2004-06-07,156765,Russell 2000,,1438.75429000,2372.73201000
I0124,2004-06-08,156765,Russell 2000,,1436.28208000,2368.70163000
I0124,2004-06-09,156765,Russell 2000,,1413.10171000,2330.60005000
I0124,2004-06-10,156765,Russell 2000,,1414.44717000,2332.92756000
I0124,2004-06-14,156765,Russell 2000,,1385.97239000,2286.45636000
I0124,2004-06-15,156765,Russell 2000,,1411.46605000,2328.56449000
I0124,2004-06-16,156765,Russell 2000,,1416.79510000,2337.51539000
I0124,2004-06-17,156765,Russell 2000,,1415.54580000,2335.52003000
I0124,2004-06-18,156765,Russell 2000,,1417.97345000,2339.57791000
I0124,2004-06-21,156765,Russell 2000,,1413.49971000,2332.19648000
I0124,2004-06-22,156765,Russell 2000,,1421.32501000,2345.15209000
I0124,2004-06-23,156765,Russell 2000,,1441.84351000,2379.08189000
I0124,2004-06-24,156765,Russell 2000,,1439.12013000,2374.60329000
I0124,2004-06-25,156765,Russell 2000,,1460.60971000,2410.07593000
I0124,2004-06-28,156765,Russell 2000,,1451.67466000,2396.30371000
I0124,2004-06-29,156765,Russell 2000,,1460.94788000,2411.72004000
I0124,2004-06-30,156765,Russell 2000,,1470.11927000,2426.93124000
I0124,2004-07-01,156765,Russell 2000,,1447.50817000,2389.83899000
I0124,2004-07-02,156765,Russell 2000,,1448.23914000,2391.11013000
I0124,2004-07-06,156765,Russell 2000,,1422.61091000,2348.86016000
I0124,2004-07-07,156765,Russell 2000,,1421.66142000,2347.42339000
I0124,2004-07-08,156765,Russell 2000,,1393.54684000,2301.13939000
I0124,2004-07-09,156765,Russell 2000,,1401.03563000,2313.51718000
I0124,2004-07-12,156765,Russell 2000,,1397.33686000,2307.42880000
I0124,2004-07-13,156765,Russell 2000,,1398.45707000,2309.35363000
I0124,2004-07-14,156765,Russell 2000,,1391.12057000,2297.31063000
I0124,2004-07-15,156765,Russell 2000,,1397.13179000,2307.28228000
I0124,2004-07-16,156765,Russell 2000,,1380.54023000,2279.94464000
I0124,2004-07-19,156765,Russell 2000,,1378.68379000,2276.89041000
I0124,2004-07-20,156765,Russell 2000,,1402.17594000,2315.70292000
I0124,2004-07-21,156765,Russell 2000,,1363.37427000,2251.67304000
I0124,2004-07-22,156765,Russell 2000,,1358.27250000,2243.28630000
I0124,2004-07-23,156765,Russell 2000,,1340.14249000,2213.39092000
I0124,2004-07-26,156765,Russell 2000,,1325.88408000,2189.85411000
I0124,2004-07-27,156765,Russell 2000,,1353.51877000,2235.50385000
I0124,2004-07-28,156765,Russell 2000,,1345.05437000,2221.87196000
I0124,2004-07-29,156765,Russell 2000,,1366.50615000,2257.51607000
I0124,2004-07-30,156765,Russell 2000,,1370.11617000,2263.51806000
I0124,2004-08-02,156765,Russell 2000,,1371.71375000,2266.22089000
I0124,2004-08-03,156765,Russell 2000,,1351.08409000,2232.22673000
I0124,2004-08-04,156765,Russell 2000,,1348.70223000,2228.41223000
I0124,2004-08-05,156765,Russell 2000,,1323.08149000,2186.28068000
I0124,2004-08-06,156765,Russell 2000,,1291.48207000,2134.16267000
I0124,2004-08-09,156765,Russell 2000,,1288.34236000,2129.11221000
I0124,2004-08-10,156765,Russell 2000,,1316.80021000,2176.14746000
I0124,2004-08-11,156765,Russell 2000,,1308.83661000,2163.17254000
I0124,2004-08-12,156765,Russell 2000,,1285.14730000,2124.22298000
I0124,2004-08-13,156765,Russell 2000,,1285.87035000,2125.51621000
I0124,2004-08-16,156765,Russell 2000,,1312.38301000,2169.35133000
I0124,2004-08-17,156765,Russell 2000,,1317.21739000,2177.36496000
I0124,2004-08-18,156765,Russell 2000,,1346.07356000,2225.22426000
I0124,2004-08-19,156765,Russell 2000,,1335.69481000,2208.09477000
I0124,2004-08-20,156765,Russell 2000,,1361.76100000,2251.22971000
I0124,2004-08-23,156765,Russell 2000,,1350.68828000,2232.98391000
I0124,2004-08-24,156765,Russell 2000,,1354.52862000,2239.35773000
I0124,2004-08-25,156765,Russell 2000,,1367.27711000,2260.50606000
I0124,2004-08-26,156765,Russell 2000,,1360.07976000,2248.64959000
I0124,2004-08-27,156765,Russell 2000,,1371.07991000,2266.92149000
I0124,2004-08-30,156765,Russell 2000,,1353.39484000,2238.02818000
I0124,2004-08-31,156765,Russell 2000,,1361.77083000,2251.88448000
I0124,2004-09-01,156765,Russell 2000,,1373.02171000,2270.61842000
I0124,2004-09-02,156765,Russell 2000,,1391.22003000,2300.74357000
I0124,2004-09-03,156765,Russell 2000,,1382.42254000,2286.23999000
I0124,2004-09-07,156765,Russell 2000,,1399.06143000,2313.78043000
I0124,2004-09-08,156765,Russell 2000,,1386.27636000,2292.85242000
I0124,2004-09-09,156765,Russell 2000,,1407.12077000,2327.37012000
I0124,2004-09-10,156765,Russell 2000,,1416.40559000,2342.74442000
I0124,2004-09-13,156765,Russell 2000,,1424.33649000,2356.29080000
I0124,2004-09-14,156765,Russell 2000,,1419.01058000,2347.57337000
I0124,2004-09-15,156765,Russell 2000,,1412.95142000,2337.67880000
I0124,2004-09-16,156765,Russell 2000,,1427.91366000,2362.50319000
I0124,2004-09-17,156765,Russell 2000,,1424.51052000,2356.91236000
I0124,2004-09-20,156765,Russell 2000,,1418.47248000,2346.97493000
I0124,2004-09-21,156765,Russell 2000,,1433.81590000,2372.37238000
I0124,2004-09-22,156765,Russell 2000,,1406.42104000,2327.22451000
I0124,2004-09-23,156765,Russell 2000,,1406.20407000,2326.93505000
I0124,2004-09-24,156765,Russell 2000,,1406.61318000,2327.61964000
I0124,2004-09-27,156765,Russell 2000,,1387.68770000,2296.31435000
I0124,2004-09-28,156765,Russell 2000,,1405.83000000,2327.38000000
I0124,2004-09-29,156765,Russell 2000,,1419.27420000,2349.82810000
I0124,2004-09-30,156765,Russell 2000,,1423.92910000,2357.60107000
I0124,2004-10-01,156765,Russell 2000,,1453.98038000,2407.48149000
I0124,2004-10-04,156765,Russell 2000,,1464.07880000,2424.20916000
I0124,2004-10-05,156765,Russell 2000,,1459.72647000,2417.07722000
I0124,2004-10-06,156765,Russell 2000,,1472.94928000,2439.41058000
I0124,2004-10-07,156765,Russell 2000,,1447.95010000,2398.10966000
I0124,2004-10-08,156765,Russell 2000,,1430.66732000,2369.52413000
I0124,2004-10-11,156765,Russell 2000,,1435.41181000,2377.38212000
I0124,2004-10-12,156765,Russell 2000,,1433.30329000,2373.91887000
I0124,2004-10-13,156765,Russell 2000,,1415.18165000,2344.03741000
I0124,2004-10-14,156765,Russell 2000,,1403.88901000,2325.36432000
I0124,2004-10-15,156765,Russell 2000,,1415.19557000,2344.10519000
I0124,2004-10-18,156765,Russell 2000,,1421.66471000,2354.83970000
I0124,2004-10-19,156765,Russell 2000,,1408.35598000,2332.83553000
I0124,2004-10-20,156765,Russell 2000,,1416.94624000,2347.12188000
I0124,2004-10-21,156765,Russell 2000,,1433.17729000,2374.01695000
I0124,2004-10-22,156765,Russell 2000,,1411.09701000,2337.46087000
I0124,2004-10-25,156765,Russell 2000,,1420.78711000,2353.52232000
I0124,2004-10-26,156765,Russell 2000,,1435.54680000,2377.99538000
I0124,2004-10-27,156765,Russell 2000,,1459.32590000,2417.69942000
I0124,2004-10-28,156765,Russell 2000,,1455.46566000,2411.56315000
I0124,2004-10-29,156765,Russell 2000,,1450.88710000,2404.00833000
I0124,2004-11-01,156765,Russell 2000,,1458.87659000,2417.26058000
I0124,2004-11-02,156765,Russell 2000,,1454.99205000,2410.85780000
I0124,2004-11-03,156765,Russell 2000,,1479.58095000,2451.73873000
I0124,2004-11-04,156765,Russell 2000,,1496.48020000,2480.01916000
I0124,2004-11-05,156765,Russell 2000,,1501.85681000,2488.96722000
I0124,2004-11-08,156765,Russell 2000,,1496.35016000,2480.16253000
I0124,2004-11-09,156765,Russell 2000,,1507.68998000,2499.12371000
I0124,2004-11-10,156765,Russell 2000,,1515.06843000,2511.69995000
I0124,2004-11-11,156765,Russell 2000,,1531.69344000,2539.26109000
I0124,2004-11-12,156765,Russell 2000,,1545.80114000,2562.73484000
I0124,2004-11-15,156765,Russell 2000,,1550.48376000,2570.54333000
I0124,2004-11-16,156765,Russell 2000,,1535.65827000,2545.98108000
I0124,2004-11-17,156765,Russell 2000,,1548.27695000,2567.03296000
I0124,2004-11-18,156765,Russell 2000,,1545.99925000,2563.28852000
I0124,2004-11-19,156765,Russell 2000,,1524.57806000,2527.77353000
I0124,2004-11-22,156765,Russell 2000,,1544.65748000,2561.14326000
I0124,2004-11-23,156765,Russell 2000,,1552.15314000,2573.68993000
I0124,2004-11-24,156765,Russell 2000,,1564.50888000,2594.23689000
I0124,2004-11-26,156765,Russell 2000,,1568.61899000,2601.35726000
I0124,2004-11-29,156765,Russell 2000,,1576.82710000,2615.33944000
I0124,2004-11-30,156765,Russell 2000,,1575.12418000,2612.52775000
I0124,2004-12-01,156765,Russell 2000,,1599.75588000,2653.53624000
I0124,2004-12-02,156765,Russell 2000,,1596.83389000,2648.74489000
I0124,2004-12-03,156765,Russell 2000,,1596.09329000,2647.52144000
I0124,2004-12-06,156765,Russell 2000,,1588.18409000,2634.46452000
I0124,2004-12-07,156765,Russell 2000,,1554.56244000,2578.71832000
I0124,2004-12-08,156765,Russell 2000,,1568.61497000,2602.21440000
I0124,2004-12-09,156765,Russell 2000,,1563.74148000,2594.17433000
I0124,2004-12-10,156765,Russell 2000,,1571.32378000,2606.79956000
I0124,2004-12-13,156765,Russell 2000,,1585.70239000,2631.11549000
I0124,2004-12-14,156765,Russell 2000,,1599.40534000,2653.96603000
I0124,2004-12-15,156765,Russell 2000,,1612.00164000,2675.10077000
I0124,2004-12-16,156765,Russell 2000,,1596.14000000,2648.89000000
I0124,2004-12-17,156765,Russell 2000,,1595.76475000,2648.32071000
I0124,2004-12-20,156765,Russell 2000,,1585.74132000,2631.79030000
I0124,2004-12-21,156765,Russell 2000,,1606.00779000,2665.78693000
I0124,2004-12-22,156765,Russell 2000,,1611.63027000,2675.28198000
I0124,2004-12-23,156765,Russell 2000,,1613.88035000,2679.02488000
I0124,2004-12-27,156765,Russell 2000,,1601.38736000,2658.28840000
I0124,2004-12-28,156765,Russell 2000,,1626.81822000,2700.56306000
I0124,2004-12-29,156765,Russell 2000,,1623.74643000,2696.89229000
I0124,2004-12-30,156765,Russell 2000,,1623.05681000,2695.99703000
I0124,2004-12-31,156765,Russell 2000,,1619.34427000,2689.85813000
I0124,2005-01-03,156765,Russell 2000,,1591.70076000,2644.01233000
I0124,2005-01-04,156765,Russell 2000,,1562.11525000,2594.90227000
I0124,2005-01-05,156765,Russell 2000,,1534.62778000,2549.28041000
I0124,2005-01-06,156765,Russell 2000,,1540.43446000,2559.08742000
I0124,2005-01-07,156765,Russell 2000,,1524.02365000,2531.84544000
I0124,2005-01-10,156765,Russell 2000,,1535.26388000,2550.56615000
I0124,2005-01-11,156765,Russell 2000,,1519.83340000,2524.94787000
I0124,2005-01-12,156765,Russell 2000,,1523.95791000,2532.14309000
I0124,2005-01-13,156765,Russell 2000,,1516.35052000,2519.50735000
I0124,2005-01-14,156765,Russell 2000,,1534.62023000,2549.87670000
I0124,2005-01-18,156765,Russell 2000,,1552.99738000,2580.43575000
I0124,2005-01-19,156765,Russell 2000,,1535.69778000,2551.78641000
I0124,2005-01-20,156765,Russell 2000,,1521.86549000,2528.84387000
I0124,2005-01-21,156765,Russell 2000,,1518.72636000,2523.64950000
I0124,2005-01-24,156765,Russell 2000,,1502.44641000,2496.59730000
I0124,2005-01-25,156765,Russell 2000,,1507.32918000,2504.71930000
I0124,2005-01-26,156765,Russell 2000,,1532.36550000,2546.35377000
I0124,2005-01-27,156765,Russell 2000,,1533.17459000,2548.04473000
I0124,2005-01-28,156765,Russell 2000,,1523.49371000,2532.09944000
I0124,2005-01-31,156765,Russell 2000,,1550.87721000,2577.62812000
I0124,2005-02-01,156765,Russell 2000,,1561.12413000,2594.66399000
I0124,2005-02-02,156765,Russell 2000,,1570.65793000,2610.60106000
I0124,2005-02-03,156765,Russell 2000,,1564.07610000,2599.89343000
I0124,2005-02-04,156765,Russell 2000,,1584.24740000,2633.50623000
I0124,2005-02-07,156765,Russell 2000,,1582.19332000,2630.15475000
I0124,2005-02-08,156765,Russell 2000,,1587.41095000,2638.92724000
I0124,2005-02-09,156765,Russell 2000,,1555.08588000,2585.37118000
I0124,2005-02-10,156765,Russell 2000,,1557.80674000,2590.03187000
I0124,2005-02-11,156765,Russell 2000,,1577.56906000,2623.07571000
I0124,2005-02-14,156765,Russell 2000,,1578.22986000,2624.19253000
I0124,2005-02-15,156765,Russell 2000,,1578.01535000,2623.89853000
I0124,2005-02-16,156765,Russell 2000,,1587.75186000,2640.31175000
I0124,2005-02-17,156765,Russell 2000,,1568.57465000,2608.48481000
I0124,2005-02-18,156765,Russell 2000,,1566.07401000,2604.36361000
I0124,2005-02-22,156765,Russell 2000,,1535.73601000,2553.94485000
I0124,2005-02-23,156765,Russell 2000,,1542.24631000,2564.95360000
I0124,2005-02-24,156765,Russell 2000,,1559.67915000,2594.08153000
I0124,2005-02-25,156765,Russell 2000,,1584.46571000,2635.62803000
I0124,2005-02-28,156765,Russell 2000,,1575.84527000,2621.28866000
I0124,2005-03-01,156765,Russell 2000,,1586.93255000,2639.74429000
I0124,2005-03-02,156765,Russell 2000,,1583.95255000,2634.89538000
I0124,2005-03-03,156765,Russell 2000,,1586.33925000,2638.93199000
I0124,2005-03-04,156765,Russell 2000,,1602.91321000,2666.57545000
I0124,2005-03-07,156765,Russell 2000,,1600.18997000,2662.06067000
I0124,2005-03-08,156765,Russell 2000,,1585.57433000,2637.85963000
I0124,2005-03-09,156765,Russell 2000,,1568.42443000,2609.49604000
I0124,2005-03-10,156765,Russell 2000,,1558.13817000,2592.46719000
I0124,2005-03-11,156765,Russell 2000,,1557.89618000,2592.54193000
I0124,2005-03-14,156765,Russell 2000,,1566.50132000,2606.92949000
I0124,2005-03-15,156765,Russell 2000,,1557.84937000,2592.68850000
I0124,2005-03-16,156765,Russell 2000,,1548.14194000,2576.70312000
I0124,2005-03-17,156765,Russell 2000,,1554.46087000,2587.26900000
I0124,2005-03-18,156765,Russell 2000,,1547.27513000,2575.37120000
I0124,2005-03-21,156765,Russell 2000,,1544.80225000,2571.27465000
I0124,2005-03-22,156765,Russell 2000,,1537.36306000,2559.14801000
I0124,2005-03-23,156765,Russell 2000,,1521.15306000,2532.20208000
I0124,2005-03-24,156765,Russell 2000,,1529.12470000,2545.48148000
I0124,2005-03-28,156765,Russell 2000,,1528.76338000,2544.91782000
I0124,2005-03-29,156765,Russell 2000,,1502.68931000,2502.67025000
I0124,2005-03-30,156765,Russell 2000,,1528.20984000,2545.35583000
I0124,2005-03-31,156765,Russell 2000,,1528.64824000,2546.25032000
I0124,2005-04-01,156765,Russell 2000,,1519.90138000,2531.69979000
I0124,2005-04-04,156765,Russell 2000,,1525.37359000,2540.87021000
I0124,2005-04-05,156765,Russell 2000,,1527.22201000,2544.04890000
I0124,2005-04-06,156765,Russell 2000,,1531.48388000,2551.39706000
I0124,2005-04-07,156765,Russell 2000,,1540.30407000,2566.24930000
I0124,2005-04-08,156765,Russell 2000,,1517.90507000,2529.01774000
I0124,2005-04-11,156765,Russell 2000,,1509.01157000,2514.21774000
I0124,2005-04-12,156765,Russell 2000,,1523.56832000,2538.47258000
I0124,2005-04-13,156765,Russell 2000,,1497.50973000,2495.42544000
I0124,2005-04-14,156765,Russell 2000,,1471.14409000,2451.52914000
I0124,2005-04-15,156765,Russell 2000,,1443.41279000,2405.36950000
I0124,2005-04-18,156765,Russell 2000,,1454.73521000,2424.35601000
I0124,2005-04-19,156765,Russell 2000,,1478.60479000,2464.13532000
I0124,2005-04-20,156765,Russell 2000,,1453.79810000,2422.82780000
I0124,2005-04-21,156765,Russell 2000,,1488.64922000,2480.94669000
I0124,2005-04-22,156765,Russell 2000,,1465.16693000,2441.81167000
I0124,2005-04-25,156765,Russell 2000,,1482.33080000,2470.41657000
I0124,2005-04-26,156765,Russell 2000,,1460.52951000,2434.11497000
I0124,2005-04-27,156765,Russell 2000,,1459.22889000,2432.33486000
I0124,2005-04-28,156765,Russell 2000,,1429.09337000,2382.34041000
I0124,2005-04-29,156765,Russell 2000,,1439.93405000,2400.42900000
I0124,2005-05-02,156765,Russell 2000,,1456.03354000,2427.28749000
I0124,2005-05-03,156765,Russell 2000,,1452.62392000,2421.64381000
I0124,2005-05-04,156765,Russell 2000,,1479.30560000,2466.25344000
I0124,2005-05-05,156765,Russell 2000,,1480.34273000,2468.14399000
I0124,2005-05-06,156765,Russell 2000,,1482.53427000,2472.00373000
I0124,2005-05-09,156765,Russell 2000,,1498.41734000,2498.51784000
I0124,2005-05-10,156765,Russell 2000,,1478.86898000,2465.98149000
I0124,2005-05-11,156765,Russell 2000,,1480.18620000,2468.55214000
I0124,2005-05-12,156765,Russell 2000,,1458.60743000,2432.73563000
I0124,2005-05-13,156765,Russell 2000,,1446.49245000,2412.66183000
I0124,2005-05-16,156765,Russell 2000,,1470.59281000,2452.91679000
I0124,2005-05-17,156765,Russell 2000,,1479.43697000,2467.70671000
I0124,2005-05-18,156765,Russell 2000,,1510.77412000,2520.14920000
I0124,2005-05-19,156765,Russell 2000,,1517.18470000,2530.88307000
I0124,2005-05-20,156765,Russell 2000,,1514.58502000,2526.58843000
I0124,2005-05-23,156765,Russell 2000,,1523.16665000,2540.96126000
I0124,2005-05-24,156765,Russell 2000,,1523.36390000,2541.35550000
I0124,2005-05-25,156765,Russell 2000,,1507.09717000,2514.30782000
I0124,2005-05-26,156765,Russell 2000,,1527.72296000,2548.85665000
I0124,2005-05-27,156765,Russell 2000,,1533.19087000,2558.33003000
I0124,2005-05-31,156765,Russell 2000,,1532.71449000,2557.53957000
I0124,2005-06-01,156765,Russell 2000,,1550.24027000,2586.89937000
I0124,2005-06-02,156765,Russell 2000,,1553.90597000,2593.09613000
I0124,2005-06-03,156765,Russell 2000,,1541.66000000,2572.70806000
I0124,2005-06-06,156765,Russell 2000,,1548.19577000,2583.63256000
I0124,2005-06-07,156765,Russell 2000,,1550.29252000,2587.16462000
I0124,2005-06-08,156765,Russell 2000,,1542.05646000,2573.64486000
I0124,2005-06-09,156765,Russell 2000,,1556.38443000,2597.63992000
I0124,2005-06-10,156765,Russell 2000,,1556.61689000,2598.07871000
I0124,2005-06-13,156765,Russell 2000,,1563.30262000,2609.74398000
I0124,2005-06-14,156765,Russell 2000,,1576.64743000,2632.14655000
I0124,2005-06-15,156765,Russell 2000,,1583.62088000,2644.00857000
I0124,2005-06-16,156765,Russell 2000,,1600.61120000,2672.46541000
I0124,2005-06-17,156765,Russell 2000,,1601.00250000,2673.13804000
I0124,2005-06-20,156765,Russell 2000,,1595.16444000,2663.44817000
I0124,2005-06-21,156765,Russell 2000,,1593.19513000,2660.25050000
I0124,2005-06-22,156765,Russell 2000,,1599.17201000,2670.35560000
I0124,2005-06-23,156765,Russell 2000,,1575.98661000,2631.65759000
I0124,2005-06-24,156765,Russell 2000,,1566.75637000,2616.29290000
I0124,2005-06-27,156765,Russell 2000,,1561.54214000,2607.62749000
I0124,2005-06-28,156765,Russell 2000,,1594.27907000,2663.44730000
I0124,2005-06-29,156765,Russell 2000,,1597.45286000,2668.95318000
I0124,2005-06-30,156765,Russell 2000,,1589.75218000,2656.18603000
I0124,2005-07-01,156765,Russell 2000,,1598.16002000,2670.29615000
I0124,2005-07-05,156765,Russell 2000,,1623.46964000,2712.65774000
I0124,2005-07-06,156765,Russell 2000,,1611.16168000,2692.34359000
I0124,2005-07-07,156765,Russell 2000,,1613.70444000,2696.75653000
I0124,2005-07-08,156765,Russell 2000,,1645.62524000,2750.21693000
I0124,2005-07-11,156765,Russell 2000,,1669.48394000,2790.09048000
I0124,2005-07-12,156765,Russell 2000,,1667.12814000,2786.16350000
I0124,2005-07-13,156765,Russell 2000,,1659.32188000,2773.27331000
I0124,2005-07-14,156765,Russell 2000,,1647.80027000,2754.06432000
I0124,2005-07-15,156765,Russell 2000,,1649.58821000,2757.10497000
I0124,2005-07-18,156765,Russell 2000,,1636.72796000,2735.71870000
I0124,2005-07-19,156765,Russell 2000,,1662.32661000,2778.50922000
I0124,2005-07-20,156765,Russell 2000,,1683.94158000,2814.69248000
I0124,2005-07-21,156765,Russell 2000,,1657.96017000,2771.31231000
I0124,2005-07-22,156765,Russell 2000,,1684.49137000,2815.65972000
I0124,2005-07-25,156765,Russell 2000,,1667.60763000,2787.43821000
I0124,2005-07-26,156765,Russell 2000,,1676.54789000,2802.42579000
I0124,2005-07-27,156765,Russell 2000,,1677.28789000,2804.04731000
I0124,2005-07-28,156765,Russell 2000,,1697.57016000,2838.13025000
I0124,2005-07-29,156765,Russell 2000,,1689.37921000,2824.47055000
I0124,2005-08-01,156765,Russell 2000,,1696.97856000,2837.19884000
I0124,2005-08-02,156765,Russell 2000,,1711.16525000,2860.93230000
I0124,2005-08-03,156765,Russell 2000,,1698.41247000,2839.78891000
I0124,2005-08-04,156765,Russell 2000,,1669.73547000,2792.10059000
I0124,2005-08-05,156765,Russell 2000,,1647.23031000,2754.58840000
I0124,2005-08-08,156765,Russell 2000,,1639.30376000,2741.40514000
I0124,2005-08-09,156765,Russell 2000,,1641.49529000,2745.13768000
I0124,2005-08-10,156765,Russell 2000,,1640.69940000,2744.11759000
I0124,2005-08-11,156765,Russell 2000,,1656.13564000,2770.27354000
I0124,2005-08-12,156765,Russell 2000,,1640.30380000,2743.83462000
I0124,2005-08-15,156765,Russell 2000,,1654.33118000,2767.36003000
I0124,2005-08-16,156765,Russell 2000,,1626.90951000,2721.56314000
I0124,2005-08-17,156765,Russell 2000,,1627.43521000,2722.54904000
I0124,2005-08-18,156765,Russell 2000,,1618.39764000,2707.49010000
I0124,2005-08-19,156765,Russell 2000,,1621.68756000,2713.02383000
I0124,2005-08-22,156765,Russell 2000,,1634.01519000,2733.65634000
I0124,2005-08-23,156765,Russell 2000,,1629.03494000,2725.43946000
I0124,2005-08-24,156765,Russell 2000,,1627.89947000,2723.63076000
I0124,2005-08-25,156765,Russell 2000,,1634.58920000,2734.85056000
I0124,2005-08-26,156765,Russell 2000,,1612.07841000,2697.24754000
I0124,2005-08-29,156765,Russell 2000,,1628.67047000,2725.09244000
I0124,2005-08-30,156765,Russell 2000,,1624.80230000,2719.01076000
I0124,2005-08-31,156765,Russell 2000,,1656.48473000,2772.10272000
I0124,2005-09-01,156765,Russell 2000,,1661.31694000,2780.25374000
I0124,2005-09-02,156765,Russell 2000,,1648.58713000,2759.01529000
I0124,2005-09-06,156765,Russell 2000,,1676.28531000,2805.39706000
I0124,2005-09-07,156765,Russell 2000,,1683.35876000,2817.48272000
I0124,2005-09-08,156765,Russell 2000,,1673.78743000,2801.58766000
I0124,2005-09-09,156765,Russell 2000,,1685.16881000,2820.65148000
I0124,2005-09-12,156765,Russell 2000,,1692.05771000,2832.23792000
I0124,2005-09-13,156765,Russell 2000,,1672.94690000,2800.73455000
I0124,2005-09-14,156765,Russell 2000,,1656.08992000,2772.75068000
I0124,2005-09-15,156765,Russell 2000,,1653.78210000,2768.96213000
I0124,2005-09-16,156765,Russell 2000,,1670.08678000,2796.35780000
I0124,2005-09-19,156765,Russell 2000,,1657.76127000,2775.75689000
I0124,2005-09-20,156765,Russell 2000,,1641.87724000,2749.32488000
I0124,2005-09-21,156765,Russell 2000,,1615.29490000,2704.85427000
I0124,2005-09-22,156765,Russell 2000,,1618.34105000,2709.99047000
I0124,2005-09-23,156765,Russell 2000,,1629.01215000,2727.87595000
I0124,2005-09-26,156765,Russell 2000,,1640.80012000,2747.62447000
I0124,2005-09-27,156765,Russell 2000,,1638.23751000,2743.35346000
I0124,2005-09-28,156765,Russell 2000,,1630.46242000,2731.57191000
I0124,2005-09-29,156765,Russell 2000,,1652.81014000,2769.21590000
I0124,2005-09-30,156765,Russell 2000,,1659.68523000,2780.79835000
I0124,2005-10-03,156765,Russell 2000,,1666.52395000,2792.33507000
I0124,2005-10-04,156765,Russell 2000,,1649.84807000,2764.41928000
I0124,2005-10-05,156765,Russell 2000,,1602.96735000,2686.24849000
I0124,2005-10-06,156765,Russell 2000,,1589.23153000,2663.26839000
I0124,2005-10-07,156765,Russell 2000,,1601.37036000,2683.63657000
I0124,2005-10-10,156765,Russell 2000,,1585.55037000,2657.12484000
I0124,2005-10-11,156765,Russell 2000,,1565.95196000,2624.31286000
I0124,2005-10-12,156765,Russell 2000,,1544.79252000,2589.06510000
I0124,2005-10-13,156765,Russell 2000,,1549.04657000,2596.25553000
I0124,2005-10-14,156765,Russell 2000,,1573.57594000,2637.39828000
I0124,2005-10-17,156765,Russell 2000,,1574.12077000,2638.40381000
I0124,2005-10-18,156765,Russell 2000,,1554.22489000,2605.11736000
I0124,2005-10-19,156765,Russell 2000,,1586.32851000,2658.95157000
I0124,2005-10-20,156765,Russell 2000,,1559.63309000,2614.24276000
I0124,2005-10-21,156765,Russell 2000,,1572.53773000,2635.90864000
I0124,2005-10-24,156765,Russell 2000,,1607.01039000,2693.69218000
I0124,2005-10-25,156765,Russell 2000,,1597.38946000,2677.61511000
I0124,2005-10-26,156765,Russell 2000,,1586.64729000,2659.75042000
I0124,2005-10-27,156765,Russell 2000,,1550.90366000,2600.17485000
I0124,2005-10-28,156765,Russell 2000,,1578.99011000,2647.41111000
I0124,2005-10-31,156765,Russell 2000,,1607.01521000,2694.45565000
I0124,2005-11-01,156765,Russell 2000,,1598.11437000,2679.54414000
I0124,2005-11-02,156765,Russell 2000,,1632.97803000,2738.13156000
I0124,2005-11-03,156765,Russell 2000,,1637.25234000,2745.55902000
I0124,2005-11-04,156765,Russell 2000,,1635.73880000,2743.16541000
I0124,2005-11-07,156765,Russell 2000,,1643.38285000,2756.08879000
I0124,2005-11-08,156765,Russell 2000,,1630.94701000,2735.39936000
I0124,2005-11-09,156765,Russell 2000,,1639.84332000,2750.42678000
I0124,2005-11-10,156765,Russell 2000,,1652.56867000,2772.09643000
I0124,2005-11-11,156765,Russell 2000,,1656.86660000,2779.30597000
I0124,2005-11-14,156765,Russell 2000,,1650.06014000,2767.92502000
I0124,2005-11-15,156765,Russell 2000,,1630.94250000,2735.92596000
I0124,2005-11-16,156765,Russell 2000,,1626.97735000,2729.52603000
I0124,2005-11-17,156765,Russell 2000,,1658.04393000,2781.71356000
I0124,2005-11-18,156765,Russell 2000,,1670.68337000,2802.94030000
I0124,2005-11-21,156765,Russell 2000,,1687.43222000,2831.09785000
I0124,2005-11-22,156765,Russell 2000,,1696.35796000,2846.32949000
I0124,2005-11-23,156765,Russell 2000,,1697.80407000,2848.86325000
I0124,2005-11-25,156765,Russell 2000,,1698.90539000,2850.74213000
I0124,2005-11-28,156765,Russell 2000,,1668.89396000,2800.52701000
I0124,2005-11-29,156765,Russell 2000,,1674.33985000,2810.17277000
I0124,2005-11-30,156765,Russell 2000,,1683.26508000,2825.26064000
I0124,2005-12-01,156765,Russell 2000,,1715.37761000,2879.19417000
I0124,2005-12-02,156765,Russell 2000,,1716.29294000,2880.79238000
I0124,2005-12-05,156765,Russell 2000,,1706.32995000,2864.14982000
I0124,2005-12-06,156765,Russell 2000,,1708.82232000,2868.37625000
I0124,2005-12-07,156765,Russell 2000,,1697.48678000,2849.69528000
I0124,2005-12-08,156765,Russell 2000,,1702.99077000,2859.00606000
I0124,2005-12-09,156765,Russell 2000,,1711.80148000,2873.82870000
I0124,2005-12-12,156765,Russell 2000,,1713.71858000,2877.08387000
I0124,2005-12-13,156765,Russell 2000,,1712.45120000,2875.54967000
I0124,2005-12-14,156765,Russell 2000,,1716.11115000,2881.91826000
I0124,2005-12-15,156765,Russell 2000,,1701.78751000,2857.90431000
I0124,2005-12-16,156765,Russell 2000,,1697.68452000,2851.13520000
I0124,2005-12-19,156765,Russell 2000,,1670.75101000,2805.94756000
I0124,2005-12-20,156765,Russell 2000,,1672.06958000,2808.36380000
I0124,2005-12-21,156765,Russell 2000,,1689.37519000,2837.52733000
I0124,2005-12-22,156765,Russell 2000,,1700.15821000,2855.73345000
I0124,2005-12-23,156765,Russell 2000,,1706.02643000,2865.61050000
I0124,2005-12-27,156765,Russell 2000,,1681.50454000,2824.44882000
I0124,2005-12-28,156765,Russell 2000,,1690.21314000,2840.86405000
I0124,2005-12-29,156765,Russell 2000,,1684.93461000,2832.12724000
I0124,2005-12-30,156765,Russell 2000,,1673.15777000,2812.34909000
I0124,2006-01-03,156765,Russell 2000,,1700.06578000,2857.62806000
I0124,2006-01-04,156765,Russell 2000,,1713.01160000,2879.50767000
I0124,2006-01-05,156765,Russell 2000,,1719.26966000,2890.20402000
I0124,2006-01-06,156765,Russell 2000,,1738.19459000,2922.11947000
I0124,2006-01-09,156765,Russell 2000,,1755.23114000,2950.77890000
I0124,2006-01-10,156765,Russell 2000,,1767.03818000,2970.63432000
I0124,2006-01-11,156765,Russell 2000,,1767.53649000,2971.64873000
I0124,2006-01-12,156765,Russell 2000,,1756.60135000,2953.32071000
I0124,2006-01-13,156765,Russell 2000,,1760.70447000,2960.23204000
I0124,2006-01-17,156765,Russell 2000,,1748.71959000,2940.09471000
I0124,2006-01-18,156765,Russell 2000,,1749.10578000,2940.90171000
I0124,2006-01-19,156765,Russell 2000,,1776.84965000,2987.59389000
I0124,2006-01-20,156765,Russell 2000,,1751.14726000,2944.41973000
I0124,2006-01-23,156765,Russell 2000,,1759.14086000,2957.86301000
I0124,2006-01-24,156765,Russell 2000,,1784.49715000,3000.50655000
I0124,2006-01-25,156765,Russell 2000,,1780.59409000,2993.97510000
I0124,2006-01-26,156765,Russell 2000,,1810.49773000,3044.32366000
I0124,2006-01-27,156765,Russell 2000,,1819.78928000,3060.31493000
I0124,2006-01-30,156765,Russell 2000,,1816.43419000,3054.78091000
I0124,2006-01-31,156765,Russell 2000,,1822.22479000,3064.53806000
I0124,2006-02-01,156765,Russell 2000,,1827.89546000,3074.14777000
I0124,2006-02-02,156765,Russell 2000,,1804.95223000,3035.79118000
I0124,2006-02-03,156765,Russell 2000,,1799.89945000,3027.43898000
I0124,2006-02-06,156765,Russell 2000,,1809.03087000,3042.85766000
I0124,2006-02-07,156765,Russell 2000,,1782.41581000,2998.12908000
I0124,2006-02-08,156765,Russell 2000,,1792.29617000,3014.98156000
I0124,2006-02-09,156765,Russell 2000,,1784.86105000,3002.56340000
I0124,2006-02-10,156765,Russell 2000,,1782.29458000,2998.27243000
I0124,2006-02-13,156765,Russell 2000,,1765.89496000,2970.94127000
I0124,2006-02-14,156765,Russell 2000,,1788.68699000,3009.35075000
I0124,2006-02-15,156765,Russell 2000,,1802.09217000,3032.09845000
I0124,2006-02-16,156765,Russell 2000,,1819.04103000,3060.68383000
I0124,2006-02-17,156765,Russell 2000,,1816.61590000,3056.66548000
I0124,2006-02-21,156765,Russell 2000,,1806.27507000,3039.29030000
I0124,2006-02-22,156765,Russell 2000,,1823.05086000,3067.62392000
I0124,2006-02-23,156765,Russell 2000,,1820.35491000,3063.11971000
I0124,2006-02-24,156765,Russell 2000,,1830.68496000,3080.63534000
I0124,2006-02-27,156765,Russell 2000,,1840.70172000,3097.86640000
I0124,2006-02-28,156765,Russell 2000,,1815.86492000,3056.10129000
I0124,2006-03-01,156765,Russell 2000,,1844.96371000,3105.24858000
I0124,2006-03-02,156765,Russell 2000,,1839.51822000,3096.14642000
I0124,2006-03-03,156765,Russell 2000,,1835.24874000,3089.02962000
I0124,2006-03-06,156765,Russell 2000,,1817.15679000,3058.58302000
I0124,2006-03-07,156765,Russell 2000,,1792.04540000,3016.33481000
I0124,2006-03-08,156765,Russell 2000,,1793.99205000,3019.94292000
I0124,2006-03-09,156765,Russell 2000,,1785.14065000,3005.08932000
I0124,2006-03-10,156765,Russell 2000,,1805.19120000,3038.94892000
I0124,2006-03-13,156765,Russell 2000,,1809.39712000,3046.48535000
I0124,2006-03-14,156765,Russell 2000,,1829.43940000,3080.37564000
I0124,2006-03-15,156765,Russell 2000,,1846.42757000,3109.18227000
I0124,2006-03-16,156765,Russell 2000,,1848.56047000,3112.88406000
I0124,2006-03-17,156765,Russell 2000,,1854.27653000,3122.52704000
I0124,2006-03-20,156765,Russell 2000,,1853.10588000,3120.64119000
I0124,2006-03-21,156765,Russell 2000,,1829.43771000,3080.82322000
I0124,2006-03-22,156765,Russell 2000,,1851.17851000,3117.58188000
I0124,2006-03-23,156765,Russell 2000,,1858.02205000,3129.21007000
I0124,2006-03-24,156765,Russell 2000,,1873.50145000,3155.28973000
I0124,2006-03-27,156765,Russell 2000,,1873.99747000,3156.13977000
I0124,2006-03-28,156765,Russell 2000,,1867.14586000,3144.67531000
I0124,2006-03-29,156765,Russell 2000,,1899.20954000,3200.12534000
I0124,2006-03-30,156765,Russell 2000,,1895.28022000,3193.71065000
I0124,2006-03-31,156765,Russell 2000,,1901.60232000,3204.37405000
I0124,2006-04-03,156765,Russell 2000,,1886.90096000,3179.75002000
I0124,2006-04-04,156765,Russell 2000,,1894.59392000,3192.76112000
I0124,2006-04-05,156765,Russell 2000,,1904.38617000,3209.48173000
I0124,2006-04-06,156765,Russell 2000,,1904.32385000,3209.55576000
I0124,2006-04-07,156765,Russell 2000,,1879.21207000,3167.28115000
I0124,2006-04-10,156765,Russell 2000,,1871.31957000,3153.98039000
I0124,2006-04-11,156765,Russell 2000,,1844.37519000,3108.81625000
I0124,2006-04-12,156765,Russell 2000,,1858.44248000,3132.65980000
I0124,2006-04-13,156765,Russell 2000,,1866.73172000,3146.63772000
I0124,2006-04-17,156765,Russell 2000,,1862.65841000,3139.81042000
I0124,2006-04-18,156765,Russell 2000,,1913.20429000,3225.10649000
I0124,2006-04-19,156765,Russell 2000,,1934.61567000,3261.23845000
I0124,2006-04-20,156765,Russell 2000,,1925.28792000,3245.52141000
I0124,2006-04-21,156765,Russell 2000,,1918.96871000,3234.91794000
I0124,2006-04-24,156765,Russell 2000,,1904.08504000,3209.82766000
I0124,2006-04-25,156765,Russell 2000,,1900.80512000,3204.31524000
I0124,2006-04-26,156765,Russell 2000,,1901.83412000,3206.37682000
I0124,2006-04-27,156765,Russell 2000,,1892.30560000,3190.62232000
I0124,2006-04-28,156765,Russell 2000,,1900.12261000,3203.85238000
I0124,2006-05-01,156765,Russell 2000,,1891.62820000,3189.56086000
I0124,2006-05-02,156765,Russell 2000,,1907.75544000,3216.80231000
I0124,2006-05-03,156765,Russell 2000,,1908.04778000,3217.40600000
I0124,2006-05-04,156765,Russell 2000,,1925.41723000,3246.85100000
I0124,2006-05-05,156765,Russell 2000,,1943.08637000,3276.68830000
I0124,2006-05-08,156765,Russell 2000,,1942.51703000,3275.90118000
I0124,2006-05-09,156765,Russell 2000,,1940.32137000,3272.26660000
I0124,2006-05-10,156765,Russell 2000,,1928.46059000,3252.42029000
I0124,2006-05-11,156765,Russell 2000,,1882.55505000,3175.36584000
I0124,2006-05-12,156765,Russell 2000,,1845.08650000,3112.29403000
I0124,2006-05-15,156765,Russell 2000,,1833.27429000,3092.46054000
I0124,2006-05-16,156765,Russell 2000,,1832.83039000,3091.76729000
I0124,2006-05-17,156765,Russell 2000,,1803.96343000,3043.17971000
I0124,2006-05-18,156765,Russell 2000,,1785.61536000,3012.30412000
I0124,2006-05-19,156765,Russell 2000,,1795.73572000,3029.42296000
I0124,2006-05-22,156765,Russell 2000,,1777.60175000,2998.83686000
I0124,2006-05-23,156765,Russell 2000,,1767.77449000,2982.34171000
I0124,2006-05-24,156765,Russell 2000,,1767.72262000,2982.37716000
I0124,2006-05-25,156765,Russell 2000,,1803.29389000,3042.44962000
I0124,2006-05-26,156765,Russell 2000,,1813.16010000,3059.19786000
I0124,2006-05-30,156765,Russell 2000,,1767.14312000,2981.98400000
I0124,2006-05-31,156765,Russell 2000,,1791.94578000,3023.92288000
I0124,2006-06-01,156765,Russell 2000,,1830.43457000,3088.94198000
I0124,2006-06-02,156765,Russell 2000,,1832.81289000,3093.00039000
I0124,2006-06-05,156765,Russell 2000,,1774.30342000,2994.29182000
I0124,2006-06-06,156765,Russell 2000,,1766.95544000,2981.89385000
I0124,2006-06-07,156765,Russell 2000,,1756.57511000,2964.61704000
I0124,2006-06-08,156765,Russell 2000,,1755.95469000,2963.67529000
I0124,2006-06-09,156765,Russell 2000,,1743.16647000,2942.14491000
I0124,2006-06-12,156765,Russell 2000,,1697.94790000,2865.87643000
I0124,2006-06-13,156765,Russell 2000,,1671.90781000,2822.64087000
I0124,2006-06-14,156765,Russell 2000,,1682.78221000,2841.34020000
I0124,2006-06-15,156765,Russell 2000,,1742.33141000,2941.94637000
I0124,2006-06-16,156765,Russell 2000,,1722.48191000,2908.50087000
I0124,2006-06-19,156765,Russell 2000,,1691.90305000,2856.89141000
I0124,2006-06-20,156765,Russell 2000,,1683.79019000,2843.37286000
I0124,2006-06-21,156765,Russell 2000,,1716.52124000,2898.68159000
I0124,2006-06-22,156765,Russell 2000,,1709.99055000,2887.68159000
I0124,2006-06-23,156765,Russell 2000,,1715.21435000,2896.52080000
I0124,2006-06-26,156765,Russell 2000,,1736.33813000,2932.22452000
I0124,2006-06-27,156765,Russell 2000,,1707.25679000,2883.15426000
I0124,2006-06-28,156765,Russell 2000,,1709.98277000,2889.27821000
I0124,2006-06-29,156765,Russell 2000,,1775.30295000,2999.86637000
I0124,2006-06-30,156765,Russell 2000,,1801.03368000,3043.36516000
I0124,2006-07-03,156765,Russell 2000,,1816.25807000,3069.19971000
I0124,2006-07-05,156765,Russell 2000,,1789.05689000,3023.45618000
I0124,2006-07-06,156765,Russell 2000,,1791.01959000,3026.99547000
I0124,2006-07-07,156765,Russell 2000,,1762.83647000,2979.40332000
I0124,2006-07-10,156765,Russell 2000,,1762.28119000,2978.46483000
I0124,2006-07-11,156765,Russell 2000,,1775.49194000,3000.80143000
I0124,2006-07-12,156765,Russell 2000,,1742.62773000,2945.56434000
I0124,2006-07-13,156765,Russell 2000,,1708.13622000,2887.33916000
I0124,2006-07-14,156765,Russell 2000,,1693.08434000,2861.90846000
I0124,2006-07-17,156765,Russell 2000,,1684.26005000,2847.00462000
I0124,2006-07-18,156765,Russell 2000,,1694.09779000,2863.72761000
I0124,2006-07-19,156765,Russell 2000,,1745.52356000,2950.73052000
I0124,2006-07-20,156765,Russell 2000,,1698.98324000,2872.12790000
I0124,2006-07-21,156765,Russell 2000,,1669.97606000,2823.11372000
I0124,2006-07-24,156765,Russell 2000,,1716.76238000,2902.20983000
I0124,2006-07-25,156765,Russell 2000,,1733.35738000,2930.28196000
I0124,2006-07-26,156765,Russell 2000,,1725.93242000,2917.81104000
I0124,2006-07-27,156765,Russell 2000,,1704.15540000,2881.52550000
I0124,2006-07-28,156765,Russell 2000,,1739.78211000,2942.05461000
I0124,2006-07-31,156765,Russell 2000,,1741.11069000,2944.33834000
I0124,2006-08-01,156765,Russell 2000,,1714.59797000,2899.52230000
I0124,2006-08-02,156765,Russell 2000,,1731.79053000,2928.79024000
I0124,2006-08-03,156765,Russell 2000,,1750.59500000,2960.71339000
I0124,2006-08-04,156765,Russell 2000,,1742.85103000,2947.69022000
I0124,2006-08-07,156765,Russell 2000,,1729.89302000,2925.80815000
I0124,2006-08-08,156765,Russell 2000,,1708.57563000,2889.85120000
I0124,2006-08-09,156765,Russell 2000,,1692.61849000,2863.12964000
I0124,2006-08-10,156765,Russell 2000,,1705.60620000,2885.31474000
I0124,2006-08-11,156765,Russell 2000,,1687.63048000,2855.23254000
I0124,2006-08-14,156765,Russell 2000,,1694.30650000,2866.66749000
I0124,2006-08-15,156765,Russell 2000,,1734.32591000,2934.43567000
I0124,2006-08-16,156765,Russell 2000,,1758.09328000,2974.75842000
I0124,2006-08-17,156765,Russell 2000,,1766.51401000,2989.14220000
I0124,2006-08-18,156765,Russell 2000,,1768.74683000,2992.98673000
I0124,2006-08-21,156765,Russell 2000,,1752.96353000,2966.30055000
I0124,2006-08-22,156765,Russell 2000,,1758.99933000,2976.58771000
I0124,2006-08-23,156765,Russell 2000,,1735.79594000,2937.41041000
I0124,2006-08-24,156765,Russell 2000,,1736.53478000,2938.79601000
I0124,2006-08-25,156765,Russell 2000,,1737.83763000,2941.03502000
I0124,2006-08-28,156765,Russell 2000,,1756.23545000,2972.17825000
I0124,2006-08-29,156765,Russell 2000,,1776.61622000,3006.89634000
I0124,2006-08-30,156765,Russell 2000,,1790.85757000,3031.65340000
I0124,2006-08-31,156765,Russell 2000,,1790.73304000,3031.51224000
I0124,2006-09-01,156765,Russell 2000,,1793.30729000,3035.93353000
I0124,2006-09-05,156765,Russell 2000,,1808.07191000,3060.95177000
I0124,2006-09-06,156765,Russell 2000,,1769.63520000,2996.22652000
I0124,2006-09-07,156765,Russell 2000,,1755.79618000,2972.90937000
I0124,2006-09-08,156765,Russell 2000,,1760.94064000,2981.64845000
I0124,2006-09-11,156765,Russell 2000,,1758.52894000,2977.65802000
I0124,2006-09-12,156765,Russell 2000,,1800.56570000,3048.88500000
I0124,2006-09-13,156765,Russell 2000,,1816.02005000,3075.81835000
I0124,2006-09-14,156765,Russell 2000,,1808.32326000,3062.81410000
I0124,2006-09-15,156765,Russell 2000,,1812.66770000,3070.17943000
I0124,2006-09-18,156765,Russell 2000,,1811.39019000,3068.13588000
I0124,2006-09-19,156765,Russell 2000,,1802.96215000,3053.97424000
I0124,2006-09-20,156765,Russell 2000,,1825.40846000,3092.11777000
I0124,2006-09-21,156765,Russell 2000,,1807.14244000,3061.28371000
I0124,2006-09-22,156765,Russell 2000,,1786.01308000,3025.49162000
I0124,2006-09-25,156765,Russell 2000,,1807.04339000,3061.19328000
I0124,2006-09-26,156765,Russell 2000,,1813.29655000,3071.87061000
I0124,2006-09-27,156765,Russell 2000,,1820.58000000,3085.68000000
I0124,2006-09-28,156765,Russell 2000,,1820.64213000,3086.06172000
I0124,2006-09-29,156765,Russell 2000,,1803.32709000,3056.75121000
I0124,2006-10-02,156765,Russell 2000,,1786.45500000,3028.18167000
I0124,2006-10-03,156765,Russell 2000,,1785.33000000,3026.33000000
I0124,2006-10-04,156765,Russell 2000,,1822.91061000,3090.27127000
I0124,2006-10-05,156765,Russell 2000,,1846.78353000,3131.03768000
I0124,2006-10-06,156765,Russell 2000,,1838.65687000,3117.26422000
I0124,2006-10-09,156765,Russell 2000,,1850.47933000,3137.30805000
I0124,2006-10-10,156765,Russell 2000,,1853.75063000,3142.86720000
I0124,2006-10-11,156765,Russell 2000,,1843.38899000,3125.54856000
I0124,2006-10-12,156765,Russell 2000,,1881.60440000,3190.48938000
I0124,2006-10-13,156765,Russell 2000,,1895.41347000,3213.93959000
I0124,2006-10-16,156765,Russell 2000,,1912.40498000,3242.76235000
I0124,2006-10-17,156765,Russell 2000,,1901.03264000,3223.50072000
I0124,2006-10-18,156765,Russell 2000,,1897.31868000,3217.32926000
I0124,2006-10-19,156765,Russell 2000,,1907.20653000,3234.13229000
I0124,2006-10-20,156765,Russell 2000,,1894.12395000,3211.99040000
I0124,2006-10-23,156765,Russell 2000,,1897.58586000,3217.86849000
I0124,2006-10-24,156765,Russell 2000,,1894.86731000,3213.26920000
I0124,2006-10-25,156765,Russell 2000,,1906.60767000,3233.22864000
I0124,2006-10-26,156765,Russell 2000,,1928.63913000,3270.67517000
I0124,2006-10-27,156765,Russell 2000,,1903.34006000,3228.18368000
I0124,2006-10-30,156765,Russell 2000,,1914.58995000,3247.53165000
I0124,2006-10-31,156765,Russell 2000,,1905.84669000,3232.75136000
I0124,2006-11-01,156765,Russell 2000,,1869.31532000,3170.92832000
I0124,2006-11-02,156765,Russell 2000,,1864.31267000,3162.60381000
I0124,2006-11-03,156765,Russell 2000,,1870.76986000,3173.62744000
I0124,2006-11-06,156765,Russell 2000,,1896.49838000,3217.33985000
I0124,2006-11-07,156765,Russell 2000,,1899.75143000,3222.94136000
I0124,2006-11-08,156765,Russell 2000,,1913.28478000,3246.23430000
I0124,2006-11-09,156765,Russell 2000,,1893.95861000,3213.56067000
I0124,2006-11-10,156765,Russell 2000,,1911.58445000,3243.47837000
I0124,2006-11-13,156765,Russell 2000,,1919.67496000,3257.51226000
I0124,2006-11-14,156765,Russell 2000,,1951.11855000,3311.08542000
I0124,2006-11-15,156765,Russell 2000,,1968.26807000,3340.34168000
I0124,2006-11-16,156765,Russell 2000,,1965.25308000,3335.46240000
I0124,2006-11-17,156765,Russell 2000,,1959.60292000,3325.90964000
I0124,2006-11-20,156765,Russell 2000,,1964.94322000,3335.08584000
I0124,2006-11-21,156765,Russell 2000,,1968.79121000,3342.03582000
I0124,2006-11-22,156765,Russell 2000,,1970.61844000,3345.47279000
I0124,2006-11-24,156765,Russell 2000,,1969.07196000,3342.88998000
I0124,2006-11-27,156765,Russell 2000,,1918.89658000,3257.76326000
I0124,2006-11-28,156765,Russell 2000,,1925.65604000,3269.40588000
I0124,2006-11-29,156765,Russell 2000,,1948.88207000,3309.50404000
I0124,2006-11-30,156765,Russell 2000,,1953.74592000,3317.78866000
I0124,2006-12-01,156765,Russell 2000,,1941.44249000,3296.96836000
I0124,2006-12-04,156765,Russell 2000,,1977.92398000,3359.03565000
I0124,2006-12-05,156765,Russell 2000,,1981.83996000,3365.71619000
I0124,2006-12-06,156765,Russell 2000,,1978.15421000,3359.72589000
I0124,2006-12-07,156765,Russell 2000,,1969.08612000,3344.40667000
I0124,2006-12-08,156765,Russell 2000,,1969.76508000,3345.64339000
I0124,2006-12-11,156765,Russell 2000,,1971.02810000,3347.82601000
I0124,2006-12-12,156765,Russell 2000,,1959.44272000,3328.20325000
I0124,2006-12-13,156765,Russell 2000,,1960.28959000,3330.42906000
I0124,2006-12-14,156765,Russell 2000,,1973.87174000,3353.57276000
I0124,2006-12-15,156765,Russell 2000,,1970.12110000,3347.41947000
I0124,2006-12-18,156765,Russell 2000,,1943.57440000,3302.36162000
I0124,2006-12-19,156765,Russell 2000,,1943.74948000,3302.85307000
I0124,2006-12-20,156765,Russell 2000,,1952.36606000,3317.84217000
I0124,2006-12-21,156765,Russell 2000,,1945.75383000,3306.67601000
I0124,2006-12-22,156765,Russell 2000,,1940.57670000,3297.90605000
I0124,2006-12-26,156765,Russell 2000,,1958.83935000,3329.16185000
I0124,2006-12-27,156765,Russell 2000,,1982.61066000,3371.17723000
I0124,2006-12-28,156765,Russell 2000,,1974.52581000,3357.66573000
I0124,2006-12-29,156765,Russell 2000,,1957.58826000,3328.89880000
I0124,2007-01-03,156765,Russell 2000,,1956.97572000,3328.02960000
I0124,2007-01-04,156765,Russell 2000,,1963.26001000,3338.81313000
I0124,2007-01-05,156765,Russell 2000,,1928.26875000,3279.43497000
I0124,2007-01-08,156765,Russell 2000,,1931.07208000,3284.32249000
I0124,2007-01-09,156765,Russell 2000,,1934.38853000,3289.98295000
I0124,2007-01-10,156765,Russell 2000,,1935.72517000,3292.50011000
I0124,2007-01-11,156765,Russell 2000,,1959.55028000,3333.11414000
I0124,2007-01-12,156765,Russell 2000,,1973.99357000,3357.70063000
I0124,2007-01-16,156765,Russell 2000,,1967.06267000,3345.92105000
I0124,2007-01-17,156765,Russell 2000,,1960.33833000,3334.55887000
I0124,2007-01-18,156765,Russell 2000,,1934.08951000,3289.95111000
I0124,2007-01-19,156765,Russell 2000,,1951.37212000,3319.41404000
I0124,2007-01-22,156765,Russell 2000,,1933.48404000,3289.01106000
I0124,2007-01-23,156765,Russell 2000,,1951.90995000,3320.41162000
I0124,2007-01-24,156765,Russell 2000,,1973.41159000,3357.02937000
I0124,2007-01-25,156765,Russell 2000,,1948.96652000,3315.49619000
I0124,2007-01-26,156765,Russell 2000,,1958.77794000,3332.21078000
I0124,2007-01-29,156765,Russell 2000,,1971.08952000,3353.57713000
I0124,2007-01-30,156765,Russell 2000,,1983.19557000,3374.43096000
I0124,2007-01-31,156765,Russell 2000,,1989.10275000,3384.60626000
I0124,2007-02-01,156765,Russell 2000,,2007.55584000,3416.20833000
I0124,2007-02-02,156765,Russell 2000,,2011.64721000,3423.23870000
I0124,2007-02-05,156765,Russell 2000,,2004.88249000,3411.75481000
I0124,2007-02-06,156765,Russell 2000,,2014.13063000,3427.59726000
I0124,2007-02-07,156765,Russell 2000,,2028.50454000,3452.34826000
I0124,2007-02-08,156765,Russell 2000,,2028.98772000,3453.33630000
I0124,2007-02-09,156765,Russell 2000,,2005.91904000,3414.16238000
I0124,2007-02-12,156765,Russell 2000,,2002.64565000,3408.65710000
I0124,2007-02-13,156765,Russell 2000,,2019.39216000,3437.59298000
I0124,2007-02-14,156765,Russell 2000,,2023.01106000,3443.93725000
I0124,2007-02-15,156765,Russell 2000,,2026.59611000,3450.19057000
I0124,2007-02-16,156765,Russell 2000,,2033.36632000,3461.75514000
I0124,2007-02-20,156765,Russell 2000,,2053.15012000,3495.48277000
I0124,2007-02-21,156765,Russell 2000,,2056.17903000,3500.79283000
I0124,2007-02-22,156765,Russell 2000,,2061.41138000,3509.85949000
I0124,2007-02-23,156765,Russell 2000,,2054.44687000,3498.03543000
I0124,2007-02-26,156765,Russell 2000,,2047.11700000,3485.69453000
I0124,2007-02-27,156765,Russell 2000,,1970.00808000,3354.88838000
I0124,2007-02-28,156765,Russell 2000,,1971.59175000,3357.74884000
I0124,2007-03-01,156765,Russell 2000,,1965.96375000,3348.27107000
I0124,2007-03-02,156765,Russell 2000,,1927.21811000,3282.37540000
I0124,2007-03-05,156765,Russell 2000,,1888.99210000,3217.37296000
I0124,2007-03-06,156765,Russell 2000,,1935.76854000,3297.06061000
I0124,2007-03-07,156765,Russell 2000,,1928.35167000,3284.74732000
I0124,2007-03-08,156765,Russell 2000,,1941.37432000,3307.05167000
I0124,2007-03-09,156765,Russell 2000,,1951.27358000,3323.92796000
I0124,2007-03-12,156765,Russell 2000,,1960.91800000,3340.47143000
I0124,2007-03-13,156765,Russell 2000,,1911.50580000,3256.89441000
I0124,2007-03-14,156765,Russell 2000,,1927.81315000,3284.89186000
I0124,2007-03-15,156765,Russell 2000,,1947.51192000,3318.61269000
I0124,2007-03-16,156765,Russell 2000,,1935.47378000,3298.24251000
I0124,2007-03-19,156765,Russell 2000,,1956.05278000,3333.33191000
I0124,2007-03-20,156765,Russell 2000,,1972.35019000,3361.28503000
I0124,2007-03-21,156765,Russell 2000,,2006.82212000,3420.18141000
I0124,2007-03-22,156765,Russell 2000,,2008.24376000,3422.64767000
I0124,2007-03-23,156765,Russell 2000,,2011.88308000,3428.93215000
I0124,2007-03-26,156765,Russell 2000,,2010.47887000,3426.57827000
I0124,2007-03-27,156765,Russell 2000,,1994.10515000,3398.87865000
I0124,2007-03-28,156765,Russell 2000,,1981.78728000,3379.32073000
I0124,2007-03-29,156765,Russell 2000,,1985.61000000,3386.18000000
I0124,2007-03-30,156765,Russell 2000,,1990.01355000,3393.69504000
I0124,2007-04-02,156765,Russell 2000,,1996.24607000,3404.35023000
I0124,2007-04-03,156765,Russell 2000,,2017.48771000,3440.83515000
I0124,2007-04-04,156765,Russell 2000,,2015.06548000,3436.91063000
I0124,2007-04-05,156765,Russell 2000,,2021.43000000,3447.89000000
I0124,2007-04-09,156765,Russell 2000,,2017.18550000,3440.71993000
I0124,2007-04-10,156765,Russell 2000,,2024.29903000,3452.88125000
I0124,2007-04-11,156765,Russell 2000,,2008.73482000,3426.63987000
I0124,2007-04-12,156765,Russell 2000,,2025.64268000,3455.65099000
I0124,2007-04-13,156765,Russell 2000,,2036.41132000,3474.05432000
I0124,2007-04-16,156765,Russell 2000,,2066.39635000,3525.22258000
I0124,2007-04-17,156765,Russell 2000,,2060.21569000,3514.76379000
I0124,2007-04-18,156765,Russell 2000,,2048.83539000,3495.38186000
I0124,2007-04-19,156765,Russell 2000,,2036.26586000,3473.94637000
I0124,2007-04-20,156765,Russell 2000,,2059.97391000,3514.40679000
I0124,2007-04-23,156765,Russell 2000,,2056.72001000,3508.87062000
I0124,2007-04-24,156765,Russell 2000,,2053.75290000,3503.82313000
I0124,2007-04-25,156765,Russell 2000,,2067.94611000,3528.12892000
I0124,2007-04-26,156765,Russell 2000,,2072.24518000,3535.92981000
I0124,2007-04-27,156765,Russell 2000,,2062.05756000,3518.72164000
I0124,2007-04-30,156765,Russell 2000,,2024.45970000,3454.65416000
I0124,2007-05-01,156765,Russell 2000,,2028.64232000,3461.82096000
I0124,2007-05-02,156765,Russell 2000,,2058.97957000,3513.67274000
I0124,2007-05-03,156765,Russell 2000,,2059.99001000,3515.64337000
I0124,2007-05-04,156765,Russell 2000,,2069.96232000,3532.76677000
I0124,2007-05-07,156765,Russell 2000,,2067.45798000,3528.59526000
I0124,2007-05-08,156765,Russell 2000,,2065.03380000,3524.63460000
I0124,2007-05-09,156765,Russell 2000,,2074.65390000,3541.28593000
I0124,2007-05-10,156765,Russell 2000,,2034.55087000,3472.96889000
I0124,2007-05-11,156765,Russell 2000,,2061.66254000,3519.52716000
I0124,2007-05-14,156765,Russell 2000,,2043.74971000,3489.03240000
I0124,2007-05-15,156765,Russell 2000,,2023.48438000,3454.60811000
I0124,2007-05-16,156765,Russell 2000,,2038.45674000,3480.29032000
I0124,2007-05-17,156765,Russell 2000,,2027.13052000,3461.07087000
I0124,2007-05-18,156765,Russell 2000,,2047.05236000,3495.15625000
I0124,2007-05-21,156765,Russell 2000,,2071.86722000,3537.56744000
I0124,2007-05-22,156765,Russell 2000,,2087.47400000,3564.31401000
I0124,2007-05-23,156765,Russell 2000,,2079.06261000,3550.11096000
I0124,2007-05-24,156765,Russell 2000,,2047.40369000,3496.14829000
I0124,2007-05-25,156765,Russell 2000,,2062.64574000,3522.23485000
I0124,2007-05-29,156765,Russell 2000,,2081.52043000,3554.68197000
I0124,2007-05-30,156765,Russell 2000,,2095.99002000,3580.01425000
I0124,2007-05-31,156765,Russell 2000,,2105.51940000,3596.31721000
I0124,2007-06-01,156765,Russell 2000,,2120.98353000,3622.82545000
I0124,2007-06-04,156765,Russell 2000,,2125.17001000,3630.00845000
I0124,2007-06-05,156765,Russell 2000,,2108.20519000,3601.07543000
I0124,2007-06-06,156765,Russell 2000,,2090.66460000,3571.36331000
I0124,2007-06-07,156765,Russell 2000,,2051.18398000,3504.04262000
I0124,2007-06-08,156765,Russell 2000,,2076.00687000,3546.45410000
I0124,2007-06-11,156765,Russell 2000,,2070.71249000,3537.48759000
I0124,2007-06-12,156765,Russell 2000,,2042.21911000,3488.95238000
I0124,2007-06-13,156765,Russell 2000,,2069.12725000,3535.89206000
I0124,2007-06-14,156765,Russell 2000,,2080.51331000,3555.44347000
I0124,2007-06-15,156765,Russell 2000,,2108.02522000,3602.47812000
I0124,2007-06-18,156765,Russell 2000,,2103.27190000,3594.44239000
I0124,2007-06-19,156765,Russell 2000,,2108.39718000,3603.36400000
I0124,2007-06-20,156765,Russell 2000,,2078.15578000,3551.78044000
I0124,2007-06-21,156765,Russell 2000,,2087.16556000,3567.21913000
I0124,2007-06-22,156765,Russell 2000,,2074.60118000,3545.93975000
I0124,2007-06-25,156765,Russell 2000,,2056.48565000,3515.00936000
I0124,2007-06-26,156765,Russell 2000,,2053.18587000,3509.56593000
I0124,2007-06-27,156765,Russell 2000,,2083.82638000,3563.47079000
I0124,2007-06-28,156765,Russell 2000,,2085.17467000,3566.03658000
I0124,2007-06-29,156765,Russell 2000,,2072.00167000,3543.53416000
I0124,2007-07-02,156765,Russell 2000,,2100.24199000,3591.92134000
I0124,2007-07-03,156765,Russell 2000,,2108.05002000,3605.41413000
I0124,2007-07-05,156765,Russell 2000,,2112.82831000,3613.80020000
I0124,2007-07-06,156765,Russell 2000,,2118.25999000,3623.22784000
I0124,2007-07-09,156765,Russell 2000,,2120.55540000,3627.19695000
I0124,2007-07-10,156765,Russell 2000,,2081.40223000,3560.25536000
I0124,2007-07-11,156765,Russell 2000,,2087.59594000,3571.16714000
I0124,2007-07-12,156765,Russell 2000,,2125.38998000,3635.90678000
I0124,2007-07-13,156765,Russell 2000,,2126.86358000,3638.49483000
I0124,2007-07-16,156765,Russell 2000,,2108.71154000,3607.54956000
I0124,2007-07-17,156765,Russell 2000,,2112.23524000,3613.64764000
I0124,2007-07-18,156765,Russell 2000,,2102.34481000,3596.77491000
I0124,2007-07-19,156765,Russell 2000,,2117.11108000,3622.12823000
I0124,2007-07-20,156765,Russell 2000,,2078.80744000,3556.61958000
I0124,2007-07-23,156765,Russell 2000,,2076.76712000,3553.15922000
I0124,2007-07-24,156765,Russell 2000,,2017.73282000,3452.18887000
I0124,2007-07-25,156765,Russell 2000,,2019.31674000,3454.94647000
I0124,2007-07-26,156765,Russell 2000,,1967.08370000,3365.65035000
I0124,2007-07-27,156765,Russell 2000,,1933.14641000,3307.99941000
I0124,2007-07-30,156765,Russell 2000,,1949.05924000,3335.53376000
I0124,2007-07-31,156765,Russell 2000,,1928.91599000,3301.17507000
I0124,2007-08-01,156765,Russell 2000,,1933.38297000,3308.91442000
I0124,2007-08-02,156765,Russell 2000,,1948.44901000,3334.81081000
I0124,2007-08-03,156765,Russell 2000,,1877.44202000,3213.49429000
I0124,2007-08-06,156765,Russell 2000,,1904.70389000,3260.33143000
I0124,2007-08-07,156765,Russell 2000,,1923.91513000,3293.29109000
I0124,2007-08-08,156765,Russell 2000,,1977.26178000,3384.88712000
I0124,2007-08-09,156765,Russell 2000,,1950.60372000,3339.40569000
I0124,2007-08-10,156765,Russell 2000,,1960.30601000,3356.06627000
I0124,2007-08-13,156765,Russell 2000,,1938.01761000,3318.21126000
I0124,2007-08-14,156765,Russell 2000,,1895.92609000,3246.26295000
I0124,2007-08-15,156765,Russell 2000,,1867.77520000,3198.40788000
I0124,2007-08-16,156765,Russell 2000,,1910.74177000,3272.11286000
I0124,2007-08-17,156765,Russell 2000,,1953.47970000,3345.36299000
I0124,2007-08-20,156765,Russell 2000,,1957.01610000,3351.42917000
I0124,2007-08-21,156765,Russell 2000,,1959.32531000,3355.55917000
I0124,2007-08-22,156765,Russell 2000,,1984.62318000,3398.96748000
I0124,2007-08-23,156765,Russell 2000,,1959.00765000,3355.24364000
I0124,2007-08-24,156765,Russell 2000,,1985.53917000,3400.73514000
I0124,2007-08-27,156765,Russell 2000,,1961.98122000,3360.42156000
I0124,2007-08-28,156765,Russell 2000,,1908.25666000,3268.42802000
I0124,2007-08-29,156765,Russell 2000,,1956.68705000,3352.08478000
I0124,2007-08-30,156765,Russell 2000,,1946.22990000,3334.46211000
I0124,2007-08-31,156765,Russell 2000,,1970.45991000,3375.99873000
I0124,2007-09-04,156765,Russell 2000,,1989.91327000,3409.40404000
I0124,2007-09-05,156765,Russell 2000,,1964.48062000,3366.15425000
I0124,2007-09-06,156765,Russell 2000,,1970.61440000,3376.78717000
I0124,2007-09-07,156765,Russell 2000,,1928.02267000,3303.82841000
I0124,2007-09-10,156765,Russell 2000,,1913.17815000,3278.48843000
I0124,2007-09-11,156765,Russell 2000,,1944.13502000,3331.56215000
I0124,2007-09-12,156765,Russell 2000,,1933.28646000,3313.86227000
I0124,2007-09-13,156765,Russell 2000,,1939.36527000,3324.48630000
I0124,2007-09-14,156765,Russell 2000,,1947.15840000,3337.88902000
I0124,2007-09-17,156765,Russell 2000,,1928.08180000,3305.20928000
I0124,2007-09-18,156765,Russell 2000,,2004.67380000,3436.61528000
I0124,2007-09-19,156765,Russell 2000,,2031.43606000,3482.67036000
I0124,2007-09-20,156765,Russell 2000,,2012.46029000,3450.21852000
I0124,2007-09-21,156765,Russell 2000,,2020.78940000,3464.56335000
I0124,2007-09-24,156765,Russell 2000,,2002.60724000,3433.46137000
I0124,2007-09-25,156765,Russell 2000,,1995.65949000,3421.59980000
I0124,2007-09-26,156765,Russell 2000,,2010.87017000,3449.25581000
I0124,2007-09-27,156765,Russell 2000,,2023.00871000,3470.41901000
I0124,2007-09-28,156765,Russell 2000,,2001.74656000,3433.94737000
I0124,2007-10-01,156765,Russell 2000,,2049.74094000,3516.31272000
I0124,2007-10-02,156765,Russell 2000,,2067.66527000,3547.09617000
I0124,2007-10-03,156765,Russell 2000,,2053.18932000,3522.48964000
I0124,2007-10-04,156765,Russell 2000,,2060.65180000,3535.39604000
I0124,2007-10-05,156765,Russell 2000,,2099.72712000,3602.54625000
I0124,2007-10-08,156765,Russell 2000,,2087.96903000,3582.37265000
I0124,2007-10-09,156765,Russell 2000,,2101.82841000,3606.19470000
I0124,2007-10-10,156765,Russell 2000,,2100.50072000,3604.06538000
I0124,2007-10-11,156765,Russell 2000,,2075.13504000,3560.83094000
I0124,2007-10-12,156765,Russell 2000,,2090.51645000,3587.22699000
I0124,2007-10-15,156765,Russell 2000,,2061.16074000,3536.90036000
I0124,2007-10-16,156765,Russell 2000,,2046.22143000,3511.29241000
I0124,2007-10-17,156765,Russell 2000,,2050.06595000,3517.91384000
I0124,2007-10-18,156765,Russell 2000,,2050.41518000,3518.59547000
I0124,2007-10-19,156765,Russell 2000,,1985.19597000,3406.76882000
I0124,2007-10-22,156765,Russell 2000,,2013.25405000,3454.94886000
I0124,2007-10-23,156765,Russell 2000,,2034.26389000,3491.02590000
I0124,2007-10-24,156765,Russell 2000,,2015.16326000,3458.28512000
I0124,2007-10-25,156765,Russell 2000,,2003.38104000,3438.14764000
I0124,2007-10-26,156765,Russell 2000,,2041.36967000,3503.39711000
I0124,2007-10-29,156765,Russell 2000,,2042.17025000,3505.16621000
I0124,2007-10-30,156765,Russell 2000,,2028.34071000,3481.73540000
I0124,2007-10-31,156765,Russell 2000,,2057.83591000,3532.46910000
I0124,2007-11-01,156765,Russell 2000,,1976.21197000,3392.47288000
I0124,2007-11-02,156765,Russell 2000,,1982.69116000,3403.67088000
I0124,2007-11-05,156765,Russell 2000,,1964.43581000,3372.42949000
I0124,2007-11-06,156765,Russell 2000,,1992.59935000,3420.86025000
I0124,2007-11-07,156765,Russell 2000,,1928.45504000,3311.01895000
I0124,2007-11-08,156765,Russell 2000,,1940.72472000,3332.14473000
I0124,2007-11-09,156765,Russell 2000,,1919.56271000,3295.89350000
I0124,2007-11-12,156765,Russell 2000,,1906.41899000,3273.32571000
I0124,2007-11-13,156765,Russell 2000,,1961.24953000,3367.79954000
I0124,2007-11-14,156765,Russell 2000,,1944.63814000,3339.67087000
I0124,2007-11-15,156765,Russell 2000,,1917.61697000,3293.33917000
I0124,2007-11-16,156765,Russell 2000,,1912.39168000,3284.42895000
I0124,2007-11-19,156765,Russell 2000,,1864.77110000,3202.89269000
I0124,2007-11-20,156765,Russell 2000,,1862.28477000,3198.68047000
I0124,2007-11-21,156765,Russell 2000,,1839.86839000,3160.50011000
I0124,2007-11-23,156765,Russell 2000,,1876.44624000,3223.42624000
I0124,2007-11-26,156765,Russell 2000,,1826.82362000,3138.24980000
I0124,2007-11-27,156765,Russell 2000,,1847.21080000,3173.29692000
I0124,2007-11-28,156765,Russell 2000,,1913.75473000,3288.22104000
I0124,2007-11-29,156765,Russell 2000,,1903.84823000,3271.50916000
I0124,2007-11-30,156765,Russell 2000,,1908.09739000,3278.81746000
I0124,2007-12-03,156765,Russell 2000,,1888.72413000,3245.60606000
I0124,2007-12-04,156765,Russell 2000,,1869.07132000,3211.88048000
I0124,2007-12-05,156765,Russell 2000,,1902.82901000,3270.18865000
I0124,2007-12-06,156765,Russell 2000,,1955.77417000,3361.26505000
I0124,2007-12-07,156765,Russell 2000,,1952.22143000,3355.20915000
I0124,2007-12-10,156765,Russell 2000,,1966.34792000,3379.51539000
I0124,2007-12-11,156765,Russell 2000,,1904.39539000,3273.11109000
I0124,2007-12-12,156765,Russell 2000,,1917.91095000,3297.07093000
I0124,2007-12-13,156765,Russell 2000,,1912.32456000,3287.84928000
I0124,2007-12-14,156765,Russell 2000,,1873.73005000,3221.56960000
I0124,2007-12-17,156765,Russell 2000,,1836.86959000,3158.38526000
I0124,2007-12-18,156765,Russell 2000,,1874.05332000,3222.48056000
I0124,2007-12-19,156765,Russell 2000,,1879.17993000,3231.52377000
I0124,2007-12-20,156765,Russell 2000,,1907.54737000,3280.44555000
I0124,2007-12-21,156765,Russell 2000,,1952.43859000,3357.70055000
I0124,2007-12-24,156765,Russell 2000,,1974.28482000,3395.41886000
I0124,2007-12-26,156765,Russell 2000,,1980.82765000,3406.97169000
I0124,2007-12-27,156765,Russell 2000,,1922.37967000,3308.43536000
I0124,2007-12-28,156765,Russell 2000,,1918.03733000,3301.27599000
I0124,2007-12-31,156765,Russell 2000,,1903.79479000,3276.77154000
I0124,2008-01-02,156765,Russell 2000,,1872.77181000,3223.57954000
I0124,2008-01-03,156765,Russell 2000,,1851.54806000,3187.15328000
I0124,2008-01-04,156765,Russell 2000,,1793.36162000,3087.04192000
I0124,2008-01-07,156765,Russell 2000,,1799.22470000,3097.14599000
I0124,2008-01-08,156765,Russell 2000,,1751.76689000,3015.60685000
I0124,2008-01-09,156765,Russell 2000,,1769.81951000,3046.73442000
I0124,2008-01-10,156765,Russell 2000,,1789.92416000,3081.42068000
I0124,2008-01-11,156765,Russell 2000,,1751.24555000,3015.01192000
I0124,2008-01-14,156765,Russell 2000,,1770.71608000,3048.54490000
I0124,2008-01-15,156765,Russell 2000,,1733.29781000,2984.14035000
I0124,2008-01-16,156765,Russell 2000,,1739.45853000,2994.79878000
I0124,2008-01-17,156765,Russell 2000,,1691.40480000,2912.20267000
I0124,2008-01-18,156765,Russell 2000,,1673.03060000,2880.60642000
I0124,2008-01-22,156765,Russell 2000,,1669.04444000,2873.75158000
I0124,2008-01-23,156765,Russell 2000,,1723.36970000,2967.33285000
I0124,2008-01-24,156765,Russell 2000,,1721.60262000,2964.32597000
I0124,2008-01-25,156765,Russell 2000,,1711.36554000,2946.70267000
I0124,2008-01-28,156765,Russell 2000,,1745.60566000,3005.69085000
I0124,2008-01-29,156765,Russell 2000,,1752.59690000,3018.19551000
I0124,2008-01-30,156765,Russell 2000,,1728.46290000,2976.95734000
I0124,2008-01-31,156765,Russell 2000,,1772.72420000,3053.31403000
I0124,2008-02-01,156765,Russell 2000,,1815.47575000,3127.07752000
I0124,2008-02-04,156765,Russell 2000,,1797.98152000,3096.95977000
I0124,2008-02-05,156765,Russell 2000,,1743.59752000,3003.35940000
I0124,2008-02-06,156765,Russell 2000,,1721.02056000,2964.68224000
I0124,2008-02-07,156765,Russell 2000,,1746.57710000,3008.84483000
I0124,2008-02-08,156765,Russell 2000,,1737.01080000,2992.43552000
I0124,2008-02-11,156765,Russell 2000,,1739.04421000,2995.94426000
I0124,2008-02-12,156765,Russell 2000,,1753.30129000,3020.55818000
I0124,2008-02-13,156765,Russell 2000,,1794.18134000,3091.71554000
I0124,2008-02-14,156765,Russell 2000,,1752.89596000,3020.62663000
I0124,2008-02-15,156765,Russell 2000,,1743.46005000,3004.38663000
I0124,2008-02-19,156765,Russell 2000,,1745.50292000,3007.92705000
I0124,2008-02-20,156765,Russell 2000,,1764.58462000,3041.01158000
I0124,2008-02-21,156765,Russell 2000,,1730.43220000,2982.27137000
I0124,2008-02-22,156765,Russell 2000,,1728.30832000,2978.77399000
I0124,2008-02-25,156765,Russell 2000,,1765.68296000,3043.21302000
I0124,2008-02-26,156765,Russell 2000,,1782.73296000,3072.65574000
I0124,2008-02-27,156765,Russell 2000,,1780.53764000,3069.41087000
I0124,2008-02-28,156765,Russell 2000,,1753.88391000,3023.83012000
I0124,2008-02-29,156765,Russell 2000,,1705.33095000,2940.13712000
I0124,2008-03-03,156765,Russell 2000,,1700.44943000,2931.81266000
I0124,2008-03-04,156765,Russell 2000,,1692.40648000,2918.01130000
I0124,2008-03-05,156765,Russell 2000,,1699.26908000,2930.05989000
I0124,2008-03-06,156765,Russell 2000,,1647.16450000,2840.44387000
I0124,2008-03-07,156765,Russell 2000,,1640.54470000,2829.11601000
I0124,2008-03-10,156765,Russell 2000,,1600.41716000,2760.06001000
I0124,2008-03-11,156765,Russell 2000,,1674.58632000,2888.16501000
I0124,2008-03-12,156765,Russell 2000,,1658.45887000,2861.03185000
I0124,2008-03-13,156765,Russell 2000,,1689.29200000,2914.54265000
I0124,2008-03-14,156765,Russell 2000,,1647.51529000,2842.53373000
I0124,2008-03-17,156765,Russell 2000,,1616.60448000,2789.20809000
I0124,2008-03-18,156765,Russell 2000,,1694.77903000,2924.61280000
I0124,2008-03-19,156765,Russell 2000,,1650.52360000,2848.28910000
I0124,2008-03-20,156765,Russell 2000,,1693.50250000,2922.55673000
I0124,2008-03-24,156765,Russell 2000,,1742.85328000,3007.75046000
I0124,2008-03-25,156765,Russell 2000,,1752.77755000,3024.91915000
I0124,2008-03-26,156765,Russell 2000,,1744.92535000,3011.55113000
I0124,2008-03-27,156765,Russell 2000,,1720.75432000,2971.20644000
I0124,2008-03-28,156765,Russell 2000,,1697.87812000,2931.88743000
I0124,2008-03-31,156765,Russell 2000,,1709.77199000,2952.45347000
I0124,2008-04-01,156765,Russell 2000,,1766.14437000,3049.84520000
I0124,2008-04-02,156765,Russell 2000,,1770.16034000,3057.06676000
I0124,2008-04-03,156765,Russell 2000,,1773.40838000,3062.88610000
I0124,2008-04-04,156765,Russell 2000,,1773.79584000,3063.63710000
I0124,2008-04-07,156765,Russell 2000,,1771.18988000,3059.19056000
I0124,2008-04-08,156765,Russell 2000,,1769.29978000,3056.05630000
I0124,2008-04-09,156765,Russell 2000,,1735.64407000,2997.96994000
I0124,2008-04-10,156765,Russell 2000,,1758.12499000,3036.95960000
I0124,2008-04-11,156765,Russell 2000,,1710.26116000,2954.54930000
I0124,2008-04-14,156765,Russell 2000,,1705.06419000,2945.63153000
I0124,2008-04-15,156765,Russell 2000,,1719.94954000,2971.37107000
I0124,2008-04-16,156765,Russell 2000,,1772.94462000,3063.03811000
I0124,2008-04-17,156765,Russell 2000,,1759.55577000,3039.92559000
I0124,2008-04-18,156765,Russell 2000,,1792.03321000,3096.08564000
I0124,2008-04-21,156765,Russell 2000,,1784.42238000,3082.97020000
I0124,2008-04-22,156765,Russell 2000,,1748.90116000,3021.60688000
I0124,2008-04-23,156765,Russell 2000,,1759.83261000,3040.53130000
I0124,2008-04-24,156765,Russell 2000,,1782.10578000,3079.04583000
I0124,2008-04-25,156765,Russell 2000,,1794.05506000,3099.69127000
I0124,2008-04-28,156765,Russell 2000,,1802.73052000,3115.16625000
I0124,2008-04-29,156765,Russell 2000,,1786.71219000,3087.75231000
I0124,2008-04-30,156765,Russell 2000,,1779.87769000,3076.07366000
I0124,2008-05-01,156765,Russell 2000,,1813.60425000,3134.54626000
I0124,2008-05-02,156765,Russell 2000,,1803.64930000,3117.42353000
I0124,2008-05-05,156765,Russell 2000,,1800.18991000,3111.46290000
I0124,2008-05-06,156765,Russell 2000,,1813.70165000,3134.85387000
I0124,2008-05-07,156765,Russell 2000,,1779.97198000,3076.74686000
I0124,2008-05-08,156765,Russell 2000,,1788.26019000,3091.22074000
I0124,2008-05-09,156765,Russell 2000,,1789.50485000,3093.44442000
I0124,2008-05-12,156765,Russell 2000,,1822.27287000,3150.20273000
I0124,2008-05-13,156765,Russell 2000,,1831.26578000,3166.04778000
I0124,2008-05-14,156765,Russell 2000,,1829.31193000,3163.13212000
I0124,2008-05-15,156765,Russell 2000,,1847.49074000,3194.72385000
I0124,2008-05-16,156765,Russell 2000,,1842.00634000,3185.31448000
I0124,2008-05-19,156765,Russell 2000,,1835.23745000,3173.64811000
I0124,2008-05-20,156765,Russell 2000,,1828.26307000,3161.65950000
I0124,2008-05-21,156765,Russell 2000,,1807.04142000,3125.19438000
I0124,2008-05-22,156765,Russell 2000,,1821.71097000,3150.66212000
I0124,2008-05-23,156765,Russell 2000,,1799.57205000,3112.44514000
I0124,2008-05-27,156765,Russell 2000,,1825.14030000,3156.73189000
I0124,2008-05-28,156765,Russell 2000,,1835.25598000,3174.73168000
I0124,2008-05-29,156765,Russell 2000,,1852.88213000,3205.59299000
I0124,2008-05-30,156765,Russell 2000,,1859.66943000,3217.37884000
I0124,2008-06-02,156765,Russell 2000,,1841.61328000,3186.20404000
I0124,2008-06-03,156765,Russell 2000,,1836.60886000,3177.61203000
I0124,2008-06-04,156765,Russell 2000,,1848.30625000,3197.99544000
I0124,2008-06-05,156765,Russell 2000,,1896.90720000,3282.23003000
I0124,2008-06-06,156765,Russell 2000,,1839.99963000,3183.84497000
I0124,2008-06-09,156765,Russell 2000,,1827.28891000,3161.94509000
I0124,2008-06-10,156765,Russell 2000,,1820.74896000,3150.71438000
I0124,2008-06-11,156765,Russell 2000,,1784.12304000,3087.98986000
I0124,2008-06-12,156765,Russell 2000,,1788.97516000,3096.90771000
I0124,2008-06-13,156765,Russell 2000,,1823.21039000,3156.23598000
I0124,2008-06-16,156765,Russell 2000,,1840.91722000,3186.89965000
I0124,2008-06-17,156765,Russell 2000,,1830.56327000,3169.24666000
I0124,2008-06-18,156765,Russell 2000,,1816.00982000,3144.24858000
I0124,2008-06-19,156765,Russell 2000,,1833.69350000,3174.90208000
I0124,2008-06-20,156765,Russell 2000,,1803.62399000,3122.84045000
I0124,2008-06-23,156765,Russell 2000,,1788.92086000,3097.48782000
I0124,2008-06-24,156765,Russell 2000,,1759.36409000,3046.35371000
I0124,2008-06-25,156765,Russell 2000,,1780.19139000,3082.56013000
I0124,2008-06-26,156765,Russell 2000,,1735.75514000,3007.12768000
I0124,2008-06-27,156765,Russell 2000,,1735.05404000,3006.10241000
I0124,2008-06-30,156765,Russell 2000,,1713.97556000,2969.67995000
I0124,2008-07-01,156765,Russell 2000,,1718.77159000,2978.07158000
I0124,2008-07-02,156765,Russell 2000,,1670.93361000,2895.37779000
I0124,2008-07-03,156765,Russell 2000,,1654.62271000,2867.18442000
I0124,2008-07-07,156765,Russell 2000,,1635.95427000,2834.86099000
I0124,2008-07-08,156765,Russell 2000,,1696.73546000,2940.31381000
I0124,2008-07-09,156765,Russell 2000,,1649.59110000,2858.68226000
I0124,2008-07-10,156765,Russell 2000,,1666.20387000,2887.63533000
I0124,2008-07-11,156765,Russell 2000,,1677.41383000,2907.30336000
I0124,2008-07-14,156765,Russell 2000,,1651.45227000,2862.42091000
I0124,2008-07-15,156765,Russell 2000,,1646.11614000,2853.22156000
I0124,2008-07-16,156765,Russell 2000,,1706.74028000,2958.42476000
I0124,2008-07-17,156765,Russell 2000,,1731.29113000,3001.01647000
I0124,2008-07-18,156765,Russell 2000,,1722.48303000,2985.79177000
I0124,2008-07-21,156765,Russell 2000,,1733.79543000,3005.50735000
I0124,2008-07-22,156765,Russell 2000,,1781.48685000,3088.23203000
I0124,2008-07-23,156765,Russell 2000,,1787.36391000,3098.52154000
I0124,2008-07-24,156765,Russell 2000,,1745.61253000,3026.16239000
I0124,2008-07-25,156765,Russell 2000,,1765.37069000,3060.41788000
I0124,2008-07-28,156765,Russell 2000,,1730.01296000,2999.17235000
I0124,2008-07-29,156765,Russell 2000,,1775.83840000,3079.08374000
I0124,2008-07-30,156765,Russell 2000,,1786.55719000,3097.97802000
I0124,2008-07-31,156765,Russell 2000,,1775.77281000,3079.57690000
I0124,2008-08-01,156765,Russell 2000,,1779.83223000,3086.80593000
I0124,2008-08-04,156765,Russell 2000,,1749.96768000,3035.04830000
I0124,2008-08-05,156765,Russell 2000,,1791.96854000,3107.94499000
I0124,2008-08-06,156765,Russell 2000,,1804.03378000,3129.02970000
I0124,2008-08-07,156765,Russell 2000,,1773.01252000,3075.42808000
I0124,2008-08-08,156765,Russell 2000,,1824.91480000,3165.51317000
I0124,2008-08-11,156765,Russell 2000,,1866.57205000,3237.83533000
I0124,2008-08-12,156765,Russell 2000,,1851.35525000,3211.53360000
I0124,2008-08-13,156765,Russell 2000,,1858.19886000,3224.18795000
I0124,2008-08-14,156765,Russell 2000,,1874.81697000,3253.14277000
I0124,2008-08-15,156765,Russell 2000,,1872.31156000,3248.81906000
I0124,2008-08-18,156765,Russell 2000,,1843.97911000,3199.74533000
I0124,2008-08-19,156765,Russell 2000,,1814.37503000,3148.67936000
I0124,2008-08-20,156765,Russell 2000,,1818.20336000,3155.44057000
I0124,2008-08-21,156765,Russell 2000,,1802.42744000,3128.16751000
I0124,2008-08-22,156765,Russell 2000,,1833.13411000,3181.55227000
I0124,2008-08-25,156765,Russell 2000,,1790.72798000,3107.95772000
I0124,2008-08-26,156765,Russell 2000,,1798.09988000,3120.80056000
I0124,2008-08-27,156765,Russell 2000,,1821.55750000,3162.10846000
I0124,2008-08-28,156765,Russell 2000,,1858.45327000,3226.61958000
I0124,2008-08-29,156765,Russell 2000,,1837.83581000,3190.88452000
I0124,2008-09-02,156765,Russell 2000,,1835.38044000,3186.63021000
I0124,2008-09-03,156765,Russell 2000,,1843.82515000,3201.58577000
I0124,2008-09-04,156765,Russell 2000,,1785.95134000,3101.14874000
I0124,2008-09-05,156765,Russell 2000,,1786.52488000,3102.28622000
I0124,2008-09-08,156765,Russell 2000,,1821.34315000,3162.87785000
I0124,2008-09-09,156765,Russell 2000,,1757.80400000,3052.56866000
I0124,2008-09-10,156765,Russell 2000,,1782.32684000,3095.35681000
I0124,2008-09-11,156765,Russell 2000,,1786.88584000,3103.99500000
I0124,2008-09-12,156765,Russell 2000,,1790.03498000,3109.59467000
I0124,2008-09-15,156765,Russell 2000,,1714.22235000,2977.93581000
I0124,2008-09-16,156765,Russell 2000,,1766.13832000,3068.41768000
I0124,2008-09-17,156765,Russell 2000,,1680.97465000,2920.66368000
I0124,2008-09-18,156765,Russell 2000,,1798.51661000,3124.93086000
I0124,2008-09-19,156765,Russell 2000,,1873.24328000,3254.77697000
I0124,2008-09-22,156765,Russell 2000,,1790.47966000,3110.99141000
I0124,2008-09-23,156765,Russell 2000,,1762.51705000,3062.56658000
I0124,2008-09-24,156765,Russell 2000,,1734.14434000,3013.41011000
I0124,2008-09-25,156765,Russell 2000,,1753.94793000,3047.87399000
I0124,2008-09-26,156765,Russell 2000,,1751.58385000,3045.36622000
I0124,2008-09-29,156765,Russell 2000,,1634.59468000,2842.12987000
I0124,2008-09-30,156765,Russell 2000,,1688.93575000,2936.63390000
I0124,2008-10-01,156765,Russell 2000,,1669.06934000,2902.19057000
I0124,2008-10-02,156765,Russell 2000,,1584.76699000,2755.79063000
I0124,2008-10-03,156765,Russell 2000,,1539.36621000,2676.91981000
I0124,2008-10-06,156765,Russell 2000,,1480.99171000,2575.44973000
I0124,2008-10-07,156765,Russell 2000,,1389.13821000,2415.75916000
I0124,2008-10-08,156765,Russell 2000,,1358.35236000,2362.40703000
I0124,2008-10-09,156765,Russell 2000,,1240.64466000,2157.93536000
I0124,2008-10-10,156765,Russell 2000,,1298.49717000,2258.93824000
I0124,2008-10-13,156765,Russell 2000,,1418.79762000,2468.21964000
I0124,2008-10-14,156765,Russell 2000,,1378.43685000,2398.02040000
I0124,2008-10-15,156765,Russell 2000,,1247.86930000,2171.10387000
I0124,2008-10-16,156765,Russell 2000,,1333.50312000,2320.09677000
I0124,2008-10-17,156765,Russell 2000,,1308.72555000,2277.00749000
I0124,2008-10-20,156765,Russell 2000,,1359.44725000,2365.31633000
I0124,2008-10-21,156765,Russell 2000,,1319.20073000,2295.32520000
I0124,2008-10-22,156765,Russell 2000,,1247.51195000,2170.73399000
I0124,2008-10-23,156765,Russell 2000,,1217.57418000,2118.66399000
I0124,2008-10-24,156765,Russell 2000,,1170.84954000,2037.36763000
I0124,2008-10-27,156765,Russell 2000,,1114.39414000,1939.15274000
I0124,2008-10-28,156765,Russell 2000,,1199.26000000,2086.87000000
I0124,2008-10-29,156765,Russell 2000,,1219.96352000,2123.54865000
I0124,2008-10-30,156765,Russell 2000,,1277.86045000,2224.60876000
I0124,2008-10-31,156765,Russell 2000,,1335.87507000,2325.72752000
I0124,2008-11-03,156765,Russell 2000,,1338.29872000,2330.00024000
I0124,2008-11-04,156765,Russell 2000,,1356.82813000,2362.30481000
I0124,2008-11-05,156765,Russell 2000,,1279.00455000,2226.96823000
I0124,2008-11-06,156765,Russell 2000,,1232.29464000,2145.93214000
I0124,2008-11-07,156765,Russell 2000,,1257.02392000,2189.12514000
I0124,2008-11-10,156765,Russell 2000,,1225.48668000,2134.25236000
I0124,2008-11-11,156765,Russell 2000,,1198.60540000,2087.43715000
I0124,2008-11-12,156765,Russell 2000,,1125.30976000,1960.23210000
I0124,2008-11-13,156765,Russell 2000,,1220.83999000,2127.06080000
I0124,2008-11-14,156765,Russell 2000,,1134.57757000,1976.78099000
I0124,2008-11-17,156765,Russell 2000,,1121.59274000,1954.28408000
I0124,2008-11-18,156765,Russell 2000,,1112.18368000,1938.04483000
I0124,2008-11-19,156765,Russell 2000,,1024.86848000,1786.19806000
I0124,2008-11-20,156765,Russell 2000,,957.58730000,1669.00888000
I0124,2008-11-21,156765,Russell 2000,,1010.34493000,1760.99007000
I0124,2008-11-24,156765,Russell 2000,,1085.54892000,1892.14869000
I0124,2008-11-25,156765,Russell 2000,,1101.42299000,1920.09086000
I0124,2008-11-26,156765,Russell 2000,,1165.23845000,2032.02176000
I0124,2008-11-28,156765,Russell 2000,,1175.86657000,2050.62463000
I0124,2008-12-01,156765,Russell 2000,,1036.53424000,1807.72865000
I0124,2008-12-02,156765,Russell 2000,,1098.04256000,1915.04179000
I0124,2008-12-03,156765,Russell 2000,,1127.69615000,1966.95069000
I0124,2008-12-04,156765,Russell 2000,,1092.33949000,1905.32907000
I0124,2008-12-05,156765,Russell 2000,,1145.93202000,1998.94358000
I0124,2008-12-08,156765,Russell 2000,,1196.34543000,2086.93932000
I0124,2008-12-09,156765,Russell 2000,,1157.40495000,2019.09118000
I0124,2008-12-10,156765,Russell 2000,,1183.96882000,2065.63394000
I0124,2008-12-11,156765,Russell 2000,,1121.38106000,1957.12854000
I0124,2008-12-12,156765,Russell 2000,,1164.16593000,2031.87391000
I0124,2008-12-15,156765,Russell 2000,,1124.73836000,1963.17459000
I0124,2008-12-16,156765,Russell 2000,,1200.00062000,2094.80019000
I0124,2008-12-17,156765,Russell 2000,,1209.30871000,2111.33526000
I0124,2008-12-18,156765,Russell 2000,,1190.86245000,2079.27471000
I0124,2008-12-19,156765,Russell 2000,,1208.47392000,2110.17270000
I0124,2008-12-22,156765,Russell 2000,,1180.67626000,2061.72375000
I0124,2008-12-23,156765,Russell 2000,,1164.67831000,2033.95173000
I0124,2008-12-24,156765,Russell 2000,,1169.27614000,2042.07581000
I0124,2008-12-26,156765,Russell 2000,,1184.88838000,2069.43126000
I0124,2008-12-29,156765,Russell 2000,,1158.50996000,2024.73565000
I0124,2008-12-30,156765,Russell 2000,,1199.80478000,2097.12402000
I0124,2008-12-31,156765,Russell 2000,,1241.26604000,2169.64514000
I0124,2009-01-02,156765,Russell 2000,,1257.15179000,2197.44518000
I0124,2009-01-05,156765,Russell 2000,,1255.12560000,2193.96738000
I0124,2009-01-06,156765,Russell 2000,,1279.18288000,2236.06690000
I0124,2009-01-07,156765,Russell 2000,,1235.40887000,2159.68941000
I0124,2009-01-08,156765,Russell 2000,,1247.61898000,2181.09530000
I0124,2009-01-09,156765,Russell 2000,,1196.14649000,2091.16374000
I0124,2009-01-12,156765,Russell 2000,,1165.08516000,2036.89179000
I0124,2009-01-13,156765,Russell 2000,,1177.47655000,2058.73974000
I0124,2009-01-14,156765,Russell 2000,,1126.24146000,1969.24045000
I0124,2009-01-15,156765,Russell 2000,,1149.73841000,2010.34319000
I0124,2009-01-16,156765,Russell 2000,,1159.24118000,2026.97506000
I0124,2009-01-20,156765,Russell 2000,,1077.71743000,1884.57909000
I0124,2009-01-21,156765,Russell 2000,,1135.17309000,1985.11640000
I0124,2009-01-22,156765,Russell 2000,,1100.58663000,1924.66320000
I0124,2009-01-23,156765,Russell 2000,,1104.34717000,1931.25425000
I0124,2009-01-26,156765,Russell 2000,,1118.50646000,1956.07051000
I0124,2009-01-27,156765,Russell 2000,,1132.24238000,1980.11124000
I0124,2009-01-28,156765,Russell 2000,,1175.58464000,2056.26928000
I0124,2009-01-29,156765,Russell 2000,,1126.41907000,1970.51733000
I0124,2009-01-30,156765,Russell 2000,,1102.27244000,1928.33423000
I0124,2009-02-02,156765,Russell 2000,,1117.40016000,1954.80511000
I0124,2009-02-03,156765,Russell 2000,,1125.56159000,1969.21949000
I0124,2009-02-04,156765,Russell 2000,,1114.58203000,1950.16441000
I0124,2009-02-05,156765,Russell 2000,,1130.98267000,1979.06340000
I0124,2009-02-06,156765,Russell 2000,,1169.81752000,2047.20257000
I0124,2009-02-09,156765,Russell 2000,,1162.95265000,2035.23586000
I0124,2009-02-10,156765,Russell 2000,,1107.84247000,1938.84346000
I0124,2009-02-11,156765,Russell 2000,,1113.26026000,1948.91142000
I0124,2009-02-12,156765,Russell 2000,,1119.40859000,1959.73793000
I0124,2009-02-13,156765,Russell 2000,,1114.27841000,1950.77911000
I0124,2009-02-17,156765,Russell 2000,,1065.93521000,1866.17244000
I0124,2009-02-18,156765,Russell 2000,,1051.71545000,1841.48571000
I0124,2009-02-19,156765,Russell 2000,,1035.62216000,1813.36268000
I0124,2009-02-20,156765,Russell 2000,,1021.33629000,1788.40857000
I0124,2009-02-23,156765,Russell 2000,,980.62309000,1717.24457000
I0124,2009-02-24,156765,Russell 2000,,1025.12260000,1795.28851000
I0124,2009-02-25,156765,Russell 2000,,997.67843000,1747.54028000
I0124,2009-02-26,156765,Russell 2000,,976.58122000,1711.01531000
I0124,2009-02-27,156765,Russell 2000,,966.80231000,1693.99648000
I0124,2009-03-02,156765,Russell 2000,,914.06421000,1601.66009000
I0124,2009-03-03,156765,Russell 2000,,897.19546000,1572.20747000
I0124,2009-03-04,156765,Russell 2000,,922.78377000,1617.32826000
I0124,2009-03-05,156765,Russell 2000,,868.46304000,1522.35741000
I0124,2009-03-06,156765,Russell 2000,,872.43676000,1529.43591000
I0124,2009-03-09,156765,Russell 2000,,853.08671000,1495.64149000
I0124,2009-03-10,156765,Russell 2000,,913.94057000,1602.38781000
I0124,2009-03-11,156765,Russell 2000,,910.33814000,1596.46917000
I0124,2009-03-12,156765,Russell 2000,,969.54932000,1700.97353000
I0124,2009-03-13,156765,Russell 2000,,976.91872000,1714.05429000
I0124,2009-03-16,156765,Russell 2000,,960.20400000,1684.76965000
I0124,2009-03-17,156765,Russell 2000,,1003.02419000,1760.10448000
I0124,2009-03-18,156765,Russell 2000,,1037.92748000,1821.52971000
I0124,2009-03-19,156765,Russell 2000,,1027.05390000,1802.50434000
I0124,2009-03-20,156765,Russell 2000,,994.37240000,1745.16566000
I0124,2009-03-23,156765,Russell 2000,,1077.91346000,1891.89115000
I0124,2009-03-24,156765,Russell 2000,,1034.82173000,1816.33173000
I0124,2009-03-25,156765,Russell 2000,,1060.00102000,1860.56320000
I0124,2009-03-26,156765,Russell 2000,,1106.69011000,1942.52836000
I0124,2009-03-27,156765,Russell 2000,,1066.16157000,1872.33115000
I0124,2009-03-30,156765,Russell 2000,,1033.80121000,1815.61808000
I0124,2009-03-31,156765,Russell 2000,,1050.63537000,1845.21430000
I0124,2009-04-01,156765,Russell 2000,,1066.56594000,1873.29221000
I0124,2009-04-02,156765,Russell 2000,,1118.83277000,1965.12246000
I0124,2009-04-03,156765,Russell 2000,,1133.59960000,1991.14921000
I0124,2009-04-06,156765,Russell 2000,,1112.29211000,1953.81343000
I0124,2009-04-07,156765,Russell 2000,,1072.87264000,1884.73192000
I0124,2009-04-08,156765,Russell 2000,,1098.78705000,1930.47959000
I0124,2009-04-09,156765,Russell 2000,,1163.59428000,2044.35257000
I0124,2009-04-13,156765,Russell 2000,,1163.22389000,2043.90284000
I0124,2009-04-14,156765,Russell 2000,,1126.36063000,1979.18361000
I0124,2009-04-15,156765,Russell 2000,,1146.03173000,2013.92773000
I0124,2009-04-16,156765,Russell 2000,,1177.71767000,2069.61971000
I0124,2009-04-17,156765,Russell 2000,,1191.34593000,2093.58070000
I0124,2009-04-20,156765,Russell 2000,,1124.53871000,1976.20169000
I0124,2009-04-21,156765,Russell 2000,,1168.18432000,2052.94254000
I0124,2009-04-22,156765,Russell 2000,,1169.87422000,2055.96384000
I0124,2009-04-23,156765,Russell 2000,,1159.67405000,2038.09365000
I0124,2009-04-24,156765,Russell 2000,,1189.78373000,2091.01649000
I0124,2009-04-27,156765,Russell 2000,,1166.89130000,2050.80635000
I0124,2009-04-28,156765,Russell 2000,,1175.13054000,2065.79491000
I0124,2009-04-29,156765,Russell 2000,,1221.43382000,2147.43195000
I0124,2009-04-30,156765,Russell 2000,,1211.71263000,2130.45196000
I0124,2009-05-01,156765,Russell 2000,,1210.26023000,2128.00131000
I0124,2009-05-04,156765,Russell 2000,,1259.58257000,2214.72885000
I0124,2009-05-05,156765,Russell 2000,,1248.96937000,2196.07565000
I0124,2009-05-06,156765,Russell 2000,,1255.28582000,2207.42371000
I0124,2009-05-07,156765,Russell 2000,,1225.07110000,2154.38937000
I0124,2009-05-08,156765,Russell 2000,,1272.00844000,2236.99706000
I0124,2009-05-11,156765,Russell 2000,,1247.45236000,2193.88111000
I0124,2009-05-12,156765,Russell 2000,,1230.65087000,2164.39277000
I0124,2009-05-13,156765,Russell 2000,,1172.59147000,2062.63882000
I0124,2009-05-14,156765,Russell 2000,,1194.67936000,2101.77337000
I0124,2009-05-15,156765,Russell 2000,,1182.57518000,2080.50109000
I0124,2009-05-18,156765,Russell 2000,,1229.66885000,2163.52942000
I0124,2009-05-19,156765,Russell 2000,,1225.88200000,2156.94981000
I0124,2009-05-20,156765,Russell 2000,,1216.15748000,2140.03177000
I0124,2009-05-21,156765,Russell 2000,,1195.94791000,2104.49807000
I0124,2009-05-22,156765,Russell 2000,,1187.12130000,2089.07614000
I0124,2009-05-26,156765,Russell 2000,,1243.50768000,2188.32615000
I0124,2009-05-27,156765,Russell 2000,,1217.53354000,2142.76482000
I0124,2009-05-28,156765,Russell 2000,,1223.37350000,2153.59668000
I0124,2009-05-29,156765,Russell 2000,,1246.67504000,2194.68303000
I0124,2009-06-01,156765,Russell 2000,,1295.75259000,2281.15930000
I0124,2009-06-02,156765,Russell 2000,,1308.92164000,2304.36884000
I0124,2009-06-03,156765,Russell 2000,,1299.06913000,2287.12754000
I0124,2009-06-04,156765,Russell 2000,,1321.35940000,2326.43262000
I0124,2009-06-05,156765,Russell 2000,,1318.07977000,2320.79867000
I0124,2009-06-08,156765,Russell 2000,,1304.23076000,2296.49020000
I0124,2009-06-09,156765,Russell 2000,,1312.04429000,2310.38671000
I0124,2009-06-10,156765,Russell 2000,,1301.54009000,2292.05120000
I0124,2009-06-11,156765,Russell 2000,,1307.44116000,2303.09249000
I0124,2009-06-12,156765,Russell 2000,,1309.30738000,2306.46432000
I0124,2009-06-15,156765,Russell 2000,,1272.01467000,2240.82210000
I0124,2009-06-16,156765,Russell 2000,,1251.92932000,2205.59702000
I0124,2009-06-17,156765,Russell 2000,,1260.09470000,2220.16661000
I0124,2009-06-18,156765,Russell 2000,,1266.19299000,2230.93716000
I0124,2009-06-19,156765,Russell 2000,,1274.24660000,2245.13359000
I0124,2009-06-22,156765,Russell 2000,,1224.74819000,2157.93557000
I0124,2009-06-23,156765,Russell 2000,,1217.19868000,2144.78614000
I0124,2009-06-24,156765,Russell 2000,,1230.06906000,2167.52268000
I0124,2009-06-25,156765,Russell 2000,,1265.43347000,2229.85034000
I0124,2009-06-26,156765,Russell 2000,,1275.48709000,2248.36469000
I0124,2009-06-29,156765,Russell 2000,,1269.00580000,2237.01827000
I0124,2009-06-30,156765,Russell 2000,,1263.20743000,2226.91855000
I0124,2009-07-01,156765,Russell 2000,,1286.02712000,2267.27787000
I0124,2009-07-02,156765,Russell 2000,,1235.69659000,2178.60173000
I0124,2009-07-06,156765,Russell 2000,,1227.78017000,2164.75201000
I0124,2009-07-07,156765,Russell 2000,,1203.49245000,2121.95867000
I0124,2009-07-08,156765,Russell 2000,,1192.13242000,2102.06018000
I0124,2009-07-09,156765,Russell 2000,,1191.09816000,2100.52463000
I0124,2009-07-10,156765,Russell 2000,,1195.34671000,2108.02380000
I0124,2009-07-13,156765,Russell 2000,,1226.00890000,2162.28741000
I0124,2009-07-14,156765,Russell 2000,,1233.96710000,2176.35206000
I0124,2009-07-15,156765,Russell 2000,,1281.49838000,2260.27588000
I0124,2009-07-16,156765,Russell 2000,,1297.35487000,2288.26906000
I0124,2009-07-17,156765,Russell 2000,,1290.38630000,2275.98676000
I0124,2009-07-20,156765,Russell 2000,,1309.61979000,2309.92550000
I0124,2009-07-21,156765,Russell 2000,,1305.31578000,2302.37372000
I0124,2009-07-22,156765,Russell 2000,,1313.94858000,2317.76483000
I0124,2009-07-23,156765,Russell 2000,,1356.56991000,2392.98607000
I0124,2009-07-24,156765,Russell 2000,,1363.07060000,2404.45326000
I0124,2009-07-27,156765,Russell 2000,,1369.08033000,2415.05966000
I0124,2009-07-28,156765,Russell 2000,,1371.72988000,2419.80654000
I0124,2009-07-29,156765,Russell 2000,,1362.84991000,2404.56297000
I0124,2009-07-30,156765,Russell 2000,,1386.27142000,2446.05806000
I0124,2009-07-31,156765,Russell 2000,,1383.57022000,2441.39416000
I0124,2009-08-03,156765,Russell 2000,,1406.10177000,2481.20656000
I0124,2009-08-04,156765,Russell 2000,,1418.42120000,2502.98033000
I0124,2009-08-05,156765,Russell 2000,,1406.62450000,2482.30675000
I0124,2009-08-06,156765,Russell 2000,,1385.82038000,2445.78687000
I0124,2009-08-07,156765,Russell 2000,,1422.55509000,2510.67099000
I0124,2009-08-10,156765,Russell 2000,,1421.24739000,2508.37974000
I0124,2009-08-11,156765,Russell 2000,,1397.00635000,2465.63518000
I0124,2009-08-12,156765,Russell 2000,,1421.99192000,2510.03356000
I0124,2009-08-13,156765,Russell 2000,,1429.48952000,2523.70458000
I0124,2009-08-14,156765,Russell 2000,,1401.42312000,2474.25030000
I0124,2009-08-17,156765,Russell 2000,,1362.36741000,2405.34124000
I0124,2009-08-18,156765,Russell 2000,,1382.85912000,2441.66112000
I0124,2009-08-19,156765,Russell 2000,,1395.83033000,2464.83686000
I0124,2009-08-20,156765,Russell 2000,,1413.30528000,2495.74837000
I0124,2009-08-21,156765,Russell 2000,,1445.20618000,2552.09358000
I0124,2009-08-24,156765,Russell 2000,,1442.03369000,2546.52443000
I0124,2009-08-25,156765,Russell 2000,,1449.44480000,2559.66460000
I0124,2009-08-26,156765,Russell 2000,,1451.43389000,2563.24834000
I0124,2009-08-27,156765,Russell 2000,,1450.82194000,2562.36511000
I0124,2009-08-28,156765,Russell 2000,,1441.08976000,2545.54206000
I0124,2009-08-31,156765,Russell 2000,,1421.74078000,2511.39994000
I0124,2009-09-01,156765,Russell 2000,,1386.91769000,2449.90039000
I0124,2009-09-02,156765,Russell 2000,,1381.38147000,2440.25889000
I0124,2009-09-03,156765,Russell 2000,,1397.91696000,2469.56329000
I0124,2009-09-04,156765,Russell 2000,,1417.84405000,2504.84672000
I0124,2009-09-08,156765,Russell 2000,,1432.43761000,2530.71532000
I0124,2009-09-09,156765,Russell 2000,,1457.34473000,2574.86626000
I0124,2009-09-10,156765,Russell 2000,,1478.47165000,2612.32296000
I0124,2009-09-11,156765,Russell 2000,,1475.23210000,2607.17639000
I0124,2009-09-14,156765,Russell 2000,,1491.23130000,2635.55260000
I0124,2009-09-15,156765,Russell 2000,,1503.16761000,2657.05579000
I0124,2009-09-16,156765,Russell 2000,,1534.34108000,2712.31186000
I0124,2009-09-17,156765,Russell 2000,,1529.59576000,2703.93716000
I0124,2009-09-18,156765,Russell 2000,,1535.59869000,2714.56845000
I0124,2009-09-21,156765,Russell 2000,,1530.84135000,2706.16713000
I0124,2009-09-22,156765,Russell 2000,,1542.58215000,2727.01385000
I0124,2009-09-23,156765,Russell 2000,,1524.39050000,2695.05822000
I0124,2009-09-24,156765,Russell 2000,,1495.49773000,2643.98821000
I0124,2009-09-25,156765,Russell 2000,,1488.51956000,2631.65177000
I0124,2009-09-28,156765,Russell 2000,,1524.00757000,2695.27381000
I0124,2009-09-29,156765,Russell 2000,,1517.12170000,2683.16717000
I0124,2009-09-30,156765,Russell 2000,,1501.78233000,2656.25006000
I0124,2009-10-01,156765,Russell 2000,,1450.76643000,2566.07477000
I0124,2009-10-02,156765,Russell 2000,,1441.94736000,2550.52058000
I0124,2009-10-05,156765,Russell 2000,,1469.05410000,2598.53619000
I0124,2009-10-06,156765,Russell 2000,,1496.06269000,2646.41376000
I0124,2009-10-07,156765,Russell 2000,,1496.32122000,2647.07338000
I0124,2009-10-08,156765,Russell 2000,,1510.42400000,2672.32408000
I0124,2009-10-09,156765,Russell 2000,,1528.23168000,2703.83752000
I0124,2009-10-12,156765,Russell 2000,,1525.46038000,2698.93439000
I0124,2009-10-13,156765,Russell 2000,,1520.22682000,2690.00398000
I0124,2009-10-14,156765,Russell 2000,,1550.63536000,2743.91937000
I0124,2009-10-15,156765,Russell 2000,,1549.16494000,2741.34940000
I0124,2009-10-16,156765,Russell 2000,,1531.36172000,2709.88717000
I0124,2009-10-19,156765,Russell 2000,,1546.68146000,2737.01502000
I0124,2009-10-20,156765,Russell 2000,,1524.47652000,2697.74830000
I0124,2009-10-21,156765,Russell 2000,,1503.84730000,2661.36366000
I0124,2009-10-22,156765,Russell 2000,,1524.39824000,2697.75723000
I0124,2009-10-23,156765,Russell 2000,,1493.28755000,2642.70985000
I0124,2009-10-26,156765,Russell 2000,,1475.39650000,2611.04819000
I0124,2009-10-27,156765,Russell 2000,,1458.82949000,2581.74991000
I0124,2009-10-28,156765,Russell 2000,,1407.55914000,2491.43873000
I0124,2009-10-29,156765,Russell 2000,,1441.98855000,2552.63952000
I0124,2009-10-30,156765,Russell 2000,,1398.62672000,2475.90366000
I0124,2009-11-02,156765,Russell 2000,,1397.69402000,2474.29775000
I0124,2009-11-03,156765,Russell 2000,,1418.14555000,2510.55100000
I0124,2009-11-04,156765,Russell 2000,,1399.48531000,2477.64463000
I0124,2009-11-05,156765,Russell 2000,,1444.29203000,2557.11102000
I0124,2009-11-06,156765,Russell 2000,,1442.31201000,2553.78907000
I0124,2009-11-09,156765,Russell 2000,,1472.04686000,2606.55614000
I0124,2009-11-10,156765,Russell 2000,,1458.65695000,2583.03727000
I0124,2009-11-11,156765,Russell 2000,,1473.03572000,2608.49964000
I0124,2009-11-12,156765,Russell 2000,,1442.23283000,2554.39510000
I0124,2009-11-13,156765,Russell 2000,,1457.04899000,2580.72425000
I0124,2009-11-16,156765,Russell 2000,,1498.27650000,2653.82932000
I0124,2009-11-17,156765,Russell 2000,,1496.96298000,2651.55937000
I0124,2009-11-18,156765,Russell 2000,,1491.51704000,2642.06932000
I0124,2009-11-19,156765,Russell 2000,,1455.56579000,2578.64428000
I0124,2009-11-20,156765,Russell 2000,,1453.07006000,2574.61579000
I0124,2009-11-23,156765,Russell 2000,,1478.26434000,2619.34075000
I0124,2009-11-24,156765,Russell 2000,,1472.71122000,2609.59663000
I0124,2009-11-25,156765,Russell 2000,,1471.75256000,2608.02356000
I0124,2009-11-27,156765,Russell 2000,,1434.51396000,2542.50264000
I0124,2009-11-30,156765,Russell 2000,,1440.77627000,2553.62335000
I0124,2009-12-01,156765,Russell 2000,,1464.32115000,2595.40674000
I0124,2009-12-02,156765,Russell 2000,,1481.43243000,2625.92885000
I0124,2009-12-03,156765,Russell 2000,,1463.26084000,2593.73079000
I0124,2009-12-04,156765,Russell 2000,,1498.07630000,2655.49694000
I0124,2009-12-07,156765,Russell 2000,,1500.00441000,2658.97036000
I0124,2009-12-08,156765,Russell 2000,,1485.43602000,2633.28489000
I0124,2009-12-09,156765,Russell 2000,,1486.24619000,2634.87690000
I0124,2009-12-10,156765,Russell 2000,,1479.66156000,2623.29380000
I0124,2009-12-11,156765,Russell 2000,,1492.06684000,2645.80884000
I0124,2009-12-14,156765,Russell 2000,,1515.48028000,2687.48547000
I0124,2009-12-15,156765,Russell 2000,,1506.82259000,2672.42553000
I0124,2009-12-16,156765,Russell 2000,,1519.01824000,2694.24033000
I0124,2009-12-17,156765,Russell 2000,,1501.72339000,2663.66105000
I0124,2009-12-18,156765,Russell 2000,,1517.42138000,2691.54517000
I0124,2009-12-21,156765,Russell 2000,,1537.37349000,2726.98857000
I0124,2009-12-22,156765,Russell 2000,,1549.79747000,2749.13297000
I0124,2009-12-23,156765,Russell 2000,,1568.14713000,2782.18544000
I0124,2009-12-24,156765,Russell 2000,,1575.82866000,2795.82346000
I0124,2009-12-28,156765,Russell 2000,,1575.02738000,2794.50040000
I0124,2009-12-29,156765,Russell 2000,,1573.60728000,2793.33730000
I0124,2009-12-30,156765,Russell 2000,,1574.18231000,2794.52564000
I0124,2009-12-31,156765,Russell 2000,,1554.24961000,2759.17489000
I0124,2010-01-04,156765,Russell 2000,,1590.80952000,2824.13477000
I0124,2010-01-05,156765,Russell 2000,,1586.81450000,2817.12798000
I0124,2010-01-06,156765,Russell 2000,,1585.45742000,2814.85429000
I0124,2010-01-07,156765,Russell 2000,,1595.45517000,2832.69075000
I0124,2010-01-08,156765,Russell 2000,,1601.88786000,2844.11251000
I0124,2010-01-11,156765,Russell 2000,,1600.47243000,2841.60654000
I0124,2010-01-12,156765,Russell 2000,,1579.37217000,2804.18809000
I0124,2010-01-13,156765,Russell 2000,,1599.41191000,2840.05445000
I0124,2010-01-14,156765,Russell 2000,,1606.53367000,2852.76313000
I0124,2010-01-15,156765,Russell 2000,,1585.49479000,2815.41929000
I0124,2010-01-19,156765,Russell 2000,,1613.29065000,2864.80228000
I0124,2010-01-20,156765,Russell 2000,,1589.59163000,2822.74491000
I0124,2010-01-21,156765,Russell 2000,,1561.62313000,2773.11117000
I0124,2010-01-22,156765,Russell 2000,,1533.70889000,2723.54359000
I0124,2010-01-25,156765,Russell 2000,,1536.15952000,2727.93421000
I0124,2010-01-26,156765,Russell 2000,,1521.37986000,2701.69641000
I0124,2010-01-27,156765,Russell 2000,,1536.83635000,2729.53947000
I0124,2010-01-28,156765,Russell 2000,,1510.86873000,2683.60766000
I0124,2010-01-29,156765,Russell 2000,,1496.20903000,2657.60564000
I0124,2010-02-01,156765,Russell 2000,,1514.14276000,2689.46516000
I0124,2010-02-02,156765,Russell 2000,,1526.07186000,2710.70321000
I0124,2010-02-03,156765,Russell 2000,,1517.64703000,2695.87448000
I0124,2010-02-04,156765,Russell 2000,,1465.49109000,2603.39824000
I0124,2010-02-05,156765,Russell 2000,,1473.70982000,2618.06662000
I0124,2010-02-08,156765,Russell 2000,,1457.57783000,2589.51626000
I0124,2010-02-09,156765,Russell 2000,,1479.14661000,2627.86632000
I0124,2010-02-10,156765,Russell 2000,,1480.76416000,2631.26991000
I0124,2010-02-11,156765,Russell 2000,,1504.71834000,2674.02601000
I0124,2010-02-12,156765,Russell 2000,,1517.79987000,2697.29174000
I0124,2010-02-16,156765,Russell 2000,,1542.93920000,2742.05106000
I0124,2010-02-17,156765,Russell 2000,,1552.85022000,2759.73446000
I0124,2010-02-18,156765,Russell 2000,,1564.01074000,2779.63422000
I0124,2010-02-19,156765,Russell 2000,,1569.73090000,2789.92907000
I0124,2010-02-22,156765,Russell 2000,,1571.31071000,2792.76825000
I0124,2010-02-23,156765,Russell 2000,,1553.45345000,2761.08504000
I0124,2010-02-24,156765,Russell 2000,,1566.78082000,2784.94029000
I0124,2010-02-25,156765,Russell 2000,,1566.85437000,2785.68113000
I0124,2010-02-26,156765,Russell 2000,,1562.12700000,2777.31961000
I0124,2010-03-01,156765,Russell 2000,,1597.15372000,2839.64266000
I0124,2010-03-02,156765,Russell 2000,,1611.22421000,2864.80110000
I0124,2010-03-03,156765,Russell 2000,,1613.58431000,2869.18941000
I0124,2010-03-04,156765,Russell 2000,,1621.54668000,2883.38799000
I0124,2010-03-05,156765,Russell 2000,,1655.22364000,2943.34346000
I0124,2010-03-08,156765,Russell 2000,,1657.92563000,2948.28780000
I0124,2010-03-09,156765,Russell 2000,,1664.20279000,2959.84452000
I0124,2010-03-10,156765,Russell 2000,,1677.36964000,2983.47923000
I0124,2010-03-11,156765,Russell 2000,,1683.05897000,2994.48608000
I0124,2010-03-12,156765,Russell 2000,,1681.48517000,2991.75268000
I0124,2010-03-15,156765,Russell 2000,,1676.07502000,2982.17946000
I0124,2010-03-16,156765,Russell 2000,,1688.93048000,3005.33483000
I0124,2010-03-17,156765,Russell 2000,,1699.86429000,3025.03153000
I0124,2010-03-18,156765,Russell 2000,,1693.97458000,3014.58098000
I0124,2010-03-19,156765,Russell 2000,,1674.78552000,2980.50530000
I0124,2010-03-22,156765,Russell 2000,,1697.19330000,3020.39698000
I0124,2010-03-23,156765,Russell 2000,,1715.57757000,3053.30297000
I0124,2010-03-24,156765,Russell 2000,,1699.12195000,3024.07028000
I0124,2010-03-25,156765,Russell 2000,,1687.73453000,3003.81424000
I0124,2010-03-26,156765,Russell 2000,,1687.40945000,3003.31709000
I0124,2010-03-29,156765,Russell 2000,,1695.57203000,3018.91937000
I0124,2010-03-30,156765,Russell 2000,,1699.77215000,3026.74591000
I0124,2010-03-31,156765,Russell 2000,,1686.59910000,3003.36196000
I0124,2010-04-01,156765,Russell 2000,,1699.87144000,3027.00380000
I0124,2010-04-05,156765,Russell 2000,,1733.84000000,3087.52000000
I0124,2010-04-06,156765,Russell 2000,,1743.35685000,3104.55251000
I0124,2010-04-07,156765,Russell 2000,,1738.32840000,3095.71998000
I0124,2010-04-08,156765,Russell 2000,,1738.77011000,3096.81666000
I0124,2010-04-09,156765,Russell 2000,,1747.00823000,3111.55124000
I0124,2010-04-12,156765,Russell 2000,,1752.24120000,3120.90015000
I0124,2010-04-13,156765,Russell 2000,,1757.15286000,3129.86020000
I0124,2010-04-14,156765,Russell 2000,,1795.34920000,3197.98793000
I0124,2010-04-15,156765,Russell 2000,,1799.85406000,3206.05498000
I0124,2010-04-16,156765,Russell 2000,,1776.01903000,3163.59796000
I0124,2010-04-19,156765,Russell 2000,,1768.00669000,3149.34481000
I0124,2010-04-20,156765,Russell 2000,,1793.22653000,3194.29884000
I0124,2010-04-21,156765,Russell 2000,,1804.76219000,3214.93329000
I0124,2010-04-22,156765,Russell 2000,,1824.94142000,3250.90783000
I0124,2010-04-23,156765,Russell 2000,,1843.86356000,3284.63016000
I0124,2010-04-26,156765,Russell 2000,,1836.25360000,3271.09358000
I0124,2010-04-27,156765,Russell 2000,,1792.54358000,3193.28138000
I0124,2010-04-28,156765,Russell 2000,,1795.32246000,3198.76715000
I0124,2010-04-29,156765,Russell 2000,,1833.47415000,3266.90168000
I0124,2010-04-30,156765,Russell 2000,,1780.92963000,3173.33493000
I0124,2010-05-03,156765,Russell 2000,,1821.24233000,3245.23059000
I0124,2010-05-04,156765,Russell 2000,,1763.79452000,3142.90472000
I0124,2010-05-05,156765,Russell 2000,,1736.11451000,3093.66534000
I0124,2010-05-06,156765,Russell 2000,,1670.66116000,2977.27809000
I0124,2010-05-07,156765,Russell 2000,,1622.86474000,2892.11219000
I0124,2010-05-10,156765,Russell 2000,,1713.85999000,3054.35732000
I0124,2010-05-11,156765,Russell 2000,,1728.44794000,3080.40954000
I0124,2010-05-12,156765,Russell 2000,,1779.70689000,3172.14645000
I0124,2010-05-13,156765,Russell 2000,,1764.16441000,3144.79375000
I0124,2010-05-14,156765,Russell 2000,,1724.71095000,3074.58796000
I0124,2010-05-17,156765,Russell 2000,,1729.02235000,3082.38498000
I0124,2010-05-18,156765,Russell 2000,,1696.80378000,3025.22605000
I0124,2010-05-19,156765,Russell 2000,,1676.06344000,2988.36879000
I0124,2010-05-20,156765,Russell 2000,,1590.65447000,2836.15207000
I0124,2010-05-21,156765,Russell 2000,,1613.65288000,2877.18192000
I0124,2010-05-24,156765,Russell 2000,,1593.56718000,2841.42290000
I0124,2010-05-25,156765,Russell 2000,,1590.60599000,2836.22139000
I0124,2010-05-26,156765,Russell 2000,,1597.07473000,2847.89133000
I0124,2010-05-27,156765,Russell 2000,,1666.38513000,2971.95510000
I0124,2010-05-28,156765,Russell 2000,,1644.27723000,2932.62690000
I0124,2010-06-01,156765,Russell 2000,,1592.94929000,2841.11027000
I0124,2010-06-02,156765,Russell 2000,,1641.57022000,2928.00738000
I0124,2010-06-03,156765,Russell 2000,,1658.58955000,2958.39410000
I0124,2010-06-04,156765,Russell 2000,,1575.57898000,2810.35620000
I0124,2010-06-07,156765,Russell 2000,,1537.09487000,2741.72690000
I0124,2010-06-08,156765,Russell 2000,,1535.10975000,2738.26747000
I0124,2010-06-09,156765,Russell 2000,,1536.61737000,2741.10559000
I0124,2010-06-10,156765,Russell 2000,,1590.04379000,2836.66006000
I0124,2010-06-11,156765,Russell 2000,,1612.93464000,2878.20166000
I0124,2010-06-14,156765,Russell 2000,,1621.05038000,2892.74976000
I0124,2010-06-15,156765,Russell 2000,,1662.07011000,2966.25251000
I0124,2010-06-16,156765,Russell 2000,,1655.49692000,2954.72747000
I0124,2010-06-17,156765,Russell 2000,,1654.81212000,2953.53873000
I0124,2010-06-18,156765,Russell 2000,,1657.46998000,2958.30818000
I0124,2010-06-21,156765,Russell 2000,,1640.33541000,2927.72582000
I0124,2010-06-22,156765,Russell 2000,,1605.25028000,2865.22391000
I0124,2010-06-23,156765,Russell 2000,,1601.12638000,2857.99735000
I0124,2010-06-24,156765,Russell 2000,,1573.59341000,2808.89932000
I0124,2010-06-25,156765,Russell 2000,,1603.26653000,2861.88053000
I0124,2010-06-28,156765,Russell 2000,,1594.38161000,2847.30295000
I0124,2010-06-29,156765,Russell 2000,,1530.81617000,2733.92977000
I0124,2010-06-30,156765,Russell 2000,,1514.72615000,2705.36594000
I0124,2010-07-01,156765,Russell 2000,,1502.98706000,2684.52353000
I0124,2010-07-02,156765,Russell 2000,,1488.58320000,2658.84063000
I0124,2010-07-06,156765,Russell 2000,,1466.38191000,2619.24592000
I0124,2010-07-07,156765,Russell 2000,,1520.12457000,2715.46309000
I0124,2010-07-08,156765,Russell 2000,,1541.52170000,2753.92520000
I0124,2010-07-09,156765,Russell 2000,,1564.28776000,2794.66935000
I0124,2010-07-12,156765,Russell 2000,,1544.86546000,2759.97055000
I0124,2010-07-13,156765,Russell 2000,,1597.57426000,2854.44995000
I0124,2010-07-14,156765,Russell 2000,,1590.95398000,2842.65374000
I0124,2010-07-15,156765,Russell 2000,,1577.19183000,2818.11515000
I0124,2010-07-16,156765,Russell 2000,,1516.98126000,2710.53133000
I0124,2010-07-19,156765,Russell 2000,,1523.66214000,2722.50264000
I0124,2010-07-20,156765,Russell 2000,,1551.39677000,2772.09633000
I0124,2010-07-21,156765,Russell 2000,,1522.57344000,2720.66534000
I0124,2010-07-22,156765,Russell 2000,,1579.33116000,2822.10758000
I0124,2010-07-23,156765,Russell 2000,,1617.03431000,2889.49399000
I0124,2010-07-26,156765,Russell 2000,,1653.23127000,2954.17708000
I0124,2010-07-27,156765,Russell 2000,,1645.65525000,2940.68357000
I0124,2010-07-28,156765,Russell 2000,,1617.29369000,2890.39993000
I0124,2010-07-29,156765,Russell 2000,,1616.47553000,2889.20430000
I0124,2010-07-30,156765,Russell 2000,,1617.62420000,2891.27676000
I0124,2010-08-02,156765,Russell 2000,,1644.87948000,2940.00257000
I0124,2010-08-03,156765,Russell 2000,,1629.49131000,2912.58600000
I0124,2010-08-04,156765,Russell 2000,,1647.61386000,2945.13303000
I0124,2010-08-05,156765,Russell 2000,,1628.00411000,2910.23263000
I0124,2010-08-06,156765,Russell 2000,,1617.10804000,2890.87631000
I0124,2010-08-09,156765,Russell 2000,,1639.08358000,2930.22765000
I0124,2010-08-10,156765,Russell 2000,,1606.36540000,2871.81225000
I0124,2010-08-11,156765,Russell 2000,,1541.83238000,2756.67028000
I0124,2010-08-12,156765,Russell 2000,,1533.34246000,2742.02674000
I0124,2010-08-13,156765,Russell 2000,,1514.73077000,2708.84226000
I0124,2010-08-16,156765,Russell 2000,,1528.68975000,2733.90726000
I0124,2010-08-17,156765,Russell 2000,,1556.50246000,2783.79810000
I0124,2010-08-18,156765,Russell 2000,,1560.84839000,2791.77353000
I0124,2010-08-19,156765,Russell 2000,,1518.38067000,2715.88285000
I0124,2010-08-20,156765,Russell 2000,,1517.93709000,2715.15224000
I0124,2010-08-23,156765,Russell 2000,,1497.79402000,2679.17694000
I0124,2010-08-24,156765,Russell 2000,,1480.19663000,2647.76492000
I0124,2010-08-25,156765,Russell 2000,,1503.25011000,2689.07564000
I0124,2010-08-26,156765,Russell 2000,,1490.54517000,2666.40014000
I0124,2010-08-27,156765,Russell 2000,,1532.80893000,2742.13335000
I0124,2010-08-30,156765,Russell 2000,,1495.43089000,2675.67869000
I0124,2010-08-31,156765,Russell 2000,,1496.26262000,2677.21261000
I0124,2010-09-01,156765,Russell 2000,,1553.24715000,2779.35952000
I0124,2010-09-02,156765,Russell 2000,,1571.32873000,2811.86393000
I0124,2010-09-03,156765,Russell 2000,,1598.91851000,2861.26814000
I0124,2010-09-07,156765,Russell 2000,,1563.95009000,2798.77239000
I0124,2010-09-08,156765,Russell 2000,,1576.27515000,2821.11764000
I0124,2010-09-09,156765,Russell 2000,,1577.18772000,2822.81571000
I0124,2010-09-10,156765,Russell 2000,,1581.75815000,2831.22644000
I0124,2010-09-13,156765,Russell 2000,,1621.08878000,2902.08211000
I0124,2010-09-14,156765,Russell 2000,,1613.51101000,2888.75858000
I0124,2010-09-15,156765,Russell 2000,,1621.64591000,2903.58052000
I0124,2010-09-16,156765,Russell 2000,,1609.97694000,2882.76758000
I0124,2010-09-17,156765,Russell 2000,,1618.98981000,2898.90571000
I0124,2010-09-20,156765,Russell 2000,,1665.05945000,2981.47545000
I0124,2010-09-21,156765,Russell 2000,,1651.85270000,2957.83855000
I0124,2010-09-22,156765,Russell 2000,,1632.09393000,2922.57372000
I0124,2010-09-23,156765,Russell 2000,,1612.53434000,2887.56723000
I0124,2010-09-24,156765,Russell 2000,,1667.63768000,2986.39129000
I0124,2010-09-27,156765,Russell 2000,,1660.87256000,2974.30152000
I0124,2010-09-28,156765,Russell 2000,,1678.62194000,3007.50692000
I0124,2010-09-29,156765,Russell 2000,,1684.10980000,3017.43657000
I0124,2010-09-30,156765,Russell 2000,,1680.37551000,3010.78356000
I0124,2010-10-01,156765,Russell 2000,,1688.20670000,3024.84394000
I0124,2010-10-04,156765,Russell 2000,,1663.75245000,2981.07652000
I0124,2010-10-05,156765,Russell 2000,,1713.21557000,3069.80433000
I0124,2010-10-06,156765,Russell 2000,,1703.21605000,3052.15146000
I0124,2010-10-07,156765,Russell 2000,,1700.47561000,3047.55116000
I0124,2010-10-08,156765,Russell 2000,,1724.32809000,3090.29901000
I0124,2010-10-11,156765,Russell 2000,,1723.42090000,3088.67316000
I0124,2010-10-12,156765,Russell 2000,,1729.84378000,3100.21451000
I0124,2010-10-13,156765,Russell 2000,,1755.75513000,3146.98762000
I0124,2010-10-14,156765,Russell 2000,,1751.33337000,3139.08200000
I0124,2010-10-15,156765,Russell 2000,,1747.53593000,3132.27857000
I0124,2010-10-18,156765,Russell 2000,,1764.85695000,3163.34136000
I0124,2010-10-19,156765,Russell 2000,,1725.14325000,3092.18703000
I0124,2010-10-20,156765,Russell 2000,,1744.91496000,3127.74507000
I0124,2010-10-21,156765,Russell 2000,,1735.00935000,3110.03182000
I0124,2010-10-22,156765,Russell 2000,,1748.20812000,3133.70373000
I0124,2010-10-25,156765,Russell 2000,,1759.29436000,3153.61215000
I0124,2010-10-26,156765,Russell 2000,,1756.90758000,3149.36176000
I0124,2010-10-27,156765,Russell 2000,,1750.19138000,3137.75201000
I0124,2010-10-28,156765,Russell 2000,,1742.23173000,3123.61822000
I0124,2010-10-29,156765,Russell 2000,,1748.01162000,3133.98917000
I0124,2010-11-01,156765,Russell 2000,,1736.09160000,3112.64441000
I0124,2010-11-02,156765,Russell 2000,,1771.70068000,3176.53910000
I0124,2010-11-03,156765,Russell 2000,,1777.31246000,3186.79906000
I0124,2010-11-04,156765,Russell 2000,,1822.84316000,3268.64959000
I0124,2010-11-05,156765,Russell 2000,,1830.60234000,3282.70362000
I0124,2010-11-08,156765,Russell 2000,,1831.04963000,3283.70630000
I0124,2010-11-09,156765,Russell 2000,,1804.24284000,3235.88964000
I0124,2010-11-10,156765,Russell 2000,,1826.33199000,3275.97432000
I0124,2010-11-11,156765,Russell 2000,,1818.15650000,3261.30957000
I0124,2010-11-12,156765,Russell 2000,,1787.57320000,3206.63215000
I0124,2010-11-15,156765,Russell 2000,,1789.22167000,3209.66390000
I0124,2010-11-16,156765,Russell 2000,,1752.93878000,3144.72805000
I0124,2010-11-17,156765,Russell 2000,,1758.97886000,3155.67932000
I0124,2010-11-18,156765,Russell 2000,,1791.46106000,3214.14400000
I0124,2010-11-19,156765,Russell 2000,,1800.22492000,3229.89683000
I0124,2010-11-22,156765,Russell 2000,,1807.59569000,3243.21868000
I0124,2010-11-23,156765,Russell 2000,,1789.20688000,3210.32355000
I0124,2010-11-24,156765,Russell 2000,,1830.46991000,3284.44509000
I0124,2010-11-26,156765,Russell 2000,,1821.02277000,3267.58451000
I0124,2010-11-29,156765,Russell 2000,,1819.06954000,3264.55102000
I0124,2010-11-30,156765,Russell 2000,,1806.79502000,3242.65583000
I0124,2010-12-01,156765,Russell 2000,,1846.89137000,3314.73211000
I0124,2010-12-02,156765,Russell 2000,,1866.90866000,3350.69203000
I0124,2010-12-03,156765,Russell 2000,,1879.90130000,3374.03247000
I0124,2010-12-06,156765,Russell 2000,,1890.93915000,3393.96907000
I0124,2010-12-07,156765,Russell 2000,,1899.78752000,3409.98140000
I0124,2010-12-08,156765,Russell 2000,,1898.82797000,3408.53693000
I0124,2010-12-09,156765,Russell 2000,,1907.74609000,3424.73220000
I0124,2010-12-10,156765,Russell 2000,,1930.61448000,3465.82789000
I0124,2010-12-13,156765,Russell 2000,,1918.86855000,3445.21273000
I0124,2010-12-14,156765,Russell 2000,,1917.75933000,3443.50561000
I0124,2010-12-15,156765,Russell 2000,,1909.57672000,3429.12101000
I0124,2010-12-16,156765,Russell 2000,,1929.93692000,3465.90652000
I0124,2010-12-17,156765,Russell 2000,,1937.28527000,3479.14382000
I0124,2010-12-20,156765,Russell 2000,,1944.21604000,3491.59069000
I0124,2010-12-21,156765,Russell 2000,,1964.64524000,3528.37702000
I0124,2010-12-22,156765,Russell 2000,,1964.80954000,3528.98082000
I0124,2010-12-23,156765,Russell 2000,,1960.76200000,3521.81177000
I0124,2010-12-27,156765,Russell 2000,,1969.18137000,3536.97097000
I0124,2010-12-28,156765,Russell 2000,,1962.00325000,3524.21495000
I0124,2010-12-29,156765,Russell 2000,,1963.99875000,3529.46076000
I0124,2010-12-30,156765,Russell 2000,,1962.69446000,3527.29825000
I0124,2010-12-31,156765,Russell 2000,,1947.56106000,3500.14829000
I0124,2011-01-03,156765,Russell 2000,,1984.61019000,3566.75061000
I0124,2011-01-04,156765,Russell 2000,,1952.99166000,3509.99666000
I0124,2011-01-05,156765,Russell 2000,,1976.00991000,3551.45361000
I0124,2011-01-06,156765,Russell 2000,,1966.88128000,3535.21594000
I0124,2011-01-07,156765,Russell 2000,,1957.96466000,3519.21720000
I0124,2011-01-10,156765,Russell 2000,,1967.28715000,3536.04905000
I0124,2011-01-11,156765,Russell 2000,,1975.16785000,3550.25083000
I0124,2011-01-12,156765,Russell 2000,,1991.59298000,3580.04716000
I0124,2011-01-13,156765,Russell 2000,,1989.81648000,3576.87979000
I0124,2011-01-14,156765,Russell 2000,,2007.01211000,3607.82557000
I0124,2011-01-18,156765,Russell 2000,,2006.98644000,3607.78496000
I0124,2011-01-19,156765,Russell 2000,,1955.61040000,3515.54529000
I0124,2011-01-20,156765,Russell 2000,,1933.72996000,3476.22228000
I0124,2011-01-21,156765,Russell 2000,,1921.55636000,3454.35063000
I0124,2011-01-24,156765,Russell 2000,,1936.69476000,3481.63935000
I0124,2011-01-25,156765,Russell 2000,,1938.39538000,3484.70821000
I0124,2011-01-26,156765,Russell 2000,,1972.60573000,3546.27708000
I0124,2011-01-27,156765,Russell 2000,,1976.85019000,3554.36937000
I0124,2011-01-28,156765,Russell 2000,,1927.06029000,3464.97255000
I0124,2011-01-31,156765,Russell 2000,,1941.60487000,3491.12921000
I0124,2011-02-01,156765,Russell 2000,,1985.44682000,3570.01620000
I0124,2011-02-02,156765,Russell 2000,,1978.64902000,3557.96967000
I0124,2011-02-03,156765,Russell 2000,,1984.80280000,3569.24229000
I0124,2011-02-04,156765,Russell 2000,,1988.47509000,3575.89611000
I0124,2011-02-07,156765,Russell 2000,,2008.87565000,3612.65760000
I0124,2011-02-08,156765,Russell 2000,,2022.21428000,3636.77670000
I0124,2011-02-09,156765,Russell 2000,,2011.25000000,3617.16846000
I0124,2011-02-10,156765,Russell 2000,,2019.76885000,3632.73602000
I0124,2011-02-11,156765,Russell 2000,,2043.15854000,3675.14355000
I0124,2011-02-14,156765,Russell 2000,,2052.56924000,3692.11484000
I0124,2011-02-15,156765,Russell 2000,,2037.96908000,3665.95714000
I0124,2011-02-16,156765,Russell 2000,,2058.71479000,3703.45559000
I0124,2011-02-17,156765,Russell 2000,,2072.74965000,3728.79687000
I0124,2011-02-18,156765,Russell 2000,,2074.74923000,3732.40958000
I0124,2011-02-22,156765,Russell 2000,,2020.41668000,3634.71157000
I0124,2011-02-23,156765,Russell 2000,,1987.32448000,3575.35637000
I0124,2011-02-24,156765,Russell 2000,,1998.59254000,3595.90951000
I0124,2011-02-25,156765,Russell 2000,,2042.74033000,3675.86272000
I0124,2011-02-28,156765,Russell 2000,,2046.47589000,3682.58790000
I0124,2011-03-01,156765,Russell 2000,,2005.79195000,3609.46817000
I0124,2011-03-02,156765,Russell 2000,,2015.28754000,3626.78710000
I0124,2011-03-03,156765,Russell 2000,,2060.00264000,3707.33268000
I0124,2011-03-04,156765,Russell 2000,,2050.30075000,3690.08312000
I0124,2011-03-07,156765,Russell 2000,,2018.65674000,3633.16548000
I0124,2011-03-08,156765,Russell 2000,,2049.48346000,3688.78398000
I0124,2011-03-09,156765,Russell 2000,,2040.85267000,3673.56211000
I0124,2011-03-10,156765,Russell 2000,,1987.02781000,3576.90485000
I0124,2011-03-11,156765,Russell 2000,,1995.22425000,3592.24715000
I0124,2011-03-14,156765,Russell 2000,,1983.66057000,3571.54931000
I0124,2011-03-15,156765,Russell 2000,,1966.64418000,3541.20511000
I0124,2011-03-16,156765,Russell 2000,,1943.21029000,3499.43172000
I0124,2011-03-17,156765,Russell 2000,,1952.21629000,3515.78477000
I0124,2011-03-18,156765,Russell 2000,,1974.93984000,3556.86851000
I0124,2011-03-21,156765,Russell 2000,,2020.54733000,3639.40158000
I0124,2011-03-22,156765,Russell 2000,,2009.71733000,3619.91566000
I0124,2011-03-23,156765,Russell 2000,,2016.12681000,3631.68930000
I0124,2011-03-24,156765,Russell 2000,,2030.69245000,3657.98534000
I0124,2011-03-25,156765,Russell 2000,,2047.47356000,3688.26781000
I0124,2011-03-28,156765,Russell 2000,,2042.29390000,3679.04656000
I0124,2011-03-29,156765,Russell 2000,,2061.48257000,3714.87606000
I0124,2011-03-30,156765,Russell 2000,,2088.53310000,3763.76752000
I0124,2011-03-31,156765,Russell 2000,,2096.43046000,3778.02570000
I0124,2011-04-01,156765,Russell 2000,,2104.44379000,3792.50497000
I0124,2011-04-04,156765,Russell 2000,,2110.86566000,3804.25342000
I0124,2011-04-05,156765,Russell 2000,,2120.69604000,3822.09501000
I0124,2011-04-06,156765,Russell 2000,,2122.83089000,3826.06733000
I0124,2011-04-07,156765,Russell 2000,,2111.06246000,3805.36643000
I0124,2011-04-08,156765,Russell 2000,,2089.81443000,3767.09708000
I0124,2011-04-11,156765,Russell 2000,,2072.34396000,3735.60674000
I0124,2011-04-12,156765,Russell 2000,,2043.54188000,3683.69537000
I0124,2011-04-13,156765,Russell 2000,,2047.63925000,3691.41245000
I0124,2011-04-14,156765,Russell 2000,,2056.46208000,3707.35229000
I0124,2011-04-15,156765,Russell 2000,,2075.14290000,3741.02973000
I0124,2011-04-18,156765,Russell 2000,,2041.66580000,3680.70913000
I0124,2011-04-19,156765,Russell 2000,,2045.39081000,3687.54811000
I0124,2011-04-20,156765,Russell 2000,,2086.25106000,3761.24619000
I0124,2011-04-21,156765,Russell 2000,,2101.62885000,3789.00480000
I0124,2011-04-25,156765,Russell 2000,,2098.11394000,3782.69287000
I0124,2011-04-26,156765,Russell 2000,,2120.02773000,3822.24044000
I0124,2011-04-27,156765,Russell 2000,,2133.11008000,3846.25400000
I0124,2011-04-28,156765,Russell 2000,,2141.16950000,3861.00546000
I0124,2011-04-29,156765,Russell 2000,,2150.46597000,3877.78841000
I0124,2011-05-02,156765,Russell 2000,,2124.32864000,3830.66279000
I0124,2011-05-03,156765,Russell 2000,,2096.97151000,3781.42596000
I0124,2011-05-04,156765,Russell 2000,,2069.97527000,3732.82712000
I0124,2011-05-05,156765,Russell 2000,,2060.87021000,3716.67875000
I0124,2011-05-06,156765,Russell 2000,,2071.04925000,3735.18842000
I0124,2011-05-09,156765,Russell 2000,,2094.57895000,3777.69026000
I0124,2011-05-10,156765,Russell 2000,,2127.15744000,3836.55820000
I0124,2011-05-11,156765,Russell 2000,,2089.25713000,3768.41844000
I0124,2011-05-12,156765,Russell 2000,,2106.32736000,3799.57719000
I0124,2011-05-13,156765,Russell 2000,,2076.84623000,3746.59871000
I0124,2011-05-16,156765,Russell 2000,,2045.13852000,3689.55811000
I0124,2011-05-17,156765,Russell 2000,,2038.80513000,3678.28107000
I0124,2011-05-18,156765,Russell 2000,,2071.32550000,3737.16668000
I0124,2011-05-19,156765,Russell 2000,,2075.58168000,3745.06426000
I0124,2011-05-20,156765,Russell 2000,,2060.42320000,3717.73103000
I0124,2011-05-23,156765,Russell 2000,,2023.10005000,3650.49510000
I0124,2011-05-24,156765,Russell 2000,,2013.88306000,3633.93830000
I0124,2011-05-25,156765,Russell 2000,,2040.06181000,3681.25790000
I0124,2011-05-26,156765,Russell 2000,,2064.91582000,3726.27315000
I0124,2011-05-27,156765,Russell 2000,,2078.30529000,3750.95219000
I0124,2011-05-31,156765,Russell 2000,,2108.24160000,3805.08471000
I0124,2011-06-01,156765,Russell 2000,,2041.38079000,3684.58594000
I0124,2011-06-02,156765,Russell 2000,,2039.61135000,3681.47270000
I0124,2011-06-03,156765,Russell 2000,,2008.41475000,3625.22871000
I0124,2011-06-06,156765,Russell 2000,,1976.56060000,3567.80349000
I0124,2011-06-07,156765,Russell 2000,,1982.10044000,3577.87705000
I0124,2011-06-08,156765,Russell 2000,,1958.48363000,3535.47765000
I0124,2011-06-09,156765,Russell 2000,,1969.90845000,3556.22713000
I0124,2011-06-10,156765,Russell 2000,,1937.35005000,3497.49313000
I0124,2011-06-13,156765,Russell 2000,,1931.53023000,3487.76353000
I0124,2011-06-14,156765,Russell 2000,,1973.26107000,3563.41116000
I0124,2011-06-15,156765,Russell 2000,,1937.14973000,3498.75644000
I0124,2011-06-16,156765,Russell 2000,,1942.32518000,3508.21168000
I0124,2011-06-17,156765,Russell 2000,,1942.85670000,3509.17170000
I0124,2011-06-20,156765,Russell 2000,,1959.58917000,3539.53812000
I0124,2011-06-21,156765,Russell 2000,,2004.03861000,3620.35499000
I0124,2011-06-22,156765,Russell 2000,,1987.88327000,3591.45598000
I0124,2011-06-23,156765,Russell 2000,,1994.86765000,3604.30436000
I0124,2011-06-24,156765,Russell 2000,,1982.71505000,3582.37242000
I0124,2011-06-27,156765,Russell 2000,,2000.98504000,3615.46193000
I0124,2011-06-28,156765,Russell 2000,,2031.21261000,3671.60834000
I0124,2011-06-29,156765,Russell 2000,,2037.70836000,3683.55801000
I0124,2011-06-30,156765,Russell 2000,,2056.36922000,3717.35545000
I0124,2011-07-01,156765,Russell 2000,,2087.71185000,3774.06309000
I0124,2011-07-05,156765,Russell 2000,,2091.64725000,3781.33014000
I0124,2011-07-06,156765,Russell 2000,,2100.60637000,3797.59967000
I0124,2011-07-07,156765,Russell 2000,,2132.62773000,3855.73965000
I0124,2011-07-08,156765,Russell 2000,,2118.85522000,3830.91363000
I0124,2011-07-11,156765,Russell 2000,,2071.55586000,3745.41387000
I0124,2011-07-12,156765,Russell 2000,,2062.17972000,3728.73540000
I0124,2011-07-13,156765,Russell 2000,,2080.09784000,3761.49776000
I0124,2011-07-14,156765,Russell 2000,,2046.14638000,3700.13956000
I0124,2011-07-15,156765,Russell 2000,,2059.73449000,3724.73964000
I0124,2011-07-18,156765,Russell 2000,,2027.89873000,3667.24519000
I0124,2011-07-19,156765,Russell 2000,,2074.24933000,3751.17425000
I0124,2011-07-20,156765,Russell 2000,,2068.56870000,3740.93041000
I0124,2011-07-21,156765,Russell 2000,,2090.74603000,3781.07098000
I0124,2011-07-22,156765,Russell 2000,,2092.13318000,3783.57962000
I0124,2011-07-25,156765,Russell 2000,,2066.23824000,3736.75002000
I0124,2011-07-26,156765,Russell 2000,,2049.91458000,3707.27707000
I0124,2011-07-27,156765,Russell 2000,,1989.51528000,3598.39541000
I0124,2011-07-28,156765,Russell 2000,,1986.57039000,3593.38783000
I0124,2011-07-29,156765,Russell 2000,,1980.81626000,3582.99076000
I0124,2011-08-01,156765,Russell 2000,,1970.43121000,3564.20887000
I0124,2011-08-02,156765,Russell 2000,,1906.20303000,3448.09677000
I0124,2011-08-03,156765,Russell 2000,,1920.55088000,3474.20759000
I0124,2011-08-04,156765,Russell 2000,,1806.28853000,3267.77613000
I0124,2011-08-05,156765,Russell 2000,,1776.03260000,3213.09287000
I0124,2011-08-08,156765,Russell 2000,,1617.80754000,2926.99338000
I0124,2011-08-09,156765,Russell 2000,,1730.12809000,3130.36800000
I0124,2011-08-10,156765,Russell 2000,,1640.79106000,2968.87924000
I0124,2011-08-11,156765,Russell 2000,,1729.45944000,3129.95468000
I0124,2011-08-12,156765,Russell 2000,,1733.47562000,3137.40464000
I0124,2011-08-15,156765,Russell 2000,,1785.98648000,3232.55976000
I0124,2011-08-16,156765,Russell 2000,,1751.49578000,3170.38264000
I0124,2011-08-17,156765,Russell 2000,,1749.69328000,3167.33263000
I0124,2011-08-18,156765,Russell 2000,,1646.50529000,2980.64638000
I0124,2011-08-19,156765,Russell 2000,,1619.63860000,2932.06916000
I0124,2011-08-22,156765,Russell 2000,,1618.73809000,2930.50498000
I0124,2011-08-23,156765,Russell 2000,,1697.61135000,3073.36447000
I0124,2011-08-24,156765,Russell 2000,,1721.20222000,3116.15917000
I0124,2011-08-25,156765,Russell 2000,,1676.10808000,3034.63778000
I0124,2011-08-26,156765,Russell 2000,,1719.27657000,3112.81270000
I0124,2011-08-29,156765,Russell 2000,,1800.94546000,3260.91005000
I0124,2011-08-30,156765,Russell 2000,,1809.46311000,3276.79431000
I0124,2011-08-31,156765,Russell 2000,,1806.29437000,3271.26218000
I0124,2011-09-01,156765,Russell 2000,,1761.84614000,3190.89276000
I0124,2011-09-02,156765,Russell 2000,,1698.32367000,3075.86296000
I0124,2011-09-06,156765,Russell 2000,,1692.14434000,3064.80445000
I0124,2011-09-07,156765,Russell 2000,,1763.21830000,3193.86480000
I0124,2011-09-08,156765,Russell 2000,,1727.05761000,3128.50054000
I0124,2011-09-09,156765,Russell 2000,,1674.95550000,3034.19861000
I0124,2011-09-12,156765,Russell 2000,,1689.36795000,3060.39539000
I0124,2011-09-13,156765,Russell 2000,,1719.13955000,3115.28559000
I0124,2011-09-14,156765,Russell 2000,,1749.92756000,3171.30136000
I0124,2011-09-15,156765,Russell 2000,,1773.24646000,3214.07447000
I0124,2011-09-16,156765,Russell 2000,,1775.23178000,3217.84527000
I0124,2011-09-19,156765,Russell 2000,,1745.22620000,3163.60362000
I0124,2011-09-20,156765,Russell 2000,,1714.69602000,3108.29292000
I0124,2011-09-21,156765,Russell 2000,,1651.64158000,2994.34538000
I0124,2011-09-22,156765,Russell 2000,,1599.06443000,2899.26978000
I0124,2011-09-23,156765,Russell 2000,,1621.45771000,2939.89026000
I0124,2011-09-26,156765,Russell 2000,,1654.24362000,2999.34962000
I0124,2011-09-27,156765,Russell 2000,,1690.54805000,3065.20042000
I0124,2011-09-28,156765,Russell 2000,,1620.31038000,2939.59405000
I0124,2011-09-29,156765,Russell 2000,,1647.22577000,2988.57264000
I0124,2011-09-30,156765,Russell 2000,,1600.88882000,2904.54733000
I0124,2011-10-03,156765,Russell 2000,,1514.73742000,2748.30344000
I0124,2011-10-04,156765,Russell 2000,,1612.02408000,2924.94448000
I0124,2011-10-05,156765,Russell 2000,,1635.57634000,2967.94939000
I0124,2011-10-06,156765,Russell 2000,,1674.55536000,3039.06951000
I0124,2011-10-07,156765,Russell 2000,,1630.84495000,2959.76613000
I0124,2011-10-10,156765,Russell 2000,,1702.15167000,3089.17831000
I0124,2011-10-11,156765,Russell 2000,,1712.25335000,3107.68898000
I0124,2011-10-12,156765,Russell 2000,,1740.63285000,3159.56597000
I0124,2011-10-13,156765,Russell 2000,,1736.73550000,3152.54683000
I0124,2011-10-14,156765,Russell 2000,,1770.63516000,3214.11527000
I0124,2011-10-17,156765,Russell 2000,,1711.34923000,3106.51750000
I0124,2011-10-18,156765,Russell 2000,,1762.88429000,3200.07443000
I0124,2011-10-19,156765,Russell 2000,,1725.69386000,3132.65848000
I0124,2011-10-20,156765,Russell 2000,,1730.77854000,3141.93207000
I0124,2011-10-21,156765,Russell 2000,,1770.55558000,3214.20885000
I0124,2011-10-24,156765,Russell 2000,,1829.22030000,3320.70876000
I0124,2011-10-25,156765,Russell 2000,,1773.60611000,3219.81560000
I0124,2011-10-26,156765,Russell 2000,,1807.14151000,3280.83676000
I0124,2011-10-27,156765,Russell 2000,,1902.29123000,3454.01868000
I0124,2011-10-28,156765,Russell 2000,,1891.28502000,3434.13125000
I0124,2011-10-31,156765,Russell 2000,,1841.73068000,3344.17398000
I0124,2011-11-01,156765,Russell 2000,,1774.19329000,3221.60814000
I0124,2011-11-02,156765,Russell 2000,,1822.07761000,3308.65566000
I0124,2011-11-03,156765,Russell 2000,,1867.75049000,3391.88687000
I0124,2011-11-04,156765,Russell 2000,,1855.20602000,3369.19067000
I0124,2011-11-07,156765,Russell 2000,,1851.79206000,3363.08525000
I0124,2011-11-08,156765,Russell 2000,,1877.02597000,3409.19956000
I0124,2011-11-09,156765,Russell 2000,,1786.55136000,3245.34667000
I0124,2011-11-10,156765,Russell 2000,,1803.06176000,3275.83719000
I0124,2011-11-11,156765,Russell 2000,,1850.60885000,3362.22165000
I0124,2011-11-14,156765,Russell 2000,,1821.41666000,3309.31236000
I0124,2011-11-15,156765,Russell 2000,,1846.74136000,3355.58454000
I0124,2011-11-16,156765,Russell 2000,,1813.89770000,3296.12156000
I0124,2011-11-17,156765,Russell 2000,,1786.25781000,3246.09616000
I0124,2011-11-18,156765,Russell 2000,,1787.94472000,3249.22739000
I0124,2011-11-21,156765,Russell 2000,,1744.40069000,3170.23464000
I0124,2011-11-22,156765,Russell 2000,,1730.39192000,3144.86583000
I0124,2011-11-23,156765,Russell 2000,,1675.90016000,3045.97705000
I0124,2011-11-25,156765,Russell 2000,,1655.56771000,3009.03486000
I0124,2011-11-28,156765,Russell 2000,,1734.45664000,3152.66357000
I0124,2011-11-29,156765,Russell 2000,,1729.99521000,3145.09686000
I0124,2011-11-30,156765,Russell 2000,,1832.66614000,3331.98382000
I0124,2011-12-01,156765,Russell 2000,,1816.10484000,3301.96369000
I0124,2011-12-02,156765,Russell 2000,,1826.72092000,3321.30106000
I0124,2011-12-05,156765,Russell 2000,,1856.54676000,3375.56305000
I0124,2011-12-06,156765,Russell 2000,,1855.92938000,3374.61456000
I0124,2011-12-07,156765,Russell 2000,,1854.34692000,3371.99245000
I0124,2011-12-08,156765,Russell 2000,,1796.05299000,3266.08360000
I0124,2011-12-09,156765,Russell 2000,,1852.50610000,3368.88719000
I0124,2011-12-12,156765,Russell 2000,,1822.06249000,3313.64384000
I0124,2011-12-13,156765,Russell 2000,,1784.55255000,3246.47159000
I0124,2011-12-14,156765,Russell 2000,,1760.69233000,3203.37233000
I0124,2011-12-15,156765,Russell 2000,,1779.47421000,3237.83984000
I0124,2011-12-16,156765,Russell 2000,,1794.48434000,3265.22257000
I0124,2011-12-19,156765,Russell 2000,,1760.93882000,3204.27445000
I0124,2011-12-20,156765,Russell 2000,,1834.66582000,3338.71379000
I0124,2011-12-21,156765,Russell 2000,,1840.19929000,3349.06762000
I0124,2011-12-22,156765,Russell 2000,,1852.77925000,3372.45375000
I0124,2011-12-23,156765,Russell 2000,,1858.92404000,3383.66847000
I0124,2011-12-27,156765,Russell 2000,,1867.20478000,3398.85417000
I0124,2011-12-28,156765,Russell 2000,,1827.18919000,3327.92773000
I0124,2011-12-29,156765,Russell 2000,,1851.46050000,3372.33883000
I0124,2011-12-30,156765,Russell 2000,,1841.36320000,3353.99357000
I0124,2012-01-03,156765,Russell 2000,,1869.60257000,3405.51512000
I0124,2012-01-04,156765,Russell 2000,,1857.16770000,3383.00082000
I0124,2012-01-05,156765,Russell 2000,,1869.62225000,3405.75341000
I0124,2012-01-06,156765,Russell 2000,,1863.21286000,3394.22887000
I0124,2012-01-09,156765,Russell 2000,,1872.67134000,3411.45946000
I0124,2012-01-10,156765,Russell 2000,,1900.59502000,3462.33662000
I0124,2012-01-11,156765,Russell 2000,,1906.77947000,3473.96804000
I0124,2012-01-12,156765,Russell 2000,,1914.86273000,3488.74916000
I0124,2012-01-13,156765,Russell 2000,,1899.22509000,3460.30452000
I0124,2012-01-17,156765,Russell 2000,,1902.53008000,3466.33484000
I0124,2012-01-18,156765,Russell 2000,,1936.65499000,3528.59432000
I0124,2012-01-19,156765,Russell 2000,,1944.38165000,3542.76125000
I0124,2012-01-20,156765,Russell 2000,,1949.98980000,3552.99496000
I0124,2012-01-23,156765,Russell 2000,,1946.07143000,3545.91258000
I0124,2012-01-24,156765,Russell 2000,,1959.03733000,3569.58273000
I0124,2012-01-25,156765,Russell 2000,,1977.36506000,3603.02771000
I0124,2012-01-26,156765,Russell 2000,,1970.57821000,3590.75939000
I0124,2012-01-27,156765,Russell 2000,,1985.34601000,3618.11996000
I0124,2012-01-30,156765,Russell 2000,,1969.26176000,3588.89285000
I0124,2012-01-31,156765,Russell 2000,,1970.35797000,3590.95657000
I0124,2012-02-01,156765,Russell 2000,,2012.21068000,3667.34305000
I0124,2012-02-02,156765,Russell 2000,,2020.24299000,3682.26463000
I0124,2012-02-03,156765,Russell 2000,,2065.51472000,3764.83028000
I0124,2012-02-06,156765,Russell 2000,,2058.71690000,3752.51600000
I0124,2012-02-07,156765,Russell 2000,,2056.23264000,3748.10818000
I0124,2012-02-08,156765,Russell 2000,,2058.76468000,3752.92973000
I0124,2012-02-09,156765,Russell 2000,,2050.29659000,3737.59060000
I0124,2012-02-10,156765,Russell 2000,,2021.33758000,3684.87052000
I0124,2012-02-13,156765,Russell 2000,,2049.85218000,3737.25819000
I0124,2012-02-14,156765,Russell 2000,,2039.51973000,3718.67886000
I0124,2012-02-15,156765,Russell 2000,,2022.93573000,3688.81903000
I0124,2012-02-16,156765,Russell 2000,,2062.67045000,3761.40148000
I0124,2012-02-17,156765,Russell 2000,,2059.46959000,3755.60360000
I0124,2012-02-21,156765,Russell 2000,,2045.92008000,3730.99512000
I0124,2012-02-22,156765,Russell 2000,,2029.21938000,3700.77099000
I0124,2012-02-23,156765,Russell 2000,,2060.85521000,3758.63881000
I0124,2012-02-24,156765,Russell 2000,,2055.10969000,3748.30240000
I0124,2012-02-27,156765,Russell 2000,,2054.44857000,3747.35703000
I0124,2012-02-28,156765,Russell 2000,,2047.35640000,3734.98771000
I0124,2012-02-29,156765,Russell 2000,,2015.38076000,3676.89669000
I0124,2012-03-01,156765,Russell 2000,,2026.01997000,3696.48427000
I0124,2012-03-02,156765,Russell 2000,,1994.21322000,3638.52778000
I0124,2012-03-05,156765,Russell 2000,,1997.26049000,3644.20227000
I0124,2012-03-06,156765,Russell 2000,,1956.11479000,3569.21682000
I0124,2012-03-07,156765,Russell 2000,,1978.13216000,3609.81278000
I0124,2012-03-08,156765,Russell 2000,,2003.95366000,3657.26551000
I0124,2012-03-09,156765,Russell 2000,,2030.45556000,3705.69572000
I0124,2012-03-12,156765,Russell 2000,,2023.70694000,3693.61416000
I0124,2012-03-13,156765,Russell 2000,,2065.80921000,3771.43852000
I0124,2012-03-14,156765,Russell 2000,,2046.36293000,3736.14949000
I0124,2012-03-15,156765,Russell 2000,,2066.39592000,3772.87510000
I0124,2012-03-16,156765,Russell 2000,,2063.21288000,3767.30068000
I0124,2012-03-19,156765,Russell 2000,,2082.06909000,3801.77598000
I0124,2012-03-20,156765,Russell 2000,,2060.87676000,3763.37906000
I0124,2012-03-21,156765,Russell 2000,,2062.57105000,3766.79386000
I0124,2012-03-22,156765,Russell 2000,,2041.47450000,3728.94604000
I0124,2012-03-23,156765,Russell 2000,,2062.84188000,3767.97559000
I0124,2012-03-26,156765,Russell 2000,,2102.84324000,3841.07265000
I0124,2012-03-27,156765,Russell 2000,,2087.55246000,3813.17587000
I0124,2012-03-28,156765,Russell 2000,,2073.80820000,3789.65990000
I0124,2012-03-29,156765,Russell 2000,,2068.27947000,3779.79030000
I0124,2012-03-30,156765,Russell 2000,,2063.50797000,3771.10735000
I0124,2012-04-02,156765,Russell 2000,,2089.16645000,3818.32256000
I0124,2012-04-03,156765,Russell 2000,,2074.69729000,3792.16132000
I0124,2012-04-04,156765,Russell 2000,,2038.85997000,3726.76168000
I0124,2012-04-05,156765,Russell 2000,,2033.39150000,3717.02181000
I0124,2012-04-09,156765,Russell 2000,,1996.81125000,3650.19097000
I0124,2012-04-10,156765,Russell 2000,,1948.81372000,3562.50515000
I0124,2012-04-11,156765,Russell 2000,,1979.73557000,3619.31295000
I0124,2012-04-12,156765,Russell 2000,,2009.54276000,3674.07057000
I0124,2012-04-13,156765,Russell 2000,,1978.98858000,3618.23567000
I0124,2012-04-16,156765,Russell 2000,,1983.42557000,3626.38098000
I0124,2012-04-17,156765,Russell 2000,,2014.62197000,3683.45123000
I0124,2012-04-18,156765,Russell 2000,,1996.44365000,3650.30331000
I0124,2012-04-19,156765,Russell 2000,,1985.47599000,3630.27735000
I0124,2012-04-20,156765,Russell 2000,,1998.26797000,3653.71120000
I0124,2012-04-23,156765,Russell 2000,,1967.95029000,3598.31679000
I0124,2012-04-24,156765,Russell 2000,,1983.34803000,3626.56021000
I0124,2012-04-25,156765,Russell 2000,,2018.32567000,3690.59523000
I0124,2012-04-26,156765,Russell 2000,,2033.76275000,3719.36363000
I0124,2012-04-27,156765,Russell 2000,,2051.49327000,3751.88298000
I0124,2012-04-30,156765,Russell 2000,,2030.14285000,3712.85553000
I0124,2012-05-01,156765,Russell 2000,,2027.70435000,3708.45058000
I0124,2012-05-02,156765,Russell 2000,,2034.42215000,3720.87726000
I0124,2012-05-03,156765,Russell 2000,,2004.59096000,3666.63120000
I0124,2012-05-04,156765,Russell 2000,,1967.93154000,3599.62880000
I0124,2012-05-07,156765,Russell 2000,,1972.81396000,3608.67168000
I0124,2012-05-08,156765,Russell 2000,,1970.96582000,3605.46735000
I0124,2012-05-09,156765,Russell 2000,,1960.67418000,3586.81542000
I0124,2012-05-10,156765,Russell 2000,,1967.69796000,3599.86621000
I0124,2012-05-11,156765,Russell 2000,,1963.49816000,3592.85544000
I0124,2012-05-14,156765,Russell 2000,,1935.87598000,3542.48197000
I0124,2012-05-15,156765,Russell 2000,,1931.94065000,3535.46436000
I0124,2012-05-16,156765,Russell 2000,,1918.87644000,3511.86458000
I0124,2012-05-17,156765,Russell 2000,,1874.71175000,3431.31802000
I0124,2012-05-18,156765,Russell 2000,,1857.00103000,3398.95688000
I0124,2012-05-21,156765,Russell 2000,,1900.32886000,3478.38141000
I0124,2012-05-22,156765,Russell 2000,,1887.86551000,3455.67417000
I0124,2012-05-23,156765,Russell 2000,,1901.62803000,3480.95685000
I0124,2012-05-24,156765,Russell 2000,,1905.12418000,3487.53682000
I0124,2012-05-25,156765,Russell 2000,,1904.71204000,3486.83919000
I0124,2012-05-29,156765,Russell 2000,,1931.44866000,3536.03920000
I0124,2012-05-30,156765,Russell 2000,,1893.77236000,3467.75574000
I0124,2012-05-31,156765,Russell 2000,,1893.31928000,3467.10296000
I0124,2012-06-01,156765,Russell 2000,,1832.67639000,3356.20208000
I0124,2012-06-04,156765,Russell 2000,,1832.22881000,3355.46546000
I0124,2012-06-05,156765,Russell 2000,,1854.21473000,3395.85318000
I0124,2012-06-06,156765,Russell 2000,,1901.64047000,3482.99448000
I0124,2012-06-07,156765,Russell 2000,,1889.63692000,3461.23489000
I0124,2012-06-08,156765,Russell 2000,,1911.63111000,3501.56471000
I0124,2012-06-11,156765,Russell 2000,,1866.43836000,3418.98754000
I0124,2012-06-12,156765,Russell 2000,,1892.60017000,3467.17686000
I0124,2012-06-13,156765,Russell 2000,,1869.85438000,3426.70183000
I0124,2012-06-14,156765,Russell 2000,,1894.61060000,3472.20874000
I0124,2012-06-15,156765,Russell 2000,,1916.92419000,3513.25738000
I0124,2012-06-18,156765,Russell 2000,,1919.93712000,3518.89088000
I0124,2012-06-19,156765,Russell 2000,,1954.46891000,3582.32019000
I0124,2012-06-20,156765,Russell 2000,,1948.56312000,3571.87755000
I0124,2012-06-21,156765,Russell 2000,,1900.80702000,3484.69090000
I0124,2012-06-22,156765,Russell 2000,,1926.46144000,3531.97161000
I0124,2012-06-25,156765,Russell 2000,,1893.50329000,3471.56191000
I0124,2012-06-26,156765,Russell 2000,,1901.25745000,3485.79725000
I0124,2012-06-27,156765,Russell 2000,,1929.15596000,3538.49227000
I0124,2012-06-28,156765,Russell 2000,,1928.27492000,3537.08092000
I0124,2012-06-29,156765,Russell 2000,,1984.44229000,3640.11099000
I0124,2012-07-02,156765,Russell 2000,,2007.94250000,3683.33832000
I0124,2012-07-03,156765,Russell 2000,,2034.14465000,3731.65897000
I0124,2012-07-05,156765,Russell 2000,,2031.52671000,3727.00219000
I0124,2012-07-06,156765,Russell 2000,,2005.95221000,3680.31292000
I0124,2012-07-09,156765,Russell 2000,,2000.13259000,3669.68635000
I0124,2012-07-10,156765,Russell 2000,,1976.20671000,3625.86621000
I0124,2012-07-11,156765,Russell 2000,,1968.96969000,3612.76840000
I0124,2012-07-12,156765,Russell 2000,,1962.40418000,3600.92205000
I0124,2012-07-13,156765,Russell 2000,,1990.67211000,3652.83563000
I0124,2012-07-16,156765,Russell 2000,,1979.90916000,3633.13513000
I0124,2012-07-17,156765,Russell 2000,,1986.82570000,3645.83644000
I0124,2012-07-18,156765,Russell 2000,,2000.76520000,3671.51920000
I0124,2012-07-19,156765,Russell 2000,,1993.58308000,3658.43947000
I0124,2012-07-20,156765,Russell 2000,,1967.17978000,3610.02510000
I0124,2012-07-23,156765,Russell 2000,,1935.76372000,3552.38252000
I0124,2012-07-24,156765,Russell 2000,,1908.05455000,3501.56611000
I0124,2012-07-25,156765,Russell 2000,,1911.94093000,3508.80528000
I0124,2012-07-26,156765,Russell 2000,,1931.31290000,3544.40550000
I0124,2012-07-27,156765,Russell 2000,,1978.26348000,3630.93931000
I0124,2012-07-30,156765,Russell 2000,,1967.28339000,3610.89915000
I0124,2012-07-31,156765,Russell 2000,,1955.75166000,3589.80801000
I0124,2012-08-01,156765,Russell 2000,,1916.20026000,3517.31380000
I0124,2012-08-02,156765,Russell 2000,,1910.15845000,3506.51640000
I0124,2012-08-03,156765,Russell 2000,,1959.56951000,3597.33828000
I0124,2012-08-06,156765,Russell 2000,,1974.14747000,3624.25070000
I0124,2012-08-07,156765,Russell 2000,,1991.52858000,3656.31894000
I0124,2012-08-08,156765,Russell 2000,,1988.60724000,3651.23251000
I0124,2012-08-09,156765,Russell 2000,,1995.41076000,3663.95873000
I0124,2012-08-10,156765,Russell 2000,,1992.05038000,3657.93845000
I0124,2012-08-13,156765,Russell 2000,,1986.92689000,3649.01715000
I0124,2012-08-14,156765,Russell 2000,,1980.45175000,3637.36488000
I0124,2012-08-15,156765,Russell 2000,,1998.78609000,3671.42473000
I0124,2012-08-16,156765,Russell 2000,,2020.69951000,3711.92386000
I0124,2012-08-17,156765,Russell 2000,,2037.63025000,3743.15576000
I0124,2012-08-20,156765,Russell 2000,,2029.22403000,3727.85319000
I0124,2012-08-21,156765,Russell 2000,,2026.36674000,3722.75809000
I0124,2012-08-22,156765,Russell 2000,,2019.42296000,3710.07678000
I0124,2012-08-23,156765,Russell 2000,,2003.11514000,3680.21318000
I0124,2012-08-24,156765,Russell 2000,,2011.03118000,3694.78706000
I0124,2012-08-27,156765,Russell 2000,,2014.05523000,3700.38043000
I0124,2012-08-28,156765,Russell 2000,,2023.69649000,3718.14386000
I0124,2012-08-29,156765,Russell 2000,,2032.52607000,3735.12160000
I0124,2012-08-30,156765,Russell 2000,,2009.67232000,3693.55940000
I0124,2012-08-31,156765,Russell 2000,,2018.24140000,3709.51793000
I0124,2012-09-04,156765,Russell 2000,,2043.22228000,3755.47344000
I0124,2012-09-05,156765,Russell 2000,,2040.96545000,3751.71386000
I0124,2012-09-06,156765,Russell 2000,,2082.50672000,3828.29718000
I0124,2012-09-07,156765,Russell 2000,,2093.24446000,3848.10775000
I0124,2012-09-10,156765,Russell 2000,,2086.03438000,3834.97021000
I0124,2012-09-11,156765,Russell 2000,,2092.36316000,3846.88804000
I0124,2012-09-12,156765,Russell 2000,,2100.32517000,3862.52156000
I0124,2012-09-13,156765,Russell 2000,,2127.67880000,3913.00563000
I0124,2012-09-14,156765,Russell 2000,,2148.98961000,3952.32549000
I0124,2012-09-17,156765,Russell 2000,,2134.58170000,3925.97758000
I0124,2012-09-18,156765,Russell 2000,,2129.68208000,3917.18657000
I0124,2012-09-19,156765,Russell 2000,,2127.56657000,3913.51087000
I0124,2012-09-20,156765,Russell 2000,,2116.22000000,3893.32215000
I0124,2012-09-21,156765,Russell 2000,,2126.16598000,3911.70244000
I0124,2012-09-24,156765,Russell 2000,,2116.84464000,3894.82812000
I0124,2012-09-25,156765,Russell 2000,,2085.41708000,3837.01797000
I0124,2012-09-26,156765,Russell 2000,,2072.51659000,3814.76836000
I0124,2012-09-27,156765,Russell 2000,,2096.39953000,3859.14782000
I0124,2012-09-28,156765,Russell 2000,,2081.27353000,3831.33153000
I0124,2012-10-01,156765,Russell 2000,,2088.38232000,3844.45402000
I0124,2012-10-02,156765,Russell 2000,,2088.88495000,3845.42131000
I0124,2012-10-03,156765,Russell 2000,,2084.57475000,3837.84429000
I0124,2012-10-04,156765,Russell 2000,,2099.16946000,3864.80094000
I0124,2012-10-05,156765,Russell 2000,,2094.71884000,3856.85290000
I0124,2012-10-08,156765,Russell 2000,,2083.65756000,3836.48656000
I0124,2012-10-09,156765,Russell 2000,,2057.58523000,3788.55756000
I0124,2012-10-10,156765,Russell 2000,,2054.67298000,3783.24517000
I0124,2012-10-11,156765,Russell 2000,,2062.20757000,3797.49813000
I0124,2012-10-12,156765,Russell 2000,,2045.59434000,3766.90533000
I0124,2012-10-15,156765,Russell 2000,,2058.48530000,3790.70325000
I0124,2012-10-16,156765,Russell 2000,,2076.26973000,3823.48847000
I0124,2012-10-17,156765,Russell 2000,,2093.87910000,3855.98703000
I0124,2012-10-18,156765,Russell 2000,,2080.46332000,3831.41096000
I0124,2012-10-19,156765,Russell 2000,,2040.38895000,3757.62449000
I0124,2012-10-22,156765,Russell 2000,,2039.20633000,3755.46711000
I0124,2012-10-23,156765,Russell 2000,,2028.45767000,3735.72855000
I0124,2012-10-24,156765,Russell 2000,,2022.13668000,3724.20861000
I0124,2012-10-25,156765,Russell 2000,,2029.99635000,3738.72470000
I0124,2012-10-26,156765,Russell 2000,,2021.14014000,3722.46404000
I0124,2012-10-29,156765,Russell 2000,,2021.14014000,3722.46404000
I0124,2012-10-30,156765,Russell 2000,,2021.14014000,3722.46404000
I0124,2012-10-31,156765,Russell 2000,,2034.75791000,3748.21225000
I0124,2012-11-01,156765,Russell 2000,,2057.41789000,3790.27092000
I0124,2012-11-02,156765,Russell 2000,,2023.90876000,3728.60075000
I0124,2012-11-05,156765,Russell 2000,,2036.76530000,3752.46179000
I0124,2012-11-06,156765,Russell 2000,,2052.34241000,3781.30307000
I0124,2012-11-07,156765,Russell 2000,,1999.44044000,3684.41202000
I0124,2012-11-08,156765,Russell 2000,,1972.41989000,3634.68442000
I0124,2012-11-09,156765,Russell 2000,,1975.82485000,3641.16977000
I0124,2012-11-12,156765,Russell 2000,,1972.69574000,3635.40325000
I0124,2012-11-13,156765,Russell 2000,,1960.89899000,3614.32455000
I0124,2012-11-14,156765,Russell 2000,,1921.60537000,3542.28108000
I0124,2012-11-15,156765,Russell 2000,,1912.35882000,3525.61196000
I0124,2012-11-16,156765,Russell 2000,,1929.24009000,3556.88297000
I0124,2012-11-19,156765,Russell 2000,,1970.94803000,3633.91021000
I0124,2012-11-20,156765,Russell 2000,,1972.80985000,3637.57274000
I0124,2012-11-21,156765,Russell 2000,,1984.17233000,3658.66170000
I0124,2012-11-23,156765,Russell 2000,,2006.04629000,3699.13985000
I0124,2012-11-26,156765,Russell 2000,,2010.61356000,3707.67462000
I0124,2012-11-27,156765,Russell 2000,,2007.43372000,3701.95246000
I0124,2012-11-28,156765,Russell 2000,,2021.75552000,3729.12837000
I0124,2012-11-29,156765,Russell 2000,,2045.86846000,3773.98492000
I0124,2012-11-30,156765,Russell 2000,,2042.67559000,3768.12683000
I0124,2012-12-03,156765,Russell 2000,,2039.88957000,3763.15427000
I0124,2012-12-04,156765,Russell 2000,,2043.16717000,3769.31127000
I0124,2012-12-05,156765,Russell 2000,,2039.39032000,3762.65900000
I0124,2012-12-06,156765,Russell 2000,,2042.36450000,3768.48632000
I0124,2012-12-07,156765,Russell 2000,,2043.55510000,3770.80976000
I0124,2012-12-10,156765,Russell 2000,,2053.46598000,3789.24644000
I0124,2012-12-11,156765,Russell 2000,,2075.16694000,3829.39053000
I0124,2012-12-12,156765,Russell 2000,,2061.23290000,3804.99399000
I0124,2012-12-13,156765,Russell 2000,,2048.35072000,3781.82036000
I0124,2012-12-14,156765,Russell 2000,,2047.23261000,3780.05948000
I0124,2012-12-17,156765,Russell 2000,,2075.18253000,3831.80543000
I0124,2012-12-18,156765,Russell 2000,,2106.71726000,3890.46444000
I0124,2012-12-19,156765,Russell 2000,,2107.21727000,3892.08055000
I0124,2012-12-20,156765,Russell 2000,,2118.66336000,3913.75470000
I0124,2012-12-21,156765,Russell 2000,,2107.29533000,3892.88664000
I0124,2012-12-24,156765,Russell 2000,,2099.39628000,3878.49114000
I0124,2012-12-26,156765,Russell 2000,,2084.84400000,3851.86887000
I0124,2012-12-27,156765,Russell 2000,,2081.14785000,3847.27719000
I0124,2012-12-28,156765,Russell 2000,,2067.96614000,3823.03594000
I0124,2012-12-31,156765,Russell 2000,,2110.84733000,3902.36691000
I0124,2013-01-02,156765,Russell 2000,,2170.66492000,4013.03841000
I0124,2013-01-03,156765,Russell 2000,,2168.64272000,4009.33491000
I0124,2013-01-04,156765,Russell 2000,,2184.91608000,4039.45801000
I0124,2013-01-07,156765,Russell 2000,,2176.58145000,4024.05887000
I0124,2013-01-08,156765,Russell 2000,,2173.84071000,4019.12016000
I0124,2013-01-09,156765,Russell 2000,,2185.79531000,4041.23157000
I0124,2013-01-10,156765,Russell 2000,,2190.09989000,4049.28243000
I0124,2013-01-11,156765,Russell 2000,,2188.94681000,4047.39098000
I0124,2013-01-14,156765,Russell 2000,,2187.26085000,4044.31226000
I0124,2013-01-15,156765,Russell 2000,,2198.46416000,4065.06931000
I0124,2013-01-16,156765,Russell 2000,,2192.77260000,4054.64808000
I0124,2013-01-17,156765,Russell 2000,,2212.76586000,4091.67093000
I0124,2013-01-18,156765,Russell 2000,,2218.83384000,4102.93050000
I0124,2013-01-22,156765,Russell 2000,,2234.83302000,4132.51884000
I0124,2013-01-23,156765,Russell 2000,,2228.53561000,4121.02171000
I0124,2013-01-24,156765,Russell 2000,,2237.20009000,4137.13322000
I0124,2013-01-25,156765,Russell 2000,,2249.73812000,4160.32898000
I0124,2013-01-28,156765,Russell 2000,,2253.41492000,4167.19520000
I0124,2013-01-29,156765,Russell 2000,,2254.90214000,4170.37915000
I0124,2013-01-30,156765,Russell 2000,,2229.05038000,4122.69522000
I0124,2013-01-31,156765,Russell 2000,,2241.91213000,4146.62742000
I0124,2013-02-01,156765,Russell 2000,,2264.55904000,4188.60072000
I0124,2013-02-04,156765,Russell 2000,,2234.93282000,4133.91320000
I0124,2013-02-05,156765,Russell 2000,,2257.14330000,4175.08890000
I0124,2013-02-06,156765,Russell 2000,,2264.77591000,4189.40083000
I0124,2013-02-07,156765,Russell 2000,,2256.85646000,4174.92759000
I0124,2013-02-08,156765,Russell 2000,,2270.70070000,4200.62215000
I0124,2013-02-11,156765,Russell 2000,,2269.11858000,4197.75994000
I0124,2013-02-12,156765,Russell 2000,,2280.25659000,4218.58270000
I0124,2013-02-13,156765,Russell 2000,,2287.86932000,4233.53501000
I0124,2013-02-14,156765,Russell 2000,,2295.77898000,4248.37567000
I0124,2013-02-15,156765,Russell 2000,,2294.26276000,4245.63617000
I0124,2013-02-19,156765,Russell 2000,,2316.25857000,4286.51772000
I0124,2013-02-20,156765,Russell 2000,,2270.27150000,4201.61926000
I0124,2013-02-21,156765,Russell 2000,,2250.14861000,4164.58690000
I0124,2013-02-22,156765,Russell 2000,,2276.87980000,4214.07137000
I0124,2013-02-25,156765,Russell 2000,,2226.39980000,4120.85678000
I0124,2013-02-26,156765,Russell 2000,,2236.86065000,4140.58320000
I0124,2013-02-27,156765,Russell 2000,,2261.37881000,4186.64825000
I0124,2013-02-28,156765,Russell 2000,,2264.32868000,4192.36902000
I0124,2013-03-01,156765,Russell 2000,,2273.33116000,4209.21902000
I0124,2013-03-04,156765,Russell 2000,,2278.17935000,4218.32437000
I0124,2013-03-05,156765,Russell 2000,,2304.81815000,4267.78973000
I0124,2013-03-06,156765,Russell 2000,,2311.18600000,4279.94864000
I0124,2013-03-07,156765,Russell 2000,,2322.64537000,4301.51854000
I0124,2013-03-08,156765,Russell 2000,,2342.35483000,4338.03923000
I0124,2013-03-11,156765,Russell 2000,,2342.37296000,4338.29318000
I0124,2013-03-12,156765,Russell 2000,,2336.78943000,4328.16229000
I0124,2013-03-13,156765,Russell 2000,,2345.83421000,4346.20620000
I0124,2013-03-14,156765,Russell 2000,,2368.61280000,4388.70774000
I0124,2013-03-15,156765,Russell 2000,,2367.15898000,4386.16229000
I0124,2013-03-18,156765,Russell 2000,,2354.03712000,4362.16074000
I0124,2013-03-19,156765,Russell 2000,,2343.20850000,4342.37436000
I0124,2013-03-20,156765,Russell 2000,,2365.83085000,4384.50036000
I0124,2013-03-21,156765,Russell 2000,,2345.88193000,4347.91032000
I0124,2013-03-22,156765,Russell 2000,,2351.72717000,4358.74401000
I0124,2013-03-25,156765,Russell 2000,,2350.66589000,4356.82703000
I0124,2013-03-26,156765,Russell 2000,,2360.53897000,4376.98588000
I0124,2013-03-27,156765,Russell 2000,,2361.57412000,4379.59708000
I0124,2013-03-28,156765,Russell 2000,,2364.82257000,4385.94652000
I0124,2013-04-01,156765,Russell 2000,,2333.11898000,4327.19624000
I0124,2013-04-02,156765,Russell 2000,,2321.96680000,4306.62056000
I0124,2013-04-03,156765,Russell 2000,,2283.23055000,4234.97341000
I0124,2013-04-04,156765,Russell 2000,,2300.50356000,4267.19386000
I0124,2013-04-05,156765,Russell 2000,,2294.57635000,4256.23225000
I0124,2013-04-08,156765,Russell 2000,,2314.97889000,4294.25025000
I0124,2013-04-09,156765,Russell 2000,,2309.64122000,4284.36942000
I0124,2013-04-10,156765,Russell 2000,,2351.28212000,4361.76395000
I0124,2013-04-11,156765,Russell 2000,,2353.66231000,4366.49076000
I0124,2013-04-12,156765,Russell 2000,,2343.22537000,4347.17352000
I0124,2013-04-15,156765,Russell 2000,,2254.56941000,4182.76193000
I0124,2013-04-16,156765,Russell 2000,,2294.62835000,4257.09015000
I0124,2013-04-17,156765,Russell 2000,,2253.62697000,4181.18940000
I0124,2013-04-18,156765,Russell 2000,,2240.48667000,4156.88264000
I0124,2013-04-19,156765,Russell 2000,,2267.78566000,4207.58130000
I0124,2013-04-22,156765,Russell 2000,,2273.51383000,4218.22501000
I0124,2013-04-23,156765,Russell 2000,,2309.69723000,4285.42717000
I0124,2013-04-24,156765,Russell 2000,,2321.50896000,4307.44859000
I0124,2013-04-25,156765,Russell 2000,,2336.83945000,4336.03598000
I0124,2013-04-26,156765,Russell 2000,,2324.33854000,4313.36570000
I0124,2013-04-29,156765,Russell 2000,,2342.17674000,4346.55667000
I0124,2013-04-30,156765,Russell 2000,,2354.67843000,4369.83061000
I0124,2013-05-01,156765,Russell 2000,,2296.96658000,4262.89828000
I0124,2013-05-02,156765,Russell 2000,,2335.76792000,4335.23367000
I0124,2013-05-03,156765,Russell 2000,,2371.97465000,4402.62072000
I0124,2013-05-06,156765,Russell 2000,,2385.35358000,4427.54488000
I0124,2013-05-07,156765,Russell 2000,,2405.27360000,4464.61851000
I0124,2013-05-08,156765,Russell 2000,,2411.70243000,4476.91018000
I0124,2013-05-09,156765,Russell 2000,,2401.39401000,4457.96899000
I0124,2013-05-10,156765,Russell 2000,,2423.51839000,4499.21495000
I0124,2013-05-13,156765,Russell 2000,,2420.10777000,4493.45238000
I0124,2013-05-14,156765,Russell 2000,,2450.34744000,4549.96479000
I0124,2013-05-15,156765,Russell 2000,,2456.76667000,4562.21703000
I0124,2013-05-16,156765,Russell 2000,,2448.81783000,4547.86037000
I0124,2013-05-17,156765,Russell 2000,,2475.99925000,4598.37624000
I0124,2013-05-20,156765,Russell 2000,,2480.22713000,4606.45504000
I0124,2013-05-21,156765,Russell 2000,,2482.21140000,4610.26251000
I0124,2013-05-22,156765,Russell 2000,,2441.15107000,4534.11329000
I0124,2013-05-23,156765,Russell 2000,,2446.18591000,4543.60725000
I0124,2013-05-24,156765,Russell 2000,,2446.17144000,4543.60982000
I0124,2013-05-28,156765,Russell 2000,,2478.65850000,4604.07364000
I0124,2013-05-29,156765,Russell 2000,,2452.85608000,4557.00431000
I0124,2013-05-30,156765,Russell 2000,,2471.41884000,4591.86996000
I0124,2013-05-31,156765,Russell 2000,,2445.84030000,4544.48457000
I0124,2013-06-03,156765,Russell 2000,,2461.71323000,4574.18836000
I0124,2013-06-04,156765,Russell 2000,,2440.44235000,4534.70550000
I0124,2013-06-05,156765,Russell 2000,,2406.11600000,4471.26463000
I0124,2013-06-06,156765,Russell 2000,,2434.19740000,4523.74309000
I0124,2013-06-07,156765,Russell 2000,,2454.49601000,4561.53334000
I0124,2013-06-10,156765,Russell 2000,,2467.04259000,4585.00806000
I0124,2013-06-11,156765,Russell 2000,,2439.13844000,4533.37046000
I0124,2013-06-12,156765,Russell 2000,,2416.42830000,4492.56328000
I0124,2013-06-13,156765,Russell 2000,,2459.63473000,4573.11537000
I0124,2013-06-14,156765,Russell 2000,,2438.97513000,4534.92359000
I0124,2013-06-17,156765,Russell 2000,,2455.03317000,4564.80032000
I0124,2013-06-18,156765,Russell 2000,,2485.21486000,4621.27110000
I0124,2013-06-19,156765,Russell 2000,,2451.70867000,4559.15711000
I0124,2013-06-20,156765,Russell 2000,,2387.12915000,4439.16737000
I0124,2013-06-21,156765,Russell 2000,,2394.99734000,4454.08582000
I0124,2013-06-24,156765,Russell 2000,,2363.59967000,4395.73064000
I0124,2013-06-25,156765,Russell 2000,,2388.96926000,4443.21343000
I0124,2013-06-26,156765,Russell 2000,,2395.36101000,4457.73750000
I0124,2013-06-27,156765,Russell 2000,,2435.35911000,4532.51506000
I0124,2013-06-28,156765,Russell 2000,,2429.27260000,4521.23522000
I0124,2013-07-01,156765,Russell 2000,,2460.00649000,4578.51694000
I0124,2013-07-02,156765,Russell 2000,,2459.24402000,4577.34324000
I0124,2013-07-03,156765,Russell 2000,,2463.20822000,4584.90991000
I0124,2013-07-05,156765,Russell 2000,,2498.64229000,4650.95322000
I0124,2013-07-08,156765,Russell 2000,,2508.24016000,4668.98311000
I0124,2013-07-09,156765,Russell 2000,,2530.11867000,4709.72340000
I0124,2013-07-10,156765,Russell 2000,,2536.01218000,4720.84916000
I0124,2013-07-11,156765,Russell 2000,,2567.70018000,4780.14063000
I0124,2013-07-12,156765,Russell 2000,,2576.00166000,4795.61873000
I0124,2013-07-15,156765,Russell 2000,,2592.87160000,4827.08861000
I0124,2013-07-16,156765,Russell 2000,,2581.55579000,4806.04012000
I0124,2013-07-17,156765,Russell 2000,,2590.94089000,4823.69606000
I0124,2013-07-18,156765,Russell 2000,,2610.18993000,4859.59584000
I0124,2013-07-19,156765,Russell 2000,,2610.70515000,4860.57629000
I0124,2013-07-22,156765,Russell 2000,,2617.99025000,4874.22741000
I0124,2013-07-23,156765,Russell 2000,,2614.99312000,4868.71327000
I0124,2013-07-24,156765,Russell 2000,,2594.18446000,4830.10139000
I0124,2013-07-25,156765,Russell 2000,,2619.91427000,4878.16091000
I0124,2013-07-26,156765,Russell 2000,,2605.80451000,4851.90754000
I0124,2013-07-29,156765,Russell 2000,,2586.31308000,4816.00265000
I0124,2013-07-30,156765,Russell 2000,,2593.39427000,4829.38768000
I0124,2013-07-31,156765,Russell 2000,,2597.74167000,4837.64712000
I0124,2013-08-01,156765,Russell 2000,,2634.06545000,4905.43298000
I0124,2013-08-02,156765,Russell 2000,,2634.02596000,4905.60567000
I0124,2013-08-05,156765,Russell 2000,,2641.84461000,4920.23361000
I0124,2013-08-06,156765,Russell 2000,,2614.82869000,4870.13344000
I0124,2013-08-07,156765,Russell 2000,,2595.44210000,4834.29875000
I0124,2013-08-08,156765,Russell 2000,,2608.20670000,4858.40876000
I0124,2013-08-09,156765,Russell 2000,,2605.54403000,4853.51951000
I0124,2013-08-12,156765,Russell 2000,,2618.63051000,4878.00261000
I0124,2013-08-13,156765,Russell 2000,,2614.46986000,4870.99761000
I0124,2013-08-14,156765,Russell 2000,,2604.05711000,4852.00188000
I0124,2013-08-15,156765,Russell 2000,,2553.87369000,4759.16134000
I0124,2013-08-16,156765,Russell 2000,,2545.64374000,4743.97938000
I0124,2013-08-19,156765,Russell 2000,,2518.17425000,4692.88103000
I0124,2013-08-20,156765,Russell 2000,,2556.25958000,4763.97071000
I0124,2013-08-21,156765,Russell 2000,,2538.87577000,4731.75828000
I0124,2013-08-22,156765,Russell 2000,,2575.21072000,4799.57844000
I0124,2013-08-23,156765,Russell 2000,,2580.29524000,4809.10785000
I0124,2013-08-26,156765,Russell 2000,,2580.84742000,4810.23881000
I0124,2013-08-27,156765,Russell 2000,,2518.77096000,4694.56201000
I0124,2013-08-28,156765,Russell 2000,,2526.25882000,4709.44138000
I0124,2013-08-29,156765,Russell 2000,,2552.20019000,4758.23836000
I0124,2013-08-30,156765,Russell 2000,,2512.32966000,4683.99246000
I0124,2013-09-03,156765,Russell 2000,,2525.67445000,4709.09781000
I0124,2013-09-04,156765,Russell 2000,,2548.83541000,4752.57913000
I0124,2013-09-05,156765,Russell 2000,,2556.55477000,4767.18920000
I0124,2013-09-06,156765,Russell 2000,,2558.68291000,4771.37010000
I0124,2013-09-09,156765,Russell 2000,,2599.76803000,4848.14105000
I0124,2013-09-10,156765,Russell 2000,,2623.74078000,4893.07811000
I0124,2013-09-11,156765,Russell 2000,,2622.77598000,4891.95264000
I0124,2013-09-12,156765,Russell 2000,,2605.74718000,4861.03478000
I0124,2013-09-13,156765,Russell 2000,,2619.40401000,4886.65025000
I0124,2013-09-16,156765,Russell 2000,,2625.04195000,4897.26507000
I0124,2013-09-17,156765,Russell 2000,,2650.24975000,4944.54038000
I0124,2013-09-18,156765,Russell 2000,,2676.53413000,4994.01249000
I0124,2013-09-19,156765,Russell 2000,,2672.30922000,4986.29384000
I0124,2013-09-20,156765,Russell 2000,,2666.24196000,4975.24101000
I0124,2013-09-23,156765,Russell 2000,,2664.52020000,4972.15085000
I0124,2013-09-24,156765,Russell 2000,,2670.84273000,4984.33659000
I0124,2013-09-25,156765,Russell 2000,,2667.93336000,4979.20936000
I0124,2013-09-26,156765,Russell 2000,,2680.11693000,5003.98099000
I0124,2013-09-27,156765,Russell 2000,,2669.62487000,4984.67097000
I0124,2013-09-30,156765,Russell 2000,,2668.62978000,4982.84770000
I0124,2013-10-01,156765,Russell 2000,,2702.53500000,5046.23947000
I0124,2013-10-02,156765,Russell 2000,,2690.40318000,5023.77889000
I0124,2013-10-03,156765,Russell 2000,,2661.45626000,4969.84628000
I0124,2013-10-04,156765,Russell 2000,,2679.72575000,5004.07062000
I0124,2013-10-07,156765,Russell 2000,,2648.74581000,4946.28921000
I0124,2013-10-08,156765,Russell 2000,,2602.71111000,4860.51242000
I0124,2013-10-09,156765,Russell 2000,,2593.25969000,4842.99047000
I0124,2013-10-10,156765,Russell 2000,,2657.97677000,4964.23878000
I0124,2013-10-11,156765,Russell 2000,,2694.79531000,5033.02202000
I0124,2013-10-14,156765,Russell 2000,,2709.68062000,5060.82305000
I0124,2013-10-15,156765,Russell 2000,,2683.12431000,5011.27646000
I0124,2013-10-16,156765,Russell 2000,,2714.94531000,5070.82483000
I0124,2013-10-17,156765,Russell 2000,,2739.43065000,5116.61656000
I0124,2013-10-18,156765,Russell 2000,,2770.49350000,5174.71024000
I0124,2013-10-21,156765,Russell 2000,,2764.79739000,5164.12788000
I0124,2013-10-22,156765,Russell 2000,,2772.63095000,5178.82476000
I0124,2013-10-23,156765,Russell 2000,,2760.93577000,5157.14921000
I0124,2013-10-24,156765,Russell 2000,,2780.61670000,5193.98205000
I0124,2013-10-25,156765,Russell 2000,,2779.36799000,5191.66301000
I0124,2013-10-28,156765,Russell 2000,,2778.44880000,5190.06181000
I0124,2013-10-29,156765,Russell 2000,,2786.15165000,5204.90093000
I0124,2013-10-30,156765,Russell 2000,,2747.44799000,5132.83310000
I0124,2013-10-31,156765,Russell 2000,,2734.16191000,5108.14678000
I0124,2013-11-01,156765,Russell 2000,,2723.00673000,5087.44972000
I0124,2013-11-04,156765,Russell 2000,,2754.36370000,5146.33099000
I0124,2013-11-05,156765,Russell 2000,,2742.69585000,5124.64682000
I0124,2013-11-06,156765,Russell 2000,,2730.38450000,5102.37312000
I0124,2013-11-07,156765,Russell 2000,,2681.79919000,5011.80068000
I0124,2013-11-08,156765,Russell 2000,,2733.70483000,5108.95078000
I0124,2013-11-11,156765,Russell 2000,,2737.50267000,5116.04846000
I0124,2013-11-12,156765,Russell 2000,,2737.43183000,5116.20001000
I0124,2013-11-13,156765,Russell 2000,,2764.03634000,5166.91554000
I0124,2013-11-14,156765,Russell 2000,,2762.20005000,5163.96164000
I0124,2013-11-15,156765,Russell 2000,,2774.02784000,5186.22624000
I0124,2013-11-18,156765,Russell 2000,,2751.89825000,5144.99487000
I0124,2013-11-19,156765,Russell 2000,,2737.21012000,5117.68055000
I0124,2013-11-20,156765,Russell 2000,,2733.26416000,5110.49979000
I0124,2013-11-21,156765,Russell 2000,,2782.53590000,5202.67181000
I0124,2013-11-22,156765,Russell 2000,,2795.70943000,5227.34275000
I0124,2013-11-25,156765,Russell 2000,,2795.22716000,5226.54090000
I0124,2013-11-26,156765,Russell 2000,,2819.59077000,5273.01255000
I0124,2013-11-27,156765,Russell 2000,,2836.49347000,5305.36951000
I0124,2013-11-29,156765,Russell 2000,,2840.37294000,5312.80021000
I0124,2013-12-02,156765,Russell 2000,,2806.13863000,5248.88616000
I0124,2013-12-03,156765,Russell 2000,,2792.87652000,5224.26357000
I0124,2013-12-04,156765,Russell 2000,,2786.91118000,5213.42836000
I0124,2013-12-05,156765,Russell 2000,,2789.61598000,5218.64083000
I0124,2013-12-06,156765,Russell 2000,,2811.77067000,5260.36403000
I0124,2013-12-09,156765,Russell 2000,,2807.93968000,5253.32687000
I0124,2013-12-10,156765,Russell 2000,,2782.71178000,5206.26160000
I0124,2013-12-11,156765,Russell 2000,,2737.50115000,5122.47181000
I0124,2013-12-12,156765,Russell 2000,,2741.91355000,5131.36353000
I0124,2013-12-13,156765,Russell 2000,,2751.30244000,5149.45631000
I0124,2013-12-16,156765,Russell 2000,,2783.11741000,5209.14567000
I0124,2013-12-17,156765,Russell 2000,,2780.72859000,5204.92962000
I0124,2013-12-18,156765,Russell 2000,,2817.57631000,5274.32536000
I0124,2013-12-19,156765,Russell 2000,,2797.03574000,5236.07765000
I0124,2013-12-20,156765,Russell 2000,,2849.26524000,5333.96293000
I0124,2013-12-23,156765,Russell 2000,,2875.97463000,5384.12479000
I0124,2013-12-24,156765,Russell 2000,,2887.36755000,5405.99102000
I0124,2013-12-26,156765,Russell 2000,,2889.47383000,5410.20803000
I0124,2013-12-27,156765,Russell 2000,,2885.61078000,5404.97094000
I0124,2013-12-30,156765,Russell 2000,,2884.35062000,5402.93787000
I0124,2013-12-31,156765,Russell 2000,,2891.93194000,5417.35712000
I0124,2014-01-02,156765,Russell 2000,,2859.83979000,5357.36774000
I0124,2014-01-03,156765,Russell 2000,,2873.16555000,5382.38493000
I0124,2014-01-06,156765,Russell 2000,,2850.97153000,5340.87712000
I0124,2014-01-07,156765,Russell 2000,,2876.99843000,5389.65487000
I0124,2014-01-08,156765,Russell 2000,,2876.57509000,5389.11573000
I0124,2014-01-09,156765,Russell 2000,,2878.78987000,5393.41689000
I0124,2014-01-10,156765,Russell 2000,,2894.14805000,5422.19966000
I0124,2014-01-13,156765,Russell 2000,,2853.29415000,5345.97556000
I0124,2014-01-14,156765,Russell 2000,,2891.41011000,5417.46127000
I0124,2014-01-15,156765,Russell 2000,,2911.10941000,5454.63150000
I0124,2014-01-16,156765,Russell 2000,,2915.53258000,5463.00768000
I0124,2014-01-17,156765,Russell 2000,,2903.84357000,5441.16689000
I0124,2014-01-21,156765,Russell 2000,,2921.96807000,5475.19978000
I0124,2014-01-22,156765,Russell 2000,,2935.80924000,5501.26436000
I0124,2014-01-23,156765,Russell 2000,,2913.69884000,5459.92918000
I0124,2014-01-24,156765,Russell 2000,,2843.46034000,5328.32018000
I0124,2014-01-27,156765,Russell 2000,,2802.68762000,5251.93918000
I0124,2014-01-28,156765,Russell 2000,,2828.80123000,5300.94840000
I0124,2014-01-29,156765,Russell 2000,,2789.57274000,5227.85300000
I0124,2014-01-30,156765,Russell 2000,,2831.59147000,5306.84642000
I0124,2014-01-31,156765,Russell 2000,,2810.52658000,5267.40432000
I0124,2014-02-03,156765,Russell 2000,,2720.31501000,5098.43884000
I0124,2014-02-04,156765,Russell 2000,,2740.84174000,5137.02597000
I0124,2014-02-05,156765,Russell 2000,,2717.85555000,5094.21972000
I0124,2014-02-06,156765,Russell 2000,,2743.53474000,5142.66616000
I0124,2014-02-07,156765,Russell 2000,,2774.91624000,5201.61867000
I0124,2014-02-10,156765,Russell 2000,,2780.33591000,5211.90834000
I0124,2014-02-11,156765,Russell 2000,,2806.25757000,5260.67379000
I0124,2014-02-12,156765,Russell 2000,,2814.63746000,5277.19904000
I0124,2014-02-13,156765,Russell 2000,,2852.53571000,5348.68269000
I0124,2014-02-14,156765,Russell 2000,,2856.07953000,5355.42933000
I0124,2014-02-18,156765,Russell 2000,,2886.57546000,5412.77149000
I0124,2014-02-19,156765,Russell 2000,,2855.71815000,5355.12149000
I0124,2014-02-20,156765,Russell 2000,,2888.14956000,5416.07184000
I0124,2014-02-21,156765,Russell 2000,,2894.40428000,5427.84627000
I0124,2014-02-24,156765,Russell 2000,,2919.06140000,5474.23983000
I0124,2014-02-25,156765,Russell 2000,,2917.55258000,5471.50375000
I0124,2014-02-26,156765,Russell 2000,,2936.87075000,5508.56953000
I0124,2014-02-27,156765,Russell 2000,,2952.33742000,5538.38089000
I0124,2014-02-28,156765,Russell 2000,,2940.12387000,5515.55808000
I0124,2014-03-03,156765,Russell 2000,,2923.54863000,5484.76097000
I0124,2014-03-04,156765,Russell 2000,,3003.80176000,5635.40943000
I0124,2014-03-05,156765,Russell 2000,,2996.98776000,5623.10052000
I0124,2014-03-06,156765,Russell 2000,,2993.59691000,5617.48085000
I0124,2014-03-07,156765,Russell 2000,,2990.54238000,5611.88607000
I0124,2014-03-10,156765,Russell 2000,,2983.63281000,5599.15140000
I0124,2014-03-11,156765,Russell 2000,,2950.11085000,5536.39678000
I0124,2014-03-12,156765,Russell 2000,,2960.84560000,5557.97141000
I0124,2014-03-13,156765,Russell 2000,,2924.49550000,5490.39273000
I0124,2014-03-14,156765,Russell 2000,,2936.10893000,5512.41852000
I0124,2014-03-17,156765,Russell 2000,,2953.04582000,5544.27452000
I0124,2014-03-18,156765,Russell 2000,,2994.82616000,5623.11987000
I0124,2014-03-19,156765,Russell 2000,,2971.51765000,5579.73407000
I0124,2014-03-20,156765,Russell 2000,,2979.74351000,5595.27202000
I0124,2014-03-21,156765,Russell 2000,,2966.72967000,5571.22102000
I0124,2014-03-24,156765,Russell 2000,,2928.21019000,5498.93282000
I0124,2014-03-25,156765,Russell 2000,,2927.75067000,5498.18058000
I0124,2014-03-26,156765,Russell 2000,,2871.67431000,5393.06934000
I0124,2014-03-27,156765,Russell 2000,,2861.62010000,5376.76759000
I0124,2014-03-28,156765,Russell 2000,,2862.54465000,5378.83763000
I0124,2014-03-31,156765,Russell 2000,,2915.29434000,5477.96309000
I0124,2014-04-01,156765,Russell 2000,,2954.22367000,5551.26357000
I0124,2014-04-02,156765,Russell 2000,,2964.42742000,5570.75448000
I0124,2014-04-03,156765,Russell 2000,,2935.38027000,5516.27822000
I0124,2014-04-04,156765,Russell 2000,,2866.44113000,5386.89411000
I0124,2014-04-07,156765,Russell 2000,,2822.69011000,5304.77054000
I0124,2014-04-08,156765,Russell 2000,,2843.71359000,5344.41474000
I0124,2014-04-09,156765,Russell 2000,,2882.79604000,5417.92939000
I0124,2014-04-10,156765,Russell 2000,,2802.51565000,5267.15915000
I0124,2014-04-11,156765,Russell 2000,,2762.20467000,5191.71503000
I0124,2014-04-14,156765,Russell 2000,,2771.93786000,5210.19758000
I0124,2014-04-15,156765,Russell 2000,,2782.22676000,5229.86039000
I0124,2014-04-16,156765,Russell 2000,,2812.72930000,5287.26291000
I0124,2014-04-17,156765,Russell 2000,,2827.96539000,5315.92233000
I0124,2014-04-21,156765,Russell 2000,,2838.92501000,5336.56486000
I0124,2014-04-22,156765,Russell 2000,,2871.97394000,5398.72367000
I0124,2014-04-23,156765,Russell 2000,,2850.78242000,5359.05841000
I0124,2014-04-24,156765,Russell 2000,,2844.00320000,5346.44719000
I0124,2014-04-25,156765,Russell 2000,,2791.01293000,5246.84038000
I0124,2014-04-28,156765,Russell 2000,,2776.18074000,5219.36768000
I0124,2014-04-29,156765,Russell 2000,,2785.54865000,5237.20135000
I0124,2014-04-30,156765,Russell 2000,,2800.52409000,5265.52339000
I0124,2014-05-01,156765,Russell 2000,,2798.31872000,5261.62504000
I0124,2014-05-02,156765,Russell 2000,,2805.35846000,5275.12160000
I0124,2014-05-05,156765,Russell 2000,,2799.15088000,5263.54939000
I0124,2014-05-06,156765,Russell 2000,,2753.69300000,5178.29422000
I0124,2014-05-07,156765,Russell 2000,,2755.02470000,5181.09922000
I0124,2014-05-08,156765,Russell 2000,,2727.37812000,5129.37253000
I0124,2014-05-09,156765,Russell 2000,,2751.71463000,5175.16453000
I0124,2014-05-12,156765,Russell 2000,,2817.40390000,5298.78980000
I0124,2014-05-13,156765,Russell 2000,,2786.37462000,5241.29298000
I0124,2014-05-14,156765,Russell 2000,,2741.57880000,5157.61948000
I0124,2014-05-15,156765,Russell 2000,,2723.80177000,5124.71089000
I0124,2014-05-16,156765,Russell 2000,,2740.99722000,5157.41629000
I0124,2014-05-19,156765,Russell 2000,,2769.63921000,5211.40651000
I0124,2014-05-20,156765,Russell 2000,,2728.54595000,5134.33363000
I0124,2014-05-21,156765,Russell 2000,,2742.79508000,5161.33208000
I0124,2014-05-22,156765,Russell 2000,,2768.24781000,5209.55441000
I0124,2014-05-23,156765,Russell 2000,,2798.86260000,5267.26303000
I0124,2014-05-27,156765,Russell 2000,,2838.65811000,5342.19636000
I0124,2014-05-28,156765,Russell 2000,,2824.93486000,5317.21652000
I0124,2014-05-29,156765,Russell 2000,,2833.36294000,5333.65403000
I0124,2014-05-30,156765,Russell 2000,,2819.51886000,5307.71526000
I0124,2014-06-02,156765,Russell 2000,,2805.59094000,5281.64169000
I0124,2014-06-03,156765,Russell 2000,,2798.76204000,5269.01875000
I0124,2014-06-04,156765,Russell 2000,,2811.35494000,5293.20642000
I0124,2014-06-05,156765,Russell 2000,,2867.82637000,5399.82869000
I0124,2014-06-06,156765,Russell 2000,,2895.83367000,5452.73006000
I0124,2014-06-09,156765,Russell 2000,,2922.34846000,5502.83918000
I0124,2014-06-10,156765,Russell 2000,,2914.48663000,5488.35577000
I0124,2014-06-11,156765,Russell 2000,,2899.56428000,5461.23162000
I0124,2014-06-12,156765,Russell 2000,,2881.40228000,5427.89506000
I0124,2014-06-13,156765,Russell 2000,,2889.56410000,5443.37049000
I0124,2014-06-16,156765,Russell 2000,,2899.84231000,5462.94464000
I0124,2014-06-17,156765,Russell 2000,,2924.19384000,5509.05129000
I0124,2014-06-18,156765,Russell 2000,,2940.37160000,5539.90326000
I0124,2014-06-19,156765,Russell 2000,,2942.62157000,5544.21783000
I0124,2014-06-20,156765,Russell 2000,,2953.53809000,5565.06104000
I0124,2014-06-23,156765,Russell 2000,,2944.90422000,5548.91783000
I0124,2014-06-24,156765,Russell 2000,,2915.80530000,5494.18131000
I0124,2014-06-25,156765,Russell 2000,,2939.25589000,5538.94145000
I0124,2014-06-26,156765,Russell 2000,,2934.35988000,5532.24608000
I0124,2014-06-27,156765,Russell 2000,,2956.21545000,5573.73797000
I0124,2014-06-30,156765,Russell 2000,,2964.81554000,5590.12293000
I0124,2014-07-01,156765,Russell 2000,,2997.07980000,5651.33293000
I0124,2014-07-02,156765,Russell 2000,,2981.07108000,5621.27159000
I0124,2014-07-03,156765,Russell 2000,,3002.55708000,5661.87952000
I0124,2014-07-07,156765,Russell 2000,,2949.34773000,5561.61089000
I0124,2014-07-08,156765,Russell 2000,,2913.08050000,5493.39119000
I0124,2014-07-09,156765,Russell 2000,,2917.21217000,5501.30814000
I0124,2014-07-10,156765,Russell 2000,,2887.51557000,5445.44678000
I0124,2014-07-11,156765,Russell 2000,,2882.71850000,5436.92861000
I0124,2014-07-14,156765,Russell 2000,,2896.85603000,5463.59793000
I0124,2014-07-15,156765,Russell 2000,,2867.50576000,5408.32835000
I0124,2014-07-16,156765,Russell 2000,,2861.88405000,5397.88799000
I0124,2014-07-17,156765,Russell 2000,,2817.28760000,5313.79613000
I0124,2014-07-18,156765,Russell 2000,,2862.04474000,5398.21431000
I0124,2014-07-21,156765,Russell 2000,,2849.73403000,5375.05533000
I0124,2014-07-22,156765,Russell 2000,,2873.33582000,5419.59124000
I0124,2014-07-23,156765,Russell 2000,,2878.20367000,5429.04593000
I0124,2014-07-24,156765,Russell 2000,,2873.59774000,5420.44191000
I0124,2014-07-25,156765,Russell 2000,,2844.92030000,5366.34791000
I0124,2014-07-28,156765,Russell 2000,,2831.94901000,5341.92447000
I0124,2014-07-29,156765,Russell 2000,,2837.26963000,5352.30279000
I0124,2014-07-30,156765,Russell 2000,,2849.51311000,5375.71331000
I0124,2014-07-31,156765,Russell 2000,,2783.65116000,5251.75825000
I0124,2014-08-01,156765,Russell 2000,,2770.69969000,5227.54250000
I0124,2014-08-04,156765,Russell 2000,,2795.46067000,5274.41654000
I0124,2014-08-05,156765,Russell 2000,,2787.36608000,5259.25542000
I0124,2014-08-06,156765,Russell 2000,,2797.27722000,5278.23680000
I0124,2014-08-07,156765,Russell 2000,,2782.88316000,5251.40791000
I0124,2014-08-08,156765,Russell 2000,,2811.68837000,5305.82010000
I0124,2014-08-11,156765,Russell 2000,,2837.97252000,5355.53455000
I0124,2014-08-12,156765,Russell 2000,,2815.86628000,5313.98611000
I0124,2014-08-13,156765,Russell 2000,,2837.60855000,5355.95839000
I0124,2014-08-14,156765,Russell 2000,,2841.49719000,5363.95216000
I0124,2014-08-15,156765,Russell 2000,,2837.28231000,5356.11026000
I0124,2014-08-18,156765,Russell 2000,,2878.92735000,5434.87357000
I0124,2014-08-19,156765,Russell 2000,,2889.02349000,5454.13226000
I0124,2014-08-20,156765,Russell 2000,,2876.70817000,5431.16597000
I0124,2014-08-21,156765,Russell 2000,,2882.96376000,5443.08406000
I0124,2014-08-22,156765,Russell 2000,,2883.74539000,5444.64186000
I0124,2014-08-25,156765,Russell 2000,,2895.86790000,5467.55661000
I0124,2014-08-26,156765,Russell 2000,,2920.59320000,5514.43223000
I0124,2014-08-27,156765,Russell 2000,,2914.48858000,5503.69151000
I0124,2014-08-28,156765,Russell 2000,,2897.67470000,5472.54812000
I0124,2014-08-29,156765,Russell 2000,,2918.55936000,5512.16969000
I0124,2014-09-02,156765,Russell 2000,,2931.28687000,5536.21772000
I0124,2014-09-03,156765,Russell 2000,,2913.20821000,5502.47442000
I0124,2014-09-04,156765,Russell 2000,,2900.82077000,5479.34615000
I0124,2014-09-05,156765,Russell 2000,,2908.07421000,5493.08867000
I0124,2014-09-08,156765,Russell 2000,,2913.49575000,5503.66326000
I0124,2014-09-09,156765,Russell 2000,,2879.16241000,5438.92826000
I0124,2014-09-10,156765,Russell 2000,,2895.28575000,5469.77184000
I0124,2014-09-11,156765,Russell 2000,,2913.56649000,5505.54775000
I0124,2014-09-12,156765,Russell 2000,,2884.39999000,5450.71163000
I0124,2014-09-15,156765,Russell 2000,,2849.39034000,5384.72544000
I0124,2014-09-16,156765,Russell 2000,,2860.45372000,5405.81919000
I0124,2014-09-17,156765,Russell 2000,,2867.70698000,5419.75538000
I0124,2014-09-18,156765,Russell 2000,,2881.08820000,5445.39179000
I0124,2014-09-19,156765,Russell 2000,,2850.38492000,5387.37258000
I0124,2014-09-22,156765,Russell 2000,,2806.74837000,5305.16751000
I0124,2014-09-23,156765,Russell 2000,,2780.28900000,5255.32180000
I0124,2014-09-24,156765,Russell 2000,,2804.13550000,5300.75032000
I0124,2014-09-25,156765,Russell 2000,,2759.23099000,5216.18540000
I0124,2014-09-26,156765,Russell 2000,,2781.81923000,5261.15446000
I0124,2014-09-29,156765,Russell 2000,,2778.28000000,5254.78177000
I0124,2014-09-30,156765,Russell 2000,,2737.94128000,5178.71422000
I0124,2014-10-01,156765,Russell 2000,,2697.51584000,5102.72377000
I0124,2014-10-02,156765,Russell 2000,,2724.77679000,5154.38487000
I0124,2014-10-03,156765,Russell 2000,,2745.56505000,5193.86043000
I0124,2014-10-06,156765,Russell 2000,,2720.47065000,5146.57041000
I0124,2014-10-07,156765,Russell 2000,,2674.90222000,5060.38221000
I0124,2014-10-08,156765,Russell 2000,,2726.62793000,5158.41108000
I0124,2014-10-09,156765,Russell 2000,,2654.23213000,5021.55789000
I0124,2014-10-10,156765,Russell 2000,,2617.77672000,4953.10917000
I0124,2014-10-13,156765,Russell 2000,,2607.78219000,4934.19846000
I0124,2014-10-14,156765,Russell 2000,,2638.34413000,4992.04945000
I0124,2014-10-15,156765,Russell 2000,,2665.29738000,5043.32882000
I0124,2014-10-16,156765,Russell 2000,,2699.26167000,5107.61400000
I0124,2014-10-17,156765,Russell 2000,,2689.85113000,5089.82909000
I0124,2014-10-20,156765,Russell 2000,,2721.26575000,5149.36325000
I0124,2014-10-21,156765,Russell 2000,,2765.70618000,5233.47544000
I0124,2014-10-22,156765,Russell 2000,,2726.00399000,5158.60002000
I0124,2014-10-23,156765,Russell 2000,,2774.74960000,5250.96373000
I0124,2014-10-24,156765,Russell 2000,,2780.56039000,5261.99222000
I0124,2014-10-27,156765,Russell 2000,,2777.21083000,5255.72366000
I0124,2014-10-28,156765,Russell 2000,,2856.67833000,5406.22424000
I0124,2014-10-29,156765,Russell 2000,,2849.01514000,5392.14446000
I0124,2014-10-30,156765,Russell 2000,,2872.38015000,5436.60890000
I0124,2014-10-31,156765,Russell 2000,,2916.46671000,5520.09113000
I0124,2014-11-03,156765,Russell 2000,,2908.24676000,5504.73694000
I0124,2014-11-04,156765,Russell 2000,,2896.35420000,5482.42421000
I0124,2014-11-05,156765,Russell 2000,,2900.46230000,5490.55765000
I0124,2014-11-06,156765,Russell 2000,,2912.36037000,5513.54260000
I0124,2014-11-07,156765,Russell 2000,,2915.99220000,5520.72737000
I0124,2014-11-10,156765,Russell 2000,,2931.51769000,5550.20589000
I0124,2014-11-11,156765,Russell 2000,,2932.49184000,5552.05024000
I0124,2014-11-12,156765,Russell 2000,,2948.66867000,5583.37500000
I0124,2014-11-13,156765,Russell 2000,,2921.20300000,5532.39073000
I0124,2014-11-14,156765,Russell 2000,,2917.20143000,5524.94493000
I0124,2014-11-17,156765,Russell 2000,,2893.41604000,5479.96604000
I0124,2014-11-18,156765,Russell 2000,,2908.44744000,5508.61856000
I0124,2014-11-19,156765,Russell 2000,,2877.14334000,5449.48009000
I0124,2014-11-20,156765,Russell 2000,,2909.61302000,5511.17438000
I0124,2014-11-21,156765,Russell 2000,,2913.74814000,5519.23180000
I0124,2014-11-24,156765,Russell 2000,,2949.84438000,5587.88502000
I0124,2014-11-25,156765,Russell 2000,,2948.33232000,5585.70044000
I0124,2014-11-26,156765,Russell 2000,,2959.00019000,5606.81113000
I0124,2014-11-28,156765,Russell 2000,,2915.76949000,5525.03875000
I0124,2014-12-01,156765,Russell 2000,,2868.10864000,5434.91777000
I0124,2014-12-02,156765,Russell 2000,,2903.90475000,5502.96757000
I0124,2014-12-03,156765,Russell 2000,,2930.13171000,5553.13947000
I0124,2014-12-04,156765,Russell 2000,,2915.21672000,5525.10176000
I0124,2014-12-05,156765,Russell 2000,,2938.63795000,5569.54910000
I0124,2014-12-08,156765,Russell 2000,,2900.81188000,5497.98262000
I0124,2014-12-09,156765,Russell 2000,,2952.62168000,5596.28240000
I0124,2014-12-10,156765,Russell 2000,,2887.52654000,5473.42307000
I0124,2014-12-11,156765,Russell 2000,,2900.18178000,5498.50913000
I0124,2014-12-12,156765,Russell 2000,,2864.11806000,5430.26489000
I0124,2014-12-15,156765,Russell 2000,,2833.91957000,5373.37101000
I0124,2014-12-16,156765,Russell 2000,,2831.63549000,5369.12739000
I0124,2014-12-17,156765,Russell 2000,,2919.75010000,5536.54343000
I0124,2014-12-18,156765,Russell 2000,,2962.81231000,5618.65847000
I0124,2014-12-19,156765,Russell 2000,,2972.21458000,5636.57300000
I0124,2014-12-22,156765,Russell 2000,,2986.92685000,5664.66447000
I0124,2014-12-23,156765,Russell 2000,,2988.36187000,5667.78920000
I0124,2014-12-24,156765,Russell 2000,,2999.16951000,5688.70802000
I0124,2014-12-26,156765,Russell 2000,,3020.10489000,5729.07769000
I0124,2014-12-29,156765,Russell 2000,,3029.79353000,5749.79480000
I0124,2014-12-30,156765,Russell 2000,,3014.74652000,5721.77423000
I0124,2014-12-31,156765,Russell 2000,,2993.97414000,5682.50236000
I0124,2015-01-02,156765,Russell 2000,,2979.31962000,5654.77020000
I0124,2015-01-05,156765,Russell 2000,,2935.94290000,5572.49698000
I0124,2015-01-06,156765,Russell 2000,,2886.15098000,5478.08557000
I0124,2015-01-07,156765,Russell 2000,,2922.57673000,5547.41496000
I0124,2015-01-08,156765,Russell 2000,,2972.66236000,5642.53231000
I0124,2015-01-09,156765,Russell 2000,,2946.70358000,5593.25888000
I0124,2015-01-12,156765,Russell 2000,,2932.82889000,5566.96452000
I0124,2015-01-13,156765,Russell 2000,,2934.17905000,5569.82317000
I0124,2015-01-14,156765,Russell 2000,,2925.29065000,5553.27342000
I0124,2015-01-15,156765,Russell 2000,,2869.74178000,5447.88167000
I0124,2015-01-16,156765,Russell 2000,,2924.28321000,5551.54598000
I0124,2015-01-20,156765,Russell 2000,,2908.37483000,5521.45444000
I0124,2015-01-21,156765,Russell 2000,,2898.42832000,5502.89778000
I0124,2015-01-22,156765,Russell 2000,,2958.37208000,5616.71133000
I0124,2015-01-23,156765,Russell 2000,,2954.78654000,5609.90390000
I0124,2015-01-26,156765,Russell 2000,,2984.14043000,5665.72127000
I0124,2015-01-27,156765,Russell 2000,,2969.02589000,5637.02857000
I0124,2015-01-28,156765,Russell 2000,,2920.45747000,5545.13541000
I0124,2015-01-29,156765,Russell 2000,,2957.90110000,5616.62493000
I0124,2015-01-30,156765,Russell 2000,,2896.29392000,5499.71908000
I0124,2015-02-02,156765,Russell 2000,,2921.45058000,5547.49684000
I0124,2015-02-03,156765,Russell 2000,,2974.81545000,5649.05414000
I0124,2015-02-04,156765,Russell 2000,,2961.03237000,5623.18566000
I0124,2015-02-05,156765,Russell 2000,,3003.94118000,5704.98098000
I0124,2015-02-06,156765,Russell 2000,,2995.88043000,5689.97455000
I0124,2015-02-09,156765,Russell 2000,,2971.92934000,5644.67153000
I0124,2015-02-10,156765,Russell 2000,,2990.20404000,5679.53430000
I0124,2015-02-11,156765,Russell 2000,,2986.16602000,5672.61714000
I0124,2015-02-12,156765,Russell 2000,,3022.72760000,5742.64293000
I0124,2015-02-13,156765,Russell 2000,,3039.78898000,5775.24945000
I0124,2015-02-17,156765,Russell 2000,,3044.46861000,5784.18808000
I0124,2015-02-18,156765,Russell 2000,,3051.77725000,5798.44525000
I0124,2015-02-19,156765,Russell 2000,,3051.66836000,5798.29822000
I0124,2015-02-20,156765,Russell 2000,,3061.30590000,5816.68298000
I0124,2015-02-23,156765,Russell 2000,,3061.40922000,5816.97518000
I0124,2015-02-24,156765,Russell 2000,,3066.74007000,5827.21882000
I0124,2015-02-25,156765,Russell 2000,,3069.53689000,5833.39328000
I0124,2015-02-26,156765,Russell 2000,,3079.50921000,5853.18036000
I0124,2015-02-27,156765,Russell 2000,,3065.23031000,5826.21694000
I0124,2015-03-02,156765,Russell 2000,,3088.22060000,5870.06096000
I0124,2015-03-03,156765,Russell 2000,,3068.69663000,5833.23018000
I0124,2015-03-04,156765,Russell 2000,,3058.67381000,5814.50543000
I0124,2015-03-05,156765,Russell 2000,,3067.57962000,5831.82300000
I0124,2015-03-06,156765,Russell 2000,,3025.83247000,5752.83835000
I0124,2015-03-09,156765,Russell 2000,,3040.92235000,5781.83885000
I0124,2015-03-10,156765,Russell 2000,,3003.36198000,5710.80483000
I0124,2015-03-11,156765,Russell 2000,,3021.51362000,5746.30810000
I0124,2015-03-12,156765,Russell 2000,,3073.36381000,5845.64836000
I0124,2015-03-13,156765,Russell 2000,,3062.17248000,5824.67101000
I0124,2015-03-16,156765,Russell 2000,,3081.15894000,5860.99189000
I0124,2015-03-17,156765,Russell 2000,,3087.24402000,5872.61354000
I0124,2015-03-18,156765,Russell 2000,,3111.88496000,5919.80535000
I0124,2015-03-19,156765,Russell 2000,,3118.64706000,5932.96040000
I0124,2015-03-20,156765,Russell 2000,,3147.25508000,5987.39040000
I0124,2015-03-23,156765,Russell 2000,,3143.13054000,5979.72608000
I0124,2015-03-24,156765,Russell 2000,,3140.02394000,5974.12347000
I0124,2015-03-25,156765,Russell 2000,,3066.44017000,5834.39692000
I0124,2015-03-26,156765,Russell 2000,,3061.80455000,5825.96790000
I0124,2015-03-27,156765,Russell 2000,,3082.72979000,5868.46627000
I0124,2015-03-30,156765,Russell 2000,,3125.95559000,5951.16930000
I0124,2015-03-31,156765,Russell 2000,,3113.45437000,5927.71721000
I0124,2015-04-01,156765,Russell 2000,,3110.80958000,5922.98963000
I0124,2015-04-02,156765,Russell 2000,,3120.62441000,5941.74792000
I0124,2015-04-06,156765,Russell 2000,,3132.76490000,5965.01644000
I0124,2015-04-07,156765,Russell 2000,,3114.91075000,5931.08479000
I0124,2015-04-08,156765,Russell 2000,,3138.14628000,5975.57903000
I0124,2015-04-09,156765,Russell 2000,,3129.19984000,5958.66228000
I0124,2015-04-10,156765,Russell 2000,,3143.28427000,5985.52153000
I0124,2015-04-13,156765,Russell 2000,,3145.30608000,5990.00785000
I0124,2015-04-14,156765,Russell 2000,,3144.72280000,5988.98745000
I0124,2015-04-15,156765,Russell 2000,,3169.56718000,6036.61296000
I0124,2015-04-16,156765,Russell 2000,,3163.47329000,6025.03371000
I0124,2015-04-17,156765,Russell 2000,,3111.18130000,5925.45301000
I0124,2015-04-20,156765,Russell 2000,,3143.64087000,5987.36395000
I0124,2015-04-21,156765,Russell 2000,,3141.73431000,5983.75793000
I0124,2015-04-22,156765,Russell 2000,,3145.04101000,5990.29187000
I0124,2015-04-23,156765,Russell 2000,,3160.08522000,6019.02138000
I0124,2015-04-24,156765,Russell 2000,,3150.14404000,6000.08638000
I0124,2015-04-27,156765,Russell 2000,,3113.27555000,5929.90977000
I0124,2015-04-28,156765,Russell 2000,,3129.81938000,5961.78685000
I0124,2015-04-29,156765,Russell 2000,,3098.99696000,5903.28242000
I0124,2015-04-30,156765,Russell 2000,,3032.31801000,5776.54352000
I0124,2015-05-01,156765,Russell 2000,,3052.15131000,5814.53969000
I0124,2015-05-04,156765,Russell 2000,,3064.85366000,5838.92728000
I0124,2015-05-05,156765,Russell 2000,,3020.61711000,5754.90500000
I0124,2015-05-06,156765,Russell 2000,,3030.41133000,5773.85201000
I0124,2015-05-07,156765,Russell 2000,,3045.78134000,5803.57423000
I0124,2015-05-08,156765,Russell 2000,,3069.10736000,5848.08068000
I0124,2015-05-11,156765,Russell 2000,,3071.35455000,5852.58817000
I0124,2015-05-12,156765,Russell 2000,,3064.63680000,5839.95711000
I0124,2015-05-13,156765,Russell 2000,,3062.51417000,5837.04799000
I0124,2015-05-14,156765,Russell 2000,,3094.40274000,5898.36853000
I0124,2015-05-15,156765,Russell 2000,,3091.52450000,5893.03584000
I0124,2015-05-18,156765,Russell 2000,,3125.26285000,5957.64128000
I0124,2015-05-19,156765,Russell 2000,,3120.62586000,5949.11045000
I0124,2015-05-20,156765,Russell 2000,,3125.79407000,5959.21265000
I0124,2015-05-21,156765,Russell 2000,,3123.30884000,5955.00725000
I0124,2015-05-22,156765,Russell 2000,,3112.09258000,5933.68873000
I0124,2015-05-26,156765,Russell 2000,,3078.62060000,5869.98102000
I0124,2015-05-27,156765,Russell 2000,,3117.39269000,5944.54002000
I0124,2015-05-28,156765,Russell 2000,,3114.26478000,5939.45925000
I0124,2015-05-29,156765,Russell 2000,,3097.94590000,5908.42291000
I0124,2015-06-01,156765,Russell 2000,,3105.61286000,5923.31433000
I0124,2015-06-02,156765,Russell 2000,,3111.03045000,5933.65536000
I0124,2015-06-03,156765,Russell 2000,,3142.80412000,5994.65051000
I0124,2015-06-04,156765,Russell 2000,,3109.76013000,5931.90363000
I0124,2015-06-05,156765,Russell 2000,,3133.91964000,5978.06167000
I0124,2015-06-08,156765,Russell 2000,,3115.76005000,5943.65518000
I0124,2015-06-09,156765,Russell 2000,,3105.71385000,5924.74389000
I0124,2015-06-10,156765,Russell 2000,,3148.63262000,6007.16452000
I0124,2015-06-11,156765,Russell 2000,,3153.58695000,6017.88078000
I0124,2015-06-12,156765,Russell 2000,,3143.89925000,5999.76793000
I0124,2015-06-15,156765,Russell 2000,,3133.99693000,5981.14749000
I0124,2015-06-16,156765,Russell 2000,,3155.10146000,6021.57789000
I0124,2015-06-17,156765,Russell 2000,,3152.12473000,6016.11268000
I0124,2015-06-18,156765,Russell 2000,,3192.74415000,6093.88033000
I0124,2015-06-19,156765,Russell 2000,,3192.70565000,6093.81130000
I0124,2015-06-22,156765,Russell 2000,,3211.91866000,6130.58281000
I0124,2015-06-23,156765,Russell 2000,,3220.38624000,6147.07752000
I0124,2015-06-24,156765,Russell 2000,,3190.85599000,6091.17583000
I0124,2015-06-25,156765,Russell 2000,,3189.27608000,6088.38597000
I0124,2015-06-26,156765,Russell 2000,,3180.61011000,6074.66505000
I0124,2015-06-29,156765,Russell 2000,,3098.49663000,5918.14566000
I0124,2015-06-30,156765,Russell 2000,,3116.37470000,5952.66799000
I0124,2015-07-01,156765,Russell 2000,,3122.46227000,5964.56081000
I0124,2015-07-02,156765,Russell 2000,,3102.23679000,5926.02388000
I0124,2015-07-06,156765,Russell 2000,,3099.00637000,5919.95178000
I0124,2015-07-07,156765,Russell 2000,,3101.72224000,5925.23349000
I0124,2015-07-08,156765,Russell 2000,,3054.28687000,5834.85136000
I0124,2015-07-09,156765,Russell 2000,,3067.18343000,5859.53806000
I0124,2015-07-10,156765,Russell 2000,,3111.58745000,5944.36736000
I0124,2015-07-13,156765,Russell 2000,,3144.70510000,6008.02909000
I0124,2015-07-14,156765,Russell 2000,,3164.54071000,6046.11825000
I0124,2015-07-15,156765,Russell 2000,,3142.65203000,6004.69101000
I0124,2015-07-16,156765,Russell 2000,,3163.30730000,6044.16764000
I0124,2015-07-17,156765,Russell 2000,,3149.04240000,6016.92385000
I0124,2015-07-20,156765,Russell 2000,,3131.97588000,5984.37712000
I0124,2015-07-21,156765,Russell 2000,,3117.93278000,5957.58425000
I0124,2015-07-22,156765,Russell 2000,,3127.31603000,5975.83726000
I0124,2015-07-23,156765,Russell 2000,,3094.06730000,5912.43024000
I0124,2015-07-24,156765,Russell 2000,,3046.89853000,5822.30421000
I0124,2015-07-27,156765,Russell 2000,,3018.62162000,5768.38282000
I0124,2015-07-28,156765,Russell 2000,,3043.43779000,5815.87715000
I0124,2015-07-29,156765,Russell 2000,,3055.86463000,5839.93720000
I0124,2015-07-30,156765,Russell 2000,,3062.00635000,5852.03477000
I0124,2015-07-31,156765,Russell 2000,,3078.43227000,5883.48694000
I0124,2015-08-03,156765,Russell 2000,,3061.30933000,5850.99339000
I0124,2015-08-04,156765,Russell 2000,,3053.99486000,5837.18739000
I0124,2015-08-05,156765,Russell 2000,,3061.21527000,5851.42079000
I0124,2015-08-06,156765,Russell 2000,,3021.68405000,5776.34065000
I0124,2015-08-07,156765,Russell 2000,,2999.44921000,5733.91512000
I0124,2015-08-10,156765,Russell 2000,,3038.64835000,5809.09971000
I0124,2015-08-11,156765,Russell 2000,,3009.98053000,5754.34020000
I0124,2015-08-12,156765,Russell 2000,,3004.61890000,5745.10563000
I0124,2015-08-13,156765,Russell 2000,,2994.08048000,5725.72885000
I0124,2015-08-14,156765,Russell 2000,,3013.83532000,5763.72000000
I0124,2015-08-17,156765,Russell 2000,,3044.65927000,5822.85496000
I0124,2015-08-18,156765,Russell 2000,,3019.29534000,5774.54327000
I0124,2015-08-19,156765,Russell 2000,,2989.70714000,5718.27330000
I0124,2015-08-20,156765,Russell 2000,,2914.01578000,5573.69618000
I0124,2015-08-21,156765,Russell 2000,,2874.90868000,5499.03479000
I0124,2015-08-24,156765,Russell 2000,,2762.83423000,5284.73275000
I0124,2015-08-25,156765,Russell 2000,,2743.95903000,5248.67260000
I0124,2015-08-26,156765,Russell 2000,,2813.77249000,5382.59643000
I0124,2015-08-27,156765,Russell 2000,,2867.00640000,5485.00074000
I0124,2015-08-28,156765,Russell 2000,,2890.13237000,5530.01080000
I0124,2015-08-31,156765,Russell 2000,,2881.53692000,5513.76345000
I0124,2015-09-01,156765,Russell 2000,,2803.49219000,5364.59499000
I0124,2015-09-02,156765,Russell 2000,,2848.16911000,5450.51022000
I0124,2015-09-03,156765,Russell 2000,,2845.99480000,5446.53035000
I0124,2015-09-04,156765,Russell 2000,,2823.66293000,5403.89718000
I0124,2015-09-08,156765,Russell 2000,,2887.27366000,5525.93774000
I0124,2015-09-09,156765,Russell 2000,,2853.62897000,5462.00318000
I0124,2015-09-10,156765,Russell 2000,,2865.56958000,5485.13532000
I0124,2015-09-11,156765,Russell 2000,,2877.40343000,5508.94694000
I0124,2015-09-14,156765,Russell 2000,,2866.73502000,5489.05404000
I0124,2015-09-15,156765,Russell 2000,,2897.79180000,5548.75218000
I0124,2015-09-16,156765,Russell 2000,,2920.67058000,5592.92443000
I0124,2015-09-17,156765,Russell 2000,,2934.32001000,5619.22604000
I0124,2015-09-18,156765,Russell 2000,,2891.20745000,5536.82704000
I0124,2015-09-21,156765,Russell 2000,,2885.59363000,5526.09084000
I0124,2015-09-22,156765,Russell 2000,,2840.72499000,5440.28740000
I0124,2015-09-23,156765,Russell 2000,,2833.31743000,5426.51557000
I0124,2015-09-24,156765,Russell 2000,,2827.06464000,5414.80709000
I0124,2015-09-25,156765,Russell 2000,,2790.41396000,5344.67708000
I0124,2015-09-28,156765,Russell 2000,,2710.34160000,5194.32425000
I0124,2015-09-29,156765,Russell 2000,,2693.78214000,5163.09397000
I0124,2015-09-30,156765,Russell 2000,,2735.48640000,5243.24136000
I0124,2015-10-01,156765,Russell 2000,,2727.69435000,5228.87764000
I0124,2015-10-02,156765,Russell 2000,,2768.86847000,5307.93958000
I0124,2015-10-05,156765,Russell 2000,,2837.25528000,5439.21532000
I0124,2015-10-06,156765,Russell 2000,,2817.50802000,5401.40092000
I0124,2015-10-07,156765,Russell 2000,,2864.51057000,5491.78672000
I0124,2015-10-08,156765,Russell 2000,,2890.95412000,5542.60212000
I0124,2015-10-09,156765,Russell 2000,,2896.20252000,5552.72729000
I0124,2015-10-12,156765,Russell 2000,,2893.83934000,5548.19649000
I0124,2015-10-13,156765,Russell 2000,,2852.67485000,5469.76811000
I0124,2015-10-14,156765,Russell 2000,,2825.66106000,5418.33758000
I0124,2015-10-15,156765,Russell 2000,,2889.77809000,5541.32678000
I0124,2015-10-16,156765,Russell 2000,,2888.63088000,5539.16219000
I0124,2015-10-19,156765,Russell 2000,,2893.56894000,5548.69139000
I0124,2015-10-20,156765,Russell 2000,,2891.01914000,5543.82234000
I0124,2015-10-21,156765,Russell 2000,,2845.48532000,5456.81147000
I0124,2015-10-22,156765,Russell 2000,,2869.28265000,5502.56711000
I0124,2015-10-23,156765,Russell 2000,,2897.94785000,5557.66534000
I0124,2015-10-26,156765,Russell 2000,,2881.65143000,5526.53493000
I0124,2015-10-27,156765,Russell 2000,,2846.33584000,5458.93202000
I0124,2015-10-28,156765,Russell 2000,,2929.40539000,5618.63821000
I0124,2015-10-29,156765,Russell 2000,,2896.87304000,5556.54638000
I0124,2015-10-30,156765,Russell 2000,,2887.52306000,5538.64668000
I0124,2015-11-02,156765,Russell 2000,,2947.73422000,5654.20788000
I0124,2015-11-03,156765,Russell 2000,,2961.37215000,5680.64714000
I0124,2015-11-04,156765,Russell 2000,,2958.40596000,5675.33228000
I0124,2015-11-05,156765,Russell 2000,,2959.16102000,5677.14136000
I0124,2015-11-06,156765,Russell 2000,,2981.67325000,5721.04359000
I0124,2015-11-09,156765,Russell 2000,,2943.61290000,5648.14628000
I0124,2015-11-10,156765,Russell 2000,,2951.72633000,5664.18611000
I0124,2015-11-11,156765,Russell 2000,,2927.80364000,5618.27990000
I0124,2015-11-12,156765,Russell 2000,,2869.99057000,5508.40212000
I0124,2015-11-13,156765,Russell 2000,,2849.46308000,5469.31025000
I0124,2015-11-16,156765,Russell 2000,,2873.15783000,5514.96287000
I0124,2015-11-17,156765,Russell 2000,,2866.01712000,5501.50251000
I0124,2015-11-18,156765,Russell 2000,,2912.09331000,5590.45111000
I0124,2015-11-19,156765,Russell 2000,,2899.61360000,5566.74813000
I0124,2015-11-20,156765,Russell 2000,,2920.54710000,5607.13282000
I0124,2015-11-23,156765,Russell 2000,,2933.48872000,5632.08066000
I0124,2015-11-24,156765,Russell 2000,,2954.50188000,5672.63852000
I0124,2015-11-25,156765,Russell 2000,,2977.36898000,5717.31303000
I0124,2015-11-27,156765,Russell 2000,,2988.20483000,5738.90916000
I0124,2015-11-30,156765,Russell 2000,,2977.60691000,5718.81224000
I0124,2015-12-01,156765,Russell 2000,,2992.63885000,5747.76898000
I0124,2015-12-02,156765,Russell 2000,,2961.64038000,5688.80484000
I0124,2015-12-03,156765,Russell 2000,,2909.15250000,5588.08492000
I0124,2015-12-04,156765,Russell 2000,,2941.03978000,5649.51750000
I0124,2015-12-07,156765,Russell 2000,,2893.56865000,5558.52880000
I0124,2015-12-08,156765,Russell 2000,,2881.39407000,5535.57704000
I0124,2015-12-09,156765,Russell 2000,,2847.77956000,5471.34263000
I0124,2015-12-10,156765,Russell 2000,,2855.61242000,5486.63060000
I0124,2015-12-11,156765,Russell 2000,,2792.44872000,5366.37832000
I0124,2015-12-14,156765,Russell 2000,,2773.18857000,5329.64272000
I0124,2015-12-15,156765,Russell 2000,,2812.19179000,5404.91090000
I0124,2015-12-16,156765,Russell 2000,,2855.48879000,5488.67555000
I0124,2015-12-17,156765,Russell 2000,,2821.65727000,5423.92660000
I0124,2015-12-18,156765,Russell 2000,,2786.01744000,5355.69377000
I0124,2015-12-21,156765,Russell 2000,,2802.72307000,5387.90415000
I0124,2015-12-22,156765,Russell 2000,,2827.43626000,5435.72624000
I0124,2015-12-23,156765,Russell 2000,,2865.04132000,5508.70636000
I0124,2015-12-24,156765,Russell 2000,,2869.86322000,5518.03947000
I0124,2015-12-28,156765,Russell 2000,,2853.59827000,5487.04347000
I0124,2015-12-29,156765,Russell 2000,,2884.18905000,5548.99453000
I0124,2015-12-30,156765,Russell 2000,,2857.15237000,5497.39727000
I0124,2015-12-31,156765,Russell 2000,,2822.97095000,5431.67148000
I0124,2016-01-04,156765,Russell 2000,,2755.21086000,5301.43592000
I0124,2016-01-05,156765,Russell 2000,,2759.72089000,5310.26555000
I0124,2016-01-06,156765,Russell 2000,,2719.77553000,5233.65262000
I0124,2016-01-07,156765,Russell 2000,,2645.71367000,5091.20813000
I0124,2016-01-08,156765,Russell 2000,,2600.07552000,5003.38558000
I0124,2016-01-11,156765,Russell 2000,,2589.37298000,4982.84011000
I0124,2016-01-12,156765,Russell 2000,,2596.33563000,4996.24596000
I0124,2016-01-13,156765,Russell 2000,,2510.56994000,4831.93677000
I0124,2016-01-14,156765,Russell 2000,,2549.03973000,4906.05666000
I0124,2016-01-15,156765,Russell 2000,,2504.44989000,4820.48590000
I0124,2016-01-19,156765,Russell 2000,,2472.50035000,4759.04674000
I0124,2016-01-20,156765,Russell 2000,,2483.54898000,4780.61297000
I0124,2016-01-21,156765,Russell 2000,,2478.64617000,4771.27704000
I0124,2016-01-22,156765,Russell 2000,,2536.59755000,4882.84056000
I0124,2016-01-25,156765,Russell 2000,,2478.72221000,4771.63376000
I0124,2016-01-26,156765,Russell 2000,,2529.92170000,4870.20335000
I0124,2016-01-27,156765,Russell 2000,,2492.07876000,4797.61281000
I0124,2016-01-28,156765,Russell 2000,,2493.38622000,4800.32724000
I0124,2016-01-29,156765,Russell 2000,,2573.18248000,4954.04024000
I0124,2016-02-01,156765,Russell 2000,,2565.74482000,4939.73066000
I0124,2016-02-02,156765,Russell 2000,,2507.20933000,4827.18378000
I0124,2016-02-03,156765,Russell 2000,,2510.84404000,4834.52953000
I0124,2016-02-04,156765,Russell 2000,,2522.00620000,4856.68007000
I0124,2016-02-05,156765,Russell 2000,,2449.50966000,4717.27907000
I0124,2016-02-08,156765,Russell 2000,,2409.04808000,4639.88129000
I0124,2016-02-09,156765,Russell 2000,,2395.52297000,4614.01453000
I0124,2016-02-10,156765,Russell 2000,,2394.49188000,4612.49693000
I0124,2016-02-11,156765,Russell 2000,,2370.22257000,4566.61717000
I0124,2016-02-12,156765,Russell 2000,,2415.63975000,4654.30341000
I0124,2016-02-16,156765,Russell 2000,,2474.81789000,4768.47400000
I0124,2016-02-17,156765,Russell 2000,,2512.91941000,4842.19932000
I0124,2016-02-18,156765,Russell 2000,,2496.94855000,4811.57852000
I0124,2016-02-19,156765,Russell 2000,,2510.13192000,4837.06698000
I0124,2016-02-22,156765,Russell 2000,,2539.27206000,4893.29427000
I0124,2016-02-23,156765,Russell 2000,,2515.45002000,4847.49915000
I0124,2016-02-24,156765,Russell 2000,,2540.11956000,4895.37570000
I0124,2016-02-25,156765,Russell 2000,,2563.72737000,4941.52922000
I0124,2016-02-26,156765,Russell 2000,,2577.66226000,4969.27625000
I0124,2016-02-29,156765,Russell 2000,,2569.50524000,4953.81865000
I0124,2016-03-01,156765,Russell 2000,,2620.68346000,5052.58190000
I0124,2016-03-02,156765,Russell 2000,,2648.46516000,5106.67678000
I0124,2016-03-03,156765,Russell 2000,,2674.25108000,5156.66893000
I0124,2016-03-04,156765,Russell 2000,,2688.88030000,5185.09400000
I0124,2016-03-07,156765,Russell 2000,,2719.22720000,5243.88809000
I0124,2016-03-08,156765,Russell 2000,,2653.94657000,5118.46437000
I0124,2016-03-09,156765,Russell 2000,,2666.09140000,5142.43819000
I0124,2016-03-10,156765,Russell 2000,,2644.28074000,5100.51527000
I0124,2016-03-11,156765,Russell 2000,,2702.85327000,5214.68970000
I0124,2016-03-14,156765,Russell 2000,,2694.63394000,5199.35679000
I0124,2016-03-15,156765,Russell 2000,,2650.93437000,5115.42582000
I0124,2016-03-16,156765,Russell 2000,,2670.43093000,5153.44153000
I0124,2016-03-17,156765,Russell 2000,,2712.03880000,5234.18226000
I0124,2016-03-18,156765,Russell 2000,,2737.93459000,5284.31231000
I0124,2016-03-21,156765,Russell 2000,,2730.24212000,5269.54985000
I0124,2016-03-22,156765,Russell 2000,,2727.16360000,5264.04896000
I0124,2016-03-23,156765,Russell 2000,,2673.38338000,5160.55277000
I0124,2016-03-24,156765,Russell 2000,,2682.92204000,5179.06197000
I0124,2016-03-28,156765,Russell 2000,,2684.64584000,5182.54339000
I0124,2016-03-29,156765,Russell 2000,,2756.34915000,5323.93178000
I0124,2016-03-30,156765,Russell 2000,,2759.72890000,5331.42290000
I0124,2016-03-31,156765,Russell 2000,,2768.64113000,5349.19110000
I0124,2016-04-01,156765,Russell 2000,,2777.72721000,5366.80988000
I0124,2016-04-04,156765,Russell 2000,,2755.00251000,5323.13674000
I0124,2016-04-05,156765,Russell 2000,,2723.47361000,5262.29652000
I0124,2016-04-06,156765,Russell 2000,,2755.67924000,5324.84714000
I0124,2016-04-07,156765,Russell 2000,,2715.84618000,5247.95354000
I0124,2016-04-08,156765,Russell 2000,,2727.10098000,5269.88428000
I0124,2016-04-11,156765,Russell 2000,,2719.71575000,5255.64552000
I0124,2016-04-12,156765,Russell 2000,,2747.97571000,5310.42309000
I0124,2016-04-13,156765,Russell 2000,,2808.15015000,5427.21386000
I0124,2016-04-14,156765,Russell 2000,,2804.82887000,5420.91664000
I0124,2016-04-15,156765,Russell 2000,,2810.62919000,5432.12696000
I0124,2016-04-18,156765,Russell 2000,,2831.39357000,5472.33162000
I0124,2016-04-19,156765,Russell 2000,,2833.76677000,5476.96388000
I0124,2016-04-20,156765,Russell 2000,,2838.88847000,5486.96730000
I0124,2016-04-21,156765,Russell 2000,,2822.67549000,5455.92565000
I0124,2016-04-22,156765,Russell 2000,,2849.81409000,5508.39409000
I0124,2016-04-25,156765,Russell 2000,,2828.45907000,5467.18204000
I0124,2016-04-26,156765,Russell 2000,,2859.84927000,5527.87160000
I0124,2016-04-27,156765,Russell 2000,,2868.35082000,5544.67265000
I0124,2016-04-28,156765,Russell 2000,,2834.17593000,5478.97749000
I0124,2016-04-29,156765,Russell 2000,,2810.43465000,5433.14479000
I0124,2016-05-02,156765,Russell 2000,,2835.47362000,5481.55175000
I0124,2016-05-03,156765,Russell 2000,,2787.84722000,5389.64714000
I0124,2016-05-04,156765,Russell 2000,,2766.42010000,5348.54313000
I0124,2016-05-05,156765,Russell 2000,,2753.53021000,5323.96456000
I0124,2016-05-06,156765,Russell 2000,,2770.35901000,5356.82912000
I0124,2016-05-09,156765,Russell 2000,,2779.14263000,5374.26356000
I0124,2016-05-10,156765,Russell 2000,,2805.43385000,5425.49105000
I0124,2016-05-11,156765,Russell 2000,,2770.41213000,5358.25055000
I0124,2016-05-12,156765,Russell 2000,,2755.14748000,5329.75805000
I0124,2016-05-13,156765,Russell 2000,,2739.83779000,5300.22596000
I0124,2016-05-16,156765,Russell 2000,,2774.06752000,5366.84649000
I0124,2016-05-17,156765,Russell 2000,,2728.00114000,5277.95282000
I0124,2016-05-18,156765,Russell 2000,,2741.11830000,5303.73871000
I0124,2016-05-19,156765,Russell 2000,,2720.79850000,5264.65303000
I0124,2016-05-20,156765,Russell 2000,,2764.28487000,5348.95118000
I0124,2016-05-23,156765,Russell 2000,,2762.02731000,5344.66655000
I0124,2016-05-24,156765,Russell 2000,,2821.52345000,5460.02591000
I0124,2016-05-25,156765,Russell 2000,,2835.73209000,5487.77225000
I0124,2016-05-26,156765,Russell 2000,,2832.57507000,5482.22713000
I0124,2016-05-27,156765,Russell 2000,,2859.15769000,5534.52116000
I0124,2016-05-31,156765,Russell 2000,,2869.94994000,5555.52541000
I0124,2016-06-01,156765,Russell 2000,,2890.45010000,5595.51744000
I0124,2016-06-02,156765,Russell 2000,,2909.19612000,5632.07025000
I0124,2016-06-03,156765,Russell 2000,,2893.16907000,5601.17215000
I0124,2016-06-06,156765,Russell 2000,,2924.82220000,5662.88210000
I0124,2016-06-07,156765,Russell 2000,,2932.53111000,5677.84714000
I0124,2016-06-08,156765,Russell 2000,,2954.85064000,5721.77964000
I0124,2016-06-09,156765,Russell 2000,,2935.58426000,5684.72168000
I0124,2016-06-10,156765,Russell 2000,,2892.66096000,5601.73595000
I0124,2016-06-13,156765,Russell 2000,,2859.77710000,5539.42231000
I0124,2016-06-14,156765,Russell 2000,,2852.62854000,5526.04221000
I0124,2016-06-15,156765,Russell 2000,,2856.30526000,5533.59672000
I0124,2016-06-16,156765,Russell 2000,,2853.54313000,5528.56689000
I0124,2016-06-17,156765,Russell 2000,,2844.86401000,5511.78813000
I0124,2016-06-20,156765,Russell 2000,,2877.17962000,5574.66523000
I0124,2016-06-21,156765,Russell 2000,,2867.66072000,5556.42143000
I0124,2016-06-22,156765,Russell 2000,,2855.48261000,5533.13644000
I0124,2016-06-23,156765,Russell 2000,,2913.26707000,5645.49875000
I0124,2016-06-24,156765,Russell 2000,,2802.21511000,5430.40595000
I0124,2016-06-27,156765,Russell 2000,,2708.04474000,5247.94045000
I0124,2016-06-28,156765,Russell 2000,,2751.91353000,5336.24626000
I0124,2016-06-29,156765,Russell 2000,,2812.35395000,5453.91118000
I0124,2016-06-30,156765,Russell 2000,,2862.81885000,5552.02338000
I0124,2016-07-01,156765,Russell 2000,,2874.86442000,5575.60801000
I0124,2016-07-05,156765,Russell 2000,,2831.82752000,5492.77763000
I0124,2016-07-06,156765,Russell 2000,,2851.41027000,5531.07546000
I0124,2016-07-07,156765,Russell 2000,,2857.43246000,5542.98798000
I0124,2016-07-08,156765,Russell 2000,,2926.03672000,5676.14448000
I0124,2016-07-11,156765,Russell 2000,,2957.53219000,5737.29139000
I0124,2016-07-12,156765,Russell 2000,,2996.93514000,5813.90596000
I0124,2016-07-13,156765,Russell 2000,,2985.18684000,5791.61862000
I0124,2016-07-14,156765,Russell 2000,,2987.69674000,5796.55375000
I0124,2016-07-15,156765,Russell 2000,,2995.49648000,5811.68634000
I0124,2016-07-18,156765,Russell 2000,,3001.95073000,5824.24908000
I0124,2016-07-19,156765,Russell 2000,,2983.40893000,5788.29829000
I0124,2016-07-20,156765,Russell 2000,,3006.51968000,5833.49598000
I0124,2016-07-21,156765,Russell 2000,,2991.89430000,5805.25559000
I0124,2016-07-22,156765,Russell 2000,,3014.33555000,5848.81848000
I0124,2016-07-25,156765,Russell 2000,,3006.71119000,5834.09312000
I0124,2016-07-26,156765,Russell 2000,,3024.20055000,5868.04383000
I0124,2016-07-27,156765,Russell 2000,,3029.33976000,5878.25314000
I0124,2016-07-28,156765,Russell 2000,,3025.36040000,5870.83927000
I0124,2016-07-29,156765,Russell 2000,,3031.86251000,5883.51604000
I0124,2016-08-01,156765,Russell 2000,,3029.83177000,5879.65387000
I0124,2016-08-02,156765,Russell 2000,,2988.14086000,5798.93951000
I0124,2016-08-03,156765,Russell 2000,,3013.92823000,5849.34818000
I0124,2016-08-04,156765,Russell 2000,,3016.49634000,5855.01266000
I0124,2016-08-05,156765,Russell 2000,,3060.08846000,5939.74572000
I0124,2016-08-08,156765,Russell 2000,,3057.90798000,5936.13199000
I0124,2016-08-09,156765,Russell 2000,,3061.19649000,5942.63362000
I0124,2016-08-10,156765,Russell 2000,,3040.14522000,5902.10652000
I0124,2016-08-11,156765,Russell 2000,,3054.66221000,5931.19718000
I0124,2016-08-12,156765,Russell 2000,,3056.41216000,5934.77530000
I0124,2016-08-15,156765,Russell 2000,,3086.34472000,5993.28667000
I0124,2016-08-16,156765,Russell 2000,,3059.66540000,5941.81256000
I0124,2016-08-17,156765,Russell 2000,,3051.09766000,5925.59030000
I0124,2016-08-18,156765,Russell 2000,,3073.88215000,5970.10875000
I0124,2016-08-19,156765,Russell 2000,,3073.68293000,5970.01922000
I0124,2016-08-22,156765,Russell 2000,,3081.07504000,5984.53631000
I0124,2016-08-23,156765,Russell 2000,,3103.03870000,6027.36122000
I0124,2016-08-24,156765,Russell 2000,,3074.87784000,5972.89125000
I0124,2016-08-25,156765,Russell 2000,,3081.72419000,5986.27619000
I0124,2016-08-26,156765,Russell 2000,,3076.82011000,5976.82541000
I0124,2016-08-29,156765,Russell 2000,,3093.99788000,6010.57345000
I0124,2016-08-30,156765,Russell 2000,,3096.69821000,6016.73128000
I0124,2016-08-31,156765,Russell 2000,,3081.48145000,5987.56141000
I0124,2016-09-01,156765,Russell 2000,,3081.22420000,5987.26199000
I0124,2016-09-02,156765,Russell 2000,,3111.11561000,6045.55371000
I0124,2016-09-06,156765,Russell 2000,,3114.94121000,6053.20711000
I0124,2016-09-07,156765,Russell 2000,,3133.92335000,6090.71887000
I0124,2016-09-08,156765,Russell 2000,,3127.33826000,6078.30648000
I0124,2016-09-09,156765,Russell 2000,,3030.04434000,5889.24485000
I0124,2016-09-12,156765,Russell 2000,,3071.45169000,5970.01159000
I0124,2016-09-13,156765,Russell 2000,,3012.91985000,5857.81287000
I0124,2016-09-14,156765,Russell 2000,,3011.10821000,5854.76986000
I0124,2016-09-15,156765,Russell 2000,,3049.46057000,5929.64598000
I0124,2016-09-16,156765,Russell 2000,,3043.88355000,5919.12028000
I0124,2016-09-19,156765,Russell 2000,,3063.13794000,5956.69449000
I0124,2016-09-20,156765,Russell 2000,,3052.70862000,5936.61434000
I0124,2016-09-21,156765,Russell 2000,,3094.23700000,6017.57393000
I0124,2016-09-22,156765,Russell 2000,,3139.96237000,6106.73621000
I0124,2016-09-23,156765,Russell 2000,,3118.05402000,6064.30300000
I0124,2016-09-26,156765,Russell 2000,,3084.04381000,5998.18966000
I0124,2016-09-27,156765,Russell 2000,,3097.56977000,6024.52886000
I0124,2016-09-28,156765,Russell 2000,,3120.64565000,6072.87694000
I0124,2016-09-29,156765,Russell 2000,,3076.12308000,5986.93257000
I0124,2016-09-30,156765,Russell 2000,,3110.65596000,6054.25244000
I0124,2016-10-03,156765,Russell 2000,,3096.08700000,6026.14753000
I0124,2016-10-04,156765,Russell 2000,,3081.15988000,5997.38138000
I0124,2016-10-05,156765,Russell 2000,,3102.51660000,6039.62970000
I0124,2016-10-06,156765,Russell 2000,,3097.21849000,6029.60648000
I0124,2016-10-07,156765,Russell 2000,,3073.16034000,5982.83658000
I0124,2016-10-10,156765,Russell 2000,,3108.46459000,6051.56699000
I0124,2016-10-11,156765,Russell 2000,,3050.95319000,5939.61362000
I0124,2016-10-12,156765,Russell 2000,,3049.96539000,5938.15957000
I0124,2016-10-13,156765,Russell 2000,,3021.44423000,5882.73572000
I0124,2016-10-14,156765,Russell 2000,,3013.13851000,5866.61234000
I0124,2016-10-17,156765,Russell 2000,,3007.49378000,5855.64166000
I0124,2016-10-18,156765,Russell 2000,,3025.29662000,5890.30411000
I0124,2016-10-19,156765,Russell 2000,,3038.57314000,5916.57884000
I0124,2016-10-20,156765,Russell 2000,,3031.47864000,5902.90414000
I0124,2016-10-21,156765,Russell 2000,,3027.27470000,5894.81289000
I0124,2016-10-24,156765,Russell 2000,,3048.03326000,5935.23466000
I0124,2016-10-25,156765,Russell 2000,,3022.32482000,5885.28889000
I0124,2016-10-26,156765,Russell 2000,,2994.10537000,5830.43320000
I0124,2016-10-27,156765,Russell 2000,,2957.31734000,5759.38708000
I0124,2016-10-28,156765,Russell 2000,,2951.51830000,5748.14220000
I0124,2016-10-31,156765,Russell 2000,,2960.89971000,5766.43350000
I0124,2016-11-01,156765,Russell 2000,,2927.48530000,5701.48828000
I0124,2016-11-02,156765,Russell 2000,,2889.16650000,5627.13484000
I0124,2016-11-03,156765,Russell 2000,,2875.15132000,5600.39735000
I0124,2016-11-04,156765,Russell 2000,,2891.43823000,5632.36063000
I0124,2016-11-07,156765,Russell 2000,,2963.04567000,5772.34764000
I0124,2016-11-08,156765,Russell 2000,,2970.23437000,5787.09671000
I0124,2016-11-09,156765,Russell 2000,,3062.23411000,5966.75565000
I0124,2016-11-10,156765,Russell 2000,,3110.56080000,6061.65809000
I0124,2016-11-11,156765,Russell 2000,,3187.07104000,6210.75625000
I0124,2016-11-14,156765,Russell 2000,,3227.33680000,6289.65201000
I0124,2016-11-15,156765,Russell 2000,,3236.15580000,6307.07199000
I0124,2016-11-16,156765,Russell 2000,,3236.29515000,6308.09395000
I0124,2016-11-17,156765,Russell 2000,,3254.39887000,6343.69153000
I0124,2016-11-18,156765,Russell 2000,,3269.70172000,6373.67686000
I0124,2016-11-21,156765,Russell 2000,,3286.08509000,6405.94529000
I0124,2016-11-22,156765,Russell 2000,,3316.17422000,6464.85512000
I0124,2016-11-23,156765,Russell 2000,,3335.44072000,6502.58101000
I0124,2016-11-25,156765,Russell 2000,,3348.13744000,6527.40433000
I0124,2016-11-28,156765,Russell 2000,,3304.95696000,6443.95338000
I0124,2016-11-29,156765,Russell 2000,,3300.95992000,6437.15598000
I0124,2016-11-30,156765,Russell 2000,,3286.34655000,6409.46095000
I0124,2016-12-01,156765,Russell 2000,,3265.13264000,6368.47178000
I0124,2016-12-02,156765,Russell 2000,,3266.25017000,6370.77490000
I0124,2016-12-05,156765,Russell 2000,,3324.73566000,6485.02890000
I0124,2016-12-06,156765,Russell 2000,,3361.72000000,6557.62401000
I0124,2016-12-07,156765,Russell 2000,,3391.14124000,6615.60421000
I0124,2016-12-08,156765,Russell 2000,,3445.47320000,6721.89825000
I0124,2016-12-09,156765,Russell 2000,,3449.71193000,6730.27307000
I0124,2016-12-12,156765,Russell 2000,,3412.60404000,6658.14613000
I0124,2016-12-13,156765,Russell 2000,,3413.57816000,6661.27753000
I0124,2016-12-14,156765,Russell 2000,,3370.05996000,6577.14748000
I0124,2016-12-15,156765,Russell 2000,,3395.88233000,6627.80241000
I0124,2016-12-16,156765,Russell 2000,,3390.35437000,6617.15097000
I0124,2016-12-19,156765,Russell 2000,,3408.97979000,6653.75026000
I0124,2016-12-20,156765,Russell 2000,,3439.47838000,6713.51510000
I0124,2016-12-21,156765,Russell 2000,,3417.70047000,6671.20686000
I0124,2016-12-22,156765,Russell 2000,,3386.55077000,6610.89979000
I0124,2016-12-23,156765,Russell 2000,,3408.54777000,6653.89462000
I0124,2016-12-27,156765,Russell 2000,,3423.94959000,6684.01206000
I0124,2016-12-28,156765,Russell 2000,,3381.99412000,6606.60948000
I0124,2016-12-29,156765,Russell 2000,,3387.83800000,6618.38477000
I0124,2016-12-30,156765,Russell 2000,,3372.80934000,6589.05125000
I0124,2017-01-03,156765,Russell 2000,,3393.59092000,6629.95323000
I0124,2017-01-04,156765,Russell 2000,,3449.41502000,6739.34182000
I0124,2017-01-05,156765,Russell 2000,,3409.60639000,6661.63453000
I0124,2017-01-06,156765,Russell 2000,,3398.03869000,6639.20875000
I0124,2017-01-09,156765,Russell 2000,,3373.70783000,6591.90799000
I0124,2017-01-10,156765,Russell 2000,,3407.04248000,6657.05325000
I0124,2017-01-11,156765,Russell 2000,,3412.99523000,6669.20449000
I0124,2017-01-12,156765,Russell 2000,,3382.59254000,6609.97646000
I0124,2017-01-13,156765,Russell 2000,,3409.88266000,6663.44738000
I0124,2017-01-17,156765,Russell 2000,,3360.86488000,6567.65891000
I0124,2017-01-18,156765,Russell 2000,,3376.35358000,6598.09761000
I0124,2017-01-19,156765,Russell 2000,,3344.51306000,6536.22742000
I0124,2017-01-20,156765,Russell 2000,,3359.68329000,6565.87865000
I0124,2017-01-23,156765,Russell 2000,,3349.71083000,6546.41178000
I0124,2017-01-24,156765,Russell 2000,,3402.83223000,6650.24810000
I0124,2017-01-25,156765,Russell 2000,,3435.70364000,6714.55886000
I0124,2017-01-26,156765,Russell 2000,,3418.70032000,6681.45338000
I0124,2017-01-27,156765,Russell 2000,,3406.54532000,6657.96301000
I0124,2017-01-30,156765,Russell 2000,,3360.88678000,6568.83452000
I0124,2017-01-31,156765,Russell 2000,,3384.47490000,6615.04115000
I0124,2017-02-01,156765,Russell 2000,,3382.99422000,6612.38628000
I0124,2017-02-02,156765,Russell 2000,,3373.56055000,6594.42823000
I0124,2017-02-03,156765,Russell 2000,,3424.27268000,6693.70817000
I0124,2017-02-06,156765,Russell 2000,,3396.49445000,6639.69559000
I0124,2017-02-07,156765,Russell 2000,,3382.57876000,6612.91016000
I0124,2017-02-08,156765,Russell 2000,,3376.80386000,6602.14812000
I0124,2017-02-09,156765,Russell 2000,,3425.98530000,6698.40609000
I0124,2017-02-10,156765,Russell 2000,,3451.62627000,6749.03692000
I0124,2017-02-13,156765,Russell 2000,,3460.41096000,6766.96118000
I0124,2017-02-14,156765,Russell 2000,,3471.02908000,6787.77828000
I0124,2017-02-15,156765,Russell 2000,,3489.80827000,6825.08616000
I0124,2017-02-16,156765,Russell 2000,,3477.19903000,6800.58045000
I0124,2017-02-17,156765,Russell 2000,,3479.00943000,6804.18559000
I0124,2017-02-21,156765,Russell 2000,,3505.05986000,6855.29506000
I0124,2017-02-22,156765,Russell 2000,,3488.93341000,6824.05416000
I0124,2017-02-23,156765,Russell 2000,,3465.98883000,6779.52469000
I0124,2017-02-24,156765,Russell 2000,,3465.74561000,6779.59996000
I0124,2017-02-27,156765,Russell 2000,,3499.15944000,6845.95935000
I0124,2017-02-28,156765,Russell 2000,,3446.25882000,6742.70363000
I0124,2017-03-01,156765,Russell 2000,,3513.24023000,6874.23894000
I0124,2017-03-02,156765,Russell 2000,,3468.58744000,6787.21906000
I0124,2017-03-03,156765,Russell 2000,,3464.75598000,6780.07760000
I0124,2017-03-06,156765,Russell 2000,,3440.19846000,6732.47728000
I0124,2017-03-07,156765,Russell 2000,,3416.91226000,6687.08700000
I0124,2017-03-08,156765,Russell 2000,,3394.95205000,6645.03160000
I0124,2017-03-09,156765,Russell 2000,,3380.23940000,6616.52876000
I0124,2017-03-10,156765,Russell 2000,,3393.02674000,6641.80287000
I0124,2017-03-13,156765,Russell 2000,,3405.50264000,6667.61445000
I0124,2017-03-14,156765,Russell 2000,,3385.85406000,6629.78417000
I0124,2017-03-15,156765,Russell 2000,,3436.68056000,6729.94547000
I0124,2017-03-16,156765,Russell 2000,,3444.63022000,6746.08041000
I0124,2017-03-17,156765,Russell 2000,,3458.28645000,6772.92767000
I0124,2017-03-20,156765,Russell 2000,,3439.82713000,6737.00610000
I0124,2017-03-21,156765,Russell 2000,,3346.50680000,6554.47142000
I0124,2017-03-22,156765,Russell 2000,,3344.15060000,6549.97432000
I0124,2017-03-23,156765,Russell 2000,,3363.60278000,6588.99270000
I0124,2017-03-24,156765,Russell 2000,,3366.62693000,6594.96898000
I0124,2017-03-27,156765,Russell 2000,,3373.28500000,6608.11483000
I0124,2017-03-28,156765,Russell 2000,,3397.98760000,6656.71344000
I0124,2017-03-29,156765,Russell 2000,,3408.88289000,6681.28950000
I0124,2017-03-30,156765,Russell 2000,,3435.47578000,6734.08247000
I0124,2017-03-31,156765,Russell 2000,,3444.35955000,6751.52728000
I0124,2017-04-03,156765,Russell 2000,,3403.96972000,6672.76093000
I0124,2017-04-04,156765,Russell 2000,,3400.25968000,6665.67264000
I0124,2017-04-05,156765,Russell 2000,,3360.41495000,6587.76758000
I0124,2017-04-06,156765,Russell 2000,,3390.94184000,6647.94146000
I0124,2017-04-07,156765,Russell 2000,,3391.28271000,6648.73505000
I0124,2017-04-10,156765,Russell 2000,,3397.55106000,6661.08563000
I0124,2017-04-11,156765,Russell 2000,,3422.05856000,6709.76857000
I0124,2017-04-12,156765,Russell 2000,,3377.95146000,6623.39029000
I0124,2017-04-13,156765,Russell 2000,,3343.26892000,6555.40699000
I0124,2017-04-17,156765,Russell 2000,,3382.87446000,6633.07267000
I0124,2017-04-18,156765,Russell 2000,,3384.65073000,6636.60780000
I0124,2017-04-19,156765,Russell 2000,,3397.67070000,6662.50711000
I0124,2017-04-20,156765,Russell 2000,,3439.96117000,6745.43467000
I0124,2017-04-21,156765,Russell 2000,,3429.28489000,6724.53254000
I0124,2017-04-24,156765,Russell 2000,,3474.23827000,6812.82760000
I0124,2017-04-25,156765,Russell 2000,,3506.88111000,6876.87037000
I0124,2017-04-26,156765,Russell 2000,,3527.64329000,6917.91912000
I0124,2017-04-27,156765,Russell 2000,,3521.91758000,6906.86958000
I0124,2017-04-28,156765,Russell 2000,,3480.41698000,6825.56756000
I0124,2017-05-01,156765,Russell 2000,,3497.64894000,6859.41472000
I0124,2017-05-02,156765,Russell 2000,,3477.76680000,6820.54900000
I0124,2017-05-03,156765,Russell 2000,,3456.79193000,6779.81203000
I0124,2017-05-04,156765,Russell 2000,,3451.63265000,6770.28666000
I0124,2017-05-05,156765,Russell 2000,,3471.88449000,6810.27222000
I0124,2017-05-08,156765,Russell 2000,,3458.57446000,6784.82193000
I0124,2017-05-09,156765,Russell 2000,,3459.13207000,6786.07231000
I0124,2017-05-10,156765,Russell 2000,,3478.33244000,6824.14626000
I0124,2017-05-11,156765,Russell 2000,,3454.98605000,6779.26153000
I0124,2017-05-12,156765,Russell 2000,,3436.53130000,6743.37164000
I0124,2017-05-15,156765,Russell 2000,,3464.24928000,6797.96139000
I0124,2017-05-16,156765,Russell 2000,,3466.13816000,6802.14522000
I0124,2017-05-17,156765,Russell 2000,,3369.72683000,6613.59833000
I0124,2017-05-18,156765,Russell 2000,,3382.62015000,6639.23338000
I0124,2017-05-19,156765,Russell 2000,,3398.15975000,6669.86899000
I0124,2017-05-22,156765,Russell 2000,,3422.53797000,6717.78439000
I0124,2017-05-23,156765,Russell 2000,,3432.08725000,6736.81875000
I0124,2017-05-24,156765,Russell 2000,,3435.88220000,6744.49593000
I0124,2017-05-25,156765,Russell 2000,,3438.06672000,6748.85595000
I0124,2017-05-26,156765,Russell 2000,,3435.22464000,6743.74711000
I0124,2017-05-30,156765,Russell 2000,,3407.76053000,6691.03213000
I0124,2017-05-31,156765,Russell 2000,,3405.31205000,6686.70789000
I0124,2017-06-01,156765,Russell 2000,,3469.55994000,6813.15061000
I0124,2017-06-02,156765,Russell 2000,,3492.73967000,6858.85921000
I0124,2017-06-05,156765,Russell 2000,,3470.53204000,6815.59283000
I0124,2017-06-06,156765,Russell 2000,,3466.67455000,6808.18154000
I0124,2017-06-07,156765,Russell 2000,,3471.08604000,6817.39291000
I0124,2017-06-08,156765,Russell 2000,,3518.15276000,6910.14954000
I0124,2017-06-09,156765,Russell 2000,,3533.30012000,6939.96690000
I0124,2017-06-12,156765,Russell 2000,,3527.09719000,6928.00586000
I0124,2017-06-13,156765,Russell 2000,,3543.93182000,6962.85730000
I0124,2017-06-14,156765,Russell 2000,,3523.02520000,6922.72377000
I0124,2017-06-15,156765,Russell 2000,,3504.41322000,6886.53734000
I0124,2017-06-16,156765,Russell 2000,,3496.07359000,6870.49721000
I0124,2017-06-19,156765,Russell 2000,,3524.28911000,6925.98719000
I0124,2017-06-20,156765,Russell 2000,,3486.72832000,6852.38221000
I0124,2017-06-21,156765,Russell 2000,,3477.49978000,6834.35688000
I0124,2017-06-22,156765,Russell 2000,,3490.63018000,6860.40588000
I0124,2017-06-23,156765,Russell 2000,,3516.07946000,6910.61616000
I0124,2017-06-26,156765,Russell 2000,,3520.70610000,6919.75864000
I0124,2017-06-27,156765,Russell 2000,,3488.10559000,6855.81968000
I0124,2017-06-28,156765,Russell 2000,,3542.15196000,6965.58425000
I0124,2017-06-29,156765,Russell 2000,,3519.61177000,6921.91552000
I0124,2017-06-30,156765,Russell 2000,,3517.52266000,6917.85567000
I0124,2017-07-03,156765,Russell 2000,,3545.66449000,6973.63773000
I0124,2017-07-05,156765,Russell 2000,,3529.42316000,6941.93335000
I0124,2017-07-06,156765,Russell 2000,,3481.37771000,6847.68105000
I0124,2017-07-07,156765,Russell 2000,,3518.70752000,6921.33913000
I0124,2017-07-10,156765,Russell 2000,,3500.41415000,6885.49066000
I0124,2017-07-11,156765,Russell 2000,,3511.79553000,6907.99875000
I0124,2017-07-12,156765,Russell 2000,,3539.79572000,6963.46459000
I0124,2017-07-13,156765,Russell 2000,,3543.12567000,6970.16240000
I0124,2017-07-14,156765,Russell 2000,,3550.97092000,6985.63310000
I0124,2017-07-17,156765,Russell 2000,,3557.89260000,6999.27210000
I0124,2017-07-18,156765,Russell 2000,,3547.98120000,6979.77388000
I0124,2017-07-19,156765,Russell 2000,,3583.16307000,7049.41610000
I0124,2017-07-20,156765,Russell 2000,,3584.61386000,7052.55021000
I0124,2017-07-21,156765,Russell 2000,,3568.42100000,7020.72450000
I0124,2017-07-24,156765,Russell 2000,,3573.92798000,7031.55927000
I0124,2017-07-25,156765,Russell 2000,,3604.57588000,7091.93940000
I0124,2017-07-26,156765,Russell 2000,,3584.42701000,7052.37378000
I0124,2017-07-27,156765,Russell 2000,,3562.91597000,7010.47548000
I0124,2017-07-28,156765,Russell 2000,,3552.07016000,6989.22352000
I0124,2017-07-31,156765,Russell 2000,,3541.84240000,6969.25232000
I0124,2017-08-01,156765,Russell 2000,,3549.75873000,6985.03118000
I0124,2017-08-02,156765,Russell 2000,,3511.42097000,6909.81464000
I0124,2017-08-03,156765,Russell 2000,,3492.34734000,6872.82148000
I0124,2017-08-04,156765,Russell 2000,,3509.97367000,6907.70049000
I0124,2017-08-07,156765,Russell 2000,,3514.55986000,6917.06717000
I0124,2017-08-08,156765,Russell 2000,,3504.58011000,6897.62447000
I0124,2017-08-09,156765,Russell 2000,,3471.76897000,6833.54849000
I0124,2017-08-10,156765,Russell 2000,,3411.11712000,6714.56808000
I0124,2017-08-11,156765,Russell 2000,,3415.31133000,6723.59914000
I0124,2017-08-14,156765,Russell 2000,,3465.20903000,6822.15380000
I0124,2017-08-15,156765,Russell 2000,,3437.69296000,6768.20855000
I0124,2017-08-16,156765,Russell 2000,,3438.43029000,6770.40576000
I0124,2017-08-17,156765,Russell 2000,,3377.30736000,6650.42824000
I0124,2017-08-18,156765,Russell 2000,,3374.45650000,6645.02795000
I0124,2017-08-21,156765,Russell 2000,,3372.24978000,6640.77964000
I0124,2017-08-22,156765,Russell 2000,,3408.61494000,6712.47718000
I0124,2017-08-23,156765,Russell 2000,,3404.14576000,6703.95740000
I0124,2017-08-24,156765,Russell 2000,,3414.42646000,6724.35300000
I0124,2017-08-25,156765,Russell 2000,,3423.31680000,6741.90089000
I0124,2017-08-28,156765,Russell 2000,,3435.18848000,6765.41078000
I0124,2017-08-29,156765,Russell 2000,,3438.79675000,6772.99884000
I0124,2017-08-30,156765,Russell 2000,,3457.79188000,6812.04722000
I0124,2017-08-31,156765,Russell 2000,,3492.46624000,6880.58942000
I0124,2017-09-01,156765,Russell 2000,,3513.07993000,6921.36368000
I0124,2017-09-05,156765,Russell 2000,,3478.49630000,6853.22806000
I0124,2017-09-06,156765,Russell 2000,,3484.81109000,6865.85589000
I0124,2017-09-07,156765,Russell 2000,,3476.05712000,6849.34832000
I0124,2017-09-08,156765,Russell 2000,,3477.93370000,6853.54466000
I0124,2017-09-11,156765,Russell 2000,,3516.20296000,6929.05208000
I0124,2017-09-12,156765,Russell 2000,,3537.66504000,6971.55774000
I0124,2017-09-13,156765,Russell 2000,,3546.19171000,6988.53561000
I0124,2017-09-14,156765,Russell 2000,,3541.54152000,6981.48312000
I0124,2017-09-15,156765,Russell 2000,,3558.16396000,7014.47759000
I0124,2017-09-18,156765,Russell 2000,,3581.45295000,7060.48090000
I0124,2017-09-19,156765,Russell 2000,,3579.76744000,7057.39772000
I0124,2017-09-20,156765,Russell 2000,,3592.23347000,7082.11737000
I0124,2017-09-21,156765,Russell 2000,,3589.16084000,7076.37668000
I0124,2017-09-22,156765,Russell 2000,,3605.55516000,7109.09257000
I0124,2017-09-25,156765,Russell 2000,,3608.48144000,7114.88190000
I0124,2017-09-26,156765,Russell 2000,,3620.67208000,7139.13093000
I0124,2017-09-27,156765,Russell 2000,,3690.13309000,7276.23523000
I0124,2017-09-28,156765,Russell 2000,,3700.00858000,7298.95336000
I0124,2017-09-29,156765,Russell 2000,,3705.16631000,7310.00004000
I0124,2017-10-02,156765,Russell 2000,,3751.41836000,7401.60490000
I0124,2017-10-03,156765,Russell 2000,,3757.61819000,7413.92052000
I0124,2017-10-04,156765,Russell 2000,,3747.17502000,7393.49017000
I0124,2017-10-05,156765,Russell 2000,,3757.91946000,7415.05925000
I0124,2017-10-06,156765,Russell 2000,,3753.26908000,7406.16945000
I0124,2017-10-09,156765,Russell 2000,,3736.72829000,7373.53019000
I0124,2017-10-10,156765,Russell 2000,,3747.77342000,7395.56103000
I0124,2017-10-11,156765,Russell 2000,,3745.08704000,7390.28749000
I0124,2017-10-12,156765,Russell 2000,,3740.71060000,7382.16762000
I0124,2017-10-13,156765,Russell 2000,,3734.48286000,7369.93233000
I0124,2017-10-16,156765,Russell 2000,,3734.54111000,7370.12653000
I0124,2017-10-17,156765,Russell 2000,,3721.66125000,7344.75259000
I0124,2017-10-18,156765,Russell 2000,,3740.66261000,7382.27927000
I0124,2017-10-19,156765,Russell 2000,,3732.95841000,7367.28952000
I0124,2017-10-20,156765,Russell 2000,,3750.85877000,7403.15535000
I0124,2017-10-23,156765,Russell 2000,,3721.64578000,7345.61692000
I0124,2017-10-24,156765,Russell 2000,,3728.92144000,7360.03424000
I0124,2017-10-25,156765,Russell 2000,,3711.66802000,7325.97994000
I0124,2017-10-26,156765,Russell 2000,,3721.56347000,7345.54740000
I0124,2017-10-27,156765,Russell 2000,,3748.54517000,7398.94747000
I0124,2017-10-30,156765,Russell 2000,,3705.26016000,7313.92699000
I0124,2017-10-31,156765,Russell 2000,,3734.76967000,7372.31254000
I0124,2017-11-01,156765,Russell 2000,,3709.93054000,7323.41960000
I0124,2017-11-02,156765,Russell 2000,,3719.29637000,7342.14061000
I0124,2017-11-03,156765,Russell 2000,,3715.22808000,7334.75739000
I0124,2017-11-06,156765,Russell 2000,,3722.81247000,7349.81281000
I0124,2017-11-07,156765,Russell 2000,,3675.91257000,7257.62875000
I0124,2017-11-08,156765,Russell 2000,,3682.48181000,7270.75434000
I0124,2017-11-09,156765,Russell 2000,,3665.79346000,7238.17628000
I0124,2017-11-10,156765,Russell 2000,,3666.42924000,7239.86473000
I0124,2017-11-13,156765,Russell 2000,,3665.91588000,7238.99381000
I0124,2017-11-14,156765,Russell 2000,,3656.44533000,7221.56959000
I0124,2017-11-15,156765,Russell 2000,,3638.64442000,7186.87255000
I0124,2017-11-16,156765,Russell 2000,,3695.27357000,7299.62448000
I0124,2017-11-17,156765,Russell 2000,,3710.03782000,7329.28085000
I0124,2017-11-20,156765,Russell 2000,,3736.31686000,7381.23075000
I0124,2017-11-21,156765,Russell 2000,,3774.82419000,7457.65105000
I0124,2017-11-22,156765,Russell 2000,,3769.53451000,7447.35100000
I0124,2017-11-24,156765,Russell 2000,,3775.50358000,7459.27834000
I0124,2017-11-27,156765,Russell 2000,,3760.95370000,7430.63903000
I0124,2017-11-28,156765,Russell 2000,,3818.42238000,7544.33344000
I0124,2017-11-29,156765,Russell 2000,,3832.99691000,7573.81701000
I0124,2017-11-30,156765,Russell 2000,,3837.57832000,7584.77811000
I0124,2017-12-01,156765,Russell 2000,,3819.88542000,7550.08795000
I0124,2017-12-04,156765,Russell 2000,,3808.43393000,7527.80322000
I0124,2017-12-05,156765,Russell 2000,,3769.53224000,7451.15315000
I0124,2017-12-06,156765,Russell 2000,,3749.95377000,7412.56565000
I0124,2017-12-07,156765,Russell 2000,,3778.74718000,7470.23764000
I0124,2017-12-08,156765,Russell 2000,,3781.86872000,7476.91605000
I0124,2017-12-11,156765,Russell 2000,,3777.18557000,7467.77954000
I0124,2017-12-12,156765,Russell 2000,,3767.93193000,7449.71681000
I0124,2017-12-13,156765,Russell 2000,,3788.63195000,7491.03211000
I0124,2017-12-14,156765,Russell 2000,,3745.15035000,7407.01584000
I0124,2017-12-15,156765,Russell 2000,,3803.49084000,7522.83423000
I0124,2017-12-18,156765,Russell 2000,,3849.46754000,7613.83568000
I0124,2017-12-19,156765,Russell 2000,,3819.20992000,7554.35075000
I0124,2017-12-20,156765,Russell 2000,,3827.47671000,7570.79542000
I0124,2017-12-21,156765,Russell 2000,,3844.95026000,7605.78993000
I0124,2017-12-22,156765,Russell 2000,,3834.55822000,7585.65562000
I0124,2017-12-26,156765,Russell 2000,,3837.79155000,7592.13363000
I0124,2017-12-27,156765,Russell 2000,,3837.07210000,7590.72528000
I0124,2017-12-28,156765,Russell 2000,,3849.47085000,7619.56424000
I0124,2017-12-29,156765,Russell 2000,,3816.13227000,7554.16508000
I0124,2018-01-02,156765,Russell 2000,,3852.16832000,7625.74165000
I0124,2018-01-03,156765,Russell 2000,,3858.54297000,7638.47019000
I0124,2018-01-04,156765,Russell 2000,,3866.36669000,7654.22788000
I0124,2018-01-05,156765,Russell 2000,,3877.01881000,7675.45217000
I0124,2018-01-08,156765,Russell 2000,,3881.48656000,7684.38425000
I0124,2018-01-09,156765,Russell 2000,,3877.23978000,7676.19687000
I0124,2018-01-10,156765,Russell 2000,,3876.49823000,7674.84543000
I0124,2018-01-11,156765,Russell 2000,,3943.56602000,7808.20133000
I0124,2018-01-12,156765,Russell 2000,,3956.45080000,7833.81676000
I0124,2018-01-16,156765,Russell 2000,,3909.22631000,7740.41107000
I0124,2018-01-17,156765,Russell 2000,,3943.24584000,7807.84715000
I0124,2018-01-18,156765,Russell 2000,,3918.56890000,7759.15049000
I0124,2018-01-19,156765,Russell 2000,,3970.50793000,7862.03145000
I0124,2018-01-22,156765,Russell 2000,,3989.23998000,7899.17517000
I0124,2018-01-23,156765,Russell 2000,,4003.00956000,7926.44060000
I0124,2018-01-24,156765,Russell 2000,,3975.43741000,7871.86356000
I0124,2018-01-25,156765,Russell 2000,,3980.55194000,7882.09476000
I0124,2018-01-26,156765,Russell 2000,,3996.43023000,7913.87657000
I0124,2018-01-29,156765,Russell 2000,,3971.70255000,7864.94917000
I0124,2018-01-30,156765,Russell 2000,,3933.69838000,7790.00825000
I0124,2018-01-31,156765,Russell 2000,,3914.22770000,7751.58763000
I0124,2018-02-01,156765,Russell 2000,,3926.36493000,7775.85144000
I0124,2018-02-02,156765,Russell 2000,,3845.36285000,7615.91753000
I0124,2018-02-05,156765,Russell 2000,,3705.73193000,7339.55784000
I0124,2018-02-06,156765,Russell 2000,,3745.69335000,7418.89288000
I0124,2018-02-07,156765,Russell 2000,,3747.68370000,7423.09016000
I0124,2018-02-08,156765,Russell 2000,,3637.89514000,7206.22541000
I0124,2018-02-09,156765,Russell 2000,,3672.79545000,7275.54042000
I0124,2018-02-12,156765,Russell 2000,,3705.46429000,7340.32733000
I0124,2018-02-13,156765,Russell 2000,,3715.32635000,7360.42571000
I0124,2018-02-14,156765,Russell 2000,,3782.79243000,7495.19615000
I0124,2018-02-15,156765,Russell 2000,,3820.32210000,7570.21513000
I0124,2018-02-16,156765,Russell 2000,,3836.11196000,7601.90200000
I0124,2018-02-20,156765,Russell 2000,,3802.41552000,7535.17110000
I0124,2018-02-21,156765,Russell 2000,,3806.99888000,7544.44759000
I0124,2018-02-22,156765,Russell 2000,,3802.40350000,7535.82917000
I0124,2018-02-23,156765,Russell 2000,,3850.11685000,7630.69302000
I0124,2018-02-26,156765,Russell 2000,,3875.33256000,7680.72298000
I0124,2018-02-27,156765,Russell 2000,,3818.52569000,7568.64793000
I0124,2018-02-28,156765,Russell 2000,,3758.80950000,7451.43331000
I0124,2018-03-01,156765,Russell 2000,,3746.23882000,7426.98900000
I0124,2018-03-02,156765,Russell 2000,,3810.31769000,7554.64777000
I0124,2018-03-05,156765,Russell 2000,,3842.31952000,7618.20994000
I0124,2018-03-06,156765,Russell 2000,,3882.47094000,7698.16232000
I0124,2018-03-07,156765,Russell 2000,,3913.11153000,7759.16793000
I0124,2018-03-08,156765,Russell 2000,,3906.72988000,7747.46589000
I0124,2018-03-09,156765,Russell 2000,,3969.29934000,7872.17080000
I0124,2018-03-12,156765,Russell 2000,,3979.02853000,7891.53594000
I0124,2018-03-13,156765,Russell 2000,,3956.65015000,7847.54345000
I0124,2018-03-14,156765,Russell 2000,,3937.41218000,7811.09018000
I0124,2018-03-15,156765,Russell 2000,,3918.29319000,7773.72279000
I0124,2018-03-16,156765,Russell 2000,,3941.72912000,7820.84285000
I0124,2018-03-19,156765,Russell 2000,,3903.24155000,7744.81770000
I0124,2018-03-20,156765,Russell 2000,,3902.85286000,7744.14219000
I0124,2018-03-21,156765,Russell 2000,,3924.96519000,7788.37951000
I0124,2018-03-22,156765,Russell 2000,,3836.91048000,7613.92268000
I0124,2018-03-23,156765,Russell 2000,,3752.93577000,7447.48325000
I0124,2018-03-26,156765,Russell 2000,,3836.52467000,7613.56558000
I0124,2018-03-27,156765,Russell 2000,,3761.59216000,7464.97294000
I0124,2018-03-28,156765,Russell 2000,,3760.26243000,7466.17758000
I0124,2018-03-29,156765,Russell 2000,,3801.01054000,7547.80788000
I0124,2018-04-02,156765,Russell 2000,,3709.31418000,7366.11851000
I0124,2018-04-03,156765,Russell 2000,,3758.08521000,7463.20313000
I0124,2018-04-04,156765,Russell 2000,,3806.57255000,7559.66188000
I0124,2018-04-05,156765,Russell 2000,,3834.56292000,7615.43630000
I0124,2018-04-06,156765,Russell 2000,,3760.92364000,7469.29480000
I0124,2018-04-09,156765,Russell 2000,,3763.82213000,7475.32734000
I0124,2018-04-10,156765,Russell 2000,,3835.82019000,7618.45003000
I0124,2018-04-11,156765,Russell 2000,,3844.19992000,7635.12744000
I0124,2018-04-12,156765,Russell 2000,,3870.34825000,7687.66285000
I0124,2018-04-13,156765,Russell 2000,,3850.91964000,7649.23357000
I0124,2018-04-16,156765,Russell 2000,,3884.53110000,7715.99733000
I0124,2018-04-17,156765,Russell 2000,,3926.20614000,7798.78640000
I0124,2018-04-18,156765,Russell 2000,,3935.55030000,7817.34710000
I0124,2018-04-19,156765,Russell 2000,,3911.33461000,7769.44505000
I0124,2018-04-20,156765,Russell 2000,,3887.24083000,7721.85254000
I0124,2018-04-23,156765,Russell 2000,,3882.26223000,7711.97612000
I0124,2018-04-24,156765,Russell 2000,,3860.29466000,7668.40435000
I0124,2018-04-25,156765,Russell 2000,,3853.30045000,7654.57170000
I0124,2018-04-26,156765,Russell 2000,,3871.76029000,7691.35981000
I0124,2018-04-27,156765,Russell 2000,,3867.63802000,7683.82680000
I0124,2018-04-30,156765,Russell 2000,,3831.96958000,7613.06149000
I0124,2018-05-01,156765,Russell 2000,,3852.99026000,7655.01868000
I0124,2018-05-02,156765,Russell 2000,,3864.35352000,7677.78064000
I0124,2018-05-03,156765,Russell 2000,,3843.58609000,7636.79457000
I0124,2018-05-04,156765,Russell 2000,,3890.91867000,7731.37032000
I0124,2018-05-07,156765,Russell 2000,,3924.08243000,7797.41379000
I0124,2018-05-08,156765,Russell 2000,,3942.58464000,7834.38629000
I0124,2018-05-09,156765,Russell 2000,,3966.59411000,7882.47277000
I0124,2018-05-10,156765,Russell 2000,,3985.63023000,7920.81520000
I0124,2018-05-11,156765,Russell 2000,,3993.28417000,7936.38373000
I0124,2018-05-14,156765,Russell 2000,,3977.25733000,7905.39900000
I0124,2018-05-15,156765,Russell 2000,,3977.24850000,7905.92659000
I0124,2018-05-16,156765,Russell 2000,,4017.07974000,7985.38073000
I0124,2018-05-17,156765,Russell 2000,,4039.25523000,8030.10101000
I0124,2018-05-18,156765,Russell 2000,,4042.58209000,8037.44117000
I0124,2018-05-21,156765,Russell 2000,,4069.45569000,8091.01967000
I0124,2018-05-22,156765,Russell 2000,,4039.12417000,8030.76130000
I0124,2018-05-23,156765,Russell 2000,,4045.01874000,8042.65139000
I0124,2018-05-24,156765,Russell 2000,,4046.54055000,8046.19654000
I0124,2018-05-25,156765,Russell 2000,,4043.32544000,8039.89542000
I0124,2018-05-29,156765,Russell 2000,,4035.17620000,8023.71249000
I0124,2018-05-30,156765,Russell 2000,,4095.66663000,8144.47958000
I0124,2018-05-31,156765,Russell 2000,,4059.93108000,8075.17852000
I0124,2018-06-01,156765,Russell 2000,,4095.65392000,8146.41151000
I0124,2018-06-04,156765,Russell 2000,,4109.04219000,8173.25682000
I0124,2018-06-05,156765,Russell 2000,,4137.01336000,8229.05695000
I0124,2018-06-06,156765,Russell 2000,,4165.15540000,8285.18624000
I0124,2018-06-07,156765,Russell 2000,,4144.83991000,8245.30813000
I0124,2018-06-08,156765,Russell 2000,,4156.55881000,8269.36460000
I0124,2018-06-11,156765,Russell 2000,,4161.99748000,8280.24086000
I0124,2018-06-12,156765,Russell 2000,,4180.93684000,8318.19466000
I0124,2018-06-13,156765,Russell 2000,,4166.61719000,8289.93072000
I0124,2018-06-14,156765,Russell 2000,,4186.96492000,8332.70979000
I0124,2018-06-15,156765,Russell 2000,,4184.93547000,8328.87830000
I0124,2018-06-18,156765,Russell 2000,,4206.18920000,8371.41525000
I0124,2018-06-19,156765,Russell 2000,,4208.64024000,8376.58310000
I0124,2018-06-20,156765,Russell 2000,,4242.28880000,8443.70797000
I0124,2018-06-21,156765,Russell 2000,,4197.46692000,8354.71864000
I0124,2018-06-22,156765,Russell 2000,,4189.08236000,8338.29747000
I0124,2018-06-25,156765,Russell 2000,,4119.32877000,8199.49364000
I0124,2018-06-26,156765,Russell 2000,,4146.70913000,8254.20577000
I0124,2018-06-27,156765,Russell 2000,,4076.94181000,8115.49544000
I0124,2018-06-28,156765,Russell 2000,,4088.28091000,8141.85600000
I0124,2018-06-29,156765,Russell 2000,,4083.44116000,8133.04282000
I0124,2018-07-02,156765,Russell 2000,,4113.30661000,8192.88653000
I0124,2018-07-03,156765,Russell 2000,,4126.56133000,8219.62356000
I0124,2018-07-05,156765,Russell 2000,,4173.93649000,8314.30247000
I0124,2018-07-06,156765,Russell 2000,,4210.15169000,8386.53645000
I0124,2018-07-09,156765,Russell 2000,,4236.36793000,8438.95225000
I0124,2018-07-10,156765,Russell 2000,,4214.03674000,8394.70515000
I0124,2018-07-11,156765,Russell 2000,,4184.32392000,8335.54587000
I0124,2018-07-12,156765,Russell 2000,,4200.76363000,8369.28701000
I0124,2018-07-13,156765,Russell 2000,,4192.81662000,8353.51156000
I0124,2018-07-16,156765,Russell 2000,,4171.60421000,8311.33629000
I0124,2018-07-17,156765,Russell 2000,,4193.27512000,8354.53128000
I0124,2018-07-18,156765,Russell 2000,,4204.71996000,8377.36295000
I0124,2018-07-19,156765,Russell 2000,,4228.18542000,8424.49864000
I0124,2018-07-20,156765,Russell 2000,,4216.99643000,8402.26511000
I0124,2018-07-23,156765,Russell 2000,,4220.98764000,8410.23947000
I0124,2018-07-24,156765,Russell 2000,,4175.70882000,8320.09820000
I0124,2018-07-25,156765,Russell 2000,,4188.15458000,8344.96158000
I0124,2018-07-26,156765,Russell 2000,,4213.39629000,8395.39917000
I0124,2018-07-27,156765,Russell 2000,,4133.81868000,8237.28520000
I0124,2018-07-30,156765,Russell 2000,,4108.44848000,8187.12645000
I0124,2018-07-31,156765,Russell 2000,,4152.37075000,8274.78943000
I0124,2018-08-01,156765,Russell 2000,,4148.53906000,8267.68008000
I0124,2018-08-02,156765,Russell 2000,,4180.43916000,8331.74206000
I0124,2018-08-03,156765,Russell 2000,,4158.75120000,8289.13006000
I0124,2018-08-06,156765,Russell 2000,,4185.93581000,8343.38268000
I0124,2018-08-07,156765,Russell 2000,,4195.84978000,8363.56767000
I0124,2018-08-08,156765,Russell 2000,,4192.32683000,8356.73518000
I0124,2018-08-09,156765,Russell 2000,,4202.28129000,8377.12986000
I0124,2018-08-10,156765,Russell 2000,,4192.13279000,8357.32591000
I0124,2018-08-13,156765,Russell 2000,,4163.58056000,8300.46554000
I0124,2018-08-14,156765,Russell 2000,,4206.48385000,8387.24589000
I0124,2018-08-15,156765,Russell 2000,,4152.02576000,8278.96304000
I0124,2018-08-16,156765,Russell 2000,,4189.51873000,8354.74028000
I0124,2018-08-17,156765,Russell 2000,,4207.39992000,8390.98973000
I0124,2018-08-20,156765,Russell 2000,,4221.67898000,8419.71245000
I0124,2018-08-21,156765,Russell 2000,,4269.77543000,8515.68686000
I0124,2018-08-22,156765,Russell 2000,,4280.95179000,8538.09502000
I0124,2018-08-23,156765,Russell 2000,,4267.30473000,8511.27695000
I0124,2018-08-24,156765,Russell 2000,,4288.72685000,8554.07837000
I0124,2018-08-27,156765,Russell 2000,,4295.52357000,8567.74278000
I0124,2018-08-28,156765,Russell 2000,,4295.56286000,8567.84097000
I0124,2018-08-29,156765,Russell 2000,,4311.28902000,8599.26936000
I0124,2018-08-30,156765,Russell 2000,,4305.33494000,8588.95579000
I0124,2018-08-31,156765,Russell 2000,,4326.20987000,8631.51500000
I0124,2018-09-04,156765,Russell 2000,,4307.87849000,8595.13674000
I0124,2018-09-05,156765,Russell 2000,,4293.63335000,8566.89159000
I0124,2018-09-06,156765,Russell 2000,,4260.88430000,8502.28482000
I0124,2018-09-07,156765,Russell 2000,,4257.68348000,8496.29660000
I0124,2018-09-10,156765,Russell 2000,,4268.33884000,8517.69256000
I0124,2018-09-11,156765,Russell 2000,,4270.66651000,8522.60919000
I0124,2018-09-12,156765,Russell 2000,,4263.93782000,8509.40480000
I0124,2018-09-13,156765,Russell 2000,,4260.51681000,8505.01705000
I0124,2018-09-14,156765,Russell 2000,,4278.90667000,8542.31496000
I0124,2018-09-17,156765,Russell 2000,,4233.74608000,8452.61162000
I0124,2018-09-18,156765,Russell 2000,,4252.19395000,8489.59144000
I0124,2018-09-19,156765,Russell 2000,,4232.21904000,8450.05756000
I0124,2018-09-20,156765,Russell 2000,,4275.09064000,8535.85896000
I0124,2018-09-21,156765,Russell 2000,,4255.53602000,8496.87967000
I0124,2018-09-24,156765,Russell 2000,,4238.14460000,8462.53121000
I0124,2018-09-25,156765,Russell 2000,,4246.81081000,8479.88048000
I0124,2018-09-26,156765,Russell 2000,,4204.07128000,8394.69936000
I0124,2018-09-27,156765,Russell 2000,,4201.38406000,8393.16022000
I0124,2018-09-28,156765,Russell 2000,,4216.40621000,8423.90783000
I0124,2018-10-01,156765,Russell 2000,,4157.80675000,8307.02039000
I0124,2018-10-02,156765,Russell 2000,,4115.68044000,8223.32013000
I0124,2018-10-03,156765,Russell 2000,,4153.58755000,8299.16029000
I0124,2018-10-04,156765,Russell 2000,,4092.98852000,8178.37645000
I0124,2018-10-05,156765,Russell 2000,,4056.20949000,8105.19631000
I0124,2018-10-08,156765,Russell 2000,,4049.75517000,8092.29917000
I0124,2018-10-09,156765,Russell 2000,,4030.74391000,8054.53587000
I0124,2018-10-10,156765,Russell 2000,,3915.29499000,7824.00593000
I0124,2018-10-11,156765,Russell 2000,,3840.65865000,7675.17448000
I0124,2018-10-12,156765,Russell 2000,,3843.88757000,7682.03526000
I0124,2018-10-15,156765,Russell 2000,,3859.83181000,7713.91726000
I0124,2018-10-16,156765,Russell 2000,,3968.54263000,7931.25705000
I0124,2018-10-17,156765,Russell 2000,,3950.56676000,7895.36096000
I0124,2018-10-18,156765,Russell 2000,,3878.86307000,7752.30844000
I0124,2018-10-19,156765,Russell 2000,,3832.36228000,7659.38090000
I0124,2018-10-22,156765,Russell 2000,,3826.04875000,7646.86938000
I0124,2018-10-23,156765,Russell 2000,,3793.95412000,7582.73763000
I0124,2018-10-24,156765,Russell 2000,,3650.08533000,7295.25337000
I0124,2018-10-25,156765,Russell 2000,,3728.86214000,7453.02066000
I0124,2018-10-26,156765,Russell 2000,,3687.66829000,7371.14584000
I0124,2018-10-29,156765,Russell 2000,,3671.47751000,7338.78731000
I0124,2018-10-30,156765,Russell 2000,,3744.37285000,7484.93641000
I0124,2018-10-31,156765,Russell 2000,,3756.24136000,7508.93295000
I0124,2018-11-01,156765,Russell 2000,,3839.66513000,7676.09312000
I0124,2018-11-02,156765,Russell 2000,,3847.12364000,7691.56241000
I0124,2018-11-05,156765,Russell 2000,,3845.95611000,7689.35184000
I0124,2018-11-06,156765,Russell 2000,,3867.29418000,7732.42415000
I0124,2018-11-07,156765,Russell 2000,,3932.06375000,7862.16812000
I0124,2018-11-08,156765,Russell 2000,,3922.24721000,7843.54158000
I0124,2018-11-09,156765,Russell 2000,,3850.87932000,7701.11258000
I0124,2018-11-12,156765,Russell 2000,,3774.58644000,7548.53960000
I0124,2018-11-13,156765,Russell 2000,,3764.66521000,7529.08974000
I0124,2018-11-14,156765,Russell 2000,,3734.10467000,7469.40193000
I0124,2018-11-15,156765,Russell 2000,,3787.82809000,7577.98089000
I0124,2018-11-16,156765,Russell 2000,,3796.30444000,7595.67273000
I0124,2018-11-19,156765,Russell 2000,,3719.28121000,7441.93121000
I0124,2018-11-20,156765,Russell 2000,,3650.85759000,7305.14082000
I0124,2018-11-21,156765,Russell 2000,,3698.74786000,7401.15637000
I0124,2018-11-23,156765,Russell 2000,,3699.74719000,7403.30014000
I0124,2018-11-26,156765,Russell 2000,,3742.68568000,7489.35970000
I0124,2018-11-27,156765,Russell 2000,,3710.12152000,7424.40016000
I0124,2018-11-28,156765,Russell 2000,,3803.38921000,7611.13753000
I0124,2018-11-29,156765,Russell 2000,,3790.97137000,7587.74284000
I0124,2018-11-30,156765,Russell 2000,,3810.55296000,7628.28675000
I0124,2018-12-03,156765,Russell 2000,,3849.54720000,7706.49071000
I0124,2018-12-04,156765,Russell 2000,,3680.04030000,7367.36867000
I0124,2018-12-06,156765,Russell 2000,,3671.74026000,7351.64739000
I0124,2018-12-07,156765,Russell 2000,,3598.86572000,7206.36239000
I0124,2018-12-10,156765,Russell 2000,,3586.45444000,7181.89383000
I0124,2018-12-11,156765,Russell 2000,,3579.09667000,7167.40478000
I0124,2018-12-12,156765,Russell 2000,,3616.84441000,7243.22120000
I0124,2018-12-13,156765,Russell 2000,,3560.62068000,7133.33750000
I0124,2018-12-14,156765,Russell 2000,,3506.22457000,7024.80566000
I0124,2018-12-17,156765,Russell 2000,,3425.03435000,6862.68184000
I0124,2018-12-18,156765,Russell 2000,,3422.62901000,6858.09048000
I0124,2018-12-19,156765,Russell 2000,,3353.17397000,6719.27916000
I0124,2018-12-20,156765,Russell 2000,,3295.44985000,6604.28103000
I0124,2018-12-21,156765,Russell 2000,,3211.15850000,6435.39235000
I0124,2018-12-24,156765,Russell 2000,,3148.62756000,6310.60317000
I0124,2018-12-26,156765,Russell 2000,,3304.91417000,6623.89993000
I0124,2018-12-27,156765,Russell 2000,,3309.90037000,6634.48977000
I0124,2018-12-28,156765,Russell 2000,,3325.07524000,6668.67458000
I0124,2018-12-31,156765,Russell 2000,,3351.50826000,6722.15302000
I0124,2019-01-02,156765,Russell 2000,,3369.76831000,6759.00096000
I0124,2019-01-03,156765,Russell 2000,,3307.45134000,6634.78722000
I0124,2019-01-04,156765,Russell 2000,,3431.50429000,6883.71503000
I0124,2019-01-07,156765,Russell 2000,,3492.68616000,7006.58865000
I0124,2019-01-08,156765,Russell 2000,,3545.34137000,7112.41855000
I0124,2019-01-09,156765,Russell 2000,,3575.79724000,7173.60587000
I0124,2019-01-10,156765,Russell 2000,,3592.26366000,7207.06970000
I0124,2019-01-11,156765,Russell 2000,,3597.11586000,7216.86468000
I0124,2019-01-14,156765,Russell 2000,,3560.90269000,7144.45882000
I0124,2019-01-15,156765,Russell 2000,,3591.72976000,7206.31771000
I0124,2019-01-16,156765,Russell 2000,,3615.28818000,7253.66229000
I0124,2019-01-17,156765,Russell 2000,,3646.48286000,7316.46911000
I0124,2019-01-18,156765,Russell 2000,,3684.38856000,7392.61193000
I0124,2019-01-22,156765,Russell 2000,,3622.14076000,7267.74174000
I0124,2019-01-23,156765,Russell 2000,,3614.19083000,7251.80415000
I0124,2019-01-24,156765,Russell 2000,,3639.41889000,7302.56512000
I0124,2019-01-25,156765,Russell 2000,,3685.26430000,7394.80904000
I0124,2019-01-28,156765,Russell 2000,,3662.10753000,7348.38601000
I0124,2019-01-29,156765,Russell 2000,,3656.91806000,7338.08884000
I0124,2019-01-30,156765,Russell 2000,,3695.42489000,7415.71005000
I0124,2019-01-31,156765,Russell 2000,,3726.43364000,7478.38516000
I0124,2019-02-01,156765,Russell 2000,,3732.98372000,7491.83148000
I0124,2019-02-04,156765,Russell 2000,,3771.45856000,7569.31642000
I0124,2019-02-05,156765,Russell 2000,,3778.14317000,7582.84449000
I0124,2019-02-06,156765,Russell 2000,,3772.66332000,7572.04847000
I0124,2019-02-07,156765,Russell 2000,,3741.85836000,7511.00445000
I0124,2019-02-08,156765,Russell 2000,,3743.76934000,7515.44441000
I0124,2019-02-11,156765,Russell 2000,,3775.05343000,7578.31803000
I0124,2019-02-12,156765,Russell 2000,,3822.88967000,7674.59078000
I0124,2019-02-13,156765,Russell 2000,,3834.60260000,7698.67894000
I0124,2019-02-14,156765,Russell 2000,,3839.97560000,7711.30241000
I0124,2019-02-15,156765,Russell 2000,,3899.97421000,7832.33998000
I0124,2019-02-19,156765,Russell 2000,,3912.94864000,7858.59760000
I0124,2019-02-20,156765,Russell 2000,,3930.82524000,7894.55947000
I0124,2019-02-21,156765,Russell 2000,,3915.63213000,7864.47629000
I0124,2019-02-22,156765,Russell 2000,,3951.70335000,7937.19878000
I0124,2019-02-25,156765,Russell 2000,,3948.58174000,7931.05664000
I0124,2019-02-26,156765,Russell 2000,,3920.44261000,7874.61386000
I0124,2019-02-27,156765,Russell 2000,,3929.31175000,7893.12483000
I0124,2019-02-28,156765,Russell 2000,,3915.63658000,7867.16995000
I0124,2019-03-01,156765,Russell 2000,,3950.65594000,7938.47211000
I0124,2019-03-04,156765,Russell 2000,,3915.35710000,7867.92855000
I0124,2019-03-05,156765,Russell 2000,,3897.57943000,7832.31522000
I0124,2019-03-06,156765,Russell 2000,,3819.38559000,7675.23002000
I0124,2019-03-07,156765,Russell 2000,,3786.60103000,7610.27664000
I0124,2019-03-08,156765,Russell 2000,,3782.26569000,7602.44498000
I0124,2019-03-11,156765,Russell 2000,,3849.34857000,7737.65168000
I0124,2019-03-12,156765,Russell 2000,,3851.72989000,7742.71489000
I0124,2019-03-13,156765,Russell 2000,,3866.75494000,7773.42901000
I0124,2019-03-14,156765,Russell 2000,,3851.23322000,7744.69669000
I0124,2019-03-15,156765,Russell 2000,,3860.93344000,7764.62681000
I0124,2019-03-18,156765,Russell 2000,,3886.76569000,7816.93885000
I0124,2019-03-19,156765,Russell 2000,,3864.52959000,7772.52168000
I0124,2019-03-20,156765,Russell 2000,,3835.13864000,7713.57379000
I0124,2019-03-21,156765,Russell 2000,,3882.98709000,7810.12363000
I0124,2019-03-22,156765,Russell 2000,,3742.59740000,7527.97178000
I0124,2019-03-25,156765,Russell 2000,,3759.84750000,7562.78549000
I0124,2019-03-26,156765,Russell 2000,,3797.87656000,7639.35896000
I0124,2019-03-27,156765,Russell 2000,,3783.12814000,7609.73647000
I0124,2019-03-28,156765,Russell 2000,,3815.11925000,7678.49877000
I0124,2019-03-29,156765,Russell 2000,,3826.63798000,7702.51572000
I0124,2019-04-01,156765,Russell 2000,,3867.21184000,7784.29555000
I0124,2019-04-02,156765,Russell 2000,,3860.40318000,7771.13558000
I0124,2019-04-03,156765,Russell 2000,,3879.25448000,7809.24467000
I0124,2019-04-04,156765,Russell 2000,,3895.61710000,7842.35081000
I0124,2019-04-05,156765,Russell 2000,,3933.05546000,7917.82748000
I0124,2019-04-08,156765,Russell 2000,,3924.22493000,7900.23484000
I0124,2019-04-09,156765,Russell 2000,,3876.20621000,7803.70307000
I0124,2019-04-10,156765,Russell 2000,,3930.55282000,7913.25140000
I0124,2019-04-11,156765,Russell 2000,,3924.56235000,7901.59290000
I0124,2019-04-12,156765,Russell 2000,,3938.63329000,7930.58657000
I0124,2019-04-15,156765,Russell 2000,,3924.63096000,7902.44032000
I0124,2019-04-16,156765,Russell 2000,,3933.61994000,7920.55130000
I0124,2019-04-17,156765,Russell 2000,,3895.87331000,7844.84283000
I0124,2019-04-18,156765,Russell 2000,,3891.27717000,7835.68416000
I0124,2019-04-22,156765,Russell 2000,,3877.10383000,7807.15829000
I0124,2019-04-23,156765,Russell 2000,,3939.35560000,7932.56167000
I0124,2019-04-24,156765,Russell 2000,,3946.90879000,7947.83615000
I0124,2019-04-25,156765,Russell 2000,,3915.79163000,7885.27293000
I0124,2019-04-26,156765,Russell 2000,,3956.06286000,7966.64797000
I0124,2019-04-29,156765,Russell 2000,,3972.31807000,7999.77704000
I0124,2019-04-30,156765,Russell 2000,,3954.55981000,7964.17503000
I0124,2019-05-01,156765,Russell 2000,,3917.69976000,7890.21756000
I0124,2019-05-02,156765,Russell 2000,,3933.28587000,7921.90066000
I0124,2019-05-03,156765,Russell 2000,,4011.25091000,8079.61283000
I0124,2019-05-06,156765,Russell 2000,,4013.62109000,8084.43929000
I0124,2019-05-07,156765,Russell 2000,,3932.44284000,7921.34456000
I0124,2019-05-08,156765,Russell 2000,,3914.20896000,7884.82715000
I0124,2019-05-09,156765,Russell 2000,,3901.98644000,7861.10121000
I0124,2019-05-10,156765,Russell 2000,,3909.28319000,7876.20482000
I0124,2019-05-13,156765,Russell 2000,,3785.04147000,7626.02717000
I0124,2019-05-14,156765,Russell 2000,,3834.88885000,7727.81788000
I0124,2019-05-15,156765,Russell 2000,,3847.84423000,7754.10715000
I0124,2019-05-16,156765,Russell 2000,,3870.13158000,7800.01562000
I0124,2019-05-17,156765,Russell 2000,,3816.75828000,7693.23563000
I0124,2019-05-20,156765,Russell 2000,,3789.91763000,7639.30371000
I0124,2019-05-21,156765,Russell 2000,,3840.33004000,7741.04770000
I0124,2019-05-22,156765,Russell 2000,,3806.47425000,7673.16421000
I0124,2019-05-23,156765,Russell 2000,,3731.30728000,7521.97488000
I0124,2019-05-24,156765,Russell 2000,,3762.94135000,7585.97511000
I0124,2019-05-28,156765,Russell 2000,,3737.86715000,7535.52300000
I0124,2019-05-29,156765,Russell 2000,,3702.90502000,7465.10484000
I0124,2019-05-30,156765,Russell 2000,,3691.91837000,7444.25905000
I0124,2019-05-31,156765,Russell 2000,,3642.10418000,7344.77960000
I0124,2019-06-03,156765,Russell 2000,,3653.27809000,7367.44868000
I0124,2019-06-04,156765,Russell 2000,,3749.15480000,7561.01160000
I0124,2019-06-05,156765,Russell 2000,,3744.75982000,7552.26739000
I0124,2019-06-06,156765,Russell 2000,,3736.67152000,7536.83514000
I0124,2019-06-07,156765,Russell 2000,,3763.64255000,7591.90883000
I0124,2019-06-10,156765,Russell 2000,,3786.43305000,7638.14268000
I0124,2019-06-11,156765,Russell 2000,,3775.36538000,7616.00718000
I0124,2019-06-12,156765,Russell 2000,,3777.06484000,7619.66430000
I0124,2019-06-13,156765,Russell 2000,,3816.85904000,7702.39079000
I0124,2019-06-14,156765,Russell 2000,,3783.79309000,7636.18541000
I0124,2019-06-17,156765,Russell 2000,,3809.27509000,7688.07413000
I0124,2019-06-18,156765,Russell 2000,,3852.70955000,7775.93612000
I0124,2019-06-19,156765,Russell 2000,,3866.00665000,7802.96725000
I0124,2019-06-20,156765,Russell 2000,,3885.67813000,7842.82317000
I0124,2019-06-21,156765,Russell 2000,,3851.21559000,7773.44141000
I0124,2019-06-24,156765,Russell 2000,,3802.64279000,7675.74600000
I0124,2019-06-25,156765,Russell 2000,,3780.15575000,7630.43441000
I0124,2019-06-26,156765,Russell 2000,,3772.05381000,7614.09529000
I0124,2019-06-27,156765,Russell 2000,,3843.56705000,7762.73431000
I0124,2019-06-28,156765,Russell 2000,,3893.32575000,7863.88890000
I0124,2019-07-01,156765,Russell 2000,,3901.00915000,7879.52700000
I0124,2019-07-02,156765,Russell 2000,,3878.32938000,7834.07818000
I0124,2019-07-03,156765,Russell 2000,,3907.11946000,7892.78161000
I0124,2019-07-05,156765,Russell 2000,,3915.82366000,7910.48160000
I0124,2019-07-08,156765,Russell 2000,,3880.43894000,7839.15353000
I0124,2019-07-09,156765,Russell 2000,,3883.42600000,7845.30456000
I0124,2019-07-10,156765,Russell 2000,,3889.53421000,7858.05442000
I0124,2019-07-11,156765,Russell 2000,,3871.82541000,7822.63975000
I0124,2019-07-12,156765,Russell 2000,,3901.84154000,7883.56741000
I0124,2019-07-15,156765,Russell 2000,,3881.51683000,7842.52444000
I0124,2019-07-16,156765,Russell 2000,,3881.95118000,7843.49569000
I0124,2019-07-17,156765,Russell 2000,,3854.07322000,7787.19972000
I0124,2019-07-18,156765,Russell 2000,,3866.11728000,7812.27767000
I0124,2019-07-19,156765,Russell 2000,,3846.91124000,7773.55384000
I0124,2019-07-22,156765,Russell 2000,,3839.17558000,7757.97845000
I0124,2019-07-23,156765,Russell 2000,,3864.47166000,7809.09567000
I0124,2019-07-24,156765,Russell 2000,,3927.73546000,7937.00503000
I0124,2019-07-25,156765,Russell 2000,,3880.59426000,7841.84356000
I0124,2019-07-26,156765,Russell 2000,,3924.13170000,7930.26053000
I0124,2019-07-29,156765,Russell 2000,,3899.42225000,7880.47357000
I0124,2019-07-30,156765,Russell 2000,,3940.61263000,7964.08089000
I0124,2019-07-31,156765,Russell 2000,,3913.29004000,7909.16379000
I0124,2019-08-01,156765,Russell 2000,,3854.03966000,7789.88823000
I0124,2019-08-02,156765,Russell 2000,,3811.52893000,7704.52401000
I0124,2019-08-05,156765,Russell 2000,,3696.59759000,7472.41506000
I0124,2019-08-06,156765,Russell 2000,,3733.06169000,7546.45564000
I0124,2019-08-07,156765,Russell 2000,,3729.58223000,7539.78566000
I0124,2019-08-08,156765,Russell 2000,,3807.73408000,7698.48776000
I0124,2019-08-09,156765,Russell 2000,,3760.29188000,7602.97887000
I0124,2019-08-12,156765,Russell 2000,,3711.63602000,7504.74001000
I0124,2019-08-13,156765,Russell 2000,,3754.15940000,7591.06037000
I0124,2019-08-14,156765,Russell 2000,,3647.16205000,7376.06987000
I0124,2019-08-15,156765,Russell 2000,,3632.56312000,7347.15839000
I0124,2019-08-16,156765,Russell 2000,,3712.07107000,7508.45734000
I0124,2019-08-19,156765,Russell 2000,,3749.87184000,7585.53717000
I0124,2019-08-20,156765,Russell 2000,,3722.92252000,7531.13566000
I0124,2019-08-21,156765,Russell 2000,,3752.35822000,7590.98265000
I0124,2019-08-22,156765,Russell 2000,,3742.79486000,7572.08950000
I0124,2019-08-23,156765,Russell 2000,,3627.18852000,7338.33237000
I0124,2019-08-26,156765,Russell 2000,,3668.23796000,7421.50760000
I0124,2019-08-27,156765,Russell 2000,,3618.62427000,7321.15344000
I0124,2019-08-28,156765,Russell 2000,,3660.06189000,7405.04377000
I0124,2019-08-29,156765,Russell 2000,,3719.72649000,7527.22367000
I0124,2019-08-30,156765,Russell 2000,,3715.05216000,7518.65505000
I0124,2019-09-03,156765,Russell 2000,,3658.99351000,7405.38093000
I0124,2019-09-04,156765,Russell 2000,,3689.99638000,7468.44212000
I0124,2019-09-05,156765,Russell 2000,,3754.58266000,7599.70064000
I0124,2019-09-06,156765,Russell 2000,,3740.72137000,7571.93672000
I0124,2019-09-09,156765,Russell 2000,,3788.09735000,7668.37494000
I0124,2019-09-10,156765,Russell 2000,,3834.71554000,7763.00779000
I0124,2019-09-11,156765,Russell 2000,,3916.04165000,7928.11369000
I0124,2019-09-12,156765,Russell 2000,,3914.43480000,7926.53725000
I0124,2019-09-13,156765,Russell 2000,,3922.07088000,7943.33456000
I0124,2019-09-16,156765,Russell 2000,,3938.12360000,7976.22226000
I0124,2019-09-17,156765,Russell 2000,,3922.44793000,7944.58023000
I0124,2019-09-18,156765,Russell 2000,,3897.73028000,7894.96414000
I0124,2019-09-19,156765,Russell 2000,,3880.65706000,7860.94857000
I0124,2019-09-20,156765,Russell 2000,,3876.40861000,7852.44887000
I0124,2019-09-23,156765,Russell 2000,,3872.63536000,7844.80996000
I0124,2019-09-24,156765,Russell 2000,,3811.34739000,7720.96048000
I0124,2019-09-25,156765,Russell 2000,,3853.76682000,7806.92210000
I0124,2019-09-26,156765,Russell 2000,,3810.70167000,7720.76052000
I0124,2019-09-27,156765,Russell 2000,,3778.76698000,7660.00155000
I0124,2019-09-30,156765,Russell 2000,,3785.96506000,7675.09206000
I0124,2019-10-01,156765,Russell 2000,,3711.55368000,7524.36518000
I0124,2019-10-02,156765,Russell 2000,,3677.25382000,7455.32778000
I0124,2019-10-03,156765,Russell 2000,,3693.94544000,7489.44106000
I0124,2019-10-04,156765,Russell 2000,,3729.62196000,7561.92488000
I0124,2019-10-07,156765,Russell 2000,,3722.37825000,7547.34784000
I0124,2019-10-08,156765,Russell 2000,,3659.77705000,7420.58467000
I0124,2019-10-09,156765,Russell 2000,,3676.83310000,7455.31268000
I0124,2019-10-10,156765,Russell 2000,,3691.50280000,7485.95690000
I0124,2019-10-11,156765,Russell 2000,,3757.45343000,7619.85733000
I0124,2019-10-14,156765,Russell 2000,,3741.36948000,7587.24020000
I0124,2019-10-15,156765,Russell 2000,,3785.78814000,7677.32757000
I0124,2019-10-16,156765,Russell 2000,,3790.15114000,7686.29057000
I0124,2019-10-17,156765,Russell 2000,,3831.87139000,7771.16074000
I0124,2019-10-18,156765,Russell 2000,,3816.06001000,7739.16931000
I0124,2019-10-21,156765,Russell 2000,,3852.48699000,7813.13348000
I0124,2019-10-22,156765,Russell 2000,,3854.29171000,7816.83819000
I0124,2019-10-23,156765,Russell 2000,,3859.23597000,7826.86556000
I0124,2019-10-24,156765,Russell 2000,,3852.58867000,7813.82198000
I0124,2019-10-25,156765,Russell 2000,,3873.78308000,7857.19303000
I0124,2019-10-28,156765,Russell 2000,,3906.64875000,7923.93423000
I0124,2019-10-29,156765,Russell 2000,,3919.42410000,7949.89185000
I0124,2019-10-30,156765,Russell 2000,,3908.92178000,7929.00867000
I0124,2019-10-31,156765,Russell 2000,,3883.08613000,7877.22580000
I0124,2019-11-01,156765,Russell 2000,,3949.88527000,8013.34719000
I0124,2019-11-04,156765,Russell 2000,,3969.93160000,8054.05270000
I0124,2019-11-05,156765,Russell 2000,,3975.43645000,8065.49323000
I0124,2019-11-06,156765,Russell 2000,,3950.41145000,8015.07459000
I0124,2019-11-07,156765,Russell 2000,,3961.46692000,8038.72671000
I0124,2019-11-08,156765,Russell 2000,,3973.57943000,8063.64096000
I0124,2019-11-11,156765,Russell 2000,,3963.40554000,8042.99494000
I0124,2019-11-12,156765,Russell 2000,,3964.26779000,8045.46133000
I0124,2019-11-13,156765,Russell 2000,,3949.50949000,8016.14357000
I0124,2019-11-14,156765,Russell 2000,,3948.55236000,8016.17057000
I0124,2019-11-15,156765,Russell 2000,,3967.59158000,8055.51059000
I0124,2019-11-18,156765,Russell 2000,,3957.36783000,8034.98426000
I0124,2019-11-19,156765,Russell 2000,,3972.15725000,8065.12590000
I0124,2019-11-20,156765,Russell 2000,,3955.54962000,8031.58576000
I0124,2019-11-21,156765,Russell 2000,,3936.54500000,7993.53349000
I0124,2019-11-22,156765,Russell 2000,,3948.92341000,8018.88164000
I0124,2019-11-25,156765,Russell 2000,,4030.84053000,8185.45766000
I0124,2019-11-26,156765,Russell 2000,,4036.62437000,8197.35689000
I0124,2019-11-27,156765,Russell 2000,,4061.16014000,8248.68159000
I0124,2019-11-29,156765,Russell 2000,,4037.30017000,8201.49017000
I0124,2019-12-02,156765,Russell 2000,,3995.23767000,8116.36846000
I0124,2019-12-03,156765,Russell 2000,,3982.93867000,8091.58050000
I0124,2019-12-04,156765,Russell 2000,,4010.93680000,8148.66231000
I0124,2019-12-05,156765,Russell 2000,,4013.26542000,8154.20655000
I0124,2019-12-06,156765,Russell 2000,,4060.49636000,8250.27189000
I0124,2019-12-09,156765,Russell 2000,,4050.01269000,8229.63194000
I0124,2019-12-10,156765,Russell 2000,,4055.22063000,8240.44216000
I0124,2019-12-11,156765,Russell 2000,,4055.74703000,8241.62085000
I0124,2019-12-12,156765,Russell 2000,,4087.77447000,8308.44105000
I0124,2019-12-13,156765,Russell 2000,,4070.78367000,8275.23350000
I0124,2019-12-16,156765,Russell 2000,,4100.51462000,8336.05227000
I0124,2019-12-17,156765,Russell 2000,,4119.46521000,8374.83643000
I0124,2019-12-18,156765,Russell 2000,,4129.81956000,8396.07752000
I0124,2019-12-19,156765,Russell 2000,,4143.14804000,8424.18395000
I0124,2019-12-20,156765,Russell 2000,,4155.09748000,8448.79536000
I0124,2019-12-23,156765,Russell 2000,,4160.66255000,8460.15123000
I0124,2019-12-24,156765,Russell 2000,,4170.27866000,8480.07752000
I0124,2019-12-26,156765,Russell 2000,,4169.43221000,8479.17584000
I0124,2019-12-27,156765,Russell 2000,,4147.96690000,8435.98840000
I0124,2019-12-30,156765,Russell 2000,,4135.83219000,8415.60960000
I0124,2019-12-31,156765,Russell 2000,,4146.56476000,8437.97629000
I0124,2020-01-02,156765,Russell 2000,,4142.34715000,8430.13037000
I0124,2020-01-03,156765,Russell 2000,,4127.67905000,8400.56859000
I0124,2020-01-06,156765,Russell 2000,,4133.61159000,8412.74100000
I0124,2020-01-07,156765,Russell 2000,,4121.30619000,8387.78978000
I0124,2020-01-08,156765,Russell 2000,,4134.44733000,8414.70347000
I0124,2020-01-09,156765,Russell 2000,,4137.91442000,8422.20583000
I0124,2020-01-10,156765,Russell 2000,,4119.66103000,8385.44690000
I0124,2020-01-13,156765,Russell 2000,,4149.39011000,8445.95957000
I0124,2020-01-14,156765,Russell 2000,,4164.63858000,8477.22694000
I0124,2020-01-15,156765,Russell 2000,,4181.17809000,8510.89864000
I0124,2020-01-16,156765,Russell 2000,,4237.88973000,8626.76242000
I0124,2020-01-17,156765,Russell 2000,,4224.02134000,8598.58913000
I0124,2020-01-21,156765,Russell 2000,,4189.88217000,8529.09406000
I0124,2020-01-22,156765,Russell 2000,,4186.31473000,8521.87703000
I0124,2020-01-23,156765,Russell 2000,,4187.67709000,8524.86225000
I0124,2020-01-24,156765,Russell 2000,,4131.06554000,8410.03841000
I0124,2020-01-27,156765,Russell 2000,,4086.09621000,8318.55641000
I0124,2020-01-28,156765,Russell 2000,,4121.32756000,8390.28428000
I0124,2020-01-29,156765,Russell 2000,,4098.72977000,8344.32353000
I0124,2020-01-30,156765,Russell 2000,,4096.23908000,8339.76980000
I0124,2020-01-31,156765,Russell 2000,,4011.34760000,8167.35748000
I0124,2020-02-03,156765,Russell 2000,,4056.44077000,8259.29676000
I0124,2020-02-04,156765,Russell 2000,,4117.48471000,8383.78888000
I0124,2020-02-05,156765,Russell 2000,,4179.99676000,8511.38292000
I0124,2020-02-06,156765,Russell 2000,,4168.90238000,8489.51178000
I0124,2020-02-07,156765,Russell 2000,,4117.51148000,8385.37670000
I0124,2020-02-10,156765,Russell 2000,,4144.57818000,8440.59313000
I0124,2020-02-11,156765,Russell 2000,,4169.04713000,8490.92043000
I0124,2020-02-12,156765,Russell 2000,,4198.52676000,8551.01437000
I0124,2020-02-13,156765,Russell 2000,,4209.36181000,8575.29889000
I0124,2020-02-14,156765,Russell 2000,,4194.07235000,8545.01608000
I0124,2020-02-18,156765,Russell 2000,,4183.97721000,8524.50735000
I0124,2020-02-19,156765,Russell 2000,,4206.46916000,8570.49715000
I0124,2020-02-20,156765,Russell 2000,,4215.15867000,8588.61765000
I0124,2020-02-21,156765,Russell 2000,,4171.76516000,8500.56548000
I0124,2020-02-24,156765,Russell 2000,,4046.24756000,8244.90278000
I0124,2020-02-25,156765,Russell 2000,,3906.55971000,7960.46985000
I0124,2020-02-26,156765,Russell 2000,,3859.00147000,7863.68513000
I0124,2020-02-27,156765,Russell 2000,,3722.58456000,7587.00788000
I0124,2020-02-28,156765,Russell 2000,,3669.30296000,7479.81172000
I0124,2020-03-02,156765,Russell 2000,,3773.83258000,7693.14924000
I0124,2020-03-03,156765,Russell 2000,,3693.28989000,7529.22018000
I0124,2020-03-04,156765,Russell 2000,,3805.41094000,7758.20515000
I0124,2020-03-05,156765,Russell 2000,,3675.25119000,7493.63400000
I0124,2020-03-06,156765,Russell 2000,,3601.67825000,7344.09358000
I0124,2020-03-09,156765,Russell 2000,,3264.22921000,6656.66457000
I0124,2020-03-10,156765,Russell 2000,,3357.32076000,6846.88942000
I0124,2020-03-11,156765,Russell 2000,,3142.09419000,6408.20108000
I0124,2020-03-12,156765,Russell 2000,,2790.76464000,5693.40420000
I0124,2020-03-13,156765,Russell 2000,,3007.48983000,6136.95021000
I0124,2020-03-16,156765,Russell 2000,,2578.24035000,5261.92899000
I0124,2020-03-17,156765,Russell 2000,,2749.94677000,5612.66139000
I0124,2020-03-18,156765,Russell 2000,,2463.29245000,5027.73520000
I0124,2020-03-19,156765,Russell 2000,,2631.25710000,5370.97415000
I0124,2020-03-20,156765,Russell 2000,,2519.77058000,5143.46423000
I0124,2020-03-23,156765,Russell 2000,,2491.25984000,5085.38044000
I0124,2020-03-24,156765,Russell 2000,,2725.21598000,5563.20013000
I0124,2020-03-25,156765,Russell 2000,,2759.53733000,5633.33996000
I0124,2020-03-26,156765,Russell 2000,,2933.39073000,5988.88278000
I0124,2020-03-27,156765,Russell 2000,,2813.27468000,5744.15409000
I0124,2020-03-30,156765,Russell 2000,,2878.71028000,5880.56028000
I0124,2020-03-31,156765,Russell 2000,,2865.75131000,5854.71153000
I0124,2020-04-01,156765,Russell 2000,,2664.17413000,5443.41326000
I0124,2020-04-02,156765,Russell 2000,,2698.50599000,5513.76867000
I0124,2020-04-03,156765,Russell 2000,,2614.61614000,5342.43486000
I0124,2020-04-06,156765,Russell 2000,,2830.14945000,5782.97474000
I0124,2020-04-07,156765,Russell 2000,,2831.12385000,5785.16504000
I0124,2020-04-08,156765,Russell 2000,,2961.58412000,6052.14906000
I0124,2020-04-09,156765,Russell 2000,,3098.42795000,6332.20923000
I0124,2020-04-13,156765,Russell 2000,,3012.22853000,6156.04482000
I0124,2020-04-14,156765,Russell 2000,,3075.08373000,6284.78525000
I0124,2020-04-15,156765,Russell 2000,,2942.48159000,6013.94351000
I0124,2020-04-16,156765,Russell 2000,,2927.84893000,5984.53442000
I0124,2020-04-17,156765,Russell 2000,,3054.61883000,6243.68489000
I0124,2020-04-20,156765,Russell 2000,,3015.47442000,6163.57446000
I0124,2020-04-21,156765,Russell 2000,,2945.25762000,6020.14972000
I0124,2020-04-22,156765,Russell 2000,,2986.08657000,6103.60944000
I0124,2020-04-23,156765,Russell 2000,,3017.25638000,6167.47007000
I0124,2020-04-24,156765,Russell 2000,,3064.44832000,6264.02064000
I0124,2020-04-27,156765,Russell 2000,,3185.78881000,6512.08387000
I0124,2020-04-28,156765,Russell 2000,,3226.06188000,6594.40938000
I0124,2020-04-29,156765,Russell 2000,,3381.83970000,6913.20283000
I0124,2020-04-30,156765,Russell 2000,,3257.33059000,6658.88136000
I0124,2020-05-01,156765,Russell 2000,,3132.61092000,6404.15838000
I0124,2020-05-04,156765,Russell 2000,,3141.28024000,6421.96356000
I0124,2020-05-05,156765,Russell 2000,,3164.99189000,6470.57520000
I0124,2020-05-06,156765,Russell 2000,,3138.89182000,6417.51708000
I0124,2020-05-07,156765,Russell 2000,,3188.39549000,6519.41792000
I0124,2020-05-08,156765,Russell 2000,,3304.48605000,6757.51643000
I0124,2020-05-11,156765,Russell 2000,,3283.61371000,6714.94342000
I0124,2020-05-12,156765,Russell 2000,,3170.02892000,6483.09078000
I0124,2020-05-13,156765,Russell 2000,,3064.93954000,6268.49003000
I0124,2020-05-14,156765,Russell 2000,,3075.63247000,6291.90874000
I0124,2020-05-15,156765,Russell 2000,,3123.94181000,6391.57888000
I0124,2020-05-18,156765,Russell 2000,,3314.55371000,6781.81941000
I0124,2020-05-19,156765,Russell 2000,,3250.01169000,6650.07076000
I0124,2020-05-20,156765,Russell 2000,,3347.45375000,6849.94238000
I0124,2020-05-21,156765,Russell 2000,,3349.02411000,6853.68739000
I0124,2020-05-22,156765,Russell 2000,,3368.83676000,6894.43078000
I0124,2020-05-26,156765,Russell 2000,,3462.14040000,7085.45098000
I0124,2020-05-27,156765,Russell 2000,,3569.71086000,7305.66836000
I0124,2020-05-28,156765,Russell 2000,,3481.02443000,7124.77331000
I0124,2020-05-29,156765,Russell 2000,,3464.52883000,7092.20626000
I0124,2020-06-01,156765,Russell 2000,,3492.70294000,7150.10225000
I0124,2020-06-02,156765,Russell 2000,,3524.60298000,7215.51879000
I0124,2020-06-03,156765,Russell 2000,,3608.80914000,7387.93098000
I0124,2020-06-04,156765,Russell 2000,,3608.74138000,7388.54290000
I0124,2020-06-05,156765,Russell 2000,,3745.65551000,7669.01780000
I0124,2020-06-08,156765,Russell 2000,,3819.57103000,7820.43661000
I0124,2020-06-09,156765,Russell 2000,,3745.40142000,7668.90521000
I0124,2020-06-10,156765,Russell 2000,,3646.83479000,7467.44716000
I0124,2020-06-11,156765,Russell 2000,,3370.55706000,6902.54470000
I0124,2020-06-12,156765,Russell 2000,,3448.74600000,7064.21734000
I0124,2020-06-15,156765,Russell 2000,,3528.08141000,7227.24801000
I0124,2020-06-16,156765,Russell 2000,,3609.23271000,7393.57488000
I0124,2020-06-17,156765,Russell 2000,,3545.28960000,7262.80514000
I0124,2020-06-18,156765,Russell 2000,,3546.64164000,7265.91742000
I0124,2020-06-19,156765,Russell 2000,,3525.66340000,7223.17441000
I0124,2020-06-22,156765,Russell 2000,,3562.67607000,7299.04684000
I0124,2020-06-23,156765,Russell 2000,,3577.11690000,7328.68432000
I0124,2020-06-24,156765,Russell 2000,,3453.85529000,7076.40480000
I0124,2020-06-25,156765,Russell 2000,,3512.44356000,7196.80617000
I0124,2020-06-26,156765,Russell 2000,,3426.61670000,7021.08893000
I0124,2020-06-29,156765,Russell 2000,,3532.05827000,7239.88332000
I0124,2020-06-30,156765,Russell 2000,,3582.15619000,7342.89796000
I0124,2020-07-01,156765,Russell 2000,,3547.23490000,7271.88191000
I0124,2020-07-02,156765,Russell 2000,,3558.53250000,7295.18912000
I0124,2020-07-06,156765,Russell 2000,,3585.92574000,7351.49532000
I0124,2020-07-07,156765,Russell 2000,,3519.10767000,7214.59253000
I0124,2020-07-08,156765,Russell 2000,,3547.45478000,7272.91440000
I0124,2020-07-09,156765,Russell 2000,,3476.66836000,7127.95227000
I0124,2020-07-10,156765,Russell 2000,,3535.71590000,7249.42795000
I0124,2020-07-13,156765,Russell 2000,,3488.21599000,7152.06354000
I0124,2020-07-14,156765,Russell 2000,,3549.58564000,7278.31389000
I0124,2020-07-15,156765,Russell 2000,,3673.87384000,7533.16828000
I0124,2020-07-16,156765,Russell 2000,,3647.26589000,7479.18565000
I0124,2020-07-17,156765,Russell 2000,,3661.56951000,7508.57022000
I0124,2020-07-20,156765,Russell 2000,,3648.23635000,7481.23590000
I0124,2020-07-21,156765,Russell 2000,,3696.84119000,7580.96253000
I0124,2020-07-22,156765,Russell 2000,,3703.37479000,7594.41867000
I0124,2020-07-23,156765,Russell 2000,,3703.52903000,7594.89240000
I0124,2020-07-24,156765,Russell 2000,,3647.24302000,7479.76865000
I0124,2020-07-27,156765,Russell 2000,,3689.73179000,7566.93535000
I0124,2020-07-28,156765,Russell 2000,,3652.71175000,7491.05047000
I0124,2020-07-29,156765,Russell 2000,,3729.44270000,7648.41282000
I0124,2020-07-30,156765,Russell 2000,,3715.70307000,7620.57815000
I0124,2020-07-31,156765,Russell 2000,,3679.23397000,7546.13701000
I0124,2020-08-03,156765,Russell 2000,,3744.78460000,7680.68367000
I0124,2020-08-04,156765,Russell 2000,,3770.65612000,7734.02108000
I0124,2020-08-05,156765,Russell 2000,,3842.78938000,7882.29620000
I0124,2020-08-06,156765,Russell 2000,,3838.77852000,7875.06475000
I0124,2020-08-07,156765,Russell 2000,,3899.81960000,8000.98646000
I0124,2020-08-10,156765,Russell 2000,,3938.30502000,8080.07690000
I0124,2020-08-11,156765,Russell 2000,,3914.51693000,8031.52619000
I0124,2020-08-12,156765,Russell 2000,,3934.76546000,8073.23331000
I0124,2020-08-13,156765,Russell 2000,,3926.16809000,8057.02513000
I0124,2020-08-14,156765,Russell 2000,,3921.42993000,8048.49510000
I0124,2020-08-17,156765,Russell 2000,,3940.30124000,8087.51048000
I0124,2020-08-18,156765,Russell 2000,,3901.28010000,8007.68768000
I0124,2020-08-19,156765,Russell 2000,,3906.98018000,8019.65200000
I0124,2020-08-20,156765,Russell 2000,,3887.68304000,7980.59948000
I0124,2020-08-21,156765,Russell 2000,,3858.29401000,7920.50850000
I0124,2020-08-24,156765,Russell 2000,,3898.04308000,8002.15908000
I0124,2020-08-25,156765,Russell 2000,,3904.85062000,8016.42848000
I0124,2020-08-26,156765,Russell 2000,,3877.47196000,7960.33983000
I0124,2020-08-27,156765,Russell 2000,,3888.33361000,7983.04042000
I0124,2020-08-28,156765,Russell 2000,,3922.58041000,8054.07614000
I0124,2020-08-31,156765,Russell 2000,,3881.65521000,7971.31224000
I0124,2020-09-01,156765,Russell 2000,,3923.17196000,8056.74488000
I0124,2020-09-02,156765,Russell 2000,,3957.23493000,8126.74501000
I0124,2020-09-03,156765,Russell 2000,,3838.91983000,7884.40163000
I0124,2020-09-04,156765,Russell 2000,,3815.61648000,7836.75853000
I0124,2020-09-08,156765,Russell 2000,,3739.28833000,7680.07369000
I0124,2020-09-09,156765,Russell 2000,,3793.68775000,7792.31584000
I0124,2020-09-10,156765,Russell 2000,,3747.14209000,7697.82121000
I0124,2020-09-11,156765,Russell 2000,,3721.09594000,7644.39331000
I0124,2020-09-14,156765,Russell 2000,,3819.76803000,7848.73753000
I0124,2020-09-15,156765,Russell 2000,,3822.70043000,7855.13615000
I0124,2020-09-16,156765,Russell 2000,,3857.92805000,7927.84697000
I0124,2020-09-17,156765,Russell 2000,,3833.74561000,7878.57766000
I0124,2020-09-18,156765,Russell 2000,,3819.28279000,7849.13779000
I0124,2020-09-21,156765,Russell 2000,,3691.22646000,7586.26668000
I0124,2020-09-22,156765,Russell 2000,,3720.32510000,7646.10229000
I0124,2020-09-23,156765,Russell 2000,,3607.23908000,7413.92539000
I0124,2020-09-24,156765,Russell 2000,,3608.13532000,7416.30897000
I0124,2020-09-25,156765,Russell 2000,,3665.51828000,7534.37854000
I0124,2020-09-28,156765,Russell 2000,,3753.58090000,7715.66908000
I0124,2020-09-29,156765,Russell 2000,,3739.62458000,7689.43544000
I0124,2020-09-30,156765,Russell 2000,,3746.99322000,7705.04407000
I0124,2020-10-01,156765,Russell 2000,,3805.42364000,7825.82895000
I0124,2020-10-02,156765,Russell 2000,,3825.54036000,7867.27502000
I0124,2020-10-05,156765,Russell 2000,,3931.58133000,8085.41327000
I0124,2020-10-06,156765,Russell 2000,,3919.96539000,8061.69438000
I0124,2020-10-07,156765,Russell 2000,,4003.84233000,8234.36041000
I0124,2020-10-08,156765,Russell 2000,,4047.34874000,8324.31402000
I0124,2020-10-09,156765,Russell 2000,,4069.71269000,8370.44598000
I0124,2020-10-12,156765,Russell 2000,,4098.31227000,8429.26864000
I0124,2020-10-13,156765,Russell 2000,,4067.97827000,8366.96896000
I0124,2020-10-14,156765,Russell 2000,,4030.21183000,8289.76279000
I0124,2020-10-15,156765,Russell 2000,,4073.03612000,8378.30461000
I0124,2020-10-16,156765,Russell 2000,,4060.42337000,8352.35998000
I0124,2020-10-19,156765,Russell 2000,,4010.27236000,8249.22594000
I0124,2020-10-20,156765,Russell 2000,,4020.40783000,8270.09301000
I0124,2020-10-21,156765,Russell 2000,,3985.78595000,8198.92020000
I0124,2020-10-22,156765,Russell 2000,,4051.59170000,8334.50112000
I0124,2020-10-23,156765,Russell 2000,,4077.05988000,8387.15140000
I0124,2020-10-26,156765,Russell 2000,,3989.34780000,8206.75667000
I0124,2020-10-27,156765,Russell 2000,,3952.74751000,8131.46374000
I0124,2020-10-28,156765,Russell 2000,,3835.42811000,7890.17658000
I0124,2020-10-29,156765,Russell 2000,,3880.91154000,7984.09069000
I0124,2020-10-30,156765,Russell 2000,,3823.50857000,7866.41753000
I0124,2020-11-02,156765,Russell 2000,,3898.34614000,8020.52676000
I0124,2020-11-03,156765,Russell 2000,,4011.93004000,8254.29012000
I0124,2020-11-04,156765,Russell 2000,,4013.88695000,8258.58517000
I0124,2020-11-05,156765,Russell 2000,,4125.63132000,8489.39715000
I0124,2020-11-06,156765,Russell 2000,,4086.14907000,8408.62916000
I0124,2020-11-09,156765,Russell 2000,,4237.44570000,8721.11887000
I0124,2020-11-10,156765,Russell 2000,,4316.90531000,8885.00042000
I0124,2020-11-11,156765,Russell 2000,,4316.72144000,8884.62198000
I0124,2020-11-12,156765,Russell 2000,,4245.97835000,8740.08678000
I0124,2020-11-13,156765,Russell 2000,,4334.38461000,8923.90188000
I0124,2020-11-16,156765,Russell 2000,,4437.01065000,9135.47129000
I0124,2020-11-17,156765,Russell 2000,,4453.35882000,9169.31847000
I0124,2020-11-18,156765,Russell 2000,,4397.19619000,9053.73854000
I0124,2020-11-19,156765,Russell 2000,,4434.02121000,9130.20579000
I0124,2020-11-20,156765,Russell 2000,,4437.02092000,9136.60193000
I0124,2020-11-23,156765,Russell 2000,,4518.92711000,9305.44132000
I0124,2020-11-24,156765,Russell 2000,,4606.49409000,9486.17349000
I0124,2020-11-25,156765,Russell 2000,,4585.34854000,9442.99965000
I0124,2020-11-27,156765,Russell 2000,,4610.81268000,9496.36452000
I0124,2020-11-30,156765,Russell 2000,,4522.70079000,9316.39331000
I0124,2020-12-01,156765,Russell 2000,,4563.03842000,9399.77526000
I0124,2020-12-02,156765,Russell 2000,,4567.96161000,9410.09733000
I0124,2020-12-03,156765,Russell 2000,,4594.48959000,9465.59281000
I0124,2020-12-04,156765,Russell 2000,,4703.21220000,9689.79391000
I0124,2020-12-07,156765,Russell 2000,,4700.23671000,9683.83162000
I0124,2020-12-08,156765,Russell 2000,,4766.17201000,9819.71761000
I0124,2020-12-09,156765,Russell 2000,,4727.31555000,9740.26736000
I0124,2020-12-10,156765,Russell 2000,,4778.40224000,9846.18505000
I0124,2020-12-11,156765,Russell 2000,,4751.04837000,9790.05210000
I0124,2020-12-14,156765,Russell 2000,,4756.41481000,9803.01269000
I0124,2020-12-15,156765,Russell 2000,,4870.50546000,10038.60234000
I0124,2020-12-16,156765,Russell 2000,,4853.00491000,10003.06421000
I0124,2020-12-17,156765,Russell 2000,,4915.94108000,10133.19597000
I0124,2020-12-18,156765,Russell 2000,,4895.91211000,10092.09892000
I0124,2020-12-21,156765,Russell 2000,,4896.76452000,10094.14906000
I0124,2020-12-22,156765,Russell 2000,,4945.35344000,10194.67837000
I0124,2020-12-23,156765,Russell 2000,,4988.15890000,10283.03653000
I0124,2020-12-24,156765,Russell 2000,,4980.32016000,10267.47872000
I0124,2020-12-28,156765,Russell 2000,,4961.18419000,10228.04218000
I0124,2020-12-29,156765,Russell 2000,,4869.51161000,10039.79946000
I0124,2020-12-30,156765,Russell 2000,,4920.77885000,10148.26373000
I0124,2020-12-31,156765,Russell 2000,,4908.01313000,10122.26534000
I0124,2021-01-04,156765,Russell 2000,,4836.08575000,9974.16212000
I0124,2021-01-05,156765,Russell 2000,,4918.58261000,10144.32670000
I0124,2021-01-06,156765,Russell 2000,,5114.45069000,10548.50192000
I0124,2021-01-07,156765,Russell 2000,,5211.28792000,10748.39989000
I0124,2021-01-08,156765,Russell 2000,,5198.29842000,10722.05894000
I0124,2021-01-11,156765,Russell 2000,,5196.68099000,10718.79697000
I0124,2021-01-12,156765,Russell 2000,,5288.51357000,10908.27235000
I0124,2021-01-13,156765,Russell 2000,,5248.76750000,10826.38151000
I0124,2021-01-14,156765,Russell 2000,,5356.58617000,11049.17481000
I0124,2021-01-15,156765,Russell 2000,,5276.68842000,10884.40989000
I0124,2021-01-19,156765,Russell 2000,,5346.11744000,11027.65430000
I0124,2021-01-20,156765,Russell 2000,,5369.67725000,11076.34711000
I0124,2021-01-21,156765,Russell 2000,,5321.97031000,10978.01262000
I0124,2021-01-22,156765,Russell 2000,,5389.91029000,11118.60910000
I0124,2021-01-25,156765,Russell 2000,,5376.27698000,11090.54349000
I0124,2021-01-26,156765,Russell 2000,,5342.93310000,11021.76277000
I0124,2021-01-27,156765,Russell 2000,,5240.63995000,10810.74557000
I0124,2021-01-28,156765,Russell 2000,,5235.45370000,10800.47578000
I0124,2021-01-29,156765,Russell 2000,,5153.52089000,10631.64062000
I0124,2021-02-01,156765,Russell 2000,,5284.05116000,10901.10597000
I0124,2021-02-02,156765,Russell 2000,,5346.87005000,11030.82437000
I0124,2021-02-03,156765,Russell 2000,,5367.40474000,11073.49197000
I0124,2021-02-04,156765,Russell 2000,,5473.56285000,11293.41945000
I0124,2021-02-05,156765,Russell 2000,,5550.38088000,11452.39743000
I0124,2021-02-08,156765,Russell 2000,,5690.62137000,11741.96821000
I0124,2021-02-09,156765,Russell 2000,,5713.58973000,11789.92683000
I0124,2021-02-10,156765,Russell 2000,,5672.44199000,11705.22097000
I0124,2021-02-11,156765,Russell 2000,,5679.58946000,11721.76842000
I0124,2021-02-12,156765,Russell 2000,,5689.62991000,11743.07749000
I0124,2021-02-16,156765,Russell 2000,,5648.70547000,11658.80820000
I0124,2021-02-17,156765,Russell 2000,,5606.99104000,11572.89625000
I0124,2021-02-18,156765,Russell 2000,,5513.24685000,11379.91442000
I0124,2021-02-19,156765,Russell 2000,,5633.29247000,11628.29034000
I0124,2021-02-22,156765,Russell 2000,,5594.48110000,11548.23060000
I0124,2021-02-23,156765,Russell 2000,,5545.37715000,11446.95960000
I0124,2021-02-24,156765,Russell 2000,,5677.26100000,11719.49678000
I0124,2021-02-25,156765,Russell 2000,,5467.98223000,11288.53399000
I0124,2021-02-26,156765,Russell 2000,,5470.16614000,11294.25916000
I0124,2021-03-01,156765,Russell 2000,,5654.74560000,11675.50912000
I0124,2021-03-02,156765,Russell 2000,,5545.86183000,11451.27278000
I0124,2021-03-03,156765,Russell 2000,,5486.92260000,11329.66539000
I0124,2021-03-04,156765,Russell 2000,,5335.64752000,11018.10719000
I0124,2021-03-05,156765,Russell 2000,,5448.19838000,11250.85249000
I0124,2021-03-08,156765,Russell 2000,,5474.97194000,11306.33615000
I0124,2021-03-09,156765,Russell 2000,,5579.53732000,11522.97995000
I0124,2021-03-10,156765,Russell 2000,,5680.49767000,11731.83254000
I0124,2021-03-11,156765,Russell 2000,,5811.86481000,12004.41755000
I0124,2021-03-12,156765,Russell 2000,,5847.27344000,12079.21929000
I0124,2021-03-15,156765,Russell 2000,,5865.61107000,12117.52316000
I0124,2021-03-16,156765,Russell 2000,,5764.58739000,11909.41199000
I0124,2021-03-17,156765,Russell 2000,,5806.52212000,11996.28193000
I0124,2021-03-18,156765,Russell 2000,,5635.52224000,11643.59776000
I0124,2021-03-19,156765,Russell 2000,,5685.12594000,11746.32035000
I0124,2021-03-22,156765,Russell 2000,,5633.67517000,11640.12440000
I0124,2021-03-23,156765,Russell 2000,,5431.98306000,11223.57515000
I0124,2021-03-24,156765,Russell 2000,,5304.18890000,10959.98221000
I0124,2021-03-25,156765,Russell 2000,,5425.60635000,11211.24001000
I0124,2021-03-26,156765,Russell 2000,,5520.94244000,11408.51702000
I0124,2021-03-29,156765,Russell 2000,,5364.86950000,11086.12379000
I0124,2021-03-30,156765,Russell 2000,,5457.10616000,11279.83973000
I0124,2021-03-31,156765,Russell 2000,,5518.54882000,11407.69537000
I0124,2021-04-01,156765,Russell 2000,,5601.51575000,11579.48795000
I0124,2021-04-05,156765,Russell 2000,,5628.81364000,11635.99763000
I0124,2021-04-06,156765,Russell 2000,,5614.56290000,11606.57204000
I0124,2021-04-07,156765,Russell 2000,,5524.84254000,11421.22288000
I0124,2021-04-08,156765,Russell 2000,,5573.41495000,11521.84849000
I0124,2021-04-09,156765,Russell 2000,,5575.59781000,11526.72377000
I0124,2021-04-12,156765,Russell 2000,,5551.51492000,11477.06097000
I0124,2021-04-13,156765,Russell 2000,,5539.43425000,11452.18439000
I0124,2021-04-14,156765,Russell 2000,,5586.14193000,11549.24351000
I0124,2021-04-15,156765,Russell 2000,,5609.38159000,11597.56904000
I0124,2021-04-16,156765,Russell 2000,,5623.30493000,11626.41078000
I0124,2021-04-19,156765,Russell 2000,,5547.08439000,11468.84976000
I0124,2021-04-20,156765,Russell 2000,,5438.25651000,11243.92023000
I0124,2021-04-21,156765,Russell 2000,,5566.03770000,11508.20899000
I0124,2021-04-22,156765,Russell 2000,,5548.60879000,11472.32983000
I0124,2021-04-23,156765,Russell 2000,,5646.13537000,11674.21384000
I0124,2021-04-26,156765,Russell 2000,,5711.12496000,11808.65206000
I0124,2021-04-27,156765,Russell 2000,,5719.22704000,11825.41656000
I0124,2021-04-28,156765,Russell 2000,,5726.41312000,11840.28694000
I0124,2021-04-29,156765,Russell 2000,,5704.78499000,11796.10668000
I0124,2021-04-30,156765,Russell 2000,,5632.69575000,11647.24449000
I0124,2021-05-03,156765,Russell 2000,,5660.03928000,11703.92437000
I0124,2021-05-04,156765,Russell 2000,,5587.55661000,11554.17766000
I0124,2021-05-05,156765,Russell 2000,,5570.36029000,11518.98894000
I0124,2021-05-06,156765,Russell 2000,,5570.49634000,11520.34556000
I0124,2021-05-07,156765,Russell 2000,,5645.57113000,11676.37649000
I0124,2021-05-10,156765,Russell 2000,,5499.10665000,11373.77299000
I0124,2021-05-11,156765,Russell 2000,,5484.91856000,11345.00313000
I0124,2021-05-12,156765,Russell 2000,,5306.35781000,10975.74796000
I0124,2021-05-13,156765,Russell 2000,,5395.35859000,11161.34250000
I0124,2021-05-14,156765,Russell 2000,,5528.76573000,11438.72682000
I0124,2021-05-17,156765,Russell 2000,,5534.95272000,11451.77710000
I0124,2021-05-18,156765,Russell 2000,,5494.58717000,11368.54601000
I0124,2021-05-19,156765,Russell 2000,,5451.75184000,11280.17482000
I0124,2021-05-20,156765,Russell 2000,,5486.83834000,11353.49910000
I0124,2021-05-21,156765,Russell 2000,,5505.49949000,11392.32415000
I0124,2021-05-24,156765,Russell 2000,,5535.49629000,11454.45257000
I0124,2021-05-25,156765,Russell 2000,,5481.84571000,11343.55153000
I0124,2021-05-26,156765,Russell 2000,,5590.01222000,11567.63012000
I0124,2021-05-27,156765,Russell 2000,,5649.15921000,11691.10504000
I0124,2021-05-28,156765,Russell 2000,,5638.96749000,11671.25706000
I0124,2021-06-01,156765,Russell 2000,,5703.01085000,11804.05801000
I0124,2021-06-02,156765,Russell 2000,,5710.69593000,11820.10973000
I0124,2021-06-03,156765,Russell 2000,,5664.50569000,11725.36166000
I0124,2021-06-04,156765,Russell 2000,,5682.31003000,11762.43506000
I0124,2021-06-07,156765,Russell 2000,,5763.73860000,11931.10125000
I0124,2021-06-08,156765,Russell 2000,,5824.82920000,12057.65387000
I0124,2021-06-09,156765,Russell 2000,,5783.49892000,11972.88474000
I0124,2021-06-10,156765,Russell 2000,,5744.43355000,11892.66272000
I0124,2021-06-11,156765,Russell 2000,,5805.07021000,12018.33310000
I0124,2021-06-14,156765,Russell 2000,,5781.05710000,11970.44269000
I0124,2021-06-15,156765,Russell 2000,,5765.96284000,11939.77284000
I0124,2021-06-16,156765,Russell 2000,,5752.59107000,11912.19219000
I0124,2021-06-17,156765,Russell 2000,,5684.91437000,11772.69172000
I0124,2021-06-18,156765,Russell 2000,,5561.36111000,11517.00750000
I0124,2021-06-21,156765,Russell 2000,,5681.51639000,11766.01974000
I0124,2021-06-22,156765,Russell 2000,,5706.00836000,11816.98791000
I0124,2021-06-23,156765,Russell 2000,,5724.70144000,11855.98977000
I0124,2021-06-24,156765,Russell 2000,,5799.63755000,12011.56941000
I0124,2021-06-25,156765,Russell 2000,,5801.56085000,12015.74506000
I0124,2021-06-28,156765,Russell 2000,,5771.58959000,11953.88830000
I0124,2021-06-29,156765,Russell 2000,,5738.04203000,11888.11163000
I0124,2021-06-30,156765,Russell 2000,,5742.29547000,11897.38176000
I0124,2021-07-01,156765,Russell 2000,,5789.04454000,11994.65669000
I0124,2021-07-02,156765,Russell 2000,,5730.40033000,11873.43465000
I0124,2021-07-06,156765,Russell 2000,,5652.71126000,11712.60974000
I0124,2021-07-07,156765,Russell 2000,,5598.89148000,11601.18536000
I0124,2021-07-08,156765,Russell 2000,,5546.27972000,11492.42907000
I0124,2021-07-09,156765,Russell 2000,,5666.38570000,11741.65320000
I0124,2021-07-12,156765,Russell 2000,,5670.90997000,11751.15198000
I0124,2021-07-13,156765,Russell 2000,,5564.14156000,11529.98468000
I0124,2021-07-14,156765,Russell 2000,,5473.41561000,11342.50846000
I0124,2021-07-15,156765,Russell 2000,,5443.42978000,11280.71153000
I0124,2021-07-16,156765,Russell 2000,,5376.19006000,11141.42793000
I0124,2021-07-19,156765,Russell 2000,,5295.27682000,10973.79530000
I0124,2021-07-20,156765,Russell 2000,,5453.38312000,11301.46076000
I0124,2021-07-21,156765,Russell 2000,,5552.15641000,11506.25916000
I0124,2021-07-22,156765,Russell 2000,,5466.25027000,11328.47246000
I0124,2021-07-23,156765,Russell 2000,,5491.53348000,11381.16832000
I0124,2021-07-26,156765,Russell 2000,,5509.60604000,11418.62358000
I0124,2021-07-27,156765,Russell 2000,,5447.25824000,11289.44255000
I0124,2021-07-28,156765,Russell 2000,,5529.57750000,11460.05730000
I0124,2021-07-29,156765,Russell 2000,,5567.03688000,11538.34093000
I0124,2021-07-30,156765,Russell 2000,,5532.78287000,11467.78239000
I0124,2021-08-02,156765,Russell 2000,,5506.06380000,11412.55905000
I0124,2021-08-03,156765,Russell 2000,,5526.15907000,11454.50898000
I0124,2021-08-04,156765,Russell 2000,,5458.41266000,11314.48928000
I0124,2021-08-05,156765,Russell 2000,,5557.04097000,11519.56509000
I0124,2021-08-06,156765,Russell 2000,,5586.25260000,11580.64736000
I0124,2021-08-09,156765,Russell 2000,,5554.06122000,11514.45531000
I0124,2021-08-10,156765,Russell 2000,,5565.38127000,11538.36250000
I0124,2021-08-11,156765,Russell 2000,,5592.66772000,11595.28150000
I0124,2021-08-12,156765,Russell 2000,,5577.08649000,11564.11277000
I0124,2021-08-13,156765,Russell 2000,,5524.98450000,11457.32473000
I0124,2021-08-16,156765,Russell 2000,,5476.04095000,11356.54589000
I0124,2021-08-17,156765,Russell 2000,,5410.82317000,11221.59121000
I0124,2021-08-18,156765,Russell 2000,,5365.11093000,11127.24831000
I0124,2021-08-19,156765,Russell 2000,,5299.60110000,10992.24836000
I0124,2021-08-20,156765,Russell 2000,,5387.03079000,11173.93583000
I0124,2021-08-23,156765,Russell 2000,,5488.17049000,11383.97106000
I0124,2021-08-24,156765,Russell 2000,,5544.36485000,11500.57217000
I0124,2021-08-25,156765,Russell 2000,,5565.14824000,11543.82152000
I0124,2021-08-26,156765,Russell 2000,,5502.29482000,11413.91944000
I0124,2021-08-27,156765,Russell 2000,,5659.29310000,11739.76327000
I0124,2021-08-30,156765,Russell 2000,,5631.55704000,11682.83491000
I0124,2021-08-31,156765,Russell 2000,,5650.90237000,11724.29754000
I0124,2021-09-01,156765,Russell 2000,,5683.91673000,11792.97440000
I0124,2021-09-02,156765,Russell 2000,,5726.06305000,11881.12917000
I0124,2021-09-03,156765,Russell 2000,,5696.31590000,11819.58782000
I0124,2021-09-07,156765,Russell 2000,,5655.46526000,11735.01801000
I0124,2021-09-08,156765,Russell 2000,,5591.13669000,11601.87512000
I0124,2021-09-09,156765,Russell 2000,,5589.65100000,11600.07820000
I0124,2021-09-10,156765,Russell 2000,,5536.01382000,11488.85245000
I0124,2021-09-13,156765,Russell 2000,,5568.91289000,11557.24247000
I0124,2021-09-14,156765,Russell 2000,,5492.36909000,11400.79392000
I0124,2021-09-15,156765,Russell 2000,,5553.16748000,11527.27724000
I0124,2021-09-16,156765,Russell 2000,,5549.34611000,11519.89675000
I0124,2021-09-17,156765,Russell 2000,,5559.18741000,11540.62027000
I0124,2021-09-20,156765,Russell 2000,,5423.32056000,11258.67055000
I0124,2021-09-21,156765,Russell 2000,,5433.21549000,11279.34586000
I0124,2021-09-22,156765,Russell 2000,,5513.68213000,11446.75293000
I0124,2021-09-23,156765,Russell 2000,,5614.28670000,11655.85311000
I0124,2021-09-24,156765,Russell 2000,,5587.03186000,11599.53339000
I0124,2021-09-27,156765,Russell 2000,,5668.86729000,11769.51559000
I0124,2021-09-28,156765,Russell 2000,,5541.56014000,11505.29814000
I0124,2021-09-29,156765,Russell 2000,,5530.44986000,11485.63487000
I0124,2021-09-30,156765,Russell 2000,,5478.41883000,11378.60846000
I0124,2021-10-01,156765,Russell 2000,,5571.01889000,11571.22032000
I0124,2021-10-04,156765,Russell 2000,,5510.97208000,11446.54683000
I0124,2021-10-05,156765,Russell 2000,,5538.03033000,11502.96414000
I0124,2021-10-06,156765,Russell 2000,,5504.72866000,11434.07054000
I0124,2021-10-07,156765,Russell 2000,,5592.04887000,11615.81574000
I0124,2021-10-08,156765,Russell 2000,,5549.78948000,11528.61003000
I0124,2021-10-11,156765,Russell 2000,,5518.85192000,11464.34326000
I0124,2021-10-12,156765,Russell 2000,,5552.72473000,11534.91869000
I0124,2021-10-13,156765,Russell 2000,,5571.85425000,11574.78624000
I0124,2021-10-14,156765,Russell 2000,,5651.90161000,11741.71038000
I0124,2021-10-15,156765,Russell 2000,,5630.72184000,11697.81829000
I0124,2021-10-18,156765,Russell 2000,,5636.15990000,11709.14050000
I0124,2021-10-19,156765,Russell 2000,,5656.22012000,11750.88815000
I0124,2021-10-20,156765,Russell 2000,,5690.64382000,11822.50802000
I0124,2021-10-21,156765,Russell 2000,,5706.59711000,11855.98583000
I0124,2021-10-22,156765,Russell 2000,,5694.37306000,11830.89944000
I0124,2021-10-25,156765,Russell 2000,,5747.49323000,11941.32144000
I0124,2021-10-26,156765,Russell 2000,,5706.32589000,11855.85853000
I0124,2021-10-27,156765,Russell 2000,,5598.00666000,11630.80698000
I0124,2021-10-28,156765,Russell 2000,,5711.05564000,11866.31328000
I0124,2021-10-29,156765,Russell 2000,,5709.09805000,11862.64744000
I0124,2021-11-01,156765,Russell 2000,,5860.52470000,12177.64273000
I0124,2021-11-02,156765,Russell 2000,,5869.80498000,12196.98755000
I0124,2021-11-03,156765,Russell 2000,,5975.25096000,12416.27684000
I0124,2021-11-04,156765,Russell 2000,,5970.64756000,12407.16482000
I0124,2021-11-05,156765,Russell 2000,,6056.76367000,12587.51821000
I0124,2021-11-08,156765,Russell 2000,,6070.82839000,12617.51852000
I0124,2021-11-09,156765,Russell 2000,,6032.43215000,12538.92631000
I0124,2021-11-10,156765,Russell 2000,,5938.71351000,12344.83700000
I0124,2021-11-11,156765,Russell 2000,,5987.33012000,12445.89661000
I0124,2021-11-12,156765,Russell 2000,,5993.87026000,12461.48109000
I0124,2021-11-15,156765,Russell 2000,,5966.92637000,12406.18380000
I0124,2021-11-16,156765,Russell 2000,,5977.08987000,12427.65079000
I0124,2021-11-17,156765,Russell 2000,,5907.46307000,12282.96735000
I0124,2021-11-18,156765,Russell 2000,,5874.11345000,12214.41157000
I0124,2021-11-19,156765,Russell 2000,,5823.34463000,12109.16003000
I0124,2021-11-22,156765,Russell 2000,,5793.98738000,12048.47134000
I0124,2021-11-23,156765,Russell 2000,,5785.30740000,12030.79171000
I0124,2021-11-24,156765,Russell 2000,,5794.26416000,12049.94445000
I0124,2021-11-26,156765,Russell 2000,,5581.71502000,11608.55745000
I0124,2021-11-29,156765,Russell 2000,,5571.87504000,11589.17025000
I0124,2021-11-30,156765,Russell 2000,,5464.84021000,11368.33376000
I0124,2021-12-01,156765,Russell 2000,,5336.88073000,11102.55912000
I0124,2021-12-02,156765,Russell 2000,,5483.29474000,11407.92755000
I0124,2021-12-03,156765,Russell 2000,,5366.42863000,11165.20477000
I0124,2021-12-06,156765,Russell 2000,,5476.20102000,11393.97134000
I0124,2021-12-07,156765,Russell 2000,,5601.22955000,11654.26066000
I0124,2021-12-08,156765,Russell 2000,,5645.76142000,11747.24019000
I0124,2021-12-09,156765,Russell 2000,,5517.76958000,11482.03670000
I0124,2021-12-10,156765,Russell 2000,,5496.89397000,11438.65264000
I0124,2021-12-13,156765,Russell 2000,,5419.08048000,11276.83888000
I0124,2021-12-14,156765,Russell 2000,,5367.27517000,11171.67708000
I0124,2021-12-15,156765,Russell 2000,,5455.64663000,11355.87763000
I0124,2021-12-16,156765,Russell 2000,,5349.39313000,11135.57103000
I0124,2021-12-17,156765,Russell 2000,,5402.76702000,11246.95966000
I0124,2021-12-20,156765,Russell 2000,,5318.12704000,11070.91408000
I0124,2021-12-21,156765,Russell 2000,,5474.87699000,11397.37436000
I0124,2021-12-22,156765,Russell 2000,,5521.98920000,11495.66927000
I0124,2021-12-23,156765,Russell 2000,,5570.88112000,11597.96229000
I0124,2021-12-27,156765,Russell 2000,,5620.29574000,11701.10684000
I0124,2021-12-28,156765,Russell 2000,,5583.13147000,11624.14875000
I0124,2021-12-29,156765,Russell 2000,,5589.93876000,11638.76739000
I0124,2021-12-30,156765,Russell 2000,,5588.81823000,11639.85796000
I0124,2021-12-31,156765,Russell 2000,,5580.16713000,11622.28381000
I0124,2022-01-03,156765,Russell 2000,,5647.87666000,11763.53785000
I0124,2022-01-04,156765,Russell 2000,,5638.72289000,11744.66037000
I0124,2022-01-05,156765,Russell 2000,,5452.64093000,11357.29560000
I0124,2022-01-06,156765,Russell 2000,,5483.39066000,11421.57962000
I0124,2022-01-07,156765,Russell 2000,,5417.37725000,11284.26958000
I0124,2022-01-10,156765,Russell 2000,,5395.85474000,11239.62615000
I0124,2022-01-11,156765,Russell 2000,,5452.65006000,11357.99670000
I0124,2022-01-12,156765,Russell 2000,,5408.05006000,11265.36695000
I0124,2022-01-13,156765,Russell 2000,,5366.74489000,11179.88846000
I0124,2022-01-14,156765,Russell 2000,,5374.24723000,11195.58746000
I0124,2022-01-18,156765,Russell 2000,,5209.64775000,10852.76966000
I0124,2022-01-19,156765,Russell 2000,,5126.53651000,10679.72152000
I0124,2022-01-20,156765,Russell 2000,,5030.24140000,10479.31731000
I0124,2022-01-21,156765,Russell 2000,,4940.47725000,10292.60682000
I0124,2022-01-24,156765,Russell 2000,,5053.78796000,10528.72440000
I0124,2022-01-25,156765,Russell 2000,,4980.52679000,10376.10720000
I0124,2022-01-26,156765,Russell 2000,,4912.01148000,10233.40058000
I0124,2022-01-27,156765,Russell 2000,,4799.73598000,9999.61843000
I0124,2022-01-28,156765,Russell 2000,,4892.23915000,10192.87870000
I0124,2022-01-31,156765,Russell 2000,,5041.21594000,10503.36375000
I0124,2022-02-01,156765,Russell 2000,,5096.60647000,10618.94764000
I0124,2022-02-02,156765,Russell 2000,,5043.85883000,10509.62682000
I0124,2022-02-03,156765,Russell 2000,,4948.21474000,10310.69456000
I0124,2022-02-04,156765,Russell 2000,,4976.36560000,10369.78700000
I0124,2022-02-07,156765,Russell 2000,,5001.81598000,10423.11495000
I0124,2022-02-08,156765,Russell 2000,,5083.26924000,10593.18048000
I0124,2022-02-09,156765,Russell 2000,,5178.02018000,10791.26532000
I0124,2022-02-10,156765,Russell 2000,,5097.65529000,10624.86239000
I0124,2022-02-11,156765,Russell 2000,,5045.42429000,10516.95825000
I0124,2022-02-14,156765,Russell 2000,,5022.16439000,10469.50757000
I0124,2022-02-15,156765,Russell 2000,,5160.53027000,10758.06154000
I0124,2022-02-16,156765,Russell 2000,,5167.61084000,10772.96687000
I0124,2022-02-17,156765,Russell 2000,,5040.31989000,10508.45027000
I0124,2022-02-18,156765,Russell 2000,,4993.69919000,10411.67266000
I0124,2022-02-22,156765,Russell 2000,,4921.22884000,10260.65655000
I0124,2022-02-23,156765,Russell 2000,,4831.55813000,10073.73440000
I0124,2022-02-24,156765,Russell 2000,,4960.57990000,10343.48650000
I0124,2022-02-25,156765,Russell 2000,,5072.22360000,10577.39769000
I0124,2022-02-28,156765,Russell 2000,,5090.01610000,10615.48708000
I0124,2022-03-01,156765,Russell 2000,,4991.64224000,10410.90838000
I0124,2022-03-02,156765,Russell 2000,,5116.81408000,10672.18518000
I0124,2022-03-03,156765,Russell 2000,,5051.05035000,10536.44371000
I0124,2022-03-04,156765,Russell 2000,,4972.73991000,10374.22391000
I0124,2022-03-07,156765,Russell 2000,,4849.54404000,10117.41381000
I0124,2022-03-08,156765,Russell 2000,,4878.57688000,10178.60168000
I0124,2022-03-09,156765,Russell 2000,,5010.99001000,10455.48080000
I0124,2022-03-10,156765,Russell 2000,,4999.51390000,10433.00416000
I0124,2022-03-11,156765,Russell 2000,,4919.97416000,10267.17417000
I0124,2022-03-14,156765,Russell 2000,,4825.66149000,10072.89298000
I0124,2022-03-15,156765,Russell 2000,,4893.38474000,10214.85867000
I0124,2022-03-16,156765,Russell 2000,,5046.85103000,10535.77088000
I0124,2022-03-17,156765,Russell 2000,,5132.09151000,10714.47118000
I0124,2022-03-18,156765,Russell 2000,,5184.59132000,10824.45660000
I0124,2022-03-21,156765,Russell 2000,,5134.37106000,10720.00898000
I0124,2022-03-22,156765,Russell 2000,,5190.05727000,10836.44692000
I0124,2022-03-23,156765,Russell 2000,,5100.24781000,10649.35011000
I0124,2022-03-24,156765,Russell 2000,,5157.99828000,10770.32456000
I0124,2022-03-25,156765,Russell 2000,,5164.31165000,10783.64578000
I0124,2022-03-28,156765,Russell 2000,,5164.50339000,10784.18175000
I0124,2022-03-29,156765,Russell 2000,,5301.28154000,11070.02553000
I0124,2022-03-30,156765,Russell 2000,,5196.83494000,10855.69160000
I0124,2022-03-31,156765,Russell 2000,,5144.78215000,10747.60838000
I0124,2022-04-01,156765,Russell 2000,,5196.93612000,10857.01493000
I0124,2022-04-04,156765,Russell 2000,,5207.69662000,10879.65755000
I0124,2022-04-05,156765,Russell 2000,,5084.93249000,10623.43000000
I0124,2022-04-06,156765,Russell 2000,,5012.59753000,10472.50739000
I0124,2022-04-07,156765,Russell 2000,,4994.85600000,10435.89398000
I0124,2022-04-08,156765,Russell 2000,,4956.98946000,10357.20485000
I0124,2022-04-11,156765,Russell 2000,,4921.60506000,10283.41563000
I0124,2022-04-12,156765,Russell 2000,,4938.03893000,10317.84376000
I0124,2022-04-13,156765,Russell 2000,,5032.88878000,10516.76140000
I0124,2022-04-14,156765,Russell 2000,,4982.88132000,10412.58291000
I0124,2022-04-18,156765,Russell 2000,,4945.98379000,10335.53711000
I0124,2022-04-19,156765,Russell 2000,,5046.96361000,10546.58693000
I0124,2022-04-20,156765,Russell 2000,,5065.40356000,10585.21717000
I0124,2022-04-21,156765,Russell 2000,,4949.28547000,10342.75685000
I0124,2022-04-22,156765,Russell 2000,,4823.04030000,10079.25507000
I0124,2022-04-25,156765,Russell 2000,,4856.68680000,10149.58645000
I0124,2022-04-26,156765,Russell 2000,,4698.30628000,9818.63207000
I0124,2022-04-27,156765,Russell 2000,,4682.31015000,9785.27160000
I0124,2022-04-28,156765,Russell 2000,,4766.57471000,9961.98870000
I0124,2022-04-29,156765,Russell 2000,,4632.76535000,9682.42050000
I0124,2022-05-02,156765,Russell 2000,,4679.51242000,9780.32368000
I0124,2022-05-03,156765,Russell 2000,,4719.13837000,9863.52250000
I0124,2022-05-04,156765,Russell 2000,,4846.05012000,10129.12468000
I0124,2022-05-05,156765,Russell 2000,,4650.27442000,9720.47203000
I0124,2022-05-06,156765,Russell 2000,,4571.78167000,9557.05171000
I0124,2022-05-09,156765,Russell 2000,,4379.21384000,9155.00476000
I0124,2022-05-10,156765,Russell 2000,,4378.49003000,9154.07902000
I0124,2022-05-11,156765,Russell 2000,,4270.02042000,8927.45891000
I0124,2022-05-12,156765,Russell 2000,,4322.80224000,9039.05288000
I0124,2022-05-13,156765,Russell 2000,,4455.22704000,9317.93649000
I0124,2022-05-16,156765,Russell 2000,,4432.26404000,9270.34031000
I0124,2022-05-17,156765,Russell 2000,,4573.60446000,9566.33574000
I0124,2022-05-18,156765,Russell 2000,,4410.94040000,9227.33142000
I0124,2022-05-19,156765,Russell 2000,,4414.36101000,9235.49289000
I0124,2022-05-20,156765,Russell 2000,,4407.01327000,9220.49691000
I0124,2022-05-23,156765,Russell 2000,,4455.46585000,9321.97788000
I0124,2022-05-24,156765,Russell 2000,,4386.03704000,9176.91147000
I0124,2022-05-25,156765,Russell 2000,,4471.37497000,9355.54279000
I0124,2022-05-26,156765,Russell 2000,,4568.48395000,9559.63394000
I0124,2022-05-27,156765,Russell 2000,,4691.89827000,9819.10130000
I0124,2022-05-31,156765,Russell 2000,,4632.61639000,9697.05261000
I0124,2022-06-01,156765,Russell 2000,,4609.70578000,9649.41807000
I0124,2022-06-02,156765,Russell 2000,,4716.19804000,9873.37513000
I0124,2022-06-03,156765,Russell 2000,,4679.86204000,9797.51229000
I0124,2022-06-06,156765,Russell 2000,,4696.84029000,9833.15662000
I0124,2022-06-07,156765,Russell 2000,,4770.59709000,9987.83496000
I0124,2022-06-08,156765,Russell 2000,,4699.62911000,9839.90747000
I0124,2022-06-09,156765,Russell 2000,,4599.84439000,9632.14342000
I0124,2022-06-10,156765,Russell 2000,,4474.15810000,9369.04347000
I0124,2022-06-13,156765,Russell 2000,,4261.19986000,8923.22591000
I0124,2022-06-14,156765,Russell 2000,,4244.38538000,8891.00885000
I0124,2022-06-15,156765,Russell 2000,,4302.31722000,9012.74630000
I0124,2022-06-16,156765,Russell 2000,,4100.25808000,8590.44381000
I0124,2022-06-17,156765,Russell 2000,,4139.66825000,8673.15801000
I0124,2022-06-21,156765,Russell 2000,,4210.09429000,8820.84400000
I0124,2022-06-22,156765,Russell 2000,,4200.76366000,8801.50815000
I0124,2022-06-23,156765,Russell 2000,,4253.93890000,8913.02129000
I0124,2022-06-24,156765,Russell 2000,,4388.30235000,9194.97924000
I0124,2022-06-27,156765,Russell 2000,,4403.22633000,9226.38749000
I0124,2022-06-28,156765,Russell 2000,,4321.45882000,9055.22319000
I0124,2022-06-29,156765,Russell 2000,,4273.06780000,8958.22577000
I0124,2022-06-30,156765,Russell 2000,,4244.78520000,8899.53705000
I0124,2022-07-01,156765,Russell 2000,,4293.91202000,9003.20118000
I0124,2022-07-05,156765,Russell 2000,,4327.64466000,9074.16321000
I0124,2022-07-06,156765,Russell 2000,,4293.38850000,9002.59880000
I0124,2022-07-07,156765,Russell 2000,,4397.91257000,9222.19284000
I0124,2022-07-08,156765,Russell 2000,,4397.31649000,9221.54606000
I0124,2022-07-11,156765,Russell 2000,,4304.47633000,9027.01547000
I0124,2022-07-12,156765,Russell 2000,,4294.96688000,9007.13211000
I0124,2022-07-13,156765,Russell 2000,,4289.63392000,8996.39243000
I0124,2022-07-14,156765,Russell 2000,,4243.58058000,8900.52363000
I0124,2022-07-15,156765,Russell 2000,,4335.20521000,9092.77048000
I0124,2022-07-18,156765,Russell 2000,,4320.40508000,9061.77189000
I0124,2022-07-19,156765,Russell 2000,,4471.77275000,9379.26598000
I0124,2022-07-20,156765,Russell 2000,,4542.91168000,9528.60216000
I0124,2022-07-21,156765,Russell 2000,,4564.64427000,9574.36483000
I0124,2022-07-22,156765,Russell 2000,,4490.55366000,9419.23631000
I0124,2022-07-25,156765,Russell 2000,,4517.62420000,9476.01857000
I0124,2022-07-26,156765,Russell 2000,,4486.49037000,9410.72323000
I0124,2022-07-27,156765,Russell 2000,,4593.58752000,9635.40090000
I0124,2022-07-28,156765,Russell 2000,,4654.94417000,9764.67013000
I0124,2022-07-29,156765,Russell 2000,,4685.27211000,9828.67382000
I0124,2022-08-01,156765,Russell 2000,,4680.50634000,9818.85463000
I0124,2022-08-02,156765,Russell 2000,,4678.35908000,9814.72788000
I0124,2022-08-03,156765,Russell 2000,,4744.16009000,9953.12676000
I0124,2022-08-04,156765,Russell 2000,,4738.02427000,9940.58481000
I0124,2022-08-05,156765,Russell 2000,,4776.21635000,10021.55184000
I0124,2022-08-08,156765,Russell 2000,,4824.38475000,10122.97305000
I0124,2022-08-09,156765,Russell 2000,,4754.01669000,9975.84606000
I0124,2022-08-10,156765,Russell 2000,,4894.07927000,10270.04621000
I0124,2022-08-11,156765,Russell 2000,,4909.01218000,10302.51817000
I0124,2022-08-12,156765,Russell 2000,,5011.79893000,10520.03072000
I0124,2022-08-15,156765,Russell 2000,,5023.55452000,10545.46890000
I0124,2022-08-16,156765,Russell 2000,,5021.52448000,10542.21944000
I0124,2022-08-17,156765,Russell 2000,,4938.97639000,10369.53672000
I0124,2022-08-18,156765,Russell 2000,,4972.31484000,10440.44398000
I0124,2022-08-19,156765,Russell 2000,,4864.49795000,10214.44270000
I0124,2022-08-22,156765,Russell 2000,,4761.10429000,9997.60375000
I0124,2022-08-23,156765,Russell 2000,,4769.55371000,10015.48248000
I0124,2022-08-24,156765,Russell 2000,,4809.67330000,10099.86814000
I0124,2022-08-25,156765,Russell 2000,,4882.61460000,10253.57693000
I0124,2022-08-26,156765,Russell 2000,,4721.55729000,9915.45087000
I0124,2022-08-29,156765,Russell 2000,,4679.58340000,9827.43901000
I0124,2022-08-30,156765,Russell 2000,,4611.61870000,9685.92120000
I0124,2022-08-31,156765,Russell 2000,,4583.09116000,9627.55186000
I0124,2022-09-01,156765,Russell 2000,,4530.16249000,9517.43652000
I0124,2022-09-02,156765,Russell 2000,,4497.67881000,9449.36122000
I0124,2022-09-06,156765,Russell 2000,,4454.37343000,9358.93065000
I0124,2022-09-07,156765,Russell 2000,,4552.98965000,9566.46168000
I0124,2022-09-08,156765,Russell 2000,,4590.02605000,9645.50634000
I0124,2022-09-09,156765,Russell 2000,,4679.35122000,9833.56442000
I0124,2022-09-12,156765,Russell 2000,,4737.10311000,9954.93140000
I0124,2022-09-13,156765,Russell 2000,,4551.92452000,9565.95573000
I0124,2022-09-14,156765,Russell 2000,,4569.04641000,9604.64647000
I0124,2022-09-15,156765,Russell 2000,,4536.16581000,9536.30725000
I0124,2022-09-16,156765,Russell 2000,,4468.95244000,9395.22164000
I0124,2022-09-19,156765,Russell 2000,,4505.37093000,9472.19292000
I0124,2022-09-20,156765,Russell 2000,,4442.39794000,9339.86766000
I0124,2022-09-21,156765,Russell 2000,,4379.40643000,9207.62438000
I0124,2022-09-22,156765,Russell 2000,,4280.37473000,8999.69082000
I0124,2022-09-23,156765,Russell 2000,,4174.20388000,8777.02721000
I0124,2022-09-26,156765,Russell 2000,,4115.28373000,8653.18176000
I0124,2022-09-27,156765,Russell 2000,,4131.75318000,8687.92878000
I0124,2022-09-28,156765,Russell 2000,,4262.81049000,8963.59290000
I0124,2022-09-29,156765,Russell 2000,,4162.62482000,8757.70544000
I0124,2022-09-30,156765,Russell 2000,,4137.23939000,8704.89077000
I0124,2022-10-03,156765,Russell 2000,,4246.97308000,8936.26231000
I0124,2022-10-04,156765,Russell 2000,,4413.22559000,9286.24838000
I0124,2022-10-05,156765,Russell 2000,,4380.73796000,9218.19411000
I0124,2022-10-06,156765,Russell 2000,,4355.43665000,9165.53179000
I0124,2022-10-07,156765,Russell 2000,,4230.27090000,8902.47356000
I0124,2022-10-10,156765,Russell 2000,,4204.84494000,8848.96542000
I0124,2022-10-11,156765,Russell 2000,,4207.32319000,8854.25794000
I0124,2022-10-12,156765,Russell 2000,,4194.51812000,8827.61022000
I0124,2022-10-13,156765,Russell 2000,,4295.53848000,9040.85194000
I0124,2022-10-14,156765,Russell 2000,,4181.19504000,8800.50630000
I0124,2022-10-17,156765,Russell 2000,,4313.78415000,9079.65482000
I0124,2022-10-18,156765,Russell 2000,,4363.99377000,9185.34647000
I0124,2022-10-19,156765,Russell 2000,,4288.93805000,9027.49642000
I0124,2022-10-20,156765,Russell 2000,,4235.84204000,8916.13668000
I0124,2022-10-21,156765,Russell 2000,,4329.90139000,9114.42316000
I0124,2022-10-24,156765,Russell 2000,,4345.20709000,9146.86197000
I0124,2022-10-25,156765,Russell 2000,,4463.89830000,9396.85309000
I0124,2022-10-26,156765,Russell 2000,,4484.21721000,9439.82869000
I0124,2022-10-27,156765,Russell 2000,,4489.16438000,9450.28860000
I0124,2022-10-28,156765,Russell 2000,,4590.06343000,9663.44005000
I0124,2022-10-31,156765,Russell 2000,,4589.91989000,9663.20356000
I0124,2022-11-01,156765,Russell 2000,,4601.16595000,9687.25732000
I0124,2022-11-02,156765,Russell 2000,,4446.45632000,9361.86091000
I0124,2022-11-03,156765,Russell 2000,,4423.07687000,9313.14429000
I0124,2022-11-04,156765,Russell 2000,,4473.11996000,9419.35917000
I0124,2022-11-07,156765,Russell 2000,,4497.83363000,9472.00037000
I0124,2022-11-08,156765,Russell 2000,,4495.64308000,9467.95021000
I0124,2022-11-09,156765,Russell 2000,,4375.03813000,9215.04819000
I0124,2022-11-10,156765,Russell 2000,,4642.27022000,9779.01951000
I0124,2022-11-11,156765,Russell 2000,,4679.08264000,9856.56547000
I0124,2022-11-14,156765,Russell 2000,,4625.67870000,9746.37481000
I0124,2022-11-15,156765,Russell 2000,,4695.14841000,9893.28743000
I0124,2022-11-16,156765,Russell 2000,,4605.58268000,9705.13850000
I0124,2022-11-17,156765,Russell 2000,,4570.68460000,9633.04320000
I0124,2022-11-18,156765,Russell 2000,,4597.04961000,9689.17648000
I0124,2022-11-21,156765,Russell 2000,,4570.72903000,9633.86531000
I0124,2022-11-22,156765,Russell 2000,,4623.66332000,9745.59281000
I0124,2022-11-23,156765,Russell 2000,,4631.30926000,9762.40710000
I0124,2022-11-25,156765,Russell 2000,,4645.41142000,9792.84116000
I0124,2022-11-28,156765,Russell 2000,,4550.40750000,9592.77418000
I0124,2022-11-29,156765,Russell 2000,,4564.29289000,9624.66694000
I0124,2022-11-30,156765,Russell 2000,,4688.61984000,9888.91432000
I0124,2022-12-01,156765,Russell 2000,,4676.44271000,9864.52869000
I0124,2022-12-02,156765,Russell 2000,,4704.18127000,9923.29933000
I0124,2022-12-05,156765,Russell 2000,,4573.41531000,9647.82799000
I0124,2022-12-06,156765,Russell 2000,,4504.70631000,9503.14899000
I0124,2022-12-07,156765,Russell 2000,,4490.60520000,9473.68221000
I0124,2022-12-08,156765,Russell 2000,,4518.90892000,9534.43053000
I0124,2022-12-09,156765,Russell 2000,,4465.15554000,9421.37430000
I0124,2022-12-12,156765,Russell 2000,,4519.71381000,9536.51651000
I0124,2022-12-13,156765,Russell 2000,,4553.88071000,9609.14415000
I0124,2022-12-14,156765,Russell 2000,,4524.28728000,9549.28467000
I0124,2022-12-15,156765,Russell 2000,,4410.34217000,9309.47519000
I0124,2022-12-16,156765,Russell 2000,,4382.54342000,9251.11657000
I0124,2022-12-19,156765,Russell 2000,,4320.81268000,9121.27509000
I0124,2022-12-20,156765,Russell 2000,,4344.26204000,9170.82254000
I0124,2022-12-21,156765,Russell 2000,,4416.14564000,9322.85073000
I0124,2022-12-22,156765,Russell 2000,,4359.34599000,9203.10433000
I0124,2022-12-23,156765,Russell 2000,,4376.35916000,9239.61936000
I0124,2022-12-27,156765,Russell 2000,,4347.98779000,9179.90703000
I0124,2022-12-28,156765,Russell 2000,,4279.65627000,9035.94987000
I0124,2022-12-29,156765,Russell 2000,,4389.57489000,9272.96585000
I0124,2022-12-30,156765,Russell 2000,,4377.13962000,9247.10025000
I0124,2023-01-03,156765,Russell 2000,,4351.01434000,9192.17926000
I0124,2023-01-04,156765,Russell 2000,,4405.21748000,9307.32117000
I0124,2023-01-05,156765,Russell 2000,,4357.12600000,9206.10901000
I0124,2023-01-06,156765,Russell 2000,,4455.55875000,9414.29213000
I0124,2023-01-09,156765,Russell 2000,,4463.29099000,9430.70385000
I0124,2023-01-10,156765,Russell 2000,,4529.75200000,9571.20723000
I0124,2023-01-11,156765,Russell 2000,,4582.93128000,9683.57986000
I0124,2023-01-12,156765,Russell 2000,,4662.49222000,9852.63149000
I0124,2023-01-13,156765,Russell 2000,,4689.75456000,9910.49762000
I0124,2023-01-17,156765,Russell 2000,,4682.92426000,9896.08313000
I0124,2023-01-18,156765,Russell 2000,,4608.56295000,9739.07929000
I0124,2023-01-19,156765,Russell 2000,,4563.78085000,9644.71863000
I0124,2023-01-20,156765,Russell 2000,,4640.79929000,9807.82334000
I0124,2023-01-23,156765,Russell 2000,,4699.03170000,9930.89121000
I0124,2023-01-24,156765,Russell 2000,,4686.21723000,9904.13679000
I0124,2023-01-25,156765,Russell 2000,,4697.91896000,9928.90708000
I0124,2023-01-26,156765,Russell 2000,,4729.59393000,9995.92047000
I0124,2023-01-27,156765,Russell 2000,,4750.44902000,10040.07264000
I0124,2023-01-30,156765,Russell 2000,,4686.48919000,9905.60952000
I0124,2023-01-31,156765,Russell 2000,,4801.36948000,10148.37881000
I0124,2023-02-01,156765,Russell 2000,,4873.11660000,10300.37976000
I0124,2023-02-02,156765,Russell 2000,,4973.53706000,10513.04679000
I0124,2023-02-03,156765,Russell 2000,,4934.55291000,10431.59867000
I0124,2023-02-06,156765,Russell 2000,,4865.41631000,10285.93295000
I0124,2023-02-07,156765,Russell 2000,,4902.42987000,10364.64317000
I0124,2023-02-08,156765,Russell 2000,,4827.84771000,10207.09345000
I0124,2023-02-09,156765,Russell 2000,,4760.10023000,10064.75709000
I0124,2023-02-10,156765,Russell 2000,,4768.73597000,10083.51103000
I0124,2023-02-13,156765,Russell 2000,,4824.23020000,10201.76305000
I0124,2023-02-14,156765,Russell 2000,,4821.17061000,10196.45306000
I0124,2023-02-15,156765,Russell 2000,,4873.50301000,10307.34620000
I0124,2023-02-16,156765,Russell 2000,,4826.88626000,10209.74328000
I0124,2023-02-17,156765,Russell 2000,,4837.18538000,10232.09926000
I0124,2023-02-21,156765,Russell 2000,,4692.68921000,9926.54468000
I0124,2023-02-22,156765,Russell 2000,,4708.74453000,9960.67242000
I0124,2023-02-23,156765,Russell 2000,,4742.09236000,10031.81221000
I0124,2023-02-24,156765,Russell 2000,,4698.33246000,9939.89615000
I0124,2023-02-27,156765,Russell 2000,,4712.70665000,9971.41717000
I0124,2023-02-28,156765,Russell 2000,,4714.50044000,9976.96374000
I0124,2023-03-01,156765,Russell 2000,,4718.08478000,9984.79547000
I0124,2023-03-02,156765,Russell 2000,,4728.58749000,10008.39102000
I0124,2023-03-03,156765,Russell 2000,,4792.21992000,10143.62712000
I0124,2023-03-06,156765,Russell 2000,,4721.37528000,9994.82039000
I0124,2023-03-07,156765,Russell 2000,,4669.10279000,9884.32783000
I0124,2023-03-08,156765,Russell 2000,,4670.97569000,9888.70067000
I0124,2023-03-09,156765,Russell 2000,,4539.52646000,9612.57034000
I0124,2023-03-10,156765,Russell 2000,,4405.61062000,9329.41793000
I0124,2023-03-13,156765,Russell 2000,,4335.02970000,9181.02222000
I0124,2023-03-14,156765,Russell 2000,,4416.02729000,9355.80617000
I0124,2023-03-15,156765,Russell 2000,,4339.11267000,9193.63946000
I0124,2023-03-16,156765,Russell 2000,,4401.96927000,9328.03242000
I0124,2023-03-17,156765,Russell 2000,,4289.27315000,9089.57183000
I0124,2023-03-20,156765,Russell 2000,,4336.74091000,9190.27727000
I0124,2023-03-21,156765,Russell 2000,,4418.13121000,9362.84624000
I0124,2023-03-22,156765,Russell 2000,,4292.92061000,9097.70352000
I0124,2023-03-23,156765,Russell 2000,,4275.35536000,9060.72799000
I0124,2023-03-24,156765,Russell 2000,,4311.72138000,9138.13717000
I0124,2023-03-27,156765,Russell 2000,,4358.31862000,9237.00376000
I0124,2023-03-28,156765,Russell 2000,,4355.73089000,9231.67927000
I0124,2023-03-29,156765,Russell 2000,,4402.86889000,9331.76207000
I0124,2023-03-30,156765,Russell 2000,,4394.87666000,9319.95991000
I0124,2023-03-31,156765,Russell 2000,,4479.62622000,9500.26679000
I0124,2023-04-03,156765,Russell 2000,,4479.19880000,9499.82252000
I0124,2023-04-04,156765,Russell 2000,,4398.03775000,9328.07161000
I0124,2023-04-05,156765,Russell 2000,,4354.49356000,9236.40971000
I0124,2023-04-06,156765,Russell 2000,,4360.28421000,9248.94593000
I0124,2023-04-10,156765,Russell 2000,,4404.96685000,9343.96999000
I0124,2023-04-11,156765,Russell 2000,,4440.13826000,9418.76577000
I0124,2023-04-12,156765,Russell 2000,,4408.08753000,9351.07218000
I0124,2023-04-13,156765,Russell 2000,,4465.21005000,9473.04480000
I0124,2023-04-14,156765,Russell 2000,,4426.61743000,9391.46716000
I0124,2023-04-17,156765,Russell 2000,,4480.50622000,9505.80565000
I0124,2023-04-18,156765,Russell 2000,,4462.39451000,9467.40498000
I0124,2023-04-19,156765,Russell 2000,,4472.06546000,9488.10119000
I0124,2023-04-20,156765,Russell 2000,,4447.84829000,9436.99444000
I0124,2023-04-21,156765,Russell 2000,,4452.34343000,9446.82224000
I0124,2023-04-24,156765,Russell 2000,,4445.80319000,9433.09230000
I0124,2023-04-25,156765,Russell 2000,,4339.13031000,9207.12440000
I0124,2023-04-26,156765,Russell 2000,,4300.50831000,9125.17307000
I0124,2023-04-27,156765,Russell 2000,,4352.22934000,9235.69441000
I0124,2023-04-28,156765,Russell 2000,,4396.37924000,9329.46718000
I0124,2023-05-01,156765,Russell 2000,,4396.93394000,9330.78014000
I0124,2023-05-02,156765,Russell 2000,,4304.72972000,9135.14486000
I0124,2023-05-03,156765,Russell 2000,,4322.55800000,9173.35815000
I0124,2023-05-04,156765,Russell 2000,,4271.67820000,9065.98531000
I0124,2023-05-05,156765,Russell 2000,,4373.74342000,9283.91076000
I0124,2023-05-08,156765,Russell 2000,,4360.30084000,9255.67548000
I0124,2023-05-09,156765,Russell 2000,,4348.38915000,9231.02719000
I0124,2023-05-10,156765,Russell 2000,,4372.83120000,9283.40439000
I0124,2023-05-11,156765,Russell 2000,,4336.03599000,9205.94115000
I0124,2023-05-12,156765,Russell 2000,,4326.44884000,9187.26228000
I0124,2023-05-15,156765,Russell 2000,,4377.89237000,9297.63861000
I0124,2023-05-16,156765,Russell 2000,,4314.84959000,9164.43427000
I0124,2023-05-17,156765,Russell 2000,,4410.07266000,9367.65638000
I0124,2023-05-18,156765,Russell 2000,,4435.81708000,9423.43526000
I0124,2023-05-19,156765,Russell 2000,,4408.13377000,9364.96462000
I0124,2023-05-22,156765,Russell 2000,,4461.97870000,9479.54404000
I0124,2023-05-23,156765,Russell 2000,,4442.92150000,9439.33708000
I0124,2023-05-24,156765,Russell 2000,,4391.44038000,9330.17395000
I0124,2023-05-25,156765,Russell 2000,,4360.63442000,9265.58494000
I0124,2023-05-26,156765,Russell 2000,,4406.40560000,9363.26856000
I0124,2023-05-30,156765,Russell 2000,,4392.16614000,9334.13502000
I0124,2023-05-31,156765,Russell 2000,,4348.31991000,9243.28697000
I0124,2023-06-01,156765,Russell 2000,,4393.77553000,9341.12330000
I0124,2023-06-02,156765,Russell 2000,,4550.26195000,9674.01545000
I0124,2023-06-05,156765,Russell 2000,,4490.13782000,9546.34811000
I0124,2023-06-06,156765,Russell 2000,,4611.13769000,9803.92558000
I0124,2023-06-07,156765,Russell 2000,,4693.26693000,9978.93836000
I0124,2023-06-08,156765,Russell 2000,,4674.20944000,9939.28758000
I0124,2023-06-09,156765,Russell 2000,,4636.74993000,9860.11286000
I0124,2023-06-12,156765,Russell 2000,,4655.40968000,9899.84187000
I0124,2023-06-13,156765,Russell 2000,,4712.86603000,10022.81379000
I0124,2023-06-14,156765,Russell 2000,,4657.60462000,9908.45942000
I0124,2023-06-15,156765,Russell 2000,,4695.34169000,9990.29698000
I0124,2023-06-16,156765,Russell 2000,,4661.00868000,9917.66461000
I0124,2023-06-20,156765,Russell 2000,,4639.21657000,9871.32767000
I0124,2023-06-21,156765,Russell 2000,,4630.06097000,9852.06737000
I0124,2023-06-22,156765,Russell 2000,,4593.18761000,9773.77852000
I0124,2023-06-23,156765,Russell 2000,,4527.22075000,9633.82353000
I0124,2023-06-26,156765,Russell 2000,,4531.26171000,9642.52533000
I0124,2023-06-27,156765,Russell 2000,,4597.54118000,9783.69527000
I0124,2023-06-28,156765,Russell 2000,,4619.36132000,9830.24501000
I0124,2023-06-29,156765,Russell 2000,,4676.22783000,9956.44737000
I0124,2023-06-30,156765,Russell 2000,,4693.97963000,9994.78189000
I0124,2023-07-03,156765,Russell 2000,,4713.97799000,10037.98471000
I0124,2023-07-05,156765,Russell 2000,,4654.64515000,9912.16890000
I0124,2023-07-06,156765,Russell 2000,,4578.41312000,9750.35089000
I0124,2023-07-07,156765,Russell 2000,,4634.16049000,9869.20798000
I0124,2023-07-10,156765,Russell 2000,,4710.17781000,10031.25847000
I0124,2023-07-11,156765,Russell 2000,,4755.18419000,10127.22433000
I0124,2023-07-12,156765,Russell 2000,,4804.92736000,10233.50600000
I0124,2023-07-13,156765,Russell 2000,,4848.45434000,10326.93350000
I0124,2023-07-14,156765,Russell 2000,,4799.24395000,10222.41250000
I0124,2023-07-17,156765,Russell 2000,,4849.39518000,10329.28375000
I0124,2023-07-18,156765,Russell 2000,,4911.02405000,10460.57976000
I0124,2023-07-19,156765,Russell 2000,,4932.94134000,10507.47007000
I0124,2023-07-20,156765,Russell 2000,,4888.88840000,10414.07635000
I0124,2023-07-21,156765,Russell 2000,,4871.72813000,10377.74645000
I0124,2023-07-24,156765,Russell 2000,,4885.20439000,10406.60544000
I0124,2023-07-25,156765,Russell 2000,,4886.28352000,10408.91704000
I0124,2023-07-26,156765,Russell 2000,,4921.68135000,10484.32264000
I0124,2023-07-27,156765,Russell 2000,,4858.40944000,10349.61299000
I0124,2023-07-28,156765,Russell 2000,,4924.61938000,10491.27185000
I0124,2023-07-31,156765,Russell 2000,,4978.39847000,10605.99815000
I0124,2023-08-01,156765,Russell 2000,,4956.00774000,10558.33700000
I0124,2023-08-02,156765,Russell 2000,,4888.07376000,10414.04023000
I0124,2023-08-03,156765,Russell 2000,,4874.57962000,10385.90305000
I0124,2023-08-04,156765,Russell 2000,,4864.78870000,10366.21597000
I0124,2023-08-07,156765,Russell 2000,,4868.44760000,10374.25121000
I0124,2023-08-08,156765,Russell 2000,,4839.82358000,10313.65101000
I0124,2023-08-09,156765,Russell 2000,,4798.44286000,10225.98354000
I0124,2023-08-10,156765,Russell 2000,,4778.19852000,10184.12411000
I0124,2023-08-11,156765,Russell 2000,,4784.39349000,10198.33496000
I0124,2023-08-14,156765,Russell 2000,,4772.90877000,10176.07584000
I0124,2023-08-15,156765,Russell 2000,,4711.42782000,10045.58895000
I0124,2023-08-16,156765,Russell 2000,,4651.19555000,9918.67113000
I0124,2023-08-17,156765,Russell 2000,,4597.86034000,9805.91255000
I0124,2023-08-18,156765,Russell 2000,,4621.13040000,9855.92124000
I0124,2023-08-21,156765,Russell 2000,,4612.66209000,9838.19851000
I0124,2023-08-22,156765,Russell 2000,,4599.79347000,9811.10642000
I0124,2023-08-23,156765,Russell 2000,,4647.50123000,9913.26189000
I0124,2023-08-24,156765,Russell 2000,,4588.46689000,9787.99455000
I0124,2023-08-25,156765,Russell 2000,,4606.73227000,9827.08243000
I0124,2023-08-28,156765,Russell 2000,,4644.95201000,9908.62938000
I0124,2023-08-29,156765,Russell 2000,,4710.88889000,10049.47622000
I0124,2023-08-30,156765,Russell 2000,,4729.96247000,10091.62963000
I0124,2023-08-31,156765,Russell 2000,,4721.17345000,10075.39898000
I0124,2023-09-01,156765,Russell 2000,,4773.73504000,10187.81328000
I0124,2023-09-05,156765,Russell 2000,,4673.39103000,9973.85240000
I0124,2023-09-06,156765,Russell 2000,,4658.06191000,9941.47832000
I0124,2023-09-07,156765,Russell 2000,,4612.02778000,9844.56910000
I0124,2023-09-08,156765,Russell 2000,,4601.55521000,9822.58719000
I0124,2023-09-11,156765,Russell 2000,,4610.49550000,9841.75751000
I0124,2023-09-12,156765,Russell 2000,,4610.93767000,9843.04226000
I0124,2023-09-13,156765,Russell 2000,,4574.95027000,9766.96553000
I0124,2023-09-14,156765,Russell 2000,,4639.05055000,9907.14628000
I0124,2023-09-15,156765,Russell 2000,,4590.34213000,9803.30808000
I0124,2023-09-18,156765,Russell 2000,,4558.70003000,9735.94530000
I0124,2023-09-19,156765,Russell 2000,,4539.37853000,9694.98136000
I0124,2023-09-20,156765,Russell 2000,,4498.55836000,9608.03812000
I0124,2023-09-21,156765,Russell 2000,,4428.28595000,9458.18035000
I0124,2023-09-22,156765,Russell 2000,,4415.05740000,9430.18306000
I0124,2023-09-25,156765,Russell 2000,,4434.28450000,9471.35809000
I0124,2023-09-26,156765,Russell 2000,,4378.04317000,9351.29276000
I0124,2023-09-27,156765,Russell 2000,,4421.02256000,9443.37716000
I0124,2023-09-28,156765,Russell 2000,,4459.31725000,9530.45367000
I0124,2023-09-29,156765,Russell 2000,,4436.42853000,9482.23822000
I0124,2023-10-02,156765,Russell 2000,,4366.13347000,9332.65351000
I0124,2023-10-03,156765,Russell 2000,,4292.41008000,9175.46225000
I0124,2023-10-04,156765,Russell 2000,,4297.03396000,9185.49618000
I0124,2023-10-05,156765,Russell 2000,,4303.23813000,9199.32790000
I0124,2023-10-06,156765,Russell 2000,,4338.15236000,9274.25541000
I0124,2023-10-09,156765,Russell 2000,,4364.08628000,9329.69787000
I0124,2023-10-10,156765,Russell 2000,,4413.67277000,9435.76979000
I0124,2023-10-11,156765,Russell 2000,,4407.08498000,9422.00158000
I0124,2023-10-12,156765,Russell 2000,,4310.05798000,9215.33763000
I0124,2023-10-13,156765,Russell 2000,,4273.91589000,9138.29351000
I0124,2023-10-16,156765,Russell 2000,,4341.88688000,9283.73947000
I0124,2023-10-17,156765,Russell 2000,,4389.06860000,9384.66535000
I0124,2023-10-18,156765,Russell 2000,,4296.52704000,9186.90766000
I0124,2023-10-19,156765,Russell 2000,,4231.64360000,9048.72811000
I0124,2023-10-20,156765,Russell 2000,,4177.19156000,8932.56649000
I0124,2023-10-23,156765,Russell 2000,,4140.14275000,8853.48696000
I0124,2023-10-24,156765,Russell 2000,,4173.98642000,8926.00675000
I0124,2023-10-25,156765,Russell 2000,,4104.21560000,8776.93844000
I0124,2023-10-26,156765,Russell 2000,,4118.07062000,8806.77615000
I0124,2023-10-27,156765,Russell 2000,,4068.20221000,8700.24451000
I0124,2023-10-30,156765,Russell 2000,,4093.93046000,8755.76143000
I0124,2023-10-31,156765,Russell 2000,,4131.18897000,8835.56005000
I0124,2023-11-01,156765,Russell 2000,,4149.63343000,8875.32347000
I0124,2023-11-02,156765,Russell 2000,,4260.24570000,9112.62466000
I0124,2023-11-03,156765,Russell 2000,,4375.79525000,9360.52753000
I0124,2023-11-06,156765,Russell 2000,,4319.21510000,9239.87982000
I0124,2023-11-07,156765,Russell 2000,,4307.31743000,9214.98529000
I0124,2023-11-08,156765,Russell 2000,,4259.89165000,9114.33538000
I0124,2023-11-09,156765,Russell 2000,,4193.21295000,8972.45318000
I0124,2023-11-10,156765,Russell 2000,,4238.16191000,9069.73050000
I0124,2023-11-13,156765,Russell 2000,,4238.60175000,9071.49511000
I0124,2023-11-14,156765,Russell 2000,,4469.28842000,9567.77365000
I0124,2023-11-15,156765,Russell 2000,,4476.48610000,9583.69900000
I0124,2023-11-16,156765,Russell 2000,,4408.23308000,9438.94824000
I0124,2023-11-17,156765,Russell 2000,,4467.90260000,9567.49583000
I0124,2023-11-20,156765,Russell 2000,,4491.05782000,9617.46097000
I0124,2023-11-21,156765,Russell 2000,,4431.85774000,9491.01294000
I0124,2023-11-22,156765,Russell 2000,,4462.36994000,9557.31498000
I0124,2023-11-24,156765,Russell 2000,,4492.09345000,9621.35298000
I0124,2023-11-27,156765,Russell 2000,,4476.32144000,9587.74141000
I0124,2023-11-28,156765,Russell 2000,,4455.57984000,9543.78484000
I0124,2023-11-29,156765,Russell 2000,,4482.91754000,9603.56764000
I0124,2023-11-30,156765,Russell 2000,,4495.86967000,9635.26254000
I0124,2023-12-01,156765,Russell 2000,,4629.13310000,9921.12434000
I0124,2023-12-04,156765,Russell 2000,,4677.28442000,10024.66275000
I0124,2023-12-05,156765,Russell 2000,,4612.72706000,9886.49670000
I0124,2023-12-06,156765,Russell 2000,,4602.81124000,9865.41052000
I0124,2023-12-07,156765,Russell 2000,,4643.07537000,9952.76622000
I0124,2023-12-08,156765,Russell 2000,,4674.30436000,10020.26406000
I0124,2023-12-11,156765,Russell 2000,,4681.42191000,10035.60305000
I0124,2023-12-12,156765,Russell 2000,,4675.42745000,10023.26623000
I0124,2023-12-13,156765,Russell 2000,,4840.04063000,10376.66629000
I0124,2023-12-14,156765,Russell 2000,,4971.78237000,10662.62696000
I0124,2023-12-15,156765,Russell 2000,,4933.53948000,10580.91876000
I0124,2023-12-18,156765,Russell 2000,,4926.80617000,10566.75915000
I0124,2023-12-19,156765,Russell 2000,,5022.57786000,10772.37277000
I0124,2023-12-20,156765,Russell 2000,,4927.84668000,10569.46493000
I0124,2023-12-21,156765,Russell 2000,,5012.91386000,10752.08869000
I0124,2023-12-22,156765,Russell 2000,,5054.90769000,10842.55399000
I0124,2023-12-26,156765,Russell 2000,,5117.61461000,10977.35663000
I0124,2023-12-27,156765,Russell 2000,,5135.06172000,11015.08510000
I0124,2023-12-28,156765,Russell 2000,,5115.48136000,10978.86467000
I0124,2023-12-29,156765,Russell 2000,,5037.78939000,10812.53373000
I0124,2024-01-02,156765,Russell 2000,,5002.30310000,10736.67162000
I0124,2024-01-03,156765,Russell 2000,,4869.10668000,10451.20446000
I0124,2024-01-04,156765,Russell 2000,,4865.44424000,10443.89582000
I0124,2024-01-05,156765,Russell 2000,,4849.07964000,10408.92435000
I0124,2024-01-08,156765,Russell 2000,,4943.18120000,10610.92065000
I0124,2024-01-09,156765,Russell 2000,,4891.06346000,10499.10746000
I0124,2024-01-10,156765,Russell 2000,,4896.59493000,10511.04526000
I0124,2024-01-11,156765,Russell 2000,,4859.80143000,10432.94904000
I0124,2024-01-12,156765,Russell 2000,,4848.63555000,10409.13406000
I0124,2024-01-16,156765,Russell 2000,,4789.83573000,10283.02259000
I0124,2024-01-17,156765,Russell 2000,,4754.69953000,10207.73773000
I0124,2024-01-18,156765,Russell 2000,,4780.76320000,10264.16102000
I0124,2024-01-19,156765,Russell 2000,,4832.30225000,10375.01547000
I0124,2024-01-22,156765,Russell 2000,,4929.20182000,10583.17099000
I0124,2024-01-23,156765,Russell 2000,,4911.52470000,10545.23063000
I0124,2024-01-24,156765,Russell 2000,,4875.72853000,10468.58267000
I0124,2024-01-25,156765,Russell 2000,,4910.55546000,10543.44175000
I0124,2024-01-26,156765,Russell 2000,,4916.65189000,10556.58749000
I0124,2024-01-29,156765,Russell 2000,,4998.89548000,10733.25659000
I0124,2024-01-30,156765,Russell 2000,,4961.14998000,10652.75661000
I0124,2024-01-31,156765,Russell 2000,,4839.63463000,10391.99596000
I0124,2024-02-01,156765,Russell 2000,,4906.92815000,10536.83653000
I0124,2024-02-02,156765,Russell 2000,,4877.88178000,10475.07749000
I0124,2024-02-05,156765,Russell 2000,,4814.53194000,10339.56197000
I0124,2024-02-06,156765,Russell 2000,,4855.25671000,10427.44060000
I0124,2024-02-07,156765,Russell 2000,,4847.13355000,10410.28060000
I0124,2024-02-08,156765,Russell 2000,,4920.05124000,10568.18783000
I0124,2024-02-09,156765,Russell 2000,,4995.33559000,10730.16804000
I0124,2024-02-12,156765,Russell 2000,,5082.97895000,10919.04280000
I0124,2024-02-13,156765,Russell 2000,,4881.46751000,10486.50779000
I0124,2024-02-14,156765,Russell 2000,,5000.57914000,10744.05745000
I0124,2024-02-15,156765,Russell 2000,,5123.29167000,11008.44713000
I0124,2024-02-16,156765,Russell 2000,,5051.88142000,10855.73070000
I0124,2024-02-20,156765,Russell 2000,,4980.80127000,10703.35698000
I0124,2024-02-21,156765,Russell 2000,,4957.43936000,10653.43030000
I0124,2024-02-22,156765,Russell 2000,,5004.89357000,10756.50095000
I0124,2024-02-23,156765,Russell 2000,,5011.97878000,10772.12966000
I0124,2024-02-26,156765,Russell 2000,,5042.49630000,10837.86330000
I0124,2024-02-27,156765,Russell 2000,,5109.94357000,10983.06153000
I0124,2024-02-28,156765,Russell 2000,,5070.67530000,10899.73048000
I0124,2024-02-29,156765,Russell 2000,,5106.80097000,10979.57717000
I0124,2024-03-01,156765,Russell 2000,,5160.36401000,11095.65417000
I0124,2024-03-04,156765,Russell 2000,,5155.18021000,11085.46669000
I0124,2024-03-05,156765,Russell 2000,,5103.98016000,10975.92971000
I0124,2024-03-06,156765,Russell 2000,,5139.72094000,11053.13829000
I0124,2024-03-07,156765,Russell 2000,,5181.10478000,11144.04678000
I0124,2024-03-08,156765,Russell 2000,,5176.06627000,11133.82474000
I0124,2024-03-11,156765,Russell 2000,,5134.23567000,11044.37468000
I0124,2024-03-12,156765,Russell 2000,,5133.23267000,11043.04204000
I0124,2024-03-13,156765,Russell 2000,,5148.72339000,11077.15784000
I0124,2024-03-14,156765,Russell 2000,,5047.98208000,10864.78386000
I0124,2024-03-15,156765,Russell 2000,,5068.22908000,10908.67245000
I0124,2024-03-18,156765,Russell 2000,,5031.97724000,10830.82930000
I0124,2024-03-19,156765,Russell 2000,,5059.24348000,10889.72430000
I0124,2024-03-20,156765,Russell 2000,,5156.59990000,11099.52109000
I0124,2024-03-21,156765,Russell 2000,,5215.45143000,11226.51723000
I0124,2024-03-22,156765,Russell 2000,,5149.43687000,11084.59374000
I0124,2024-03-25,156765,Russell 2000,,5154.81811000,11096.32014000
I0124,2024-03-26,156765,Russell 2000,,5144.87694000,11075.13061000
I0124,2024-03-27,156765,Russell 2000,,5254.68865000,11317.30613000
I0124,2024-03-28,156765,Russell 2000,,5280.03496000,11372.63420000
I0124,2024-04-01,156765,Russell 2000,,5226.08050000,11256.45767000
I0124,2024-04-02,156765,Russell 2000,,5132.13711000,11054.37306000
I0124,2024-04-03,156765,Russell 2000,,5159.88781000,11114.60406000
I0124,2024-04-04,156765,Russell 2000,,5104.27910000,10995.45525000
I0124,2024-04-05,156765,Russell 2000,,5128.24330000,11047.41783000
I0124,2024-04-08,156765,Russell 2000,,5153.69811000,11102.50158000
I0124,2024-04-09,156765,Russell 2000,,5171.31106000,11140.57720000
I0124,2024-04-10,156765,Russell 2000,,5041.05772000,10860.21787000
I0124,2024-04-11,156765,Russell 2000,,5076.38518000,10936.86740000
I0124,2024-04-12,156765,Russell 2000,,4978.39277000,10726.28348000
I0124,2024-04-15,156765,Russell 2000,,4910.13221000,10579.32387000
I0124,2024-04-16,156765,Russell 2000,,4889.67223000,10535.33231000
I0124,2024-04-17,156765,Russell 2000,,4841.13801000,10430.90955000
I0124,2024-04-18,156765,Russell 2000,,4828.73906000,10404.58805000
I0124,2024-04-19,156765,Russell 2000,,4840.41467000,10429.99932000
I0124,2024-04-22,156765,Russell 2000,,4889.66271000,10536.23011000
I0124,2024-04-23,156765,Russell 2000,,4977.07288000,10724.59438000
I0124,2024-04-24,156765,Russell 2000,,4959.13640000,10686.11360000
I0124,2024-04-25,156765,Russell 2000,,4923.57623000,10609.71692000
I0124,2024-04-26,156765,Russell 2000,,4975.47324000,10721.87201000
I0124,2024-04-29,156765,Russell 2000,,5010.33445000,10797.57232000
I0124,2024-04-30,156765,Russell 2000,,4905.65445000,10572.19873000
I0124,2024-05-01,156765,Russell 2000,,4921.36894000,10606.29642000
I0124,2024-05-02,156765,Russell 2000,,5010.54572000,10798.73542000
I0124,2024-05-03,156765,Russell 2000,,5059.28379000,10904.76503000
I0124,2024-05-06,156765,Russell 2000,,5121.29527000,11039.01951000
I0124,2024-05-07,156765,Russell 2000,,5131.16300000,11060.72724000
I0124,2024-05-08,156765,Russell 2000,,5107.52799000,11010.27392000
I0124,2024-05-09,156765,Russell 2000,,5153.49991000,11110.36731000
I0124,2024-05-10,156765,Russell 2000,,5119.06769000,11036.70354000
I0124,2024-05-13,156765,Russell 2000,,5124.89706000,11049.41050000
I0124,2024-05-14,156765,Russell 2000,,5183.47530000,11177.12454000
I0124,2024-05-15,156765,Russell 2000,,5242.53768000,11304.94907000
I0124,2024-05-16,156765,Russell 2000,,5209.70335000,11235.56460000
I0124,2024-05-17,156765,Russell 2000,,5208.38175000,11234.10902000
I0124,2024-05-20,156765,Russell 2000,,5225.24061000,11271.22935000
I0124,2024-05-21,156765,Russell 2000,,5214.94097000,11249.82795000
I0124,2024-05-22,156765,Russell 2000,,5173.57180000,11161.13471000
I0124,2024-05-23,156765,Russell 2000,,5090.81164000,10983.39382000
I0124,2024-05-24,156765,Russell 2000,,5143.64532000,11097.67570000
I0124,2024-05-28,156765,Russell 2000,,5136.64577000,11082.57380000
I0124,2024-05-29,156765,Russell 2000,,5060.44054000,10918.27294000
I0124,2024-05-30,156765,Russell 2000,,5111.16212000,11028.10385000
I0124,2024-05-31,156765,Russell 2000,,5144.78409000,11102.57661000
I0124,2024-06-03,156765,Russell 2000,,5118.83425000,11047.67191000
I0124,2024-06-04,156765,Russell 2000,,5054.86420000,10909.92462000
I0124,2024-06-05,156765,Russell 2000,,5129.24313000,11071.00231000
I0124,2024-06-06,156765,Russell 2000,,5093.37331000,10994.30161000
I0124,2024-06-07,156765,Russell 2000,,5036.49464000,10873.02555000
I0124,2024-06-10,156765,Russell 2000,,5049.07285000,10900.88646000
I0124,2024-06-11,156765,Russell 2000,,5031.01011000,10862.07907000
I0124,2024-06-12,156765,Russell 2000,,5112.41164000,11038.95089000
I0124,2024-06-13,156765,Russell 2000,,5067.20513000,10941.82753000
I0124,2024-06-14,156765,Russell 2000,,4985.81026000,10769.29077000
I0124,2024-06-17,156765,Russell 2000,,5025.19853000,10854.74408000
I0124,2024-06-18,156765,Russell 2000,,5033.20620000,10872.39713000
I0124,2024-06-20,156765,Russell 2000,,5013.72367000,10830.56667000
I0124,2024-06-21,156765,Russell 2000,,5025.26325000,10855.76675000
I0124,2024-06-24,156765,Russell 2000,,5047.08395000,10903.20316000
I0124,2024-06-25,156765,Russell 2000,,5026.03743000,10857.78431000
I0124,2024-06-26,156765,Russell 2000,,5015.53404000,10835.17539000
I0124,2024-06-27,156765,Russell 2000,,5065.79314000,10944.07762000
I0124,2024-06-28,156765,Russell 2000,,5089.02799000,10999.87433000
I0124,2024-07-01,156765,Russell 2000,,5045.22801000,10905.87918000
I0124,2024-07-02,156765,Russell 2000,,5054.68478000,10926.34933000
I0124,2024-07-03,156765,Russell 2000,,5061.52521000,10941.64244000
I0124,2024-07-05,156765,Russell 2000,,5036.92791000,10889.05938000
I0124,2024-07-08,156765,Russell 2000,,5066.60737000,10953.48735000
I0124,2024-07-09,156765,Russell 2000,,5043.75284000,10904.58417000
I0124,2024-07-10,156765,Russell 2000,,5099.12550000,11024.44385000
I0124,2024-07-11,156765,Russell 2000,,5281.25159000,11418.63280000
I0124,2024-07-12,156765,Russell 2000,,5338.98401000,11543.89162000
I0124,2024-07-15,156765,Russell 2000,,5435.30563000,11752.50460000
I0124,2024-07-16,156765,Russell 2000,,5625.79968000,12164.41284000
I0124,2024-07-17,156765,Russell 2000,,5566.14254000,12035.55397000
I0124,2024-07-18,156765,Russell 2000,,5463.29685000,11813.28867000
I0124,2024-07-19,156765,Russell 2000,,5428.65633000,11738.86039000
I0124,2024-07-22,156765,Russell 2000,,5518.87294000,11934.20332000
I0124,2024-07-23,156765,Russell 2000,,5575.07958000,12055.87859000
I0124,2024-07-24,156765,Russell 2000,,5456.05491000,11798.50612000
I0124,2024-07-25,156765,Russell 2000,,5524.66662000,11947.00365000
I0124,2024-07-26,156765,Russell 2000,,5616.84039000,12146.56489000
I0124,2024-07-29,156765,Russell 2000,,5555.36580000,12013.91442000
I0124,2024-07-30,156765,Russell 2000,,5574.77011000,12055.87777000
I0124,2024-07-31,156765,Russell 2000,,5602.96082000,12117.45222000
I0124,2024-08-01,156765,Russell 2000,,5433.16318000,11750.50225000
I0124,2024-08-02,156765,Russell 2000,,5242.16679000,11337.73306000
I0124,2024-08-05,156765,Russell 2000,,5067.82899000,10962.00589000
I0124,2024-08-06,156765,Russell 2000,,5130.30956000,11097.44108000
I0124,2024-08-07,156765,Russell 2000,,5057.75998000,10940.71717000
I0124,2024-08-08,156765,Russell 2000,,5180.31964000,11206.31281000
I0124,2024-08-09,156765,Russell 2000,,5171.59943000,11188.50859000
I0124,2024-08-12,156765,Russell 2000,,5124.79354000,11087.90383000
I0124,2024-08-13,156765,Russell 2000,,5207.08214000,11266.35228000
I0124,2024-08-14,156765,Russell 2000,,5180.06028000,11208.64499000
I0124,2024-08-15,156765,Russell 2000,,5307.17896000,11485.43830000
I0124,2024-08-16,156765,Russell 2000,,5323.21364000,11521.59338000
I0124,2024-08-19,156765,Russell 2000,,5386.78873000,11660.60431000
I0124,2024-08-20,156765,Russell 2000,,5323.87563000,11524.71366000
I0124,2024-08-21,156765,Russell 2000,,5394.38034000,11677.42845000
I0124,2024-08-22,156765,Russell 2000,,5343.36460000,11567.89016000
I0124,2024-08-23,156765,Russell 2000,,5514.03183000,11938.15986000
I0124,2024-08-26,156765,Russell 2000,,5512.09555000,11934.49922000
I0124,2024-08-27,156765,Russell 2000,,5475.00157000,11854.41724000
I0124,2024-08-28,156765,Russell 2000,,5439.31056000,11777.30343000
I0124,2024-08-29,156765,Russell 2000,,5474.96752000,11854.98755000
I0124,2024-08-30,156765,Russell 2000,,5511.37760000,11936.44355000
I0124,2024-09-03,156765,Russell 2000,,5341.33548000,11568.87715000
I0124,2024-09-04,156765,Russell 2000,,5331.40856000,11547.49711000
I0124,2024-09-05,156765,Russell 2000,,5298.69106000,11477.50678000
I0124,2024-09-06,156765,Russell 2000,,5197.67476000,11259.81869000
I0124,2024-09-09,156765,Russell 2000,,5213.49971000,11294.20581000
I0124,2024-09-10,156765,Russell 2000,,5212.65445000,11292.83498000
I0124,2024-09-11,156765,Russell 2000,,5228.58745000,11328.18281000
I0124,2024-09-12,156765,Russell 2000,,5292.16299000,11466.52775000
I0124,2024-09-13,156765,Russell 2000,,5424.03940000,11754.53479000
I0124,2024-09-16,156765,Russell 2000,,5440.63838000,11792.04883000
I0124,2024-09-17,156765,Russell 2000,,5481.16588000,11879.97406000
I0124,2024-09-18,156765,Russell 2000,,5483.30192000,11884.60525000
I0124,2024-09-19,156765,Russell 2000,,5598.53979000,12134.65360000
I0124,2024-09-20,156765,Russell 2000,,5536.86137000,12001.40284000
I0124,2024-09-23,156765,Russell 2000,,5517.95520000,11960.79794000
I0124,2024-09-24,156765,Russell 2000,,5527.18210000,11981.07097000
I0124,2024-09-25,156765,Russell 2000,,5461.22178000,11838.17330000
I0124,2024-09-26,156765,Russell 2000,,5492.08717000,11905.31029000
I0124,2024-09-27,156765,Russell 2000,,5528.95136000,11985.84758000
I0124,2024-09-30,156765,Russell 2000,,5542.03717000,12019.86734000
I0124,2024-10-01,156765,Russell 2000,,5460.17935000,11843.04380000
I0124,2024-10-02,156765,Russell 2000,,5455.14020000,11832.14734000
I0124,2024-10-03,156765,Russell 2000,,5418.21116000,11752.19348000
I0124,2024-10-04,156765,Russell 2000,,5499.35969000,11928.58704000
I0124,2024-10-07,156765,Russell 2000,,5450.38140000,11822.54786000
I0124,2024-10-08,156765,Russell 2000,,5455.08754000,11833.02634000
I0124,2024-10-09,156765,Russell 2000,,5469.00832000,11863.64959000
I0124,2024-10-10,156765,Russell 2000,,5438.77264000,11798.14158000
I0124,2024-10-11,156765,Russell 2000,,5553.07229000,12046.89162000
I0124,2024-10-14,156765,Russell 2000,,5588.43462000,12123.60703000
I0124,2024-10-15,156765,Russell 2000,,5591.36685000,12130.34727000
I0124,2024-10-16,156765,Russell 2000,,5682.96619000,12329.07000000
I0124,2024-10-17,156765,Russell 2000,,5668.49048000,12297.94442000
I0124,2024-10-18,156765,Russell 2000,,5656.65732000,12272.64140000
I0124,2024-10-21,156765,Russell 2000,,5566.24696000,12076.53195000
I0124,2024-10-22,156765,Russell 2000,,5545.91149000,12032.50473000
I0124,2024-10-23,156765,Russell 2000,,5501.94724000,11937.19032000
I0124,2024-10-24,156765,Russell 2000,,5514.58098000,11964.62032000
I0124,2024-10-25,156765,Russell 2000,,5487.42331000,11906.03951000
I0124,2024-10-28,156765,Russell 2000,,5577.07496000,12100.97038000
I0124,2024-10-29,156765,Russell 2000,,5562.21440000,12068.72638000
I0124,2024-10-30,156765,Russell 2000,,5549.65731000,12041.69029000
I0124,2024-10-31,156765,Russell 2000,,5459.23462000,11846.25552000
I0124,2024-11-01,156765,Russell 2000,,5492.73746000,11919.14963000
I0124,2024-11-04,156765,Russell 2000,,5514.85695000,11968.13654000
I0124,2024-11-05,156765,Russell 2000,,5618.76759000,12194.18455000
I0124,2024-11-06,156765,Russell 2000,,5947.01564000,12906.90686000
I0124,2024-11-07,156765,Russell 2000,,5921.58384000,12852.18248000
I0124,2024-11-08,156765,Russell 2000,,5963.70736000,12945.08161000
I0124,2024-11-11,156765,Russell 2000,,6051.53604000,13135.72636000
I0124,2024-11-12,156765,Russell 2000,,5944.34484000,12903.73201000
I0124,2024-11-13,156765,Russell 2000,,5888.48995000,12783.09817000
I0124,2024-11-14,156765,Russell 2000,,5807.88170000,12608.67229000
I0124,2024-11-15,156765,Russell 2000,,5725.61065000,12432.92810000
I0124,2024-11-18,156765,Russell 2000,,5731.83668000,12447.67536000
I0124,2024-11-19,156765,Russell 2000,,5777.78007000,12547.83505000
I0124,2024-11-20,156765,Russell 2000,,5779.53667000,12551.81984000
I0124,2024-11-21,156765,Russell 2000,,5875.17935000,12759.77329000
I0124,2024-11-22,156765,Russell 2000,,5981.18160000,12990.93007000
I0124,2024-11-25,156765,Russell 2000,,6069.06268000,13182.40322000
I0124,2024-11-26,156765,Russell 2000,,6025.01751000,13087.04101000
I0124,2024-11-27,156765,Russell 2000,,6029.69741000,13097.59500000
I0124,2024-11-29,156765,Russell 2000,,6050.90651000,13145.71847000
I0124,2024-12-02,156765,Russell 2000,,6049.44772000,13144.11241000
I0124,2024-12-03,156765,Russell 2000,,6005.23512000,13048.42390000
I0124,2024-12-04,156765,Russell 2000,,6030.62290000,13103.67240000
I0124,2024-12-05,156765,Russell 2000,,5955.08410000,12940.75144000
I0124,2024-12-06,156765,Russell 2000,,5986.95857000,13011.30662000
I0124,2024-12-09,156765,Russell 2000,,5946.80133000,12924.46218000
I0124,2024-12-10,156765,Russell 2000,,5921.79476000,12870.59556000
I0124,2024-12-11,156765,Russell 2000,,5950.08854000,12932.51987000
I0124,2024-12-12,156765,Russell 2000,,5867.87967000,12754.00675000
I0124,2024-12-13,156765,Russell 2000,,5832.62600000,12680.08164000
I0124,2024-12-16,156765,Russell 2000,,5870.14360000,12763.14291000
I0124,2024-12-17,156765,Russell 2000,,5800.77873000,12612.62707000
I0124,2024-12-18,156765,Russell 2000,,5545.87207000,12058.61559000
I0124,2024-12-19,156765,Russell 2000,,5520.98271000,12004.67157000
I0124,2024-12-20,156765,Russell 2000,,5572.85520000,12117.99783000
I0124,2024-12-23,156765,Russell 2000,,5560.59291000,12091.59031000
I0124,2024-12-24,156765,Russell 2000,,5616.30705000,12212.97561000
I0124,2024-12-26,156765,Russell 2000,,5666.85320000,12323.27612000
I0124,2024-12-27,156765,Russell 2000,,5578.37510000,12131.15700000
I0124,2024-12-30,156765,Russell 2000,,5536.59146000,12041.24800000
I0124,2024-12-31,156765,Russell 2000,,5542.50475000,12060.06998000
I0124,2025-01-02,156765,Russell 2000,,5546.25744000,12068.67131000
I0124,2025-01-03,156765,Russell 2000,,5637.72117000,12268.08674000
I0124,2025-01-06,156765,Russell 2000,,5633.18396000,12258.31248000
I0124,2025-01-07,156765,Russell 2000,,5591.33024000,12167.25840000
I0124,2025-01-08,156765,Russell 2000,,5564.38970000,12108.80988000
I0124,2025-01-10,156765,Russell 2000,,5440.79517000,11840.46757000
I0124,2025-01-13,156765,Russell 2000,,5453.64568000,11868.78063000
I0124,2025-01-14,156765,Russell 2000,,5515.36168000,12003.16660000
I0124,2025-01-15,156765,Russell 2000,,5624.85653000,12241.91358000
I0124,2025-01-16,156765,Russell 2000,,5633.54925000,12261.01364000
I0124,2025-01-17,156765,Russell 2000,,5656.13985000,12310.46144000
I0124,2025-01-21,156765,Russell 2000,,5760.73453000,12538.14432000
I0124,2025-01-22,156765,Russell 2000,,5725.32064000,12461.08008000
I0124,2025-01-23,156765,Russell 2000,,5752.35611000,12520.06279000
I0124,2025-01-24,156765,Russell 2000,,5735.31031000,12483.32283000
I0124,2025-01-27,156765,Russell 2000,,5676.37407000,12355.13232000
I0124,2025-01-28,156765,Russell 2000,,5688.39804000,12381.37213000
I0124,2025-01-29,156765,Russell 2000,,5674.06645000,12350.51646000
I0124,2025-01-30,156765,Russell 2000,,5734.59633000,12482.29197000
I0124,2025-01-31,156765,Russell 2000,,5685.49187000,12376.27530000
I0124,2025-02-03,156765,Russell 2000,,5612.73328000,12218.67195000
I0124,2025-02-04,156765,Russell 2000,,5691.73626000,12390.94213000
I0124,2025-02-05,156765,Russell 2000,,5756.41746000,12531.95230000
I0124,2025-02-06,156765,Russell 2000,,5733.77539000,12483.06717000
I0124,2025-02-07,156765,Russell 2000,,5665.64859000,12335.26412000
I0124,2025-02-10,156765,Russell 2000,,5686.10401000,12380.43768000
I0124,2025-02-11,156765,Russell 2000,,5655.68963000,12314.38727000
I0124,2025-02-12,156765,Russell 2000,,5606.44902000,12207.61939000
I0124,2025-02-13,156765,Russell 2000,,5671.80355000,12350.13897000
I0124,2025-02-14,156765,Russell 2000,,5666.32655000,12341.08153000
I0124,2025-02-18,156765,Russell 2000,,5692.10441000,12399.03591000
I0124,2025-02-19,156765,Russell 2000,,5672.48256000,12356.37448000
I0124,2025-02-20,156765,Russell 2000,,5621.00109000,12244.65777000
I0124,2025-02-21,156765,Russell 2000,,5455.99409000,11885.85378000
I0124,2025-02-24,156765,Russell 2000,,5413.53849000,11793.92241000
I0124,2025-02-25,156765,Russell 2000,,5393.19879000,11749.73707000
I0124,2025-02-26,156765,Russell 2000,,5403.37006000,11772.11775000
I0124,2025-02-27,156765,Russell 2000,,5317.59370000,11585.48027000
I0124,2025-02-28,156765,Russell 2000,,5375.77223000,11714.27630000
I0124,2025-03-03,156765,Russell 2000,,5224.58347000,11386.28782000
I0124,2025-03-04,156765,Russell 2000,,5168.16264000,11263.94718000
I0124,2025-03-05,156765,Russell 2000,,5220.88807000,11379.90269000
I0124,2025-03-06,156765,Russell 2000,,5135.90494000,11194.92757000
I0124,2025-03-07,156765,Russell 2000,,5158.09721000,11245.03564000
I0124,2025-03-10,156765,Russell 2000,,5017.89113000,10940.60162000
I0124,2025-03-11,156765,Russell 2000,,5029.14052000,10966.23870000
I0124,2025-03-12,156765,Russell 2000,,5036.28186000,10982.18490000
I0124,2025-03-13,156765,Russell 2000,,4954.82228000,10805.25211000
I0124,2025-03-14,156765,Russell 2000,,5080.09130000,11082.30391000
I0124,2025-03-17,156765,Russell 2000,,5140.32385000,11214.54973000
I0124,2025-03-18,156765,Russell 2000,,5094.60505000,11115.07362000
I0124,2025-03-19,156765,Russell 2000,,5174.48492000,11289.50227000
I0124,2025-03-20,156765,Russell 2000,,5141.06297000,11216.74797000
I0124,2025-03-21,156765,Russell 2000,,5112.12056000,11153.91159000
I0124,2025-03-24,156765,Russell 2000,,5242.33259000,11438.49874000
I0124,2025-03-25,156765,Russell 2000,,5207.54355000,11362.63511000
I0124,2025-03-26,156765,Russell 2000,,5153.99979000,11245.87952000
I0124,2025-03-27,156765,Russell 2000,,5133.77801000,11202.26362000
I0124,2025-03-28,156765,Russell 2000,,5028.34553000,10972.85120000
I0124,2025-03-31,156765,Russell 2000,,5000.11161000,10916.89941000
I0124,2025-04-01,156765,Russell 2000,,5000.92561000,10919.14082000
I0124,2025-04-02,156765,Russell 2000,,5083.24357000,11099.11346000
I0124,2025-04-03,156765,Russell 2000,,4748.18863000,10367.74679000
I0124,2025-04-04,156765,Russell 2000,,4540.63479000,9915.14585000
I0124,2025-04-07,156765,Russell 2000,,4498.66504000,9823.77089000
I0124,2025-04-08,156765,Russell 2000,,4375.80764000,9555.82001000
I0124,2025-04-09,156765,Russell 2000,,4754.69146000,10383.58988000
I0124,2025-04-10,156765,Russell 2000,,4551.47759000,9939.84005000
I0124,2025-04-11,156765,Russell 2000,,4623.07741000,10096.76818000
I0124,2025-04-14,156765,Russell 2000,,4674.45905000,10209.14846000
I0124,2025-04-15,156765,Russell 2000,,4679.53200000,10220.68927000
I0124,2025-04-16,156765,Russell 2000,,4631.21424000,10115.29994000
I0124,2025-04-17,156765,Russell 2000,,4673.82188000,10208.89920000
I0124,2025-04-21,156765,Russell 2000,,4573.66349000,9990.17562000
I0124,2025-04-22,156765,Russell 2000,,4697.82217000,10261.61923000
I0124,2025-04-23,156765,Russell 2000,,4769.54585000,10418.36674000
I0124,2025-04-24,156765,Russell 2000,,4865.10124000,10627.13584000
I0124,2025-04-25,156765,Russell 2000,,4865.16829000,10627.79240000
I0124,2025-04-28,156765,Russell 2000,,4884.88374000,10670.86935000
I0124,2025-04-29,156765,Russell 2000,,4912.14063000,10730.68380000
I0124,2025-04-30,156765,Russell 2000,,4881.33137000,10664.69645000
I0124,2025-05-01,156765,Russell 2000,,4910.51613000,10728.52874000
I0124,2025-05-02,156765,Russell 2000,,5022.04192000,10972.37735000
I0124,2025-05-05,156765,Russell 2000,,4981.09300000,10883.87169000
I0124,2025-05-06,156765,Russell 2000,,4928.71950000,10769.68327000
I0124,2025-05-07,156765,Russell 2000,,4944.80906000,10805.08449000
I0124,2025-05-08,156765,Russell 2000,,5036.15102000,11005.21690000
I0124,2025-05-09,156765,Russell 2000,,5027.84855000,10987.92759000
I0124,2025-05-12,156765,Russell 2000,,5199.63272000,11364.28558000
I0124,2025-05-13,156765,Russell 2000,,5224.86467000,11419.81491000
I0124,2025-05-14,156765,Russell 2000,,5178.77882000,11319.55958000
I0124,2025-05-15,156765,Russell 2000,,5205.84020000,11380.65511000
I0124,2025-05-16,156765,Russell 2000,,5251.96895000,11483.59382000
I0124,2025-05-19,156765,Russell 2000,,5230.04732000,11436.48900000
I0124,2025-05-20,156765,Russell 2000,,5232.89515000,11443.13084000
I0124,2025-05-21,156765,Russell 2000,,5086.20699000,11122.65428000
I0124,2025-05-22,156765,Russell 2000,,5083.73937000,11117.63765000
I0124,2025-05-23,156765,Russell 2000,,5069.54331000,11087.51330000
I0124,2025-05-27,156765,Russell 2000,,5195.16937000,11362.45827000
I0124,2025-05-28,156765,Russell 2000,,5139.00184000,11239.68970000
I0124,2025-05-29,156765,Russell 2000,,5156.34496000,11278.01875000
I0124,2025-05-30,156765,Russell 2000,,5135.24265000,11234.19495000
I0124,2025-06-02,156765,Russell 2000,,5144.87885000,11256.58150000
I0124,2025-06-03,156765,Russell 2000,,5226.43756000,11435.59365000
