Date,CMCSA,EBAY,SPG,UPS,PFG,DGX,GS,EA,MKC,AN,AIV,FHI,BIIB,GEN,MTB,VLO,TPR,RF,GILD,LEN,MUR,PSA,VNO,TSN,DHI,STZ,NOV,AMP,GNW,SSP,AMZN,VRSN,KIM,EL,BXP,WU,CTSH,CNX,GOOGL,CBRE,FIS,TNL,TEX,CME,MDLZ,JEF,HST,GHC,EXPD,RRC,AVB,ANF,AMT,RL,CHRW,AKAM,GME,ICE,AIZ,TDC,EXPE,MTW,SITC,MCHP,FAST,CTRA,EQT,LHX,DOC,SJM,WEC,FLS,XRAY,IVZ,DVA,APH,ISRG,RSG,NDAQ,PM,CRM,MA,WYNN,KDP,CF,CLF,HRL,ES,VTR,WDC,ATGE,WELL,ROP,ROST,ORLY,IRM,PWR,BKNG,FTI,TMUS,LDOS,FSLR,V,HP,URBN,FFIV,NFLX,KMX,NRG,PRGO,BWA,DLTR,ACN,PLD,EW,CMG,MOS,TRIP,XYL,MPC,LYB,PSX,DG,KMI,FOSL,PNR,STX,CCI,GRMN,LRCX,ABBV,PVH,AME,REGN,ALLE,MHK,VRTX,META,DAL,MAC,NWSA,CPRI,BFH,ZTS,GM,AVGO,UAA,RCL,UHS,AMG,GOOG,TSCO,ESS,URI,NAVI,MLM,NWS,HCA,HPE,VRSK,SLG,SYF,AAL,SWKS,KHC,HSIC,SIG,MNST,O,CHD,JBHT,UAL,PYPL,AAP,ILMN,QRVO,EQIX,EXR,AWK,FBIN,UDR,FTV,AJG,WTW,CHTR,ULTA,ALK,HOLX,CFG,HWM,TDG,UA,COO,MAA,MTD,ALB,FRT,LNT,CNC,COTY,GPN,AYI,LKQ,DLR,BHF,DD,PKG,DXC,BKR,HLT,CBOE,IQV,IT,RJF,IDXX,NCLH,AOS,INCY,CDNS,SNPS,SBAC,RMD,MGM,ARE,REG,EG,ALGN,LIN,CPAY,MSCI,IPGP,BR,ROL,ANET,KEYS,LW,JKHY,TTWO,CE,HII,EVRG,CPRT,FTNT,FANG,NKTR,ATO,CDW,IEX,WRB,CTVA,FOXA,FOX,STE,NVR,ODFL,MKTX,TFX,ZBRA,LYV,WAB,NOW,AMCR,DOW,LVS,CARR,OTIS,PAYC,DXCM,VTRS,WST,BIO,DPZ,TYL,ETSY,IR,POOL,TSLA,TDY,VNT,EPAM,CZR,GNRC,NXPI,OGN,MTCH,CRL,TRMB,MRNA,SEDG,PENN,MPWR,ENPH,DAY,BRO,FDS,TECH,STLD,CEG,NDSN,ON,WBD,CPT,VICI,J,CSGP,INVH,ACGL,TRGP,MOH,AXON,PODD,UBER,BG,KVUE,LULU,BLDR,ABNB,HUBB,VLTO,BX,FICO,PANW,GEHC,TPL,SOLV,SMCI,LII,GDDY,DELL,APTV,LH,VST,ERIE,CRWD,SW,PLTR,TEL,APO,BLK,KKR,GEV,DECK,WDAY,APP,ARES,COIN,CRH,CVNA,DASH,DDOG,EME,EXE,FISV,FIX,HOOD,IBKR,MRSH,PSKY,SNDK,TKO,TTD,WSM,XYZ
1977-01-01,,,,,,,,,,,,,,,,,,,,,,,,,,,,,,,,,,,,,,,,,,,,,,,,,,,,,,,,,,,,,,,,,,,,,,,,,,,,,,,,,,,,,,,,,,,,,,,,,,,,,,,,,,,,,,,,,,,,,,,,,,,,,,,,,,,,,,,,,,,,,,,,,,,,,,,,,,,,,,,,,,,,,,,,,,,,,,,,,,,,,,,,,,,,,,,,,,,,,,,,,,,,,,1.075,,,,,,,,,,,,,,,,,,,,,,,,,,,,,,,,,,,,,,,,,,,,,,,,,,,,,,,,,,,,,,,,,,,,,,,,,,,,,,,,,,,,,,,,,,,,,,,,,,,,,,,,,,,,,,,,,,,,,,,,,,,,,,,,,,,,,,,,,,,,,,,,,,,,,,,,,,,,,
1977-02-01,,,,,,,,,,,,,,,,,,,,,,,,,,,,,,,,,,,,,,,,,,,,,,,,,,,,,,,,,,,,,,,,,,,,,,,,,,,,,,,,,,,,,,,,,,,,,,,,,,,,,,,,,,,,,,,,,,,,,,,,,,,,,,,,,,,,,,,,,,,,,,,,,,,,,,,,,,,,,,,,,,,,,,,,,,,,,,,,,,,,,,,,,,,,,,,,,,,,,,,,,,,,,,1.03471,,,,,,,,,,,,,,,,,,,,,,,,,,,,,,,,,,,,,,,,,,,,,,,,,,,,,,,,,,,,,,,,,,,,,,,,,,,,,,,,,,,,,,,,,,,,,,,,,,,,,,,,,,,,,,,,,,,,,,,,,,,,,,,,,,,,,,,,,,,,,,,,,,,,,,,,,,,,,
1977-03-01,,,,,,,,,,,,,,,,,,,,,,,,,,,,,,,,,,,,,,,,,,,,,,,,,,,,,,,,,,,,,,,,,,,,,,,,,,,,,,,,,,,,,,,,,,,,,,,,,,,,,,,,,,,,,,,,,,,,,,,,,,,,,,,,,,,,,,,,,,,,,,,,,,,,,,,,,,,,,,,,,,,,,,,,,,,,,,,,,,,,,,,,,,,,,,,,,,,,,,,,,,,,,,1.06287,,,,,,,,,,,,,,,,,,,,,,,,,,,,,,,,,,,,,,,,,,,,,,,,,,,,,,,,,,,,,,,,,,,,,,,,,,,,,,,,,,,,,,,,,,,,,,,,,,,,,,,,,,,,,,,,,,,,,,,,,,,,,,,,,,,,,,,,,,,,,,,,,,,,,,,,,,,,,
1977-04-01,,,,,,,,,,,,,,,,,,,,,,,,,,,,,,,,,,,,,,,,,,,,,,,,,,,,,,,,,,,,,,,,,,,,,,,,,,,,,,,,,,,,,,,,,,,,,,,,,,,,,,,,,,,,,,,,,,,,,,,,,,,,,,,,,,,,,,,,,,,,,,,,,,,,,,,,,,,,,,,,,,,,,,,,,,,,,,,,,,,,,,,,,,,,,,,,,,,,,,,,,,,,,,1.0509,,,,,,,,,,,,,,,,,,,,,,,,,,,,,,,,,,,,,,,,,,,,,,,,,,,,,,,,,,,,,,,,,,,,,,,,,,,,,,,,,,,,,,,,,,,,,,,,,,,,,,,,,,,,,,,,,,,,,,,,,,,,,,,,,,,,,,,,,,,,,,,,,,,,,,,,,,,,,
1977-05-01,,,,,,,,,,,,,,,,,,,,,,,,,,,,,,,,,,,,,,,,,,,,,,,,,,,,,,,,,,,,,,,,,,,,,,,,,,,,,,,,,,,,,,,,,,,,,,,,,,,,,,,,,,,,,,,,,,,,,,,,,,,,,,,,,,,,,,,,,,,,,,,,,,,,,,,,,,,,,,,,,,,,,,,,,,,,,,,,,,,,,,,,,,,,,,,,,,,,,,,,,,,,,,0.994387,,,,,,,,,,,,,,,,,,,,,,,,,,,,,,,,,,,,,,,,,,,,,,,,,,,,,,,,,,,,,,,,,,,,,,,,,,,,,,,,,,,,,,,,,,,,,,,,,,,,,,,,,,,,,,,,,,,,,,,,,,,,,,,,,,,,,,,,,,,,,,,,,,,,,,,,,,,,,
1977-06-01,,,,,,,,,,,,,,,,,,,,,,,,,,,,,,,,,,,,,,,,,,,,,,,,,,,,,,,,,,,,,,,,,,,,,,,,,,,,,,,,,,,,,,,,,,,,,,,,,,,,,,,,,,,,,,,,,,,,,,,,,,,,,,,,,,,,,,,,,,,,,,,,,,,,,,,,,,,,,,,,,,,,,,,,,,,,,,,,,,,,,,,,,,,,,,,,,,,,,,,,,,,,,,0.973977,,,,,,,,,,,,,,,,,,,,,,,,,,,,,,,,,,,,,,,,,,,,,,,,,,,,,,,,,,,,,,,,,,,,,,,,,,,,,,,,,,,,,,,,,,,,,,,,,,,,,,,,,,,,,,,,,,,,,,,,,,,,,,,,,,,,,,,,,,,,,,,,,,,,,,,,,,,,,
1977-07-01,,,,,,,,,,,,,,,,,,,,,,,,,,,,,,,,,,,,,,,,,,,,,,,,,,,,,,,,,,,,,,,,,,,,,,,,,,,,,,,,,,,,,,,,,,,,,,,,,,,,,,,,,,,,,,,,,,,,,,,,,,,,,,,,,,,,,,,,,,,,,,,,,,,,,,,,,,,,,,,,,,,,,,,,,,,,,,,,,,,,,,,,,,,,,,,,,,,,,,,,,,,,,,0.897364,,,,,,,,,,,,,,,,,,,,,,,,,,,,,,,,,,,,,,,,,,,,,,,,,,,,,,,,,,,,,,,,,,,,,,,,,,,,,,,,,,,,,,,,,,,,,,,,,,,,,,,,,,,,,,,,,,,,,,,,,,,,,,,,,,,,,,,,,,,,,,,,,,,,,,,,,,,,,
1977-08-01,,,,,,,,,,,,,,,,,,,,,,,,,,,,,,,,,,,,,,,,,,,,,,,,,,,,,,,,,,,,,,,,,,,,,,,,,,,,,,,,,,,,,,,,,,,,,,,,,,,,,,,,,,,,,,,,,,,,,,,,,,,,,,,,,,,,,,,,,,,,,,,,,,,,,,,,,,,,,,,,,,,,,,,,,,,,,,,,,,,,,,,,,,,,,,,,,,,,,,,,,,,,,,0.881149,,,,,,,,,,,,,,,,,,,,,,,,,,,,,,,,,,,,,,,,,,,,,,,,,,,,,,,,,,,,,,,,,,,,,,,,,,,,,,,,,,,,,,,,,,,,,,,,,,,,,,,,,,,,,,,,,,,,,,,,,,,,,,,,,,,,,,,,,,,,,,,,,,,,,,,,,,,,,
1977-09-01,,,,,,,,,,,,,,,,,,,,,,,,,,,,,,,,,,,,,,,,,,,,,,,,,,,,,,,,,,,,,,,,,,,,,,,,,,,,,,,,,,,,,,,,,,,,,,,,,,,,,,,,,,,,,,,,,,,,,,,,,,,,,,,,,,,,,,,,,,,,,,,,,,,,,,,,,,,,,,,,,,,,,,,,,,,,,,,,,,,,,,,,,,,,,,,,,,,,,,,,,,,,,,0.897364,,,,,,,,,,,,,,,,,,,,,,,,,,,,,,,,,,,,,,,,,,,,,,,,,,,,,,,,,,,,,,,,,,,,,,,,,,,,,,,,,,,,,,,,,,,,,,,,,,,,,,,,,,,,,,,,,,,,,,,,,,,,,,,,,,,,,,,,,,,,,,,,,,,,,,,,,,,,,
1977-10-01,,,,,,,,,,,,,,,,,,,,,,,,,,,,,,,,,,,,,,,,,,,,,,,,,,,,,,,,,,,,,,,,,,,,,,,,,,,,,,,,,,,,,,,,,,,,,,,,,,,,,,,,,,,,,,,,,,,,,,,,,,,,,,,,,,,,,,,,,,,,,,,,,,,,,,,,,,,,,,,,,,,,,,,,,,,,,,,,,,,,,,,,,,,,,,,,,,,,,,,,,,,,,,0.832496,,,,,,,,,,,,,,,,,,,,,,,,,,,,,,,,,,,,,,,,,,,,,,,,,,,,,,,,,,,,,,,,,,,,,,,,,,,,,,,,,,,,,,,,,,,,,,,,,,,,,,,,,,,,,,,,,,,,,,,,,,,,,,,,,,,,,,,,,,,,,,,,,,,,,,,,,,,,,
1977-11-01,,,,,,,,,,,,,,,,,,,,,,,,,,,,,,,,,,,,,,,,,,,,,,,,,,,,,,,,,,,,,,,,,,,,,,,,,,,,,,,,,,,,,,,,,,,,,,,,,,,,,,,,,,,,,,,,,,,,,,,,,,,,,,,,,,,,,,,,,,,,,,,,,,,,,,,,,,,,,,,,,,,,,,,,,,,,,,,,,,,,,,,,,,,,,,,,,,,,,,,,,,,,,,0.775971,,,,,,,,,,,,,,,,,,,,,,,,,,,,,,,,,,,,,,,,,,,,,,,,,,,,,,,,,,,,,,,,,,,,,,,,,,,,,,,,,,,,,,,,,,,,,,,,,,,,,,,,,,,,,,,,,,,,,,,,,,,,,,,,,,,,,,,,,,,,,,,,,,,,,,,,,,,,,
1977-12-01,,,,,,,,,,,,,,,,,,,,,,,,,,,,,,,,,,,,,,,,,,,,,,,,,,,,,,,,,,,,,,,,,,,,,,,,,,,,,,,,,,,,,,,,,,,,,,,,,,,,,,,,,,,,,,,,,,,,,,,,,,,,,,,,,,,,,,,,,,,,,,,,,,,,,,,,,,,,,,,,,,,,,,,,,,,,,,,,,,,,,,,,,,,,,,,,,,,,,,,,,,,,,,0.780023,,,,,,,,,,,,,,,,,,,,,,,,,,,,,,,,,,,,,,,,,,,,,,,,,,,,,,,,,,,,,,,,,,,,,,,,,,,,,,,,,,,,,,,,,,,,,,,,,,,,,,,,,,,,,,,,,,,,,,,,,,,,,,,,,,,,,,,,,,,,,,,,,,,,,,,,,,,,,
1978-01-01,,,,,,,,,,,,,,,,,,,,,,,,,,,,,,,,,,,,,,,,,,,,,,,,,,,,,,,,,,,,,,,,,,,,,,,,,,,,,,,,,,,,,,,,,,,,,,,,,,,,,,,,,,,,,,,,,,,,,,,,,,,,,,,,,,,,,,,,,,,,,,,,,,,,,,,,,,,,,,,,,,,,,,,,,,,,,,,,,,,,,,,,,,,,,,,,,,,,,,,,,,,,,,0.743729,,,,,,,,,,,,,,,,,,,,,,,,,,,,,,,,,,,,,,,,,,,,,,,,,,,,,,,,,,,,,,,,,,,,,,,,,,,,,,,,,,,,,,,,,,,,,,,,,,,,,,,,,,,,,,,,,,,,,,,,,,,,,,,,,,,,,,,,,,,,,,,,,,,,,,,,,,,,,
1978-02-01,,,,,,,,,,,,,,,,,,,,,,,,,,,,,,,,,,,,,,,,,,,,,,,,,,,,,,,,,,,,,,,,,,,,,,,,,,,,,,,,,,,,,,,,,,,,,,,,,,,,,,,,,,,,,,,,,,,,,,,,,,,,,,,,,,,,,,,,,,,,,,,,,,,,,,,,,,,,,,,,,,,,,,,,,,,,,,,,,,,,,,,,,,,,,,,,,,,,,,,,,,,,,,0.654769,,,,,,,,,,,,,,,,,,,,,,,,,,,,,,,,,,,,,,,,,,,,,,,,,,,,,,,,,,,,,,,,,,,,,,,,,,,,,,,,,,,,,,,,,,,,,,,,,,,,,,,,,,,,,,,,,,,,,,,,,,,,,,,,,,,,,,,,,,,,,,,,,,,,,,,,,,,,,
1978-03-01,,,,,,,,,,,,,,,,,,,,,,,,,,,,,,,,,,,,,,,,,,,,,,,,,,,,,,,,,,,,,,,,,,,,,,,,,,,,,,,,,,,,,,,,,,,,,,,,,,,,,,,,,,,,,,,,,,,,,,,,,,,,,,,,,,,,,,,,,,,,,,,,,,,,,,,,,,,,,,,,,,,,,,,,,,,,,,,,,,,,,,,,,,,,,,,,,,,,,,,,,,,,,,0.6911,,,,,,,,,,,,,,,,,,,,,,,,,,,,,,,,,,,,,,,,,,,,,,,,,,,,,,,,,,,,,,,,,,,,,,,,,,,,,,,,,,,,,,,,,,,,,,,,,,,,,,,,,,,,,,,,,,,,,,,,,,,,,,,,,,,,,,,,,,,,,,,,,,,,,,,,,,,,,
1978-04-01,,,,,,,,,,,,,,,,,,,,,,,,,,,,,,,,,,,,,,,,,,,,,,,,,,,,,,,,,,,,,,,,,,,,,,,,,,,,,,,,,,,,,,,,,,,,,,,,,,,,,,,,,,,,,,,,,,,,,,,,,,,,,,,,,,,,,,,,,,,,,,,,,,,,,,,,,,,,,,,,,,,,,,,,,,,,,,,,,,,,,,,,,,,,,,,,,,,,,,,,,,,,,,0.792381,,,,,,,,,,,,,,,,,,,,,,,,,,,,,,,,,,,,,,,,,,,,,,,,,,,,,,,,,,,,,,,,,,,,,,,,,,,,,,,,,,,,,,,,,,,,,,,,,,,,,,,,,,,,,,,,,,,,,,,,,,,,,,,,,,,,,,,,,,,,,,,,,,,,,,,,,,,,,
1978-05-01,,,,,,,,,,,,,,,,,,,,,,,,,,,,,,,,,,,,,,,,,,,,,,,,,,,,,,,,,,,,,,,,,,,,,,,,,,,,,,,,,,,,,,,,,,,,,,,,,,,,,,,,,,,,,,,,,,,,,,,,,,,,,,,,,,,,,,,,,,,,,,,,,,,,,,,,,,,,,,,,,,,,,,,,,,,,,,,,,,,,,,,,,,,,,,,,,,,,,,,,,,,,,,0.755774,,,,,,,,,,,,,,,,,,,,,,,,,,,,,,,,,,,,,,,,,,,,,,,,,,,,,,,,,,,,,,,,,,,,,,,,,,,,,,,,,,,,,,,,,,,,,,,,,,,,,,,,,,,,,,,,,,,,,,,,,,,,,,,,,,,,,,,,,,,,,,,,,,,,,,,,,,,,,
1978-06-01,,,,,,,,,,,,,,,,,,,,,,,,,,,,,,,,,,,,,,,,,,,,,,,,,,,,,,,,,,,,,,,,,,,,,,,,,,,,,,,,,,,,,,,,,,,,,,,,,,,,,,,,,,,,,,,,,,,,,,,,,,,,,,,,,,,,,,,,,,,,,,,,,,,,,,,,,,,,,,,,,,,,,,,,,,,,,,,,,,,,,,,,,,,,,,,,,,,,,,,,,,,,,,0.735699,,,,,,,,,,,,,,,,,,,,,,,,,,,,,,,,,,,,,,,,,,,,,,,,,,,,,,,,,,,,,,,,,,,,,,,,,,,,,,,,,,,,,,,,,,,,,,,,,,,,,,,,,,,,,,,,,,,,,,,,,,,,,,,,,,,,,,,,,,,,,,,,,,,,,,,,,,,,,
1978-07-01,,,,,,,,,,,,,,,,,,,,,,,,,,,,,,,,,,,,,,,,,,,,,,,,,,,,,,,,,,,,,,,,,,,,,,,,,,,,,,,,,,,,,,,,,,,,,,,,,,,,,,,,,,,,,,,,,,,,,,,,,,,,,,,,,,,,,,,,,,,,,,,,,,,,,,,,,,,,,,,,,,,,,,,,,,,,,,,,,,,,,,,,,,,,,,,,,,,,,,,,,,,,,,0.788174,,,,,,,,,,,,,,,,,,,,,,,,,,,,,,,,,,,,,,,,,,,,,,,,,,,,,,,,,,,,,,,,,,,,,,,,,,,,,,,,,,,,,,,,,,,,,,,,,,,,,,,,,,,,,,,,,,,,,,,,,,,,,,,,,,,,,,,,,,,,,,,,,,,,,,,,,,,,,
1978-08-01,,,,,,,,,,,,,,,,,,,,,,,,,,,,,,,,,,,,,,,,,,,,,,,,,,,,,,,,,,,,,,,,,,,,,,,,,,,,,,,,,,,,,,,,,,,,,,,,,,,,,,,,,,,,,,,,,,,,,,,,,,,,,,,,,,,,,,,,,,,,,,,,,,,,,,,,,,,,,,,,,,,,,,,,,,,,,,,,,,,,,,,,,,,,,,,,,,,,,,,,,,,,,,0.820608,,,,,,,,,,,,,,,,,,,,,,,,,,,,,,,,,,,,,,,,,,,,,,,,,,,,,,,,,,,,,,,,,,,,,,,,,,,,,,,,,,,,,,,,,,,,,,,,,,,,,,,,,,,,,,,,,,,,,,,,,,,,,,,,,,,,,,,,,,,,,,,,,,,,,,,,,,,,,
1978-09-01,,,,,,,,,,,,,,,,,,,,,,,,,,,,,,,,,,,,,,,,,,,,,,,,,,,,,,,,,,,,,,,,,,,,,,,,,,,,,,,,,,,,,,,,,,,,,,,,,,,,,,,,,,,,,,,,,,,,,,,,,,,,,,,,,,,,,,,,,,,,,,,,,,,,,,,,,,,,,,,,,,,,,,,,,,,,,,,,,,,,,,,,,,,,,,,,,,,,,,,,,,,,,,0.852883,,,,,,,,,,,,,,,,,,,,,,,,,,,,,,,,,,,,,,,,,,,,,,,,,,,,,,,,,,,,,,,,,,,,,,,,,,,,,,,,,,,,,,,,,,,,,,,,,,,,,,,,,,,,,,,,,,,,,,,,,,,,,,,,,,,,,,,,,,,,,,,,,,,,,,,,,,,,,
1978-10-01,,,,,,,,,,,,,,,,,,,,,,,,,,,,,,,,,,,,,,,,,,,,,,,,,,,,,,,,,,,,,,,,,,,,,,,,,,,,,,,,,,,,,,,,,,,,,,,,,,,,,,,,,,,,,,,,,,,,,,,,,,,,,,,,,,,,,,,,,,,,,,,,,,,,,,,,,,,,,,,,,,,,,,,,,,,,,,,,,,,,,,,,,,,,,,,,,,,,,,,,,,,,,,0.788174,,,,,,,,,,,,,,,,,,,,,,,,,,,,,,,,,,,,,,,,,,,,,,,,,,,,,,,,,,,,,,,,,,,,,,,,,,,,,,,,,,,,,,,,,,,,,,,,,,,,,,,,,,,,,,,,,,,,,,,,,,,,,,,,,,,,,,,,,,,,,,,,,,,,,,,,,,,,,
1978-11-01,,,,,,,,,,,,,,,,,,,,,,,,,,,,,,,,,,,,,,,,,,,,,,,,,,,,,,,,,,,,,,,,,,,,,,,,,,,,,,,,,,,,,,,,,,,,,,,,,,,,,,,,,,,,,,,,,,,,,,,,,,,,,,,,,,,,,,,,,,,,,,,,,,,,,,,,,,,,,,,,,,,,,,,,,,,,,,,,,,,,,,,,,,,,,,,,,,,,,,,,,,,,,,0.792381,,,,,,,,,,,,,,,,,,,,,,,,,,,,,,,,,,,,,,,,,,,,,,,,,,,,,,,,,,,,,,,,,,,,,,,,,,,,,,,,,,,,,,,,,,,,,,,,,,,,,,,,,,,,,,,,,,,,,,,,,,,,,,,,,,,,,,,,,,,,,,,,,,,,,,,,,,,,,
1978-12-01,,,,,,,,,,,,,,,,,,,,,,,,,,,,,,,,,,,,,,,,,,,,,,,,,,,,,,,,,,,,,,,,,,,,,,,,,,,,,,,,,,,,,,,,,,,,,,,,,,,,,,,,,,,,,,,,,,,,,,,,,,,,,,,,,,,,,,,,,,,,,,,,,,,,,,,,,,,,,,,,,,,,,,,,,,,,,,,,,,,,,,,,,,,,,,,,,,,,,,,,,,,,,,0.763762,,,,,,,,,,,,,,,,,,,,,,,,,,,,,,,,,,,,,,,,,,,,,,,,,,,,,,,,,,,,,,,,,,,,,,,,,,,,,,,,,,,,,,,,,,,,,,,,,,,,,,,,,,,,,,,,,,,,,,,,,,,,,,,,,,,,,,,,,,,,,,,,,,,,,,,,,,,,,
1979-01-01,,,,,,,,,,,,,,,,,,,,,,,,,,,,,,,,,,,,,,,,,,,,,,,,,,,,,,,,,,,,,,,,,,,,,,,,,,,,,,,,,,,,,,,,,,,,,,,,,,,,,,,,,,,,,,,,,,,,,,,,,,,,,,,,,,,,,,,,,,,,,,,,,,,,,,,,,,,,,,,,,,,,,,,,,,,,,,,,,,,,,,,,,,,,,,,,,,,,,,,,,,,,,,0.816477,,,,,,,,,,,,,,,,,,,,,,,,,,,,,,,,,,,,,,,,,,,,,,,,,,,,,,,,,,,,,,,,,,,,,,,,,,,,,,,,,,,,,,,,,,,,,,,,,,,,,,,,,,,,,,,,,,,,,,,,,,,,,,,,,,,,,,,,,,,,,,,,,,,,,,,,,,,,,
1979-02-01,,,,,,,,,,,,,,,,,,,,,,,,,,,,,,,,,,,,,,,,,,,,,,,,,,,,,,,,,,,,,,,,,,,,,,,,,,,,,,,,,,,,,,,,,,,,,,,,,,,,,,,,,,,,,,,,,,,,,,,,,,,,,,,,,,,,,,,,,,,,,,,,,,,,,,,,,,,,,,,,,,,,,,,,,,,,,,,,,,,,,,,,,,,,,,,,,,,,,,,,,,,,,,0.780023,,,,,,,,,,,,,,,,,,,,,,,,,,,,,,,,,,,,,,,,,,,,,,,,,,,,,,,,,,,,,,,,,,,,,,,,,,,,,,,,,,,,,,,,,,,,,,,,,,,,,,,,,,,,,,,,,,,,,,,,,,,,,,,,,,,,,,,,,,,,,,,,,,,,,,,,,,,,,
1979-03-01,,,,,,,,,,,,,,,,,,,,,,,,,,,,,,,,,,,,,,,,,,,,,,,,,,,,,,,,,,,,,,,,,,,,,,,,,,,,,,,,,,,,,,,,,,,,,,,,,,,,,,,,,,,,,,,,,,,,,,,,,,,,,,,,,,,,,,,,,,,,,,,,,,,,,,,,,,,,,,,,,,,,,,,,,,,,,,,,,,,,,,,,,,,,,,,,,,,,,,,,,,,,,,0.868941,,,,,,,,,,,,,,,,,,,,,,,,,,,,,,,,,,,,,,,,,,,,,,,,,,,,,,,,,,,,,,,,,,,,,,,,,,,,,,,,,,,,,,,,,,,,,,,,,,,,,,,,,,,,,,,,,,,,,,,,,,,,,,,,,,,,,,,,,,,,,,,,,,,,,,,,,,,,,
1979-04-01,,,,,,,,,,,,,,,,,,,,,,,,,,,,,,,,,,,,,,,,,,,,,,,,,,,,,,,,,,,,,,,,,,,,,,,,,,,,,,,,,,,,,,,,,,,,,,,,,,,,,,,,,,,,,,,,,,,,,,,,,,,,,,,,,,,,,,,,,,,,,,,,,,,,,,,,,,,,,,,,,,,,,,,,,,,,,,,,,,,,,,,,,,,,,,,,,,,,,,,,,,,,,,0.808367,,,,,,,,,,,,,,,,,,,,,,,,,,,,,,,,,,,,,,,,,,,,,,,,,,,,,,,,,,,,,,,,,,,,,,,,,,,,,,,,,,,,,,,,,,,,,,,,,,,,,,,,,,,,,,,,,,,,,,,,,,,,,,,,,,,,,,,,,,,,,,,,,,,,,,,,,,,,,
1979-05-01,,,,,,,,,,,,,,,,,,,,,,,,,,,,,,,,,,,,,,,,,,,,,,,,,,,,,,,,,,,,,,,,,,,,,,,,,,,,,,,,,,,,,,,,,,,,,,,,,,,,,,,,,,,,,,,,,,,,,,,,,,,,,,,,,,,,,,,,,,,,,,,,,,,,,,,,,,,,,,,,,,,,,,,,,,,,,,,,,,,,,,,,,,,,,,,,,,,,,,,,,,,,,,0.792381,,,,,,,,,,,,,,,,,,,,,,,,,,,,,,,,,,,,,,,,,,,,,,,,,,,,,,,,,,,,,,,,,,,,,,,,,,,,,,,,,,,,,,,,,,,,,,,,,,,,,,,,,,,,,,,,,,,,,,,,,,,,,,,,,,,,,,,,,,,,,,,,,,,,,,,,,,,,,
1979-06-01,,,,,,,,,,,,,,,,,,,,,,,,,,,,,,,,,,,,,,,,,,,,,,,,,,,,,,,,,,,,,,,,,,,,,,,,,,,,,,,,,,,,,,,,,,,,,,,,,,,,,,,,,,,,,,,,,,,,,,,,,,,,,,,,,,,,,,,,,,,,,,,,,,,,,,,,,,,,,,,,,,,,,,,,,,,,,,,,,,,,,,,,,,,,,,,,,,,,,,,,,,,,,,0.812382,,,,,,,,,,,,,,,,,,,,,,,,,,,,,,,,,,,,,,,,,,,,,,,,,,,,,,,,,,,,,,,,,,,,,,,,,,,,,,,,,,,,,,,,,,,,,,,,,,,,,,,,,,,,,,,,,,,,,,,,,,,,,,,,,,,,,,,,,,,,,,,,,,,,,,,,,,,,,
1979-07-01,,,,,,,,,,,,,,,,,,,,,,,,,,,,,,,,,,,,,,,,,,,,,,,,,,,,,,,,,,,,,,,,,,,,,,,,,,,,,,,,,,,,,,,,,,,,,,,,,,,,,,,,,,,,,,,,,,,,,,,,,,,,,,,,,,,,,,,,,,,,,,,,,,,,,,,,,,,,,,,,,,,,,,,,,,,,,,,,,,,,,,,,,,,,,,,,,,,,,,,,,,,,,,0.881149,,,,,,,,,,,,,,,,,,,,,,,,,,,,,,,,,,,,,,,,,,,,,,,,,,,,,,,,,,,,,,,,,,,,,,,,,,,,,,,,,,,,,,,,,,,,,,,,,,,,,,,,,,,,,,,,,,,,,,,,,,,,,,,,,,,,,,,,,,,,,,,,,,,,,,,,,,,,,
1979-08-01,,,,,,,,,,,,,,,,,,,,,,,,,,,,,,,,,,,,,,,,,,,,,,,,,,,,,,,,,,,,,,,,,,,,,,,,,,,,,,,,,,,,,,,,,,,,,,,,,,,,,,,,,,,,,,,,,,,,,,,,,,,,,,,,,,,,,,,,,,,,,,,,,,,,,,,,,,,,,,,,,,,,,,,,,,,,,,,,,,,,,,,,,,,,,,,,,,,,,,,,,,,,,,0.96211,,,,,,,,,,,,,,,,,,,,,,,,,,,,,,,,,,,,,,,,,,,,,,,,,,,,,,,,,,,,,,,,,,,,,,,,,,,,,,,,,,,,,,,,,,,,,,,,,,,,,,,,,,,,,,,,,,,,,,,,,,,,,,,,,,,,,,,,,,,,,,,,,,,,,,,,,,,,,
1979-09-01,,,,,,,,,,,,,,,,,,,,,,,,,,,,,,,,,,,,,,,,,,,,,,,,,,,,,,,,,,,,,,,,,,,,,,,,,,,,,,,,,,,,,,,,,,,,,,,,,,,,,,,,,,,,,,,,,,,,,,,,,,,,,,,,,,,,,,,,,,,,,,,,,,,,,,,,,,,,,,,,,,,,,,,,,,,,,,,,,,,,,,,,,,,,,,,,,,,,,,,,,,,,,,1.03877,,,,,,,,,,,,,,,,,,,,,,,,,,,,,,,,,,,,,,,,,,,,,,,,,,,,,,,,,,,,,,,,,,,,,,,,,,,,,,,,,,,,,,,,,,,,,,,,,,,,,,,,,,,,,,,,,,,,,,,,,,,,,,,,,,,,,,,,,,,,,,,,,,,,,,,,,,,,,
1979-10-01,,,,,,,,,,,,,,,,,,,,,,,,,,,,,,,,,,,,,,,,,,,,,,,,,,,,,,,,,,,,,,,,,,,,,,,,,,,,,,,,,,,,,,,,,,,,,,,,,,,,,,,,,,,,,,,,,,,,,,,,,,,,,,,,,,,,,,,,,,,,,,,,,,,,,,,,,,,,,,,,,,,,,,,,,,,,,,,,,,,,,,,,,,,,,,,,,,,,,,,,,,,,,,0.945859,,,,,,,,,,,,,,,,,,,,,,,,,,,,,,,,,,,,,,,,,,,,,,,,,,,,,,,,,,,,,,,,,,,,,,,,,,,,,,,,,,,,,,,,,,,,,,,,,,,,,,,,,,,,,,,,,,,,,,,,,,,,,,,,,,,,,,,,,,,,,,,,,,,,,,,,,,,,,
1979-11-01,,,,,,,,,,,,,,,,,,,,,,,,,,,,,,,,,,,,,,,,,,,,,,,,,,,,,,,,,,,,,,,,,,,,,,,,,,,,,,,,,,,,,,,,,,,,,,,,,,,,,,,,,,,,,,,,,,,,,,,,,,,,,,,,,,,,,,,,,,,,,,,,,,,,,,,,,,,,,,,,,,,,,,,,,,,,,,,,,,,,,,,,,,,,,,,,,,,,,,,,,,,,,,1.01853,,,,,,,,,,,,,,,,,,,,,,,,,,,,,,,,,,,,,,,,,,,,,,,,,,,,,,,,,,,,,,,,,,,,,,,,,,,,,,,,,,,,,,,,,,,,,,,,,,,,,,,,,,,,,,,,,,,,,,,,,,,,,,,,,,,,,,,,,,,,,,,,,,,,,,,,,,,,,
1979-12-01,,,,,,,,,,,,,,,,,,,,,,,,,,,,,,,,,,,,,,,,,,,,,,,,,,,,,,,,,,,,,,,,,,,,,,,,,,,,,,,,,,,,,,,,,,,,,,,,,,,,,,,,,,,,,,,,,,,,,,,,,,,,,,,,,,,,,,,,,,,,,,,,,,,,,,,,,,,,,,,,,,,,,,,,,,,,,,,,,,,,,,,,,,,,,,,,,,,,,,,,,,,,,,1.03471,,,,,,,,,,,,,,,,,,,,,,,,,,,,,,,,,,,,,,,,,,,,,,,,,,,,,,,,,,,,,,,,,,,,,,,,,,,,,,,,,,,,,,,,,,,,,,,,,,,,,,,,,,,,,,,,,,,,,,,,,,,,,,,,,,,,,,,,,,,,,,,,,,,,,,,,,,,,,
1980-01-01,,,,,,,,,,,,,,,,,,,,,,,,,,,,,,,,,,,,,,,,,,,,,,,,,,,,,,,,,,,,,,,,,,,,,,,,,,,,,,,,,,,,,,,,,,,,,,,,,,,,,,,,,,,,,,,,,,,,,,,,,,,,,,,,,,,,,,,,,,,1124.46,,,,,,,,,,,,,,,,,,,,,,,,,,,,,,,,,,,,,,,,,,,,,,,,,,,,,,,,,,,,,,,,,,,1.0993,,,,,,,,,,,,,,,,,,,,,,,,,,,,,,,,,,,,,,,,,,,,,,,,,,,,,,,,,,,,,,,,,,,,,,,,,,,,,,,,,,,,,,,,,,,,,,,,,,,,,,,,,,,,,,,,,,,,,,,,,,,,,,,,,,,,,,,,,,,,,,,,,,,,,,,,,,,,,
1980-02-01,,,,,,,,,,,,,,,,,,,,,,,,,,,,,,,,,,,,,,,,,,,,,,,,,,,,,,,,,,,,,,,,,,,,,,,,,,,,,,,,,,,,,,,,,,,,,,,,,,,,,,,,,,,,,,,,,,,,,,,,,,,,,,,,,,,,,,,,,,,1018.74,,,,,,,,,,,,,,,,,,,,,,,,,,,,,,,,,,,,,,,,,,,,,,,,,,,,,,,,,,,,,,,,,,,1.12749,,,,,,,,,,,,,,,,,,,,,,,,,,,,,,,,,,,,,,,,,,,,,,,,,,,,,,,,,,,,,,,,,,,,,,,,,,,,,,,,,,,,,,,,,,,,,,,,,,,,,,,,,,,,,,,,,,,,,,,,,,,,,,,,,,,,,,,,,,,,,,,,,,,,,,,,,,,,,
1980-03-01,,,,,,,,,,,,,,,,,,,,,,,,,,,,,,,,,,,,,,,,,,,,,,,,,,,,,,,,,,,,,,,,,,,,,,,,,,,,,,,,,,,,,,,,,,,,,,,,,,,,,,,,,,,,,,,,,,,,,,,,,,,,,,,,,,,,,,,,,,,987.62,,,,,,,,,,,,,,,,,,,,,,,,,,,,,,,,,,,,,,,,,,,,,,,,,,,,,,,,,,,,,,,,,,,1.01853,,,,,,,,,,,,,,,,,,,,,,,,,,,,,,,,,,,,,,,,,,,,,,,,,,,,,,,,,,,,,,,,,,,,,,,,,,,,,,,,,,,,,,,,,,,,,,,,,,,,,,,,,,,,,,,,,,,,,,,,,,,,,,,,,,,,,,,,,,,,,,,,,,,,,,,,,,,,,
1980-04-01,,,,,,,,,,,,,,,,,,,,,,,,,,,,,,,,,,,,,,,,,,,,,,,,,,,,,,,,,,,,,,,,,,,,,,,,,,,,,,,,,,,,,,,,,,,,,,,,,,,,,,,,,,,,,,,,,,,,,,,,,,,,,,,,,,,,,,,,,,,968.97,,,,,,,,,,,,,,,,,,,,,,,,,,,,,,,,,,,,,,,,,,,,,,,,,,,,,,,,,,,,,,,,,,,1.05903,,,,,,,,,,,,,,,,,,,,,,,,,,,,,,,,,,,,,,,,,,,,,,,,,,,,,,,,,,,,,,,,,,,,,,,,,,,,,,,,,,,,,,,,,,,,,,,,,,,,,,,,,,,,,,,,,,,,,,,,,,,,,,,,,,,,,,,,,,,,,,,,,,,,,,,,,,,,,
1980-05-01,,,,,,,,,,,,,,,,,,,,,,,,,,,,,,,,,,,,,,,,,,,,,,,,,,,,,,,,,,,,,,,,,,,,,,,,,,,,,,,,,,,,,,,,,,,,,,,,,,,,,,,,,,,,,,,,,,,,,,,,,,,,,,,,,,,,,,,,,,,1110.48,,,,,,,,,,,,,,,,,,,,,,,,,,,,,,,,,,,,,,,,,,,,,,,,,,,,,,,,,,,,,,,,,,,1.11539,,,,,,,,,,,,,,,,,,,,,,,,,,,,,,,,,,,,,,,,,,,,,,,,,,,,,,,,,,,,,,,,,,,,,,,,,,,,,,,,,,,,,,,,,,,,,,,,,,,,,,,,,,,,,,,,,,,,,,,,,,,,,,,,,,,,,,,,,,,,,,,,,,,,,,,,,,,,,
1980-06-01,,,,,,,,,,,,,,,,,,,,,,,,,,,,,,,,,,,,,,,,,,,,,,,,,,,,,,,,,,,,,,,,,,,,,,,,,,,,,,,,,,,,,,,,,,,,,,,,,,,,,,,,,,,,,,,,,,,,,,,,,,,,,,,,,,,,,,,,,,,1121.36,,,,,,,,,,,,,,,,,,,,,,,,,,,,,,,,,,,,,,,,,,,,,,,,,,,,,,,,,,,,,,,,,,,1.11145,,,,,,,,,,,,,,,,,,,,,,,,,,,,,,,,,,,,,,,,,,,,,,,,,,,,,,,,,,,,,,,,,,,,,,,,,,,,,,,,,,,,,,,,,,,,,,,,,,,,,,,,,,,,,,,,,,,,,,,,,,,,,,,,,,,,,,,,,,,,,,,,,,,,,,,,,,,,,
1980-07-01,,,,,,,,,,,,,,,,,,,,,,,,,,,,,,,,,,,,,,,,,,,,,,,,,,,,,,,,,,,,,,,,,,,,,,,,,,,,,,,,,,,,,,,,,,,,,,,,,,,,,,,,,,,,,,,,,,,,,,,,,,,,,,,,,,,,,,,,,,,1438.67,,,,,,,,,,,,,,,,,,,,,,,,,,,,,,,,,,,,,,,,,,,,,,,,,,,,,,,,,,,,,,,,,,,1.20456,,,,,,,,,,,,,,,,,,,,,,,,,,,,,,,,,,,,,,,,,,,,,,,,,,,,,,,,,,,,,,,,,,,,,,,,,,,,,,,,,,,,,,,,,,,,,,,,,,,,,,,,,,,,,,,,,,,,,,,,,,,,,,,,,,,,,,,,,,,,,,,,,,,,,,,,,,,,,
1980-08-01,,,,,,,,,,,,,,,,,,,,,,,,,,,,,,,,,,,,,,,,,,,,,,,,,,,,,,,,,,,,,,,,,,,,,,,,,,,,,,,,,,,,,,,,,,,,,,,,,,,,,,,,,,,,,,,,,,,,,,,,,,,,,,,,,,,,,,,,,,,1357.79,,,,,,,,,,,,,,,,,,,,,,,,,,,,,,,,,,,,,,,,,,,,,,,,,,,,,,,,,,,,,,,,,,,1.1519,,,,,,,,,,,,,,,,,,,,,,,,,,,,,,,,,,,,,,,,,,,,,,,,,,,,,,,,,,,,,,,,,,,,,,,,,,,,,,,,,,,,,,,,,,,,,,,,,,,,,,,,,,,,,,,,,,,,,,,,,,,,,,,,,,,,,,,,,,,,,,,,,,,,,,,,,,,,,
1980-09-01,,,,,,,,,,,,,,,,,,,,,,,,,,,,,,,,,,,,,,,,,,,,,,,,,,,,,,,,,,,,,,,,,,,,,,,,,,,,,,,,,,,,,,,,,,,,,,,,,,,,,,,,,,,,,,,,,,,,,,,,,,,,,,,,,,,,,,,,,,,1286.25,,,,,,,,,,,,,,,,,,,,,,,,,,,,,,,,,,,,,,,,,,,,,,,,,,,,,,,,,,,,,,,,,,,1.14383,,,,,,,,,,,,,,,,,,,,,,,,,,,,,,,,,,,,,,,,,,,,,,,,,,,,,,,,,,,,,,,,,,,,,,,,,,,,,,,,,,,,,,,,,,,,,,,,,,,,,,,,,,,,,,,,,,,,,,,,,,,,,,,,,,,,,,,,,,,,,,,,,,,,,,,,,,,,,
1980-10-01,,,,,,,,,,,,,,,,,,,,,,,,,,,,,,,,,,,,,,,,,,,,,,,,,,,,,,,,,,,,,,,,,,,,,,,,,,,,,,,,,,,,,,,,,,,,,,,,,,,,,,,,,,,,,,,,,,,,,,,,,,,,,,,,,,,,,,,,,,,1343.79,,,,,,,,,,,,,,,,,,,,,,,,,,,,,,,,,,,,,,,,,,,,,,,,,,,,,,,,,,,,,,,,,,,1.08319,,,,,,,,,,,,,,,,,,,,,,,,,,,,,,,,,,,,,,,,,,,,,,,,,,,,,,,,,,,,,,,,,,,,,,,,,,,,,,,,,,,,,,,,,,,,,,,,,,,,,,,,,,,,,,,,,,,,,,,,,,,,,,,,,,,,,,,,,,,,,,,,,,,,,,,,,,,,,
1980-11-01,,,,,,,,,,,,,,,,,,,,,,,,,,,,,,,,,,,,,,,,,,,,,,,,,,,,,,,,,,,,,,,,,,,,,,,,,,,,,,,,,,,,,,,,,,,,,,,,,,,,,,,,,,,,,,,,,,,,,,,,,,,,,,,,,,,,,,,,,,,1640.85,,,,,,,,,,,,,,,,,,,,,,,,,,,,,,,,,,,,,,,,,,,,,,,,,,,,,,,,,,,,,,,,,,,1.1519,,,,,,,,,,,,,,,,,,,,,,,,,,,,,,,,,,,,,,,,,,,,,,,,,,,,,,,,,,,,,,,,,,,,,,,,,,,,,,,,,,,,,,,,,,,,,,,,,,,,,,,,,,,,,,,,,,,,,,,,,,,,,,,,,,,,,,,,,,,,,,,,,,,,,,,,,,,,,
1980-12-01,,,,,,,,,,,,,,,,,,,,,,,,,,,,,,,,,,,,,,,,,,,,,,,,,,,,,,,,,,,,,,,,,,,,,,,,,,,,,,,,,,,,,,,,,,,,,,,,,,,,,,,,,,,,,,,,,,,,,,,,,,,,,,,,,,,,,,,,,,,1706.14,,,,,,,,,,,,,,,,,,,,,,,,,,,,,,,,,,,,,,,,,,,,,,,,,,,,,,,,,,,,,,,,,,,1.08709,,,,,,,,,,,,,,,,,,,,,,,,,,,,,,,,,,,,,,,,,,,,,,,,,,,,,,,,,,,,,,,,,,,,,,,,,,,,,,,,,,,,,,,,,,,,,,,,,,,,,,,,,,,,,,,,,,,,,,,,,,,,,,,,,,,,,,,,,,,,,,,,,,,,,,,,,,,,,
1981-01-01,,,,,,,,,,,,,,,,,,,,,,,,,,,,,,,,,,,,,,,,,,,,,,,,,,,,,,,,,,,,,,,,,,,,,,,,,,,,,,,,,,,,,,,,,,,,,,,,,,,,,,,,,,,,,,,,,,,,,,,,,,,,,,,,,,,,,,,,,,,1897.46,,,,,,,,,,,,,,,,,,,,,,,,,,,,,,,,,,,,,,,,,,,,,,,,,,,,,,,,,,,,,,,,,,,1.15992,,,,,,,,,,,,,,,,,,,,,,,,,,,,,,,,,,,,,,,,,,,,,,,,,,,,,,,,,,,,,,,,,,,,,,,,,,,,,,,,,,,,,,,,,,,,,,,,,,,,,,,,,,,,,,,,,,,,,,,,,,,,,,,,,,,,,,,,,,,,,,,,,,,,,,,,,,,,,
1981-02-01,,,,,,,,,,,,,,,,,,,,,,,,,,,,,,,,,,,,,,,,,,,,,,,,,,,,,,,,,,,,,,,,,,,,,,,,,,,,,,,,,,,,,,,,,,,,,,,,,,,,,,,,,,,,,,,,,,,,,,,,,,,,,,,,,,,,,,,,,,,1956.59,,,,,,,,,,,,,,,,,,,,,,,,,,,,,,,,,,,,,,,,,,,,,,,,,,,,,,,,,,,,,,,,,,,1.24898,,,,,,,,,,,,,,,,,,,,,,,,,,,,,,,,,,,,,,,,,,,,,,,,,,,,,,,,,,,,,,,,,,,,,,,,,,,,,,,,,,,,,,,,,,,,,,,,,,,,,,,,,,,,,,,,,,,,,,,,,,,,,,,,,,,,,,,,,,,,,,,,,,,,,,,,,,,,,
1981-03-01,,,,,,,,,,,,,,,,,,,,,,,,,,,,,,,,,,,,,,,,,,,,,,,,,,,,,,,,,,,,,,,,,,,,,,,,,,,,,,,,,,,,,,,,,,,,,,,,,,,,,,,,,,,,,,,,,,,,,,,,,,,,,,,,,,,,,,,,,,,2003.24,,,,,,,,,,,,,,,,,,,,,,,,,,,,,,,,,,,,,,,,,,,,,,,,,,,,,,,,,,,,,,,,,,,1.30961,,,,,,,,,,,,,,,,,,,,,,,,,,,,,,,,,,,,,,,,,,,,,,,,,,,,,,,,,,,,,,,,,,,,,,,,,,,,,,,,,,,,,,,,,,,,,,,,,,,,,,,,,,,,,,,,,,,,,,,,,,,,,,,,,,,,,,,,,,,,,,,,,,,,,,,,,,,,,
1981-04-01,,,,,,,,,,,,,,,,,,,,,,,,,,,,,,,,,,,,,,,,,,,,,,,,,,,,,,,,,,,,,,,,,,,,,,,,,,,,,,,,,,,,,,,,,,,,,,,,,,,,,,,,,,,,,,,,,,,,,,,,,,,,,,,,,,,,,,,,,,,2127.65,,,,,,,,,,,,,,,,,,,,,,,,,,,,,,,,,,,,,,,,,,,,,,,,,,,,,,,,,,,,,,,,,,,1.19245,,,,,,,,,,,,,,,,,,,,,,,,,,,,,,,,,,,,,,,,,,,,,,,,,,,,,,,,,,,,,,,,,,,,,,,,,,,,,,,,,,,,,,,,,,,,,,,,,,,,,,,,,,,,,,,,,,,,,,,,,,,,,,,,,,,,,,,,,,,,,,,,,,,,,,,,,,,,,
1981-05-01,,,,,,,,,,,,,,,,,,,,,,,,,,,,,,,,,,,,,,,,,,,,,,,,,,,,,,,,,,,,,,,,,,,,,,,,,,,,,,,,,,,,,,,,,,,,,,,,,,,,,,,,,,,,,,,,,,,,,,,,,,,,,,,,,,,,,,,,,,,2351.61,,,,,,,,,,,,,,,,,,,,,,,,,,,,,,,,,,,,,,,,,,,,,,,,,,,,,,,,,,,,,,,,,,,1.1033,,,,,,,,,,,,,,,,,,,,,,,,,,,,,,,,,,,,,,,,,,,,,,,,,,,,,,,,,,,,,,,,,,,,,,,,,,,,,,,,,,,,,,,,,,,,,,,,,,,,,,,,,,,,,,,,,,,,,,,,,,,,,,,,,,,,,,,,,,,,,,,,,,,,,,,,,,,,,
1981-06-01,,,,,,,,,,,,,,,,,,,,,,,,,,,,,,,,,,,,,,,,,,,,,,,,,,,,,,,,,,,,,,,,,,,,,,,,,,,,,,,,,,,,,,,,,,,,,,,,,,,,,,,,,,,,,,,,,,,,,,,,,,,,,,,,,,,,,,,,,,,2084.1,,,,,,,,,,,,,,,,,,,,,,,,,,,,,,,,,,,,,,,,,,,,,,,,,,,,,,,,,,,,,,,,,,,1.1519,,,,,,,,,,,,,,,,,,,,,,,,,,,,,,,,,,,,,,,,,,,,,,,,,,,,,,,,,,,,,,,,,,,,,,,,,,,,,,,,,,,,,,,,,,,,,,,,,,,,,,,,,,,,,,,,,,,,,,,,,,,,,,,,,,,,,,,,,,,,,,,,,,,,,,,,,,,,,
1981-07-01,,,,,,,,,,,,,,,,,,,,,,,,,,,,,,,,,,,,,,,,,,,,,,,,,,,,,,,,,,,,,,,,,,,,,,,,,,,,,,,,,,,,,,,,,,,,,,,,,,,,,,,,,,,,,,,,,,,,,,,,,,,,,,,,,,,,,,,,,,,1888.13,,,,,,,,,,,,,,,,,,,,,,,,,,,,,,,,,,,,,,,,,,,,,,,,,,,,,,,,,,,,,,,,,,,1.08319,,,,,,,,,,,,,,,,,,,,,,,,,,,,,,,,,,,,,,,,,,,,,,,,,,,,,,,,,,,,,,,,,,,,,,,,,,,,,,,,,,,,,,,,,,,,,,,,,,,,,,,,,,,,,,,,,,,,,,,,,,,,,,,,,,,,,,,,,,,,,,,,,,,,,,,,,,,,,
1981-08-01,,,,,,,,,,,,,,,,,,,,,,,,,,,,,,,,,,,,,,,,,,,,,,,,,,,,,,,,,,,,,,,,,,,,,,,,,,,,,,,,,,,,,,,,,,,,,,,,,,,,,,,,,,,,,,,,,,,,,,,,,,,,,,,,,,,,,,,,,,,1751.27,,,,,,,,,,,,,,,,,,,,,,,,,,,,,,,,,,,,,,,,,,,,,,,,,,,,,,,,,,,,,,,,,,,0.953969,,,,,,,,,,,,,,,,,,,,,,,,,,,,,,,,,,,,,,,,,,,,,,,,,,,,,,,,,,,,,,,,,,,,,,,,,,,,,,,,,,,,,,,,,,,,,,,,,,,,,,,,,,,,,,,,,,,,,,,,,,,,,,,,,,,,,,,,,,,,,,,,,,,,,,,,,,,,,
1981-09-01,,,,,,,,,,,,,,,,,,,,,,,,,,,,,,,,,,,,,,,,,,,,,,,,,,,,,,,,,,,,,,,,,,,,,,,,,,,,,,,,,,,,,,,,,,,,,,,,,,,,,,,,,,,,,,,,,,,,,,,,,,,,,,,,,,,,,,,,,,,1729.51,,,,,,,,,,,,,,,,,,,,,,,,,,,,,,,,,,,,,,,,,,,,,,,,,,,,,,,,,,,,,,,,,,,0.857096,,,,,,,,,,,,,,,,,,,,,,,,,,,,,,,,,,,,,,,,,,,,,,,,,,,,,,,,,,,,,,,,,,,,,,,,,,,,,,,,,,,,,,,,,,,,,,,,,,,,,,,,,,,,,,,,,,,,,,,,,,,,,,,,,,,,,,,,,,,,,,,,,,,,,,,,,,,,,
1981-10-01,,,,,,,,,,,,,,,,,,,,,,,,,,,,,,,,,,,,,,,,,,,,,,,,,,,,,,,,,,,,,,,,,,,,,,,,,,,,,,,,,,,,,,,,,,,,,,,,,,,,,,,,,,,,,,,,,,,,,,,,,,,,,,,,,,,,,,,,,,,1597.31,,,,,,,,,,,,,,,,,,,,,,,,,,,,,,,,,,,,,,,,,,,,,,,,,,,,,,,,,,,,,,,,,,,0.913505,,,,,,,,,,,,,,,,,,,,,,,,,,,,,,,,,,,,,,,,,,,,,,,,,,,,,,,,,,,,,,,,,,,,,,,,,,,,,,,,,,,,,,,,,,,,,,,,,,,,,,,,,,,,,,,,,,,,,,,,,,,,,,,,,,,,,,,,,,,,,,,,,,,,,,,,,,,,,
1981-11-01,,,,,,,,,,,,,,,,,,,,,,,,,,,,,,,,,,,,,,,,,,,,,,,,,,,,,,,,,,,,,,,,,,,,,,,,,,,,,,,,,,,,,,,,,,,,,,,,,,,,,,,,,,,,,,,,,,,,,,,,,,,,,,,,,,,,,,,,,,,1544.38,,,,,,,,,,,,,,,,,,,,,,,,,,,,,,,,,,,,,,,,,,,,,,,,,,,,,,,,,,,,,,,,,,,0.921338,,,,,,,,,,,,,,,,,,,,,,,,,,,,,,,,,,,,,,,,,,,,,,,,,,,,,,,,,,,,,,,,,,,,,,,,,,,,,,,,,,,,,,,,,,,,,,,,,,,,,,,,,,,,,,,,,,,,,,,,,,,,,,,,,,,,,,,,,,,,,,,,,,,,,,,,,,,,,
1981-12-01,,,,,,,,,,,,,,,,,,,,,,,,,,,,,,,,,,,,,,,,,,,,,,,,,,,,,,,,,,,,,,,,,,,,,,,,,,,,,,,,,,,,,,,,,,,,,,,,,,,,,,,,,,,,,,,,,,,,,,,,,,,,,,,,,,,,,,,,,,,1449.53,,,,,,,,,,,,,,,,,,,,,,,,,,,,,,,,,,,,,,,,,,,,,,,,,,,,,,,,,,,,,,,,,,,0.941804,,,,,,,,,,,,,,,,,,,,,,,,,,,,,,,,,,,,,,,,,,,,,,,,,,,,,,,,,,,,,,,,,,,,,,,,,,,,,,,,,,,,,,,,,,,,,,,,,,,,,,,,,,,,,,,,,,,,,,,,,,,,,,,,,,,,,,,,,,,,,,,,,,,,,,,,,,,,,
1982-01-01,,,,,,,,,,,,,,,,,,,,,,,,,,,,,,,,,,,,,,,,,,,,,,,,,,,,,,,,,,,,,,,,,,,,,,,,,,,,,,,,,,,,,,,,,,,,,,,,,,,,,,,,,,,,,,,,,,,,,,,,,,,,,,,,,,,,,,,,,,,1530.42,,,,,,,,,,,,,,,,,,,,,,,,,,,,,,,,,,,,,,,,,,,,,,,,,,,,,,,,,,,,,,,,,,,0.873156,,,,,,,,,,,,,,,,,,,,,,,,,,,,,,,,,,,,,,,,,,,,,,,,,,,,,,,,,,,,,,,,,,,,,,,,,,,,,,,,,,,,,,,,,,,,,,,,,,,,,,,,,,,,,,,,,,,,,,,,,,,,,,,,,,,,,,,,,,,,,,,,,,,,,,,,,,,,,
1982-02-01,,,,,,,,,,,,,,,,,,,,,,,,,,,,,,,,,,,,,,,,,,,,,,,,,,,,,,,,,,,,,,,,,,,,,,,,,,,,,,,,,,,,,,,,,,,,,,,,,,,,,,,,,,,,,,,,,,,,,,,,,,,,,,,,,,,,,,,,,,,1754.38,,,,,,,,,,,,,,,,,,,,,,,,,,,,,,,,,,,,,,,,,,,,,,,,,,,,,,,,,,,,,,,,,,,0.775971,,,,,,,,,,,,,,,,,,,,,,,,,,,,,,,,,,,,,,,,,,,,,,,,,,,,,,,,,,,,,,,,,,,,,,,,,,,,,,,,,,,,,,,,,,,,,,,,,,,,,,,,,,,,,,,,,,,,,,,,,,,,,,,,,,,,,,,,,,,,,,,,,,,,,,,,,,,,,
1982-03-01,,,,,,,,,,,,,,,,,,,,,,,,,,,,,,,,,,,,,,,,,,,,,,,,,,,,,,,,,,,,,,,,,,,,,,,,,,,,,,,,,,,,,,,,,,,,,,,,,,,,,,,,,,,,,,,,,,,,,,,,,,,,,,,,,,,,,,,,,,,1821.24,,,,,,,,,,,,,,,,,,,,,,,,,,,,,,,,,,,,,,,,,,,,,,,,,,,,,,,,,,,,,,,,,,,0.852883,,,,,,,,,,,,,,,,,,,,,,,,,,,,,,,,,,,,,,,,,,,,,,,,,,,,,,,,,,,,,,,,,,,,,,,,,,,,,,,,,,,,,,,,,,,,,,,,,,,,,,,,,,,,,,,,,,,,,,,,,,,,,,,,,,,,,,,,,,,,,,,,,,,,,,,,,,,,,
1982-04-01,,,,,,,,,,,,,,,,,,,,,,,,,,,,,,,,,,,,,,,,,,,,,,,,,,,,,,,,,,,,,,,,,,,,,,,,,,,,,,,,,,,,,,,,,,,,,,,,,,,,,,,,,,,,,,,,,,,,,,,,,,,,,,,,,,,,,,,,,,,1776.14,,,,,,,,,,,,,,,,,,,,,,,,,,,,,,,,,,,,,,,,,,,,,,,,,,,,,,,,,,,,,,,,,,,0.832496,,,,,,,,,,,,,,,,,,,,,,,,,,,,,,,,,,,,,,,,,,,,,,,,,,,,,,,,,,,,,,,,,,,,,,,,,,,,,,,,,,,,,,,,,,,,,,,,,,,,,,,,,,,,,,,,,,,,,,,,,,,,,,,,,,,,,,,,,,,,,,,,,,,,,,,,,,,,,
1982-05-01,,,,,,,,,,,,,,,,,,,,,,,,,,,,,,,,,,,,,,,,,,,,,,,,,,,,,,,,,,,,,,,,,,,,,,,,,,,,,,,,,,,,,,,,,,,,,,,,,,,,,,,,,,,,,,,,,,,,,,,,,,,,,,,,,,,,,,,,,,,1850.81,,,,,,,,,,,,,,,,,,,,,,,,,,,,,,,,,,,,,,,,,,,,,,,,,,,,,,,,,,,,,,,,,,,0.788174,,,,,,,,,,,,,,,,,,,,,,,,,,,,,,,,,,,,,,,,,,,,,,,,,,,,,,,,,,,,,,,,,,,,,,,,,,,,,,,,,,,,,,,,,,,,,,,,,,,,,,,,,,,,,,,,,,,,,,,,,,,,,,,,,,,,,,,,,,,,,,,,,,,,,,,,,,,,,
1982-06-01,,,,,,,,,,,,,,,,,,,,,,,,,,,,,,,,,,,,,,,,,,,,,,,,,,,,,,,,,,,,,,,,,,,,,,,,,,,,,,,,,,,,,,,,,,,,,,,,,,,,,,,,,,,,,,,,,,,,,,,,,,,,,,,,,,,,,,,,,,,2046.77,,,,,,,,,,,,,,,,,,,,,,,,,,,,,,,,,,,,,,,,,,,,,,,,,,,,,,,,,,,,,,,,,,,0.775971,,,,,,,,,,,,,,,,,,,,,,,,,,,,,,,,,,,,,,,,,,,,,,,,,,,,,,,,,,,,,,,,,,,,,,,,,,,,,,,,,,,,,,,,,,,,,,,,,,,,,,,,,,,,,,,,,,,,,,,,,,,,,,,,,,,,,,,,,,,,,,,,,,,,,,,,,,,,,
1982-07-01,,,,,,,,,,,,,,,,,,,,,,,,,,,,,,,,,,,,,,,,,,,,,,,,,,,,,,,,,,,,,,,,,,,,,,,,,,,,,,,,,,,,,,,,,,,,,,,,,,,,,,,,,,,,,,,,,,,,,,,,,,,,,,,,,,,,,,,,,,,1805.7,,,,,,,,,,,,,,,,,,,,,,,,,,,,,,,,,,,,,,,,,,,,,,,,,,,,,,,,,,,,,,,,,,,0.759827,,,,,,,,,,,,,,,,,,,,,,,,,,,,,,,,,,,,,,,,,,,,,,,,,,,,,,,,,,,,,,,,,,,,,,,,,,,,,,,,,,,,,,,,,,,,,,,,,,,,,,,,,,,,,,,,,,,,,,,,,,,,,,,,,,,,,,,,,,,,,,,,,,,,,,,,,,,,,
1982-08-01,,,,,,,,,,,,,,,,,,,,,,,,,,,,,,,,,,,,,,,,,,,,,,,,,,,,,,,,,,,,,,,,,,,,,,,,,,,,,,,,,,,,,,,,,,,,,,,,,,,,,,,,,,,,,,,,,,,,,,,,,,,,,,,,,,,,,,,,,,,1905.24,,,,,,,,,,,,,,,,,,,,,,,,,,,,,,,,,,,,,,,,,,,,,,,,,,,,,,,,,,,,,,,,,,,0.925552,,,,,,,,,,,,,,,,,,,,,,,,,,,,,,,,,,,,,,,,,,,,,,,,,,,,,,,,,,,,,,,,,,,,,,,,,,,,,,,,,,,,,,,,,,,,,,,,,,,,,,,,,,,,,,,,,,,,,,,,,,,,,,,,,,,,,,,,,,,,,,,,,,,,,,,,,,,,,
1982-09-01,,,,,,,,,,,,,,,,,,,,,,,,,,,,,,,,,,,,,,,,,,,,,,,,,,,,,,,,,,,,,,,,,,,,,,,,,,,,,,,,,,,,,,,,,,,,,,,,,,,,,,,,,,,,,,,,,,,,,,,,,,,,,,,,,,,,,,,,,,,1639.31,,,,,,,,,,,,,,,,,,,,,,,,,,,,,,,,,,,,,,,,,,,,,,,,,,,,,,,,,,,,,,,,,,,0.864888,,,,,,,,,,,,,,,,,,,,,,,,,,,,,,,,,,,,,,,,,,,,,,,,,,,,,,,,,,,,,,,,,,,,,,,,,,,,,,,,,,,,,,,,,,,,,,,,,,,,,,,,,,,,,,,,,,,,,,,,,,,,,,,,,,,,,,,,,,,,,,,,,,,,,,,,,,,,,
1982-10-01,,,,,,,,,,,,,,,,,,,,,,,,,,,,,,,,,,,,,,,,,,,,,,,,,,,,,,,,,,,,,,,,,,,,,,,,,,,,,,,,,,,,,,,,,,,,,,,,,,,,,,,,,,,,,,,,,,,,,,,,,,,,,,,,,,,,,,,,,,,1920.77,,,,,,,,,,,,,,,,,,,,,,,,,,,,,,,,,,,,,,,,,,,,,,,,,,,,,,,,,,,,,,,,,,,0.982329,,,,,,,,,,,,,,,,,,,,,,,,,,,,,,,,,,,,,,,,,,,,,,,,,,,,,,,,,,,,,,,,,,,,,,,,,,,,,,,,,,,,,,,,,,,,,,,,,,,,,,,,,,,,,,,,,,,,,,,,,,,,,,,,,,,,,,,,,,,,,,,,,,,,,,,,,,,,,
1982-11-01,,,,,,,,,,,,,,,,,,,,,,,,,,,,,,,,,,,,,,,,,,,,,,,,,,,,,,,,,,,,,,,,,,,,,,,,,,,,,,,,,,,,,,,,,,,,,,,,,,,,,,,,,,,,,,,,,,,,,,,,,,,,,,,,,,,,,,,,,,,2476.02,,,,,,,,,,,,,,,,,,,,,,,,,,,,,,,,,,,,,,,,,,,,,,,,,,,,,,,,,,,,,,,,,,,1.00227,,,,,,,,,,,,,,,,,,,,,,,,,,,,,,,,,,,,,,,,,,,,,,,,,,,,,,,,,,,,,,,,,,,,,,,,,,,,,,,,,,,,,,,,,,,,,,,,,,,,,,,,,,,,,,,,,,,,,,,,,,,,,,,,,,,,,,,,,,,,,,,,,,,,,,,,,,,,,
1982-12-01,,,,,,,,,,,,,,,,,,,,,,,,,,,,,,,,,,,,,,,,,,,,,,,,,,,,,,,,,,,,,,,,,,,,,,,,,,,,,,,,,,,,,,,,,,,,,,,,,,,,,,,,,,,,,,,,,,,,,,,,,,,,,,,,,,,,,,,,,,,2706.21,,,,,,,,,,,,,,,,,,,,,,,,,,,,,,,,,,,,,,,,,,,,,,,,,,,,,,,,,,,,,,,,,,,1.00644,,,,,,,,,,,,,,,,,,,,,,,,,,,,,,,,,,,,,,,,,,,,,,,,,,,,,,,,,,,,,,,,,,,,,,,,,,,,,,,,,,,,,,,,,,,,,,,,,,,,,,,,,,,,,,,,,,,,,,,,,,,,,,,,,,,,,,,,,,,,,,,,,,,,,,,,,,,,,
1983-01-01,,,,,,,,,,,,,,,,,,,,,,,,,,,,,,,,,,,,,,,,,,,,,,,,,,,,,,,,,,,,,,,,,,,,,,,,,,,,,,,,,,,,,,,,,,,,,,,,,,,,,,,,,,,,,,,,,,,,,,,,,,,,,,,,,,,,,,,,,,,2813.53,,,,,,,,,,,,,,,,,,,,,,,,,,,,,,,,,,,,,,,,,,,,,,,,,,,,,,,,,,,,,,,,,,,1.1196,,,,,,,,,,,,,,,,,,,,,,,,,,,,,,,,,,,,,,,,,,,,,,,,,,,,,,,,,,,,,,,,,,,,,,,,,,,,,,,,,,,,,,,,,,,,,,,,,,,,,,,,,,,,,,,,,,,,,,,,,,,,,,,,,,,,,,,,,,,,,,,,,,,,,,,,,,,,,
1983-02-01,,,,,,,,,,,,,,,,,,,,,,,,,,,,,,,,,,,,,,,,,,,,,,,,,,,,,,,,,,,,,,,,,,,,,,,,,,,,,,,,,,,,,,,,,,,,,,,,,,,,,,,,,,,,,,,,,,,,,,,,,,,,,,,,,,,,,,,,,,,2889.77,,,,,,,,,,,,,,,,,,,,,,,,,,,,,,,,,,,,,,,,,,,,,,,,,,,,,,,,,,,,,,,,,,,1.20456,,,,,,,,,,,,,,,,,,,,,,,,,,,,,,,,,,,,,,,,,,,,,,,,,,,,,,,,,,,,,,,,,,,,,,,,,,,,,,,,,,,,,,,,,,,,,,,,,,,,,,,,,,,,,,,,,,,,,,,,,,,,,,,,,,,,,,,,,,,,,,,,,,,,,,,,,,,,,
1983-03-01,,,,,,,,,,,,,,,,,,,,,,,,,,,,,,,,,,,,,,,,,,,,,,,,,,,,,,,,,,,,,,,,,,,,,,,,,,,,,,,,,,,,,,,,,,,,,,,,,,,,,,,,,,,,,,,,,,,,,,,,,,,,,,,,,,,,,,,,,,,2844.65,,,,,,,,,,,,,,,,,,,,,,,,,,,,,,,,,,,,,,,,,,,,,,,,,,,,,,,,,,,,,,,,,,,1.08709,,,,,,,,,,,,,,,,,,,,,,,,,,,,,,,,,,,,,,,,,,,,,,,,,,,,,,,,,,,,,,,,,,,,,,,,,,,,,,,,,,,,,,,,,,,,,,,,,,,,,,,,,,,,,,,,,,,,,,,,,,,,,,,,,,,,,,,,,,,,,,,,,,,,,,,,,,,,,
1983-04-01,,,,,,,,,,,,,,,,,,,,,,,,,,,,,,,,,,,,,,,,,,,,,,,,,,,,,,,,,,,,,,,,,,,,,,,,,,,,,,,,,,,,,,,,,,,,,,,,,,,,,,,,,,,,,,,,,,,,,,,,,,,,,,,,,,,,,,,,,,,2720.21,,,,,,,,,,,,,,,,,,,,,,,,,,,,,,,,,,,,,,,,,,,,,,,,,,,,,,,,,,,,,,,,,,,1.30961,,,,,,,,,,,,,,,,,,,,,,,,,,,,,,,,,,,,,,,,,,,,,,,,,,,,,,,,,,,,,,,,,,,,,,,,,,,,,,,,,,,,,,,,,,,,,,,,,,,,,,,,,,,,,,,,,,,,,,,,,,,,,,,,,,,,,,,,,,,,,,,,,,,,,,,,,,,,,
1983-05-01,,,,,,,,,,,,,,,,,,,,,,,,,,,,,,,,,,,,,,,,,,,,,,,,,,,,,,,,,,,,,,,,,,,,,,,,,,,,,,,,,,,,,,,,,,,,,,,,,,,,,,,,,,,,,,,,,,,,,,,,,,,,,,,,,,,,,,,,,,,2597.34,,,,,,,,,,,,,,,,,,,,,,,,,,,,,,,,,,,,,,,,,,,,,,,,,,,,,,,,,,,,,,,,,,,1.30961,,,,,,,,,,,,,,,,,,,,,,,,,,,,,,,,,,,,,,,,,,,,,,,,,,,,,,,,,,,,,,,,,,,,,,,,,,,,,,,,,,,,,,,,,,,,,,,,,,,,,,,,,,,,,,,,,,,,,,,,,,,,,,,,,,,,,,,,,,,,,,,,,,,,,,,,,,,,,
1983-06-01,,,,,,,,,,,,,,,,,,,,,,,,,,,,,,,,,,,,,,,,,,,,,,,,,,,,,,,,,,,,,,,,,,,,,,,,,,,,,,,,,,,,,,,,,,,,,,,,,,,,,,,,,,,,,,,,,,,,,,,,,,,,,,,,,,,,,,,,,,,2628.46,,,,,,,,,,,,,,,,,,,,,,,,,,,,,,,,,,,,,,,,,,,,,,,,,,,,,,,,,,,,,,,,,,,1.32973,,,,,,,,,,,,,,,,,,,,,,,,,,,,,,,,,,,,,,,,,,,,,,,,,,,,,,,,,,,,,,,,,,,,,,,,,,,,,,,,,,,,,,,,,,,,,,,,,,,,,,,,,,,,,,,,,,,,,,,,,,,,,,,,,,,,,,,,,,,,,,,,,,,,,,,,,,,,,
1983-07-01,,,,,,,,,,,,,,,,,,,,,,,,,,,,,,,,,,,,,,,,,,,,,,,,,,,,,,,,,,,,,,,,,,,,,,,,,,,,,,,,,,,,,,,,,,,,,,,,,,,,,,,,,,,,,,,,,,,,,,,,,,,,,,,,,,,,,,,,,,,1947.22,,,,,,,,,,,,,,,,,,,,,,,,,,,,,,,,,,,,,,,,,,,,,,,,,,,,,,,,,,,,,,,,,,,1.34586,,,,,,,,,,,,,,,,,,,,,,,,,,,,,,,,,,,,,,,,,,,,,,,,,,,,,,,,,,,,,,,,,,,,,,,,,,,,,,,,,,,,,,,,,,,,,,,,,,,,,,,,,,,,,,,,,,,,,,,,,,,,,,,,,,,,,,,,,,,,,,,,,,,,,,,,,,,,,
1983-08-01,,,,,,,,,,,,,,,,,,,,,,,,,,,,,,,,,,,,,,,,,,,,,,,,,,,,,,,,,,,,,,,,,,,,,,,,,,,,,,,,,,,,,,,,,,,,,,,,,,,,,,,,,,,,,,,,,,,,,,,,,,,,,,,,,,,,,,,,,,,2104.33,,,,,,,,,,,,,,,,,,,,,,,,,,,,,,,,,,,,,,,,,,,,,,,,,,,,,,,,,,,,,,,,,,,1.48339,,,,,,,,,,,,,,,,,,,,,,,,,,,,,,,,,,,,,,,,,,,,,,,,,,,,,,,,,,,,,,,,,,,,,,,,,,,,,,,,,,,,,,,,,,,,,,,,,,,,,,,,,,,,,,,,,,,,,,,,,,,,,,,,,,,,,,,,,,,,,,,,,,,,,,,,,,,,,
1983-09-01,,,,,,,,,,,,,,,,,,,,,,,,,,,,,,,,,,,,,,,,,,,,,,,,,,,,,,,,,,,,,,,,,,,,,,,,,,,,,,,,,,,,,,,,,,,,,,,,,,,,,,,,,,,,,,,,,,,,,,,,,,,,,,,,,,,,,,,,,,,2189.89,,,,,,,,,,,,,,,,,,,,,,,,,,,,,,,,,,,,,,,,,,,,,,,,,,,,,,,,,,,,,,,,,,,1.47937,,,,,,,,,,,,,,,,,,,,,,,,,,,,,,,,,,,,,,,,,,,,,,,,,,,,,,,,,,,,,,,,,,,,,,,,,,,,,,,,,,,,,,,,,,,,,,,,,,,,,,,,,,,,,,,,,,,,,,,,,,,,,,,,,,,,,,,,,,,,,,,,,,,,,,,,,,,,,
1983-10-01,,,,,,,,,,,,,,,,,,,,,,,,,,,,,,,,,,,,,,,,,,,,,,,,,,,,,,,,,,,,,,,,,,,,,,,,,,,,,,,,,,,,,,,,,,,,,,,,,,,,,,,,,,,,,,,,,,,,,,,,,,,,,,,,,,,,,,,,,,,2275.39,,,,,,,,,,,,,,,,,,,,,,,,,,,,,,,,,,,,,,,,,,,,,,,,,,,,,,,,,,,,,,,,,,,1.39847,,,,,,,,,,,,,,,,,,,,,,,,,,,,,,,,,,,,,,,,,,,,,,,,,,,,,,,,,,,,,,,,,,,,,,,,,,,,,,,,,,,,,,,,,,,,,,,,,,,,,,,,,,,,,,,,,,,,,,,,,,,,,,,,,,,,,,,,,,,,,,,,,,,,,,,,,,,,,
1983-11-01,,,,,,,,,,,,,,,,,,,,,,,,,,,,,,,,,,,,,,,,,,,,,,,,,,,,,,,,,,,,,,,,,,,,,,,,,,,,,,,,,,,,,,,,,,,,,,,,,,,,,,,,,,,,,,,,,,,,,,,,,,,,,,,,,,,,,,,,,,,2550.68,,,,,,,,,,,,,,,,,,,,,,,,,,,,,,,,,,,,,,,,,,,,,,,,,,,,,,,,,,,,,,,,,,,1.32563,,,,,,,,,,,,,,,,,,,,,,,,,,,,,,,,,,,,,,,,,,,,,,,,,,,,,,,,,,,,,,,,,,,,,,,,,,,,,,,,,,,,,,,,,,,,,,,,,,,,,,,,,,,,,,,,,,,,,,,,,,,,,,,,,,,,,,,,,,,,,,,,,,,,,,,,,,,,,
1983-12-01,,,,,,,,,,,,,,,,,,,,,,,,,,,,,,,,,,,,,,,,,,,,,,,,,,,,,,,,,,,,,,,,,,,,,,,,,,,,,,,,,,,,,,,,,,,,,,,,,,,,,,,,,,,,,,,,,,,,,,,,,,,,,,,,,,,,,,,,,,,2480.69,,,,,,,,,,,,,,,,,,,,,,,,,,,,,,,,,,,,,,,,,,,,,,,,,,,,,,,,,,,,,,,,,,,1.37414,,,,,,,,,,,,,,,,,,,,,,,,,,,,,,,,,,,,,,,,,,,,,,,,,,,,,,,,,,,,,,,,,,,,,,,,,,,,,,,,,,,,,,,,,,,,,,,,,,,,,,,,,,,,,,,,,,,,,,,,,,,,,,,,,,,,,,,,,,,,,,,,,,,,,,,,,,,,,
1984-01-01,,,,,,,,,,,,,,,,,,,,,,,,,,,,,,,,,,,,,,,,,,,,,,,,,,,,,,,,,,,,,,,,,,,,,,,,,,,,,,,,,,,,,,,,,,,,,,,,,,,,,,,,,,,,,,,,,,,,,,,,,,,,,,,,,,,,,,,,,,,2449.58,,,,,,,,,,,,,,,,,,,,,,,,,,,,,,,,,,,,,,,,,,,,,,,,,,,,,,,,,,,,,,,,,,,1.30158,,,,,,,,,,,,,,,,,,,,,,,,,,,,,,,,,,,,,,,,,,,,,,,,,,,,,,,,,,,,,,,,,,,,,,,,,,,,,,,,,,,,,,,,,,,,,,,,,,,,,,,,,,,,,,,,,,,,,,,,,,,,,,,,,,,,,,,,,,,,,,,,,,,,,,,,,,,,,
1984-02-01,,,,,,,,,,,,,,,,,,,,,,,,,,,,,,,,,,,,,,,,,,,,,,,,,,,,,,,,,,,,,,,,,,,,,,,,,,,,,,,,,,,,,,,,,,,,,,,,,,,,,,,,,,,,,,,,,,,,,,,,,,,,,,,,,,,,,,,,,,,2160.31,,,,,,,,,,,,,,,,,,,,,,,,,,,,,,,,,,,,,,,,,,,,,,,,,,,,,,,,,,,,,,,,,,,1.1519,,,,,,,,,,,,,,,,,,,,,,,,,,,,,,,,,,,,,,,,,,,,,,,,,,,,,,,,,,,,,,,,,,,,,,,,,,,,,,,,,,,,,,,,,,,,,,,,,,,,,,,,,,,,,,,,,,,,,,,,,,,,,,,,,,,,,,,,,,,,,,,,,,,,,,,,,,,,,
1984-03-01,,,,,,,,,,,,,,,,,,,,,,,,,,,,,,,,,,,,,,,,,,,,,,,,,,,,,,,,,,,,,,,,,,,,,,,,,,,,,,,,,,,,,,,,,,,,,,,,,,,,,,,,,,,,,,,,,,,,,,,,,,,,,,,,,,,,,,,,,,,2301.84,,,,,,,,,,,,,,,,,,,,,,,,,,,,,,,,,,,,,,,,,,,,,,,,,,,,,,,,,,,,,,,,,,,1.32563,,,,,,,,,,,,,,,,,,,,,,,,,,,,,,,,,,,,,,,,,,,,,,,,,,,,,,,,,,,,,,,,,,,,,,,,,,,,,,,,,,,,,,,,,,,,,,,,,,,,,,,,,,,,,,,,,,,,,,,,,,,,,,,,,,,,,,,,,,,,,,,,,,,,,,,,,,,,,
1984-04-01,,,,,,,,,,,,,,,,,,,,,,,,,,,,,,,,,,,,,,,,,,,,,,,,,,,,,,,,,,,,,,,,,,,,,,,,,,,,,,,,,,,,,,,,,,,,,,,,,,,,,,,,,,,,,,,,,,,,,,,,,,,,,,,,,,,,,,,,,,,2105.89,,,,,,,,,,,,,,,,,,,,,,,,,,,,,,,,,,,,,,,,,,,,,,,,,,,,,,,,,,,,,,,,,,,1.34998,,,,,,,,,,,,,,,,,,,,,,,,,,,,,,,,,,,,,,,,,,,,,,,,,,,,,,,,,,,,,,,,,,,,,,,,,,,,,,,,,,,,,,,,,,,,,,,,,,,,,,,,,,,,,,,,,,,,,,,,,,,,,,,,,,,,,,,,,,,,,,,,,,,,,,,,,,,,,
1984-05-01,,,,,,,,,,,,,,,,,,,,,,,,,,,,,,,,,,,,,,,,,,,,,,,,,,,,,,,,,,,,,,,,,,,,,,,,,,,,,,,,,,,,,,,,,,,,,,,,,,,,,,,,,,,,,,,,,,,,,,,,,,,,,,,,,,,,,,,,,,,1958.14,,,,,,,,,,,,,,,,,,,,,,,,,,,,,,,,,,,,,,,,,,,,,,,,,,,,,,,,,,,,,,,,,,,1.18431,,,,,,,,,,,,,,,,,,,,,,,,,,,,,,,,,,,,,,,,,,,,,,,,,,,,,,,,,,,,,,,,,,,,,,,,,,,,,,,,,,,,,,,,,,,,,,,,,,,,,,,,,,,,,,,,,,,,,,,,,,,,,,,,,,,,,,,,,,,,,,,,,,,,,,,,,,,,,
1984-06-01,,,,,,,,,,,,,,,,,,,,,,,,,,,,,,,,,,,,,,,,,,,,,,,,,,,,,,,,,,,,,,,,,,,,,,,,,,,,,,,,,,,,,,,,,,,,,,,,,,,,,,,,,,,,,,,,,,,,,,,,,,,,,,,,,,,,,,,,,,,1934.79,,,,,,,,,,,,,,,,,,,,,,,,,,,,,,,,,,,,,,,,,,,,,,,,,,,,,,,,,,,,,,,,,,,1.19245,,,,,,,,,,,,,,,,,,,,,,,,,,,,,,,,,,,,,,,,,,,,,,,,,,,,,,,,,,,,,,,,,,,,,,,,,,,,,,,,,,,,,,,,,,,,,,,,,,,,,,,,,,,,,,,,,,,,,,,,,,,,,,,,,,,,,,,,,,,,,,,,,,,,,,,,,,,,,
1984-07-01,,,,,,,,,,,,,,,,,,,,,,,,,,,,,,,,,,,,,,,,,,,,,,,,,,,,,,,,,,,,,,,,,,,,,,,,,,,,,,,,,,,,,,,,,,,,,,,,,,,,,,,,,,,,,,,,,,,,,,,,,,,,,,,,,,,,,,,,,,,2020.35,,,,,,,,,,,,,,,,,,,,,,,,,,,,,,,,,,,,,,,,,,,,,,,,,,,,,,,,,,,,,,,,,,,1.20456,,,,,,,,,,,,,,,,,,,,,,,,,,,,,,,,,,,,,,,,,,,,,,,,,,,,,,,,,,,,,,,,,,,,,,,,,,,,,,,,,,,,,,,,,,,,,,,,,,,,,,,,,,,,,,,,,,,,,,,,,,,,,,,,,,,,,,,,,,,,,,,,,,,,,,,,,,,,,
1984-08-01,,,,,,,,,,,,,,,,,,,,,,,,,,,,,,,,,,,,,,,,,,,,,,,,,,,,,,,,,,,,,,,,,,,,,,,,,,,,,,,,,,,,,,,,,,,,,,,,,,,,,,,,,,,,,,,,,,,,,,,,,,,,,,,,,,,,,,,,,,,2101.2,,,,,,,,,,,,,,,,,,,,,,,,,,,,,,,,,,,,,,,,,,,,,,,,,,,,,,,,,,,,,,,,,,,1.32563,,,,,,,,,,,,,,,,,,,,,,,,,,,,,,,,,,,,,,,,,,,,,,,,,,,,,,,,,,,,,,,,,,,,,,,,,,,,,,,,,,,,,,,,,,,,,,,,,,,,,,,,,,,,,,,,,,,,,,,,,,,,,,,,,,,,,,,,,,,,,,,,,,,,,,,,,,,,,
1984-09-01,,,,,,,,,,,,,,,,,,,,,,,,,,,,,,,,,,,,,,,,,,,,,,,,,,,,,,,,,,,,,,,,,,,,,,,,,,,,,,,,,,,,,,,,,,,,,,,,,,,,,,,,,,,,,,,,,,,,,,,,,,,,,,,,,,,,,,,,,,,2116.74,,,,,,,,,,,,,,,,,,,,,,,,,,,,,,,,,,,,,,,,,,,,,,,,,,,,,,,,,,,,,,,,,,,1.21648,,,,,,,,,,,,,,,,,,,,,,,,,,,,,,,,,,,,,,,,,,,,,,,,,,,,,,,,,,,,,,,,,,,,,,,,,,,,,,,,,,,,,,,,,,,,,,,,,,,,,,,,,,,,,,,,,,,,,,,,,,,,,,,,,,,,,,,,,,,,,,,,,,,,,,,,,,,,,
1984-10-01,,,,,,,,,,,,,,,,,,,,,,,,,,,,,,,,,,,,,,,,,,,,,,,,,,,,,,,,,,,,,,,,,,,,,,,0.386321,,,,,,,,,,,,,,,,,,,,,,,,,,,,,,,,,,,,,,,,,,,,,,,,,,,,,,,,,,,,,,,,,,,,2458.91,,,,,,,,,,,,,,,,,,,,,,,,,,,,,,,,,,,,,,,,,,,,,,,,,,,,,,,,,,,,,,,,,,,1.24898,,,,,,,,,,,,,,,,,,,,,,,,,,,,,,,,,,,,,,,,,,,,,,,,,,,,,,,,,,,,,,,,,,,,,,,,,,,,,,,,,,,,,,,,,,,,,,,,,,,,,,,,,,,,,,,,,,,,,,,,,,,,,,,,,,,,,,,,,,,,,,,,,,,,,,,,,,,,,
1984-11-01,,,,,,,,,,,,,,,,,,,,,,,,,,,,,,,,,,,,,,,,,,,,,,,,,,,,,,,,,,,,,,,,,,,,,,,0.379397,,,,,,,,,,,,,,,,,,,,,,,,,,,,,,,,,,,,,,,,,,,,,,,,,,,,,,,,,,,,,,,,,,,,2395.15,,,,,,,,,,,,,,,,,,,,,,,,,,,,,,,,,,,,,,,,,,,,,,,,,,,,,,,,,,,,,,,,,,,1.24079,,,,,,,,,,,,,,,,,,,,,,,,,,,,,,,,,,,,,,,,,,,,,,,,,,,,,,,,,,,,,,,,,,,,,,,,,,,,,,,,,,,,,,,,,,,,,,,,,,,,,,,,,,,,,,,,,,,,,,,,,,,,,,,,,,,,,,,,,,,,,,,,,,,,,,,,,,,,,
1984-12-01,,,,,,,,,,,,,,,,,,,,,,,,,,,,,,,,,,,,,,,,,,,,,,,,,,,,,,,,,,,,,,,,,,,,,,,0.386321,,,,,,,,,,,,,,,,,,,,,,,,,,,,,,,,,,,,,,,,,,,,,,,,,,,,,,,,,,,,,,,,,,,,2768.43,,,,,,,,,,,,,,,,,,,,,,,,,,,,,,,,,,,,,,,,,,,,,,,,,,,,,,,,,,,,,,,,,,,1.20456,,,,,,,,,,,,,,,,,,,,,,,,,,,,,,,,,,,,,,,,,,,,,,,,,,,,,,,,,,,,,,,,,,,,,,,,,,,,,,,,,,,,,,,,,,,,,,,,,,,,,,,,,,,,,,,,,,,,,,,,,,,,,,,,,,,,,,,,,,,,,,,,,,,,,,,,,,,,,
1985-01-01,,,,,,,,,,,,,,,,,,,,,,,,,,,,,,,,,,,,,,,,,,,,,,,,,,,,,,,,,,,,,,,,,,,,,,,0.393578,,,,,,,,,,,,,,,,,,,,,,,,,,,,,,,,,,,,,,,,,,,,,,,,,,,,,,,,,,,,,,,,,,,,2740.43,,,,,,,,,,,,,,,,,,,,,,,,,,,,,,,,,,,,,,,,,,,,,,,,,,,,,,,,,,,,,,,,,,,1.29744,,,,,,,,,,,,,,,,,,,,,,,,,,,,,,,,,,,,,,,,,,,,,,,,,,,,,,,,,,,,,,,,,,,,,,,,,,,,,,,,,,,,,,,,,,,,,,,,,,,,,,,,,,,,,,,,,,,,,,,,,,,,,,,,,,,,,,,,,,,,,,,,,,,,,,,,,,,,,
1985-02-01,,,,,,,,,,,,,,,,,,,,,,,,,,,,,,,,,,,,,,,,,,,,,,,,,,,,,,,,,,,,,,,,,,,,,,,0.386321,,,,,,,,,,,,,,,,,,,,,,,,,,,,,,,,,,,,,,,,,,,,,,,,,,,,,,,,,,,,,,,,,,,,2979.96,,,,,,,,,,,,,,,,,,,,,,,,,,,,,,,,,,,,,,,,,,,,,,,,,,,,,,,,,,,,,,,,,,,1.30961,,,,,,,,,,,,,,,,,,,,,,,,,,,,,,,,,,,,,,,,,,,,,,,,,,,,,,,,,,,,,,,,,,,,,,,,,,,,,,,,,,,,,,,,,,,,,,,,,,,,,,,,,,,,,,,,,,,,,,,,,,,,,,,,,,,,,,,,,,,,,,,,,,,,,,,,,,,,,
1985-03-01,,,,,,,,,,,,,,,,,,,,,,,,,,,,,,,,,,,,,,,,,,,,,,,,,,,,,,,,,,,,,,,,,,,,,,,0.407515,,,,,,,,,,,,,,,,,,,,,,,,,,,,,,,,,,,,,,,,,,,,,,,,,,,,,,,,,,,,,,,,,,,,2972.19,,,,,,,,,,,,,,,,,,,,,,,,,,,,,,,,,,,,,,,,,,,,,,,,,,,,,,,,,,,,,,,,,,,1.28958,,,,,,,,,,,,,,,,,,,,,,,,,,,,,,,,,,,,,,,,,,,,,,,,,,,,,,,,,,,,,,,,,,,,,,,,,,,,,,,,,,,,,,,,,,,,,,,,,,,,,,,,,,,,,,,,,,,,,,,,,,,,,,,,,,,,,,,,,,,,,,,,,,,,,,,,,,,,,
1985-04-01,,,,,,,,,,,,,,,,,,,,,,,,,,,,,,,,,,,,,,,,,,,,,,,,,,,,,,,,,,,,,,,,,,,,,,,0.428582,,,,,,,,,,,,,,,,,,,,,,,,,,,,,,,,,,,,,,,,,,,,,,,,,,,,,,,,,,,,,,,,,,,,2605.12,,,,,,,,,,,,,,,,,,,,,,,,,,,,,,,,,,,,,,,,,,,,,,,,,,,,,,,,,,,,,,,,,,,1.33376,,,,,,,,,,,,,,,,,,,,,,,,,,,,,,,,,,,,,,,,,,,,,,,,,,,,,,,,,,,,,,,,,,,,,,,,,,,,,,,,,,,,,,,,,,,,,,,,,,,,,,,,,,,,,,,,,,,,,,,,,,,,,,,,,,,,,,,,,,,,,,,,,,,,,,,,,,,,,
1985-05-01,,,,,,,,,,,,,,,,,,,,,,,,,,,,,,,,,,,,,,,,,,,,,,,,,,,,,,,,,,,,,,,,,,,,,,,0.463908,,,,,,,,,,,,,,,,,,,,,,,,,,,,,,,,,,,,,,,,,,,,,,,,,,,,,,,,,,,,,,,,,,,,3074.83,,,,,,,,,,,,,,,,,,,,,,,,,,,,,,,,,,,,,,,,,,,,,,,,,,,,,,,,,,,,,,,,,,,1.51172,,,,,,,,,,,,,,,,,,,,,,,,,,,,,,,,,,,,,,,,,,,,,,,,,,,,,,,,,,,,,,,,,,,,,,,,,,,,,,,,,,,,,,,,,,,,,,,,,,,,,,,,,,,,,,,,,,,,,,,,,,,,,,,,,,,,,,,,,,,,,,,,,,,,,,,,,,,,,
1985-06-01,,,,,,,,,,,,,,,,,,,,,,,,,,,,,,,,,,,,,,,,,,,,,,,,,,,,,,,,,,,,,,,,,,,,,,,0.470617,,,,,,,,,,,,,,,,,,,,,,,,,,,,,,,,,,,,,,,,,,,,,,,,,,,,,,,,,,,,,,,,,,,,3138.6,,,,,,,,,,,,,,,,,,,,,,,,,,,,,,,,,,,,,,,,,,,,,,,,,,,,,,,,,,,,,,,,,,,1.61279,,,,,,,,,,,,,,,,,,,,,,,,,,,,,,,,,,,,,,,,,,,,,,,,,,,,,,,,,,,,,,,,,,,,,,,,,,,,,,,,,,,,,,,,,,,,,,,,,,,,,,,,,,,,,,,,,,,,,,,,,,,,,,,,,,,,,,,,,,,,,,,,,,,,,,,,,,,,,
1985-07-01,,,,,,,,,,,,,,,,,,,,,,,,,,,,,,,,,,,,,,,,,,,,,,,,,,,,,,,,,,,,,,,,,,,,,,,0.435877,,,,,,,,,,,,,,,,,,,,,,,,,,,,,,,,,,,,,,,,,,,,,,,,,,,,,,,,,,,,,,,,,,,,3161.94,,,,,,,,,,,,,,,,,,,,,,,,,,,,,,,,,,,,,,,,,,,,,,,,,,,,,,,,,,,,,,,,,,,1.66129,,,,,,,,,,,,,,,,,,,,,,,,,,,,,,,,,,,,,,,,,,,,,,,,,,,,,,,,,,,,,,,,,,,,,,,,,,,,,,,,,,,,,,,,,,,,,,,,,,,,,,,,,,,,,,,,,,,,,,,,,,,,,,,,,,,,,,,,,,,,,,,,,,,,,,,,,,,,,
1985-08-01,,,,,,,,,,,,,,,,,,,,,,,,,,,,,,,,,,,,,,,,,,,,,,,,,,,,,,,,,,,,,,,,,,,,,,,0.442509,,,,,,,,,,,,,,,,,,,,,,,,,,,,,,,,,,,,,,,,,,,,,,,,,,,,,,,,,,,,,,,,,,,,2953.52,,,,,,,,,,,,,,,,,,,,,,,,,,,,,,,,,,,,,,,,,,,,,,,,,,,,,,,,,,,,,,,,,,,1.61659,,,,,,,,,,,,,,,,,,,,,,,,,,,,,,,,,,,,,,,,,,,,,,,,,,,,,,,,,,,,,,,,,,,,,,,,,,,,,,,,,,,,,,,,,,,,,,,,,,,,,,,,,,,,,,,,,,,,,,,,,,,,,,,,,,,,,,,,,,,,,,,,,,,,,,,,,,,,,
1985-09-01,,,,,,,,,,,,,,,,,,,,,,,,,,,,,,,,,,,,,,,,,,,,,,,,,,,,,,,,,,,,,,,,,,,,,,,0.435877,,,,,,,,,,,,,,,,,,,,,,,,,,,,,,,,,,,,,,,,,,,,,,,,,,,,,,,,,,,,,,,,,,,,2623.79,,,,,,,,,,,,,,,,,,,,,,,,,,,,,,,,,,,,,,,,,,,,,,,,,,,,,,,,,,,,,,,,,,,1.56825,,,,,,,,,,,,,,,,,,,,,,,,,,,,,,,,,,,,,,,,,,,,,,,,,,,,,,,,,,,,,,,,,,,,,,,,,,,,,,,,,,,,,,,,,,,,,,,,,,,,,,,,,,,,,,,,,,,,,,,,,,,,,,,,,,,,,,,,,,,,,,,,,,,,,,,,,,,,,
1985-10-01,,,,,,,,,,,,,,,,,,,,,,,,,,,,,,,,,,,,,,,,,,,,,,,,,,,,,,,,,,,,,,,,,,,,,,,0.456886,,,,,,,,,,,,,,,,,,,,,,,,,,,,,,,,,,,,,,,,,,,,,,,,,,,,,,,,,,,,,,,,,,,,2406.04,,,,,,,,,,,,,,,,,,,,,,,,,,,,,,,,,,,,,,,,,,,,,,,,,,,,,,,,,,,,,,,,,,,1.66526,,,,,,,,,,,,,,,,,,,,,,,,,,,,,,,,,,,,,,,,,,,,,,,,,,,,,,,,,,,,,,,,,,,,,,,,,,,,,,,,,,,,,,,,,,,,,,,,,,,,,,,,,,,,,,,,,,,,,,,,,,,,,,,,,,,,,,,,,,,,,,,,,,,,,,,,,,,,,
1985-11-01,,,,,,,,,,,,,,,,,,,,,,,,,,,,,,,,,,,,,,,,,,,,,,,,,,,,,,,,,,,,,,,,,,,,,,,0.47762,,,,,,,,,,,,,,,,,,,,,,,,,,,,,,,,,,,,,,,,,,,,,,,,,,,,,,,,,,,,,,,,,,,,2454.26,,,,,,,,,,,,,,,,,,,,,,,,,,,,,,,,,,,,,,,,,,,,,,,,,,,,,,,,,,,,,,,,,,,1.77433,,,,,,,,,,,,,,,,,,,,,,,,,,,,,,,,,,,,,,,,,,,,,,,,,,,,,,,,,,,,,,,,,,,,,,,,,,,,,,,,,,,,,,,,,,,,,,,,,,,,,,,,,,,,,,,,,,,,,,,,,,,,,,,,,,,,,,,,,,,,,,,,,,,,,,,,,,,,,
1985-12-01,,,,,,,,,,,,,,,,,,,,,,,,,,,,,,,,,,,,,,,,,,,,,,,,,,,,,,,,,,,,,,,,,,,,,,,0.491654,,,,,,,,,,,,,,,,,,,,,,,,,,,,,,,,,,,,,,,,,,,,,,,,,,,,,,,,,,,,,,,,,,,,2527.36,,,,,,,,,,,,,,,,,,,,,,,,,,,,,0.066585,,,,,,,,,,,,,,,,,,,,,,,,,,,,,,,,,,,,,,1.89152,,,,,,,,,,,,,,,,,,,,,,,,,,,,,,,,,,,,,,,,,,,,,,,,,,,,,,,,,,,,,,,,,,,,,,,,,,,,,,,,,,,,,,,,,,,,,,,,,,,,,,,,,,,,,,,,,,,,,,,,,,,,,,,,,,,,,,,,,,,,,,,,,,,,,,,,,,,,,
1986-01-01,,,,,,,,,,,,,,,,,,,,,,,,,,,,,,,,,,,,,,,,,,,,,,,,,,,,,,,,,,,,,,,,,,,,,,,0.527059,,,,,,,,,,,,,,,,,,,,,,,,,,,,,,,,,,,,,,,,,,,,,,,,,,,,,,,,,,,,,,,,,,,,2835.3,,,,,,,,,,,,,,,,,,,,,,,,,,,,,0.093219,,,,,,,,,,,,,,,,,,,,,,,,,,,,,,,,,,,,,,1.94014,,,,,,,,,,,,,,,,,,,,,,,,,,,,,,,,,,,,,,,,,,,,,,,,,,,,,,,,,,,,,,,,,,,,,,,,,,,,,,,,,,,,,,,,,,,,,,,,,,,,,,,,,,,,,,,,,,,,,,,,,,,,,,,,,,,,,,,,,,,,,,,,,,,,,,,,,,,,,
1986-02-01,,,,,,,,,,,,,,,,,,,,,,,,,,,,,,,,,,,,,,,,,,,,,,,,,,,,,,,,,,,,,,,,,,,,,,,0.569309,,,,,,,,,,,,,,,,,,,,,,,,,,,,,,,,,,,,,,,,,,,,,,,,,,,,,,,,,,,,,,,,,,,,2681.32,,,,,,,,,,,,,,,,,,,,,,,,,,,,,0.106535,,,,,,,,,,,,,,,,,,,,,,,,,,,,,,,,,,,,,,2.29583,,,,,,,,,,,,,,,,,,,,,,,,,,,,,,,,,,,,,,,,,,,,,,,,,,,,,,,,,,,,,,,,,,,,,,,,,,,,,,,,,,,,,,,,,,,,,,,,,,,,,,,,,,,,,,,,,,,,,,,,,,,,,,,,,,,,,,,,,,,,,,,,,,,,,,,,,,,,,
1986-03-01,,,,,,,,,,,,,,,,,,,,,,,,,,,,,,,,,,,,,,,,,,,,,,,,,,,,,,,,,,,,,,,,,,,,,,,0.597086,,,,,,,,,,,,,,,,,,,,,,,,,,,,,,,,,,,,,,,,,,,,,,,,,,,,,,,,,,,,,,,,,,,,2883.52,,,,,,,,,,,,,,,,,,,,,,,,,,,,,0.133169,,,,,,,,,,,,,,,,,,,,,,,,,,,,,,,,,,,,,,2.43715,,,,,,,,,,,,,,,,,,,,,,,,,,,,,,,,,,,,,,,,,,,,,,,,,,,,,,,,,,,,,,,,,,,,,,,,,,,,,,,,,,,,,,,,,,,,,,,,,,,,,,,,,,,,,,,,,,,,,,,,,,,,,,,,,,,,,,,,,,,,,,,,,,,,,,,,,,,,,
1986-04-01,,,,,,,,,,,,,,,,,,,,,,,,,,,,,,,,,,,,,,,,,,,,,,,,,,,,,,,,,,,,,,,,,,,,,,,0.618309,,,,,,,,,,,,,,,,,,,,,,,,,,,,,,,,,,,,,,,,,,,,,,,,,,,,,,,,,,,,,,,,,,,,3054.6,,,,,,,,,,,,,,,,,,,,,,,,,,,,,0.133169,,,,,,,,,,,,,,,,,,,,,,,,,,,,,,,,,,,,,,2.51795,,,,,,,,,,,,,,,,,,,,,,,,,,,,,,,,,,,,,,,,,,,,,,,,,,,,,,,,,,,,,,,,,,,,,,,,,,,,,,,,,,,,,,,,,,,,,,,,,,,,,,,,,,,,,,,,,,,,,,,,,,,,,,,,,,,,,,,,,,,,,,,,,,,,,,,,,,,,,
1986-05-01,,,,,,,,,,,,,,,,,,,,,,,,,,,,,,,,,,,,,,,,,,,,,,,,,,,,,,,,,,,,,,,,,,,,,,,0.618309,,,,,,,,,,,,,,,,,,,,,,,,,,,,,,,,,,,,,,,,,,,,,,,,,,,,,,,,,,,,,,,,,,,,2923.96,,,,,,,,,,,,,,,,,,,,,,,,,,,,,0.133169,,,,,,,,,,,,,,,,,,,,,,,,,,,,,,,,,,,,,,2.64323,,,,,,,,,,,,,,,,,,,,,,,,,,,,,,,,,,,,,,,,,,,,,,,,,,,,,,,,,,,,,,,,,,,,,,,,,,,,,,,,,,,,,,,,,,,,,,,,,,,,,,,,,,,,,,,,,,,,,,,,,,,,,,,,,,,,,,,,,,,,,,,,,,,,,,,,,,,,,
1986-06-01,,,,,,,,,,,,,,,,,,,,,,,,,,,,,,,,,,,,,,,,,,,,,,,,,,,,,,,,,,,,,,,,,,,,,,,0.681587,,,,,,,,,,,,,,,,,,,,,,,,,,,,,,,,,,,,,,,,,,,,,,,,,,,,,,,,,,,,,,,,,,,,2718.67,,,,,,,,,,,,,,,,,,,,,,,,,,,,,0.133169,,,,,,,,,,,,,,,,,,,,,,,,,,,,,,,,,,,,,,2.69191,,,,,,,,,,,,,,,,,,,,,,,,,,,,,,,,,,,,,,,,,,,,,,,,,,,,,,,,,,,,,,,,,,,,,,,,,,,,,,,,,,,,,,,,,,,,,,,,,,,,,,,,,,,,,,,,,,,,,,,,,,,,,,,,,,,,,,,,,,,,,,,,,,,,,,,,,,,,,
1986-07-01,,,,,,,,,,,,,,,,,,,,,,,,,,,,,,,,,,,,,,,,,,,,,,,,,,,,,,,,,,,,,,,,,,,,,,,0.73088,,,,,,,,,,,,,,,,,,,,,,,0.26407,,,,,,,,,,,,,,,,,,,,,,,,,,,,,,,,,,,,,,,,,,,,,2768.43,,,,,,,,,,,,,,,,,,,,,,,,,,,,,0.133169,,,,,,,,,,,,,,,,,,,,,,,,,,,,,,,,,,,,,,2.53409,,,,,,,,,,,,,,,,,,,,,,,,,,,,,,,,,,,,,,,,,,,,,,,,,,,,,,,,,,,,,,,,,,,,,,,,,,,,,,,,,,,,,,,,,,,,,,,,,,,,,,,,,,,,,,,,,,,,,,,,,,,,,,,,,,,,,,,,,,,,,,,,,,,,,,,,,,,,,
1986-08-01,,,,,,,,,,,,,,,,,,,,,,,,,,,,,,,,,,,,,,,,,,,,,,,,,,,,,,,,,,,,,,,,,,,,,,,0.752006,,,,,,,,,,,,,,,,,,,,,,,0.248504,,,,,,,,,,,,,,,,,,,,,,,,,,,,,,,,,,,,,,,,,,,,,2818.17,,,,,,,,,,,,,,,,,,,,,,,,,,,,,0.093219,,,,,,,,,,,,,,,,,,,,,,,,,,,,,,,,,,,,,,2.67985,,,,,,,,,,,,,,,,,,,,,,,,,,,,,,,,,,,,,,,,,,,,,,,,,,,,,,,,,,,,,,,,,,,,,,,,,,,,,,,,,,,,,,,,,,,,,,,,,,,,,,,,,,,,,,,,,,,,,,,,,,,,,,,,,,,,,,,,,,,,,,,,,,,,,,,,,,,,,
1986-09-01,,,,,,,,,,,,,,,,,,,,,,,,,,,,,,,,,,,,,,,,,,,,,,,,,,,,,,,,,,,,,,,,,,,,,,,0.709656,,,,,,,,,,,,,,,,,,,,,,,0.226424,,,,,,,,,,,,,,,,,,,,,,,,,,,,,,,,,,,,,,,,,,,,,2891.3,,,,,,,,,,,,,,,,,,,,,,,,,,,,,0.093219,,,,,,,,,,,,,,,,,,,,,,,,,,,,,,,,,,,,,,2.53825,,,,,,,,,,,,,,,,,,,,,,,,,,,,,,,,,,,,,,,,,,,,,,,,,,,,,,,,,,,,,,,,,,,,,,,,,,,,,,,,,,,,,,,,,,,,,,,,,,,,,,,,,,,,,,,,,,,,,,,,,,,,,,,,,,,,,,,,,,,,,,,,,,,,,,,,,,,,,
1986-10-01,,,,,,,,,,,,,,,,,,,,,,,,,,,,,,,,,,,,,,,,,,,,,,,,,,,,,,,,,,,,,,,,,,,,,,,0.709656,,,,,,,,,,,,,,,,,,,,,,,0.199688,,,,,,,,,,,,,,,,,,,,,,,,,,,,,,,,,,,,,,,,,,,,,3278.56,,,,,,,,,,,,,,,,,,,,,,,,,,,,,0.066585,,,,,,,,,,,,,,,,,,,,,,,,,,,,,,,,,,,,,,2.64323,,,,,,,,,,,,,,,,,,,,,,,,,,,,,,,,,,,,,,,,,,,,,,,,,,,,,,,,,,,,,,,,,,,,,,,,,,,,,,,,,,,,,,,,,,,,,,,,,,,,,,,,,,,,,,,,,,,,,,,,,,,,,,,,,,,,,,,,,,,,,,,,,,,,,,,,,,,,,
1986-11-01,,,,,,,,,,,,,,,,,,,,,,,,,,,,,,,,,,,,,,,,,,,,,,,,,,,,,,,,,,,,,,,,,,,,,,,0.73088,,,,,,,,,,,,,,,,,,,,,,,0.142021,,,,,,,,,,,,,,,,,,,,,,,,,,,,,,,,,,,,,,,,,,,,,3221.0,,,,,,,,,,,,,,,,,,,,,,,,,,,,,0.066585,,,,,,,,,,,,,,,,,,,,,,,,,,,,,,,,,,,,,,2.79292,,,,,,,,,,,,,,,,,,,,,,,,,,,,,,,,,,,,,,,,,,,,,,,,,,,,,,,,,,,,,,,,,,,,,,,,,,,,,,,,,,,,,,,,,,,,,,,,,,,,,,,,,,,,,,,,,,,,,,,,,,,,,,,,,,,,,,,,,,,,,,,,,,,,,,,,,,,,,
1986-12-01,,,,,,,,,,,,,,,,,,,,,,,,,,,,,,,,,,,,,,,,,,,,,,,,,,,,,,,,,,,,,,,,,,,,,,,0.67435,,,,,,,,,,,,,,,,,,,,,,,0.122129,,,,,,,,,,,,,,,,,,,,,,,,,,,,,,,,,,,,,,,,,,,,,3188.35,,,,,,,,,,,,,,,,,,,,,,,,,,,,,0.039951,,,,,,,,,,,,,,,,,,,,,,,,,,,,,,,,,,,,,,2.79292,,,,,,,,,,,,,,,,,,,,,,,,,,,,,,,,,,,,,,,,,,,,,,,,,,,,,,,,,,,,,,,,,,,,,,,,,,,,,,,,,,,,,,,,,,,,,,,,,,,,,,,,,,,,,,,,,,,,,,,,,,,,,,,,,,,,,,,,,,,,,,,,,,,,,,,,,,,,,
1987-01-01,,,,,,,,,,,,,,,,,,,,,,,,,,,,,,,,,,,,,,,,,,,,,,,,,,,,,,,,,,,,,,,,,,,,,,,0.716699,,,,,,,,,,,,,,,,,,,,,,,0.133189,,,,,,,,,,,,,,,,,,,,,,,,,,,,,,,,,,,,,,,,,,,,,3700.04,,,,,,,,,,,,,,,,,,,,,,,,,,,,,0.053268,,,,,,,,,,,,,,,,,,,,,,,,,,,,,,,,,,,,,,3.38289,,,,,,,,,,,,,,,,,,,,,,,,,,,,,,,,,,,,,,,,,,,,,,,,,,,,,,,,,,,,,,,,,,,,,,,,,,,,,,,,,,,,,,,,,,,,,,,,,,,,,,,,,,,,,,,,,,,,,,,,,,,,,,,,,,,,,,,,,,,,,,,,,,,,,,,,,,,,,
1987-02-01,,,,,,,,,,,,,,,,,,,,,,,,,,,,,,,,,,,,,,,,,,,,,,,,,,,,,,,,,,,,,,,,,,,,,,,0.67435,,,,,,,,,,,,,,,,,,,,,,,0.206482,,,,,,,,,,,,,,,,,,,,,,,,,,,,,,,,,,,,,,,,,,,,,4189.95,,,,,,,,,,,,,,,,,,,,,,,,,,,,,0.066585,,,,,,,,,,,,,,,,,,,,,,,,,,,,,,,,,,,,,,3.70202,,,,,,,,,,,,,,,,,,,,,,,,,,,,,,,,,,,,,,,,,,,,,,,,,,,,,,,,,,,,,,,,,,,,,,,,,,,,,,,,,,,,,,,,,,,,,,,,,,,,,,,,,,,,,,,,,,,,,,,,,,,,,,,,,,,,,,,,,,,,,,,,,,,,,,,,,,,,,
1987-03-01,,,,,,,,,,,,,,,,,,,,,,,,,,,,,,,,,,,,,,,,,,,,,,,,,,,,,,,,,,,,,,,,,,,,,,,0.667504,,,,,,,,,,,,,,,,,,,,,,,0.173143,,,,,,,,,,,,,,,,,,,,,,,,,,,,,,,,,,,,,,,,,,,,,3650.3,,,,,,,,,,,,,,,,,,,,,,,,,,,,,0.066585,,,,,,,,,,,,,,,,,,,,,,,,,,,,,,,,,,,,,,3.7787,,,,,,,,,,,,,,,,,,,,,,,,,,,,,,,,,,,,,,,,,,,,,,,,,,,,,,,,,,,,,,,,,,,,,,,,,,,,,,,,,,,,,,,,,,,,,,,,,,,,,,,,,,,,,,,,,,,,,,,,,,,,,,,,,,,,,,,,,,,,,,,,,,,,,,,,,,,,,
1987-04-01,,,,,,,,,,,,,,,,,,,,,,,,,,,,,,,,,,,,,,,,,,,,,,,,,,,,,,,,,,,,,,,,,,,,,,,0.653616,,,,,,,,,,,,,,,,,,,,,,,0.173143,,,,,,,,,,,,,,,,,,,,,,,,,,,,,,,,,,,,,,,,,,,,,3210.12,,,,,,,,,,,,,,,,,,,,,,,,,,,,,0.066585,,,,,,,,,,,,,,,,,,,,,,,,,,,,,,,,,,,,,,3.96075,,,,,,,,,,,,,,,,,,,,,,,,,,,,,,,,,,,,,,,,,,,,,,,,,,,,,,,,,,,,,,,,,,,,,,,,,,,,,,,,,,,,,,,,,,,,,,,,,,,,,,,,,,,,,,,,,,,,,,,,,,,,,,,,,,,,,,,,,,,,,,,,,,,,,,,,,,,,,
1987-05-01,,,,,,,,,,,,,,,,,,,,,,,,,,,,,,,,,,,,,,,,,,,,,,,,,,,,,,,,,,,,,,,,,,,,,,,0.667504,,,,,,,,,,,,,,,,,,,,,,,0.182015,,,,,,,,,,,,,,,,,,,,,,,,,,,,,,,,,,,,,,,,,,,,,3693.85,,,,,,,,,,,,,,,,,,,,,,,,,,,,,0.066585,,,,,,,,,,,,,,,,,,,,,,,,,,,,,,,,,,,,,,3.97711,,,,,,,,,,,,,,,,,,,,,,,,,,,,,,,,,,,,,,,,,,,,,,,,,,,,,,,,,,,,,,,,,,,,,,,,,,,,,,,,,,,,,,,,,,,,,,,,,,,,,,,,,,,,,,,,,,,,,,,,,,,,,,,,,,,,,,,,,,,,,,,,,,,,,,,,,,,,,
1987-06-01,,,,,,,,,,,,,,,,,,,,,,,,,,,,,,,,,,,,,,,,,,,,,,,,,,,,,,,,,,,,,,,,,,,,,,,0.688434,,,,,,,,,,,,,,,,,,,,,,,0.217463,,,,,,,,,,,,,,,,,,,,,,,,,,,,,,,,,,,,,,,,,,,,,3745.16,,,,,,,,,,,,,,,,,,,,,,,,,,,,,0.053268,,,,,,,,,,,,,,,,,,,,,,,,,,,,,,,,,,,,,,4.15842,,,,,,,,,,,,,,,,,,,,,,,,,,,,,,,,,,,,,,,,,,,,,,,,,,,,,,,,,,,,,,,,,,,,,,,,,,,,,,,,,,,,,,,,,,,,,,,,,,,,,,,,,,,,,,,,,,,,,,,,,,,,,,,,,,,,,,,,,,,,,,,,,,,,,,,,,,,,,
1987-07-01,,,,,,,,,,,,,,,,,,,,,,,,,,,,,,,,,,,,,,,,,,,,,,,,,,,,,,,,,,,,,,,,,,,,,,,0.681587,,,,,,,,,,,,,,,,,,,,,,,0.268497,,,,,,,,,,,,,,,,,,,,,,,,,,,,,,,,,,,,,,,,,,,,,3906.9,,,,,,,,,,,,,,,,,,,,,,,,,,,,,0.053268,,,,,,,,,,,,,,,,,,,,,,,,,,,,,,,,,,,,,,4.45856,,,,,,,,,,,,,,,,,,,,,,,,,,,,,,,,,,,,,,,,,,,,,,,,,,,,,,,,,,,,,,,,,,,,,,,,,,,,,,,,,,,,,,,,,,,,,,,,,,,,,,,,,,,,,,,,,,,,,,,,,,,,,,,,,,,,,,,,,,,,,,,,,,,,,,,,,,,,,
1987-08-01,,,,,,,,,,,,,,,,,,,,,,,,,,,,,,,,,,,,,,,,,,,,,,,,,,,,,,,,,,,,,,,,,,,,,,,0.723936,,,,,,,,,,,,,,,,,,,,,,,0.266298,,,,,,,,,,,,,,,,,,,,,,,,,,,,,,,,,,,,,,,,,,,,,3763.81,,,,,,,,,,,,,,,,,,,,,,,,,,,,,0.053268,,,,,,,,,,,,,,,,,,,,,,,,,,,,,,,,,,,,,,4.76458,,,,,,,,,,,,,,,,,,,,,,,,,,,,,,,,,,,,,,,,,,,,,,,,,,,,,,,,,,,,,,,,,,,,,,,,,,,,,,,,,,,,,,,,,,,,,,,,,,,,,,,,,,,,,,,,,,,,,,,,,,,,,,,,,,,,,,,,,,,,,,,,,,,,,,,,,,,,,
1987-09-01,,,,,,,,,,,,,,,,,,,,,,,,,,,,,,,,,,,,,,,,,,,,,,,,,,,,,,,,,,,,,,,,,,,,,,,0.73088,,,,,,,,,,,,,,,,,,,,,,,0.206482,,,,,,,,,,,,,,,,,,,,,,,,,,,,,,,,,,,,,,,,,,,,,3511.86,,,,,,,,,,,,,,,,,,,,,,,,,,,,,0.039951,,,,,,,,,,,,,,,,,,,,,,,,,,,,,,,,,,,,,,5.12714,,,,,,,,,,,,,,,,,,,,,,,,,,,,,,,,,,,,,,,,,,,,,,,,,,,,,,,,,,,,,,,,,,,,,,,,,,,,,,,,,,,,,,,,,,,,,,,,,,,,,,,,,,,,,,,,,,,,,,,,,,,,,,,,,,,,,,,,,,,,,,,,,,,,,,,,,,,,,
1987-10-01,,,,,,,,,,,,,,,,,,,,,,,,,,,,,,,,,,,,,,,,,,,,,,,,,,,,,,,,,,,,,,,,,,,,,,,0.716699,,,,,,,,,,,,,,,,,,,,,,,0.119831,,,,,,,,,,,,,,,,,,,,,,,,,,,,,,,,,,,,,,,,,,,,,2600.46,,,,,,,,,,,,,,,,,,,,,,,,,,,,,0.013317,,,,,,,,,,,,,,,,,,,,,,,,,,,,,,,,,,,,,,3.59296,,,,,,,,,,,,,,,,,,,,,,,,,,,,,,,,,,,,,,,,,,,,,,,,,,,,,,,,,,,,,,,,,,,,,,,,,,,,,,,,,,,,,,,,,,,,,,,,,,,,,,,,,,,,,,,,,,,,,,,,,,,,,,,,,,,,,,,,,,,,,,,,,,,,,,,,,,,,,
1987-11-01,,,,,,,,,,,,,,,,,,,,,,,,,,,,,,,,,,,,,,,,,,,,,,,,,,,,,,,,,,,,,,,,,,,,,,,0.67435,,,,,,,,,,,,,,,,,,,,,,,0.102077,,,,,,,,,,,,,,,,,,,,,,,,,,,,,,,,,,,,,,,,,,,,,2244.3,,,,,,,,,,,,,,,,,,,,,,,,,,,,,0.013317,,,,,,,,,,,,,,,,,,,,,,,,,,,,,,,,,,,,,,3.7709,,,,,,,,,,,,,,,,,,,,,,,,,,,,,,,,,,,,,,,,,,,,,,,,,,,,,,,,,,,,,,,,,,,,,,,,,,,,,,,,,,,,,,,,,,,,,,,,,,,,,,,,,,,,,,,,,,,,,,,,,,,,,,,,,,,,,,,,,,,,,,,,,,,,,,,,,,,,,
1987-12-01,,,,,,,,,,,,,,,,,,,,,,,,,,,,,,,,,,,,,,,,,,,,,,,,,,,,,,,,,,,,,,,,,,,,,,,0.688434,,,,,,,,,,,,,,,,,,,,,,,0.104305,,,,,,,,,,,,,,,,,,,,,,,,,,,,,,,,,,,,,,,,,,,,,2516.47,,,,,,,,,,,,,,,,,,,,,,,,,,,,,0.013317,,,,,,,,,,,,,,,,,,,,,,,,,,,,,,,,,,,,,,4.39734,,,,,,,,,,,,,,,,,,,,,,,,,,,,,,,,,,,,,,,,,,,,,,,,,,,,,,,,,,,,,,,,,,,,,,,,,,,,,,,,,,,,,,,,,,,,,,,,,,,,,,,,,,,,,,,,,,,,,,,,,,,,,,,,,,,,,,,,,,,,,,,,,,,,,,,3.86762,,,,,,
1988-01-01,,,,,,,,,,,,,,,,,,,,,,,,,,,,,,,,,,,,,,,,,,,,,,,,,,,,,,,,,,,,,,,,,,,,,,,0.801298,,,,,,,,,,,,,,,,,,,,,,,0.173143,,,,,,,,,,,,,,,,,,,,,,,,,,,,,,,,,,,,,,,,,,,,,2922.4,,,,,,,,,,,,,,,,,,,,,,,,,,,,,0.026634,,,,,,,,,,,,,,,,,,,,,,,,,,,,,,,,,,,,,,3.85978,,,,,,,,,,,,,,,,,,,,,,,,,,,,,,,,,,,,,,,,,,,,,,,,,,,,,,,,,,,,,,,,,,,,,,,,,,,,,,,,,,,,,,,,,,,,,,,,,,,,,,,,,,,,,,,,,,,,,,,,,,,,,,,,,,,,,,,,,,,,,,,,,,,,,,,3.92753,,,,,,
1988-02-01,,,,,,,,,,,,,,,,,,,,,,,,,,,,,,,,,,,,,,,,,,,,,,,,,,,,,,,,,,,,,,,,,,,,,,,0.808242,,,,,,,,,,,,,,,,,,,,,,,0.15315,,,,,,,,,,,,,,,,,,,,,,,,,,,,,,,,,,,,,,,,,,,,,3291.01,,,,,,,,,,,,,,,,,,,,,,,,,,,,,0.025569,,,,,,,,,,,,,,,,,,,,,,,,,,,,,,,,,,,,,,4.20401,,,,,,,,,,,,,,,,,,,,,,,,,,,,,,,,,,,,,,,,,,,,,,,,,,,,,,,,,,,,,,,,,,,,,,,,,,,,,,,,,,,,,,,,,,,,,,,,,,,,,,,,,,,,,,,,,,,,,,,,,,,,,,,,,,,,,,,,,,,,,,,,,,,,,,,4.15145,,,,,,
1988-03-01,,,,,,,,,,,,,,,,,,,,,,,,,,,,,,,,,,,,,,,,,,,,,,,,,,,,,,,,,,,,,,,,,,,,,,,0.78702,,,,,,,,,,,,,,,,,,,,,,,0.150943,,,,,,,,,,,,,,,,,,,,,,,,,,,,,,,,,,,,,,,,,,,,,3488.51,,,,,,,,,,,,,,,,,,,,,,,,,,,,,0.038353,,,,,,,,,,,,,,,,,,,,,,,,,,,,,,,,,,,,,,4.00948,,,,,,,,,,,,,,,,,,,,,,,,,,,,,,,,,,,,,,,,,,,,,,,,,,,,,,,,,,,,,,,,,,,,,,,,,,,,,,,,,,,,,,,,,,,,,,,,,,,,,,,,,,,,,,,,,,,,,,,,,,,,,,,,,,,,,,,,,,,,,,,,,,,,,,,3.93519,,,,,,
1988-04-01,,,,,,,,,,,,,,,,,,,,,,,,,,,,,,,,,,,,,,,,,,,,,,,,,,,,,,,,,,,,,,,,,,,,,,,0.808242,,,,,,,,,,,,,,,,,,,,,,,0.137575,,,,,,,,,,,,,,,,,,,,,,,,,,,,,,,,,,,,,,,,,,,,,3308.1,,,,,,,,,,,,,,,,,,,,,,,,,,,,,0.045811,,,,,,,,,,,,,,,,,,,,,,,,,,,,,,,,,,,,,,4.01728,,,,,,,,,,,,,,,,,,,,,,,,,,,,,,,,,,,,,,,,,,,,,,,,,,,,,,,,,,,,,,,,,,,,,,,,,,,,,,,,,,,,,,,,,,,,,,,,,,,,,,,,,,,,,,,,,,,,,,,,,,,,,,,,,,,,,,,,,,,,,,,,,,,,,,,4.02402,,,,,,
1988-05-01,,,,,,,,,,,,,,,,,,,,,,,,,,,,,,,,,,,,,,,,,,,,,,,,,,,,,,,,,,,,,,,,,,,,,,,0.871423,,,,,,,,,,,,,,,,,,,,,,,0.159745,,,,,,,,,,,,,,,,,,,,,,,,,,,,,,,,,,,,,,,,,,,,,3269.26,,,,,,,,,,,,,,,,,,,,,,,,,,,,,0.040483,,,,,,,,,,,,,,,,,,,,,,,,,,,,,,,,,,,,,,4.04535,,,,,,,,,,,,,,,,,,,,,,,,,,,,,,,,,,,,,,,,,,,,,,,,,,,,,,,,,,,,,,,,,,,,,,,,,,,,,,,,,,,,,,,,,,,,,,,,,,,,,,,,,,,,,,,,,,,,,,,,,,,,,,,,,,,,,,,,,,,,,,,,,,,,,,,4.30765,,,,,,
1988-06-01,,,,,,,,,,,,,,,,,,,,,,,,,,,,,,,,,,,,,,,,,,,,,,,,,,,,,,,,,,,,,,,,,,,,,,,0.885604,,,,,,,,,,,,,,,,,,,,,,,0.182015,,,,,,,,,,,,,,,,,,,,,,,,,,,,,,,,,,,,,,,,,,,,,3774.7,,,,,,,,,,,,,,,,,,,,,,,,,,,,,0.040483,,,,,,,,,,,,,,,,,,,,,,,,,,,,,,,,,,,,,,4.50261,,,,,,,,,,,,,,,,,,,,,,,,,,,,,,,,,,,,,,,,,,,,,,,,,,,,,,,,,,,,,,,,,,,,,,,,,,,,,,,,,,,,,,,,,,,,,,,,,,,,,,,,,,,,,,,,,,,,,,,,,,,,,,,,,,,,,,,,,,,,,,,,,,,,,,,4.41203,,,,,,
1988-07-01,0.777282,,,,,,,,,,,,,,,,,,,,,,,,,,,,,,,,,,,,,,,,,,,,,,,,,,,,,,,,,,,,,,,,,,,,,,0.878073,,,,,,,,,,,,,,,,,,,,,,,0.21971,,,,,,,,,,,,,,,,,,,,,,,,,,,,,,,,,,,,,,,,,,,,,3465.2,,,,,,,,,,,,,,,,,,,,,,,,,,,,,0.042614,,,,,,,,,,,,,,,,,,,,,,,,,,,,,,,,,,,,,,4.30536,,,,,,,,,,,,,,,,,,,,,,,,,,,,,,,,,,,,,,,,,,,,,,,,,,,,,,,,,,,,,,,,,,,,,,,,,,,,,,,,,,,,,,,,,,,,,,,,,,,,,,,,,,,,,,,,,,,,,,,,,,,,,,,,,,,,,,,,,,,,,,,,,,,,,,,4.35232,,,,,,
1988-08-01,0.665895,,,,,,,,,,,,,,,,,,,,,,,,,,,,,,,,,,,,,,,,,,,,,,,,,,,,,,,,,,,,,,,,,,,,,,0.906143,,,,,,,,,,,,,,,,,,,,,,,0.241949,,,,,,,,,,,,,,,,,,,,,,,,,,,,,,,,,,,,,,,,,,,,,3210.12,,,,,,,,,,,,,,,,,,,,,,,,,,,,,0.041549,,,,,,,,,,,,,,,,,,,,,,,,,,,,,,,,,,,,,,4.15099,,,,,,,,,,,,,,,,,,,,,,,,,,,,,,,,,,,,,,,,,,,,,,,,,,,,,,,,,,,,,,,,,,,,,,,,,,,,,,,,,,,,,,,,,,,,,,,,,,,,,,,,,,,,,,,,,,,,,,,,,,,,,,,,,,,,,,,,,,,,,,,,,,,,,,,4.32988,,,,,,
1988-09-01,0.75048,,,,,,,,,,,,,,,,,,,,,,,,,,,,,,,,,,,,,,,,,,,,,,,,,,,,,,,,,,,,,,,,,,,,,,0.913478,,,,,,,,,,,,,,,,,,,,,,,0.26407,,,,,,,,,,,,,,,,,,,,,,,,,,,,,,,,,,,,,,,,,,,,,3426.31,,,,,,,,,,,,,,,,,,,,,,,,,,,,,0.037288,,,,,,,,,,,,,,,,,,,,,,,,,,,,,,,,,,,,,,4.34432,,,,,,,,,,,,,,,,,,,,,,,,,,,,,,,,,,,,,,,,,,,,,,,,,,,,,,,,,,,,,,,,,,,,,,,,,,,,,,,,,,,,,,,,,,,,,,,,,,,,,,,,,,,,,,,,,,,,,,,,,,,,,,,,,,,,,,,,,,,,,,,,,,,,,,,4.56813,,,,,,
1988-10-01,0.740126,,,,,,,,,,,,,,,,,,,,,,,,,,,,,,,,,,,,,,,,,,,,,,,,,,,,,,,,,,,,,,,,,,,,,,0.96238,,,,,,,,,,,,,,,,,,,,,,,0.259674,,,,,,,,,,,,,,,,,,,,,,,,,,,,,,,,,,,,,,,,,,,,,3486.95,,,,,,,,,,,,,,,,,,,,,,,,,,,,,0.05966,,,,,,,,,,,,,,,,,,,,,,,,,,,,,,,,,,,,,,4.46244,,,,,,,,,,,,,,,,,,,,,,,,,,,,,,,,,,,,,,,,,,,,,,,,,,,,,,,,,,,,,,,,,,,,,,,,,,,,,,,,,,,,,,,,,,,,,,,,,,,,,,,,,,,,,,,,,,,,,,,,,,,,,,,,,,,,,,,,,,,,,,,,,,,,,,,4.82919,,,,,,
1988-11-01,0.699714,,,,,,,,,,,,,,,,,,,,,,,,,,,,,,,,,,,,,,,,,,,,,,,,,,,,,,,,,,,,,,,,,,,,,,0.990445,,,,,,,,,,,,,,,,,,,,,,,0.277477,,,,,,,,,,,,,,,,,,,,,,,,,,,,,,,,,,,,,,,,,,,,,3385.89,,,,,,,,,,,,,,,,,,,,,,,,,,,,,0.056464,,,,,,,,,,,,,,,,,,,,,,,,,,,,,,,,,,,,,,4.26365,,,,,,,,,,,,,,,,,,,,,,,,,,,,,,,,,,,,,,,,,,,,,,,,,,,,,,,,,,,,,,,,,,,,,,,,,,,,,,,,,,,,,,,,,,,,,,,,,,,,,,,,,,,,,,,,,,,,,,,,,,,,,,,,,,,,,,,,,,,,,,,,,,,,,,,4.65791,,,,,,
1988-12-01,0.794233,,,,,,,,,,,,,,,,,,,,,,,,,,,,,,,,,,,,,,,,,,,,,,,,,,,,,,,,,,,,,,,,,,,,,,0.983799,,,,,,,,,,,,,,,,,,,,,,,0.268497,,,,,,,,,,,,,,,,,,,,,,,,,,,,,,,,,,,,,,,,,,,,,3480.75,,,,,,,,,,,,,,,,,,,,,,,,,,,,,0.039418,,,,,,,,,,,,,,,,,,,,,,,,,,,,,,,,,,,,,,4.41725,,,,,,,,,,,,,,,,,,,,,,,,,,,,,,,,,,,,,,,,,,,,,,,,,,,,,,,,,,,,,,,,,,,,,,,,,,,,,,,,,,,,,,,,,,,,,,,,,,,,,,,,,,,,,,,,,,,,,,,,,,,,,,,,,,,,,,,,,,,,,,,,,,,,,,,4.60582,,,,,,
1989-01-01,0.92298,,,,,,,,,,,,,,,,,,,,,,,,,,,,,,,,,,,,,,,,,,,,,,,,,,,,,,,,,,,,,,,,,,,,,,0.955729,,,,,,,,,,,,,,,,,,,,,,,0.288527,,,,,,,,,,,,,,,,,,,,,,,,,,,,,,,,,,,,,,,,,,,,,3889.81,,,,,,,,,,,,,,,,,,,,,,,,,,,,,0.035157,,,,,,,,,,,,,,,,,,,,,,,,,,,,,,,,,,,,,,4.89946,,,,,,,,,,,,,,,,,,,,,,,,,,,,,,,,,,,,,,,,,,,,,,,,,,,,,,,,,,,,,,,,,,,,,,,,,,,,,,,,,,,,,,,,,,,,,,,,,,,,,,,,,,,,,,,,,,,,,,,,,,,,,,,,,,,,,,,,,,,,,,,,,,,,,,,4.79978,,,,,,
1989-02-01,0.882326,,,,,,,,,,,,,,,,,,,,,,,,,,,,,,,,,,,,,,,,,,,,,,,,,,,,,,,,,,,,,,,,,,,,,,0.997983,,,,,,,,,,,,,,,,,,,,,,,0.33967,,,,,,,,,,,,,,,,,,,,,,,,,,,,,,,,,,,,,,,,,,,,,3752.92,,,,,,,,,,,,,,,,,,,,,,,,,,,,,0.040483,,,,,,,,,,,,,,,,,,,,,,,,,,,,,,,,,,,,,,4.69717,,,,,,,,,,,,,,,,,,,,,,,,,,,,,,,,,,,,,,,,,,,,,,,,,,,,,,,,,,,,,,,,,,,,,,,,,,,,,,,,,,,,,,,,,,,,,,,,,,,,,,,,,,,,,,,,,,,,,,,,,,,,,,,,,,,,,,,,,,,,,,,,,,,,,,,4.82182,,,,,,
1989-03-01,1.00048,,,,,,,,,,,,,,,,,,,,,,,,,,,,,,,,,,,,,,,,,,,,,,,,,,,,,,,,,,,,,,,,,,,,,,0.969812,,,,,,,,,,,,,,,,,,,,,,,0.357306,,,,,,,,,,,,,,,,,,,,,,,,,,,,,,,,,,,,,,,,,,,,,4110.65,,,,,,,,,,,,,,,,,,,,,,,,,,,,,0.037288,,,,,,,,,,,,,,,,,,,,,,,,,,,,,,,,,,,,,,4.66008,,,,,,,,,,,,,,,,,,,,,,,,,,,,,,,,,,,,,,,,,,,,,,,,,,,,,,,,,,,,,,,,,,,,,,,,,,,,,,,,,,,,,,,,,,,,,,,,,,,,,,,,,,,,,,,,,,,,,,,,,,,,,,,,,,,,,,,,,,,,,,,,,,,,,,,5.1571,,,,,,
1989-04-01,1.0782,,,,,,,,,,,,,,,,,,,,,,,,,,,,,,,,,,,,,,,,,,,,,,,,,,,,,,,,,,,,,,,,,,,,,,1.02595,,,,,,,,,,,,,,,,,,,,,,,0.397239,,,,,,,,,,,,,,,,,,,,,,,,,,,,,,,,,,,,,,,,,,,,,4572.55,,,,,,,,,,,,,,,,,,,,,,,,,,,,,0.030895,,,,,,,,,,,,,,,,,,,,,,,,,,,,,,,,,,,,,,4.81333,,,,,,,,,,,,,,,,,,,,,,,,,,,,,,,,,,,,,,,,,,,,,,,,,,,,,,,,,,,,,,,,,,,,,,,,,,,,,,,,,,,,,,,,,,,,,,,,,,,,,,,,,,,,,,,,,,,,,,,,,,,,,,,,,,,,,,,,,,,,,,,,,,,,,,,5.09011,,,,,,
1989-05-01,1.16262,,,,,,,,,,,,,,,,,,,,,,,,,,,,,,,,,,,,,,,,,,,,,,,,,,,,,,,,,,,,,,,,,,,,,,1.13138,,,,,,,,,,,,,,,,,,,,,,,0.486157,,,,,,,,,,,,,,,,,,,,,,,,,,,,,,,,,,,,,,,,,,,,,4866.5,,,,,,,,,,,,,,,,,,,,,,,,,,,,,0.026634,,,,,,,,,,,,,,,,,,,,,,,,,,,,,,,,,,,,,,4.70574,,,,,,,,,,,,,,,,,,,,,,,,,,,,,,,,,,,,,,,,,,,,,,,,,,,,,,,,,,,,,,,,,,,,,,,,,,,,,,,,,,,,,,,,,,,,,,,,,,,,,,,,,,,,,,,,,,,,,,,,,,,,,,,,,,,,,,,,,,,,,,,,,,,,,,,5.14238,,,,,,
1989-06-01,1.12564,,,,,,,,,,,,,,,,,,,,,,,,,,,,,,,,,,,,,,,,,,,,,,,,,,,,,,,,,,,,,,,,,,,,,,1.13138,,,,,,,,,,,,,,,,,,,,,,,0.423885,,,,,,,,,,,,,,,,,,,,,,,,,,,,,,,,,,,,,,,,,,,,,4760.75,,,,,,,,,,,,,,,,,,,,,,,,,,,,,0.026634,,,,,,,,,,,,,,,,,,,,,,,,,,,,,,,,,,,,,,4.30924,,,,,,,,,,,,,,,,,,,,,,,,,,,,,,,,,,,,,,,,,,,,,,,,,,,,,,,,,,,,,,,,,,,,,,,,,,,,,,,,,,,,,,,,,,,,,,,,,,,,,,,,,,,,,,,,,,,,,,,,,,,,,,,,,,,,,,,,,,,,,,,,,,,,,,,5.42561,,,,,,
1989-07-01,1.22719,,,,,,,,,,,,,,,,,,,,,,,,,,,,,,,,,,,,,,,,,,,,,,,,,,,,,,,,,,,,,,,,,,,,,,1.18723,,,,,,,,,,,,,,,,,,,,,,,0.492662,,,,,,,,,,,,,,,,,,,,,,,,,,,,,,,,,,,,,,,,,,,,,5076.49,,,,,,,,,,,,,,,,,,,,,,,,,,,,,0.024503,,,,,,,,,,,,,,,,,,,,,,,,,,,,,,,,,,,,,,4.62777,,,,,,,,,,,,,,,,,,,,,,,,,,,,,,,,,,,,,,,,,,,,,,,,,,,,,,,,,,,,,,,,,,,,,,,,,,,,,,,,,,,,,,,,,,,,,,,,,,,,,,,,,,,,,,,,,,,,,,,,,,,,,,,,,,,,,,,,,,,,,,,,,,,,,,,5.85026,,,,,,
1989-08-01,1.35202,,,,,,,,,,,,,,,,,,,,,,,,,,,,,,,,,,,,,,,,,,,,,,,,,,,,,,,,,,,,,,,,,,,,,,1.19447,,,,,,,,,,,,,,,,,,,,,,,0.516873,,,,,,,,,,,,,,,,,,,,,,,,,,,,,,,,,,,,,,,,,,,,,5659.74,,,,,,,,,,,,,,,,,,,,,,,,,,,,,0.020242,,,,,,,,,,,,,,,,,,,,,,,,,,,,,,,,,,,,,,5.36099,,,,,,,,,,,,,,,,,,,,,,,,,,,,,,,,,,,,,,,,,,,,,,,,,,,,,,,,,,,,,,,,,,,,,,,,,,,,,,,,,,,,,,,,,,,,,,,,,,,,,,,,,,,,,,,,,,,,,,,,,,,,,,,,,,,,,,,,,,,,,,,,,,,,,,,5.82784,,,,,,
1989-09-01,1.2913,,,,,,,,,,,,,,,,,,,,,,,,,,,,,,,,,,,,,,,,,,,,,,,,,,,,,,,,,,,,,,,,,,,,,,1.19447,,,,,,,,,,,,,,,,,,,,,,,0.606087,,,,,,,,,,,,,,,,,,,,,,,,,,,,,,,,,,,,,,,,,,,,,5225.79,,,,,,,,,,,,,,,,,,,,,,,,,,,,,0.023438,,,,,,,,,,,,,,,,,,,,,,,,,,,,,,,,,,,,,,5.0944,,,,,,,,,,,,,,,,,,,,,,,,,,,,,,,,,,,,,,,,,,,,,,,,,,,,,,,,,,,,,,,,,,,,,,,,,,,,,,,,,,,,,,,,,,,,,,,,,,,,,,,,,,,,,,,,,,,,,,,,,,,,,,,,,,,,,,,,,,,,,,,,,,,,,,,6.15566,,,,,,
1989-10-01,1.27093,,,,,,,,,,,,,,,,,,,,,,,,,,,,,,,,,,,,,,,,,,,,,,,,,,,,,,,,,,,,,,,,,,,,,,1.20161,,,,,,,,,,,,,,,,,,,,,,,0.490762,,,,,,,,,,,,,,,,,,,,,,,,,,,,,,,,,,,,,,,,,,,,,4676.77,,,,,,,,,,,,,,,,,,,,,,,,,,,,,0.019177,,,,,,,,,,,,,,,,,,,,,,,,,,,,,,,,,,,,,,5.00784,,,,,,,,,,,,,,,,,,,,,,,,,,,,,,,,,,,,,,,,,,,,,,,,,,,,,,,,,,,,,,,,,,,,,,,,,,,,,,,,,,,,,,,,,,,,,,,,,,,,,,,,,,,,,,,,,,,,,,,,,,,,,,,,,,,,,,,,,,,,,,,,,,,,,,,7.03524,,,,,,
1989-11-01,1.21012,,,,,,,,,,,,,,,,,,,,,,,,,,,,,,,,,,,,,,,,,,,,,,,,,,,,,,,,,,,,,,,,,,,,,,1.27867,,,,,,,,,,,,,,,,,,,,,,,0.403943,,,,,,,,,,,,,,,,,,,,,,,,,,,,,,,,,,,,,,,,,,,,,4911.61,,,,,,,,,,,,,,,,,,,,,,,,,,,,,0.01598,,,,,,,,,,,,,,,,,,,,,,,,,,,,,,,,,,,,,,5.11661,,,,,,,,,,,,,,,,,,,,,,,,,,,,,,,,,,,,,,,,,,,,,,,,,,,,,,,,,,,,,,,,,,,,,,,,,,,,,,,,,,,,,,,,,,,,,,,,,,,,,,,,,,,,,,,,,,,,,,,,,,,,,,,,,,,,,,,,,,,,,,,,,,,,,,,7.21423,,,,,,
1989-12-01,1.19319,,,,,,,,,,,,,,,,,,,,,,,,,,,,,,,,,,,,,,,,,,,,,,,,,,,,,,,,,,,,,,,,,,,,,,1.37725,,,,,,,,,,,,,,,,,,,,,,,0.366246,,,,,,,,,,,,,,,,,,,,,,,,,,,,,,,,,,,,,,,,,,,,,4858.76,,,,,,,,,,,,,,,,,,,,,,,,,,,,,0.01598,,,,,,,,,,,,,,,,,,,,,,,,,,,,,,,,,,,,,,5.59808,,,,,,,,,,,,,,,,,,,,,,,,,,,,,,,,,,,,,,,,,,,,,,,,,,,,,,,,,,,,,,,,,,,,,,,,,,,,,,,,,,,,,,,,,,,,,,,,,,,,,,,,,,,,,,,,,,,,,,,,,,,,,,,,,,,,,,,,,,,,,,,,,,,,,,,6.64035,,,,,,
1990-01-01,1.05133,,,,,,,,,,,,,,,,,,,,,,,,,,,,,,,,,,,,,,,,,,,,,,,,,,,,,,,,,,,,,,,,,,,,,,1.27163,,,,,,,,,,,,,,,,,,,,,,,0.30845,,,,,,,,,,,,,,,,,,,,,,,,,,,,,,,,,,,,,,,,,,,,,4600.55,,,,,,,,,,,,,,,,,,,,,,,,,,,,,0.01598,,,,,,,,,,,,,,,,,,,,,,,,,,,,,,,,,,,,,,5.00784,,,,,,,,,,,,,,,,,,,,,,,,,,,,,,,,,,,,,,,,,,,,,,,,,,,,,,,,,,,,,,,,,,,,,,,,,,,,,,,,,,,,,,,,,,,,,,,,,,,,,,,,,,,,,,,,,,,,,,,,,,,,,,,,,,,,,,,,,,,,,,,,,,,,,,,6.51356,,,,,,
1990-02-01,0.969989,,,,,,,,,,,,,,,,,,,,,,,,,,,,,,,,,,,,,,,,,,,,,,,,,,,,,,,,,,,,,,,,,,,,,,1.28563,,,,,,,,,,,,,,,,,,,,,,,0.297419,,,,,,,,,,,,,,,,,,,,,,,,,,,,,,,,,,,,,,,,,,,,,4978.5,,,,,,,,,,,,,,,,,,,,,,,,,,,,,0.019177,,,,,,,,,,,,,,,,,,,,,,,,,,,,,,,,,,,,,,5.05578,,,,,,,,,,,,,,,,,,,,,,,,,,,,,,,,,,,,,,,,,,,,,,,,,,,,,,,,,,,,,,,,,,,,,,,,,,,,,,,,,,,,,,,,,,,,,,,,,,,,,,,,,,,,,,,,,,,,,,,,,,,,,,,,,,,,,,,,,,,,,,,,,,,,,,,6.65512,,,,,,
1990-03-01,0.953284,,,,,,,,,,,,,0.479594,,,,,,,,,,,,,,,,,,,,,,,,,,,,,,,,,,,0.631088,,,,,,,,,,,,,,,,0.108629,,,,,,1.27163,,,,,,,,,,,,,,,,,,,,,,,0.355127,,,,,,,,,,,,,,,,,,,,,,,,,,,,,,,,,,,,0.141116,,,,,,,,,5309.81,,,,,,,,,,,,,,,,,,,,,,,,,,,,,0.036222,,,,,,,,,,,,,,,,,,,,,,,,,,,,,,,,,,,,,,5.20588,,,,,,,,,,,,,,,,,,,,,,,,,,,,,,,,,,,,,,,,,,,,,,,,,,,,,,,,,,,,,,,,,,,,,,,,,,,,,,,,,,,,,,,,,,,,,,,,,,,,,,,,,,,,,,,,,,,,,,,,,,,,,,,,,,,,,,,,,,,,,,,,,,,0.4825,,,,6.12607,,,,,,
1990-04-01,0.838235,,,,,,,,,,,,,0.483522,,,,,,,,,,,,,,,,,,,,,,,,,,,,,,,,,,,0.605397,,,,,,,,,,,,,,,,0.117311,,,,,,1.20835,,,,,,,,,,,,,,,,,,,,,,,0.266298,,,,,,,,,,,,,,,,,,,,,,,,,,,,,,,,,,,,0.123882,,,,,,,,,5238.23,,,,,,,,,,,,,,,,,,,,,,,,,,,,,0.034092,,,,,,,,,,,,,,,,,,,,,,,,,,,,,,,,,,,,,,4.89052,,,,,,,,,,,,,,,,,,,,,,,,,,,,,,,,,,,,,,,,,,,,,,,,,,,,,,,,,,,,,,,,,,,,,,,,,,,,,,,,,,,,,,,,,,,,,,,,,,,,,,,,,,,,,,,,,,,,,,,,,,,,,,,,,,,,,,,,,,,,,,,,,,,0.4875,,,,5.83555,,,,,,
1990-05-01,1.01734,,,,,,,,,,,,,0.571714,,,,,,,,,,,,,,,,,,,,,,,,,,,,,,,,,,,0.648181,,,,,,,,,,,,,,,,0.124306,,,,,,1.32113,,,,,,,,,,,,,,,,,,,,,,,0.277477,,,,,,,,,,,,,,,,,,,,,,,,,,,,,,,,,,,,0.160047,,,,,,,,,5519.73,,,,,,,,,,,,,,,,,,,,,,,,,,,,,0.034092,,,,,,,,,,,,,,,,,,,,,,,,,,,,,,,,,,,,,,4.92795,,,,,,,,,,,,,,,,,,,,,,,,,,,,,,,,,,,,,,,,,,,,,,,,,,,,,,,,,,,,,,,,,,,,,,,,,,,,,,,,,,,,,,,,,,,,,,,,,,,,,,,,,,,,,,,,,,,,,,,,,,,,,,,,,,,,,,,,,,,,,,,,,,,0.5225,,,,6.86369,,,,,,
1990-06-01,0.963317,,,,,,,,,,,,,0.617774,,,,,,,,,,,,,,,,,,,,,,,,,,,,,,,,,,,0.673674,,,,,,,,,,,,,,,,0.124306,,,,,,1.35594,,,,,,,,,,,,,,,,,,,,,,,0.290736,,,,,,,,,,,,,,,,,,,,,,,,,,,,,,,,,,,,0.117022,,,,,,,,,5250.68,,,,,,,,,,,,,,,,,,,,,,,,,,,,,0.033026,,,,,,,,,,,,,,,,,,,,,,,,,,,,,,,,,,,,,,4.57903,,,,,,,,,,,,,,,,,,,,,,,,,,,,,,,,,,,,,,,,,,,,,,,,,,,,,,,,,,,,,,,,,,,,,,,,,,,,,,,,,,,,,,,,,,,,,,,,,,,,,,,,,,,,,,,,,,,,,,,,,,,,,,,,,,,,,,,,,,,,,,,,,,,0.5375,,,,6.64788,,,,,,
1990-07-01,0.902774,,,,,,,,,,,,,0.587067,,,,,,,,,,,,,,,,,,,,,,,,,,,,,,,,,,,0.648181,,,,,,,,,,,,,,,,0.11821,,,,,,1.37725,,,,,,,,,,,,,,,,,,,,,,,0.259674,,,,,,,,,,,,,,,,,,,,,,,,,,,,,,,,,,,,0.0929285,,,,,,,,,4605.25,,,,,,,,,,,,,,,,,,,,,,,,,,,,,0.031961,,,,,,,,,,,,,,,,,,,,,,,,,,,,,,,,,,,,,,4.13074,,,,,,,,,,,,,,,,,,,,,,,,,,,,,,,,,,,,,,,,,,,,,,,,,,,,,,,,,,,,,,,,,,,,,,,,,,,,,,,,,,,,,,,,,,,,,,,,,,,,,,,,,,,,,,,,,,,,,,,,,,,,,,,,,,,,,,,,,,,,,,,,,,,0.5475,,,,6.53597,,,,,,
1990-08-01,0.770768,,,,,,,,,,,,,0.529492,,,,,,,,,,,,,,,,,,,,,,,,,,,,,,,,,,,0.417879,,,,,,,,,,,,,,,,0.110376,,,,,,1.35594,,,,,,,,,,,,,,,,,,,,,,,0.212968,,,,,,,,,,,,,,,,,,,,,,,,,,,,,,,,,,,,0.0954903,,,,,,,,,4093.54,,,,,,,,,,,,,,,,,,,,,,,,,,,,,0.027699,,,,,,,,,,,,,,,,,,,,,,,,,,,,,,,,,,,,,,3.36276,,,,,,,,,,,,,,,,,,,,,,,,,,,,,,,,,,,,,,,,,,,,,,,,,,,,,,,,,,,,,,,,,,,,,,,,,,,,,,,,,,,,,,,,,,,,,,,,,,,,,,,,,,,,,,,,,,,,,,,,,,,,,,,,,,,,,,,,,,,,,,,,,,,0.51,,,,6.13352,,,,,,
1990-09-01,0.672576,,,,,,,,,,,,,0.571714,,,,,,,,,,,,,,,,,,,,,,,,,,,,,,,,,,,0.409253,,,,,,,,,,,,,,,,0.109478,,,,,,1.35594,,,,,,,,,,,,,,,,,,,,,,,0.126495,,,,,,,,,,,,,,,,,,,,,,,,,,,,,,,,,,,,0.0696892,,,,,,,,,3967.56,,,,,,,,,,,,,,,,,,,,,,,,,,,,,0.023438,,,,,,,,,,,,,,,,,,,,,,,,,,,,,,,,,,,,,,3.17296,,,,,,,,,,,,,,,,,,,,,,,,,,,,,,,,,,,,,,,,,,,,,,,,,,,,,,,,,,,,,,,,,,,,,,,,,,,,,,,,,,,,,,,,,,,,,,,,,,,,,,,,,,,,,,,,,,,,,,,,,,,,,,,,,,,,,,,,,,,,,,,,,,,0.44,,,,5.40307,,,,,,
1990-10-01,0.706476,,,,,,,,,,,,,0.468178,,,,,,,,,,,,,,,,,,,,,,,,,,,,,,,,,,,0.400864,,,,,,,,,,,,,,,,0.07302,,,,,,1.47536,,,,,,,,,,,,,,,,,,,,,,,0.115435,,,,,,,,,,,,,,,,,,,,,,,,,,,,,,,,,,,,0.0645465,,,,,,,,,4202.42,,,,,,,,,,,,,,,,,,,,,,,,,,,,,0.014915,,,,,,,,,,,,,,,,,,,,,,,,,,,,,,,,,,,,,,3.40713,,,,,,,,,,,,,,,,,,,,,,,,,,,,,,,,,,,,,,,,,,,,,,,,,,,,,,,,,,,,,,,,,,,,,,,,,,,,,,,,,,,,,,,,,,,,,,,,,,,,,,,,,,,,,,,,,,,,,,,,,,,,,,,,,,,,,,,,,,,,,,,,,,,0.525,,,,5.8429,,,,,,
1990-11-01,0.801164,,,,,,,,,,,,,0.537268,,,,,,,,,,,,,,,,,,,,,,,,,,,,,,,,,,,0.417879,,,,,,,,,,,,,,,,0.095573,,,,,,1.58812,,,,,,,,,,,,,,,,,,,,,,,0.142021,,,,,,,,,,,,,,,,,,,,,,,,,,,,,,,,,,,,0.0981099,,,,,,,,,4115.31,,,,,,,,,,,,,,,,,,,,,,,,,,,,,0.02474,,,,,,,,,,,,,,,,,,,,,,,,,,,,,,,,,,,,,,3.7627,,,,,,,,,,,,,,,,,,,,,,,,,,,,,,,,,,,,,,,,,,,,,,,,,,,,,,,,,,,,,,,,,,,,,,,,,,,,,,,,,,,,,,,,,,,,,,,,,,,,,,,,,,,,,,,,,,,,,,,,,,,,,,,,,,,,,,,,,,,,,,,,,,,0.6025,,,,6.69978,,,,,,
1990-12-01,0.94303,,,,,,,,,,,,,0.640903,,,,,,,,,,,,,,,,,,,,,,,,,,,,,,,,,,,0.477362,,,,,,,,,,,,,,,,0.0877736,,,,,,1.60181,,,,,,,,,,,,,,,,,,,,,,,0.15315,,,,,,,,,,,,,,,,,,,,,,,,,,,,,,,,,,,,0.0929285,,,,,,,,,4042.22,,,,,,,,,,,,,,,,,,,,,,,,,,,,,0.019531,,,,,,,,,,,,,,,,,,,,,,,,,,,,,,,,,,,,,,3.92019,,,,,,,,,,,,,,,,,,,,,,,,,,,,,,,,,,,,,,,,,,,,,,,,,,,,,,,,,,,,,,,,,,,,,,,,,,,,,,,,,,,,,,,,,,,,,,,,,,,,,,,,,,,,,,,,,,,,,,,,,,,,,,,,,,,,,,,,,,,,,,,,,,,0.6825,,,,6.87859,,,,,,
1991-01-01,1.0782,,,,,,,,,,,,,0.88252,,,,,,,,,,,,,,,,,,,,,,,,,,,,,,,,,,,0.57111,,,,,,,,,,,,,,,,0.105158,,,,,,1.59496,,,,,,,,,,,,,,,,,,,,,,,0.159745,,,,,,,,,,,,,,,,,,,,,,,,,,,,,,,,,,,,0.119602,,,,,,,,,4970.74,,,,,,,,,,,,,,,,,,,,,,,,,,,,,0.018229,,,,,,,,,,,,,,,,,,,,,,,,,,,,,,,,,,,,,,4.33968,,,,,,,,,,,,,,,,,,,,,,,,,,,,,,,,,,,,,,,,,,,,,,,,,,,,,,,,,,,,,,,,,,,,,,,,,,,,,,,,,,,,,,,,,,,,,,,,,,,,,,,,,,,,,,,,,,,,,,,,,,,,,,,,,,,,,,,,,,,,,,,,,,,0.675,,,,6.38665,,,,,,
1991-02-01,1.01417,,,,,,,,,,,,,1.04756,,,,,,,,,,,,,,,,,,,,,,,,,,,,,,,,,,,0.648181,,,,,,,,,,,,,,,,0.12685,,,,,,1.69335,,,,,,,,,,,,,,,,,,,,,,,0.190847,,,,,,,,,,,,,,,,,,,,,,,,,,,,,,,,,,,,0.117022,,,,,,,,,5471.54,,,,,,,,,,,,,,,,,,,,,,,,,,,,,0.015625,,,,,,,,,,,,,,,,,,,,,,,,,,,,,,,,,,,,,,4.40516,,,,,,,,,,,,,,,,,,,,,,,,,,,,,,,,,,,,,,,,,,,,,,,,,,,,,,,,,,,,,,,,,,,,,,,,,,,,,,,,,,,,,,,,,,,,,,,,,,,,,,,,,,,,,,,,,,,,,,,,,,,,,,,,,,,,,,,,,,,,,,,,,,,0.75,,,,6.64788,,,,,,
1991-03-01,1.1427,,,,,,,,,,,,,1.15888,,,,,,,,,,,,,,,,,,,,,,,,,,,,,,,,,,,0.673674,,,,,,,,,,,,,,,,0.152067,,,,,,1.79869,,,,,,,,,,,,,,,,,,,,,,,0.21971,,,,,,,,,,,,,,,,,,,,,,,,,,,,,,,,,,,,0.135952,,,,,,,,,5070.26,,,,,,,,,,,,,,,,,,,,,,,,,,,,,0.019531,,,,,,,,,,,,,,,,,,,,,,,,,,,,,,,,,,,,,,4.07342,,,,,,,,,,,,,,,,,,,,,,,,,,,,,,,,,,,,,,,,,,,,,,,,,,,,,,,,,,,,,,,,,,,,,,,,,,,,,,,,,,,,,,,,,,,,,,,,,,,,,,,,,,,,,,,,,,,,,,,,,,,,,,,,,,,,,,,,,,,,,,,,,,,0.7625,,,,7.63898,,,,,,
1991-04-01,1.20671,,,,,,,,,,,,,1.10514,,,,,,,,,,,,,,,,,,,,,,,,,,,,,,,,,,,0.648181,,,,,,,,,,,,,,,,0.113028,,,,,,1.74246,,1.28086,,,,,,,,,,,,,,,,,,,,,0.212968,,,,,,,,,,,,,,,,,,,,,,,,,,,,,,,,,,,,0.157455,,,,,,,,,5098.25,,,,,,,,,,,,,,,,,,,,,,,,,,,,,0.014323,,,,,,,,,,,,,,,,,,,,,,,,,,,,,,,,,,,,,,4.20401,,,,,,,,,,,,,,,,,,,,,,,,,,,,,,,,,,,,,,,,,,,,,,,,,,,,,,,,,,,,,,,,,,,,,,,,,,,,,,,,,,,,,,,,,,,,,,,,,,,,,,,,,,,,,,,,,,,,,,,,,,,,,,,,,,,,,,,,,,,,,,,,,,,0.85,,,,7.02789,,,,,,
1991-05-01,1.17941,,,,,,,,,,,,,1.05494,,,,,,,,,,,,,,,,,,,,,,,,,,,,,,,,,,,0.699067,,,,,,,,,,,,,,,,0.129513,,,,,,1.80573,,1.31787,,,,,,,,,,,,,,,,,,,,,0.332898,,,,,,,,,,,,,,,,,,,,,,,,,,,,,,,,,,,,0.169518,,,,,,,,,5513.52,,,,,,,,,,,,,,,,,,,,,,,,,,,,,0.015625,,,,,,,,,,,,,,,,,,,,,,,,,,,,,,,,,,,,,,4.64024,,,,,,,,,,,,,,,,,,,,,,,,,,,,,,,,,,,,,,,,,,,,,,,,,,,,,,,,,,,,,,,,,,,,,,,,,,,,,,,,,,,,,,,,,,,,,,,,,,,,,,,,,,,,,,,,,,,,,,,,,,,,,,,,,,,,,,,,,,,,,,,,,,,0.8725,,,,7.01289,,,,,,
1991-06-01,1.03772,,,,,,,,,,,,,1.02443,,,,,,,,,,,,,,,,,,,,,,,,,,,,,,,,,,,0.707762,,,,,,,,,,,,,,,,0.119913,,,,,,1.76358,,1.15167,,,,,,,,,,,,,,,,,,,,,0.335165,,,,,,,,,,,,,,,,,,,,,,,,,,,,,,,,,,,,0.165219,,,,,,,,,5018.94,,,,,,,,,,,,,,,,,,,,,,,,,,,,,0.018229,,,,,,,,,,,,,,,,,,,,,,,,,,,,,,,,,,,,,,4.4944,,,,,,,,,,,,,,,,,,,,,,,,,,,,,,,,,,,,,,,,,,,,,,,,,,,,,,,,,,,,,,,,,,,,,,,,,,,,,,,,,,,,,,,,,,,,,,,,,,,,,,,,,,,,,,,,,,,,,,,,,,,,,,,,,,,,,,,,,,,,,,,,,,,0.8825,,,,7.01289,,,,,,
1991-07-01,1.01734,,,,,,,,,,,,,1.18171,,,,,,,,,,,,,,,,,,,,,,,,,,,,,,,,,,,0.758945,,,,,,,,,,,,,,,,0.128658,,,,,,1.86226,,1.456,,,,,,,,,,,,,,,,,,,,,0.357306,,,,,,,,,,,,,,,,,,,,,,,,,,,,,,,,,,,,0.193609,,,,,,,,,5466.87,,,,,,,,,,,,,,,,,,,,,,,,,,,,,0.018229,,,,,,,,,,,,,,,,,,,,,,,,,,,,,,,,,,,,,,4.69717,,,,,,,,,,,,,,,,,,,,,,,,,,,,,,,,,,,,,,,,,,,,,,,,,,,,,,,,,,,,,,,,,,,,,,,,,,,,,,,,,,,,,,,,,,,,,,,,,,,,,,,,,,,,,,,,,,,,,,,,,,,,,,,,,,,,,,,,,,,,,,,,,,,0.9375,,,,7.06537,,,,,,
1991-08-01,0.993717,,,,,,,,,,,,,1.43149,,,,,,,,,,,,,,,,,,,,,,,,,,,,,,,,,,,0.818822,,,,,,,,,,,,,,,,0.152067,,,,,,1.98148,,1.56723,,,,,,,,,,,,,,,,,,,,,0.435034,,,,,,,,,,,,,,,,,,,,,,,,,,,,,,,,,,,,0.217703,,,,,,,,,4874.32,,,,,,,,,,,,,,,,,,,,,,,,,,,,,0.019531,,,,,,,,,,,,,,,,,,,,,,,,,,,,,,,,,,,,,,0.451471,,,,,,,,,,,,,,,,,,,,,,,,,,,,,,,,,,,,,,,,,,,,,,,,,,,,,,,,,,,,,,,,,,,,,,,,,,,,,,,,,,,,,,,,,,,,,,,,,,,,,,,,,,,,,,,,,,,,,,,,,,,,,,,,,,,,,,,,,,,,,,,,,,,0.9825,,,,6.91617,,,,,,
1991-09-01,1.15945,,,,,,,,,,,,2.8739,1.51564,,,,,,,,,,,,,,,,,,,,,,,,,,,,,,,,,,,0.690767,,,,,,,,,,,,,,,,0.137345,,,,,,2.07987,,1.64066,,,,,,,,,,,,,,,,,,,,,0.381723,,,,,,,,,,,,,,,,,,,,,,,,,,,,,,,,,,,,0.18673,,,,,,,,,4773.21,,,,,,,,,,,,,,,,,,,,,,,,,,,,,0.019531,,,,,,,,,,,,,,,,,,,,,,,,,,,,,,,,,,,,,,4.4742,,,,,,,,,,,,,,,,,,,,,,,,,,,,,,,,,,,,,,,,,,,,,,,,,,,,,,,,,,,,,,,,,,,,,,,,,,,,,,,,,,,,,,,,,,,,,,,,,,,,,,,,,,,,,,,,,,,,,,,,,,,,,,,,,,,,,,,,,,,,,,,,,,,1.0525,,,,7.00527,,,,,,
1991-10-01,1.19319,,,,,,,,,,,,2.837,1.52716,6.74563,,,,,,,,,,,,,,,,,,,,,,,,,,,,,,,,,,0.682171,,,,,,,,,,,,,,,,0.138959,,,,,,2.07283,,2.09186,,,,,,,,,,,,,,,,,,,,,0.390606,,,,,,,,,,,,,,,,,,,,,,,,,,,,,,,,,,,,0.255547,,,,,,,,,4602.12,,,,,,,,,,,,,,,,,,,,,,,,,,,,,0.016927,,,,,,,,,,,,,,,,,,,,,,,,,,,,,,,,,,,,,,4.62351,,,,,,,,,,,,,,,,,,,,,,,,,,,,,,,,,,,,,,,,,,,,,,,,,,,,,,,,,,,,,,,,,,,,,,,,,,,,,,,,,,,,,,,,,,,,,,,,,,,,,,,,,,,,,,,,,,,,,,,,,,,,,,,,,,,,,,,,,,,,,,,,,,,1.1275,,,,6.85645,,,,,,
1991-11-01,1.12564,,,,,,,,,,,,1.8422,1.46182,6.3466,,,,,,,,,,,,,,,,,,,,,,,,,,,,,,,,,,0.699067,,,,,,,,,,,,,,,,0.137345,,,,,,2.17798,,1.98172,,,,,,,,,,,,,,,,,,,,,0.377238,,,,,,,,,,,,,,,,,,,,,,,,,,,,,,,,,,,,0.241768,,,,,,,,,4224.18,,,,,,,,,,,,,,,,,,,,,,,,,,,,,0.023438,,,,,,,,,,,,,,,,,,,,,,,,,,,,,,,,,,,,,,4.21998,,,,,,,,,,,,,,,,,,,,,,,,,,,,,,,,,,,,,,,,,,,,,,,,,,,,,,,,,,,,,,,,,,,,,,,,,,,,,,,,,,,,,,,,,,,,,,,,,,,,,,,,,,,,,,,,,,,,,,,,,,,,,,,,,,,,,,,,,,,,,,,,,,,1.1325,,,,6.55084,,,,,,
1991-12-01,1.21353,,,,,,,,,,,,1.9988,2.13352,7.23166,,,,,,,,,,,,,,,,,,,,,,,,,,,,,,,,,,0.801433,,,,,,,,,,,,,,,,0.17732,,,,,,2.29053,,2.35978,,,,,,,,,,,,,,,,,,,,,0.417191,,,,,,,,,,,,,,,,,,,,,,,,,,,,,,,,,,,,0.239205,,,,,,,,,4878.97,,,,,,,,,,,,,,,,,,,,,,,,,,,,,0.023438,,,,,,,,,,,,,,,,,,,,,,,,,,,,,,,,,,,,,,4.66008,,,,,,,,,,,,,,,,,,,,,,,,,,,,,,,,,,,,,,,,,,,,,,,,,,,,,,,,,,,,,,,,,,,,,,,,,,,,,,,,,,,,,,,,,,,,,,,,,,,,,,,,,,,,,,,,,,,,,,,,,,,,,,,,,,,,,,,,,,,,,,,,,,,1.2425,,,,7.41505,,,,,,
1992-01-01,1.1427,,,,,,,,,,,,2.3765,2.15616,7.65194,,,,0.501903,,,,,,,,,,,,,,,,,,,,,,,,,,,,,,0.827024,,,,,,,,,,,,,,,,0.173803,,,,,,2.20614,,2.8478,,,,,,,,,,,,,,,,,,,,,0.550341,,,,,,,,,,,,,,,,,,,,,,,,,,,,,,,,,,,,0.283937,,,,,,,,,4973.84,,,,,,,,,,,,,,,,,,,,,,,,,,,,,0.020833,,,,,,,,,,,,,,,,,,,,,,,,,,,,,,,,,,,,,,4.70574,,,,,,,,,,,,,,,,,,,,,,,,,,,,,,,,,,,,,,,,,,,,,,,,,,,,,,,,,,,,,,,,,,,,,,,,,,,,,,,,,,,,,,,,,,,,,,,,,,,,,,,,,,,,,,,,,,,,,,,,,,,,,,,,,,,,,,,,,,,,,,,,,,,1.1525,,,,6.96064,,,,,,
1992-02-01,1.15945,,,,,,,,,,,,2.1462,2.11029,9.31994,,,,0.428274,,,,,,,,,,,,,,,,,,,,,,,,,,,,,,0.869906,,,,,,,,,,,,,,,,0.171177,,,,,,2.25543,,2.5898,,,,,,,,,,,,,,,,,,,,,0.516873,,,,,,,,,,,,,,,,,,,,,,,,,,,,,,,,,,,,0.263289,,,,,,,,,5104.47,,,,,,,,,,,,,,,,,,,,,,,,,,,,,0.027344,,,,,,,,,,,,,,,,,,,,,,,,,,,,,,,,,,,,,,4.82502,,,,,,,,,,,,,,7.69,,,,,,,,,,,,,,,,,,,,,,,,,,,,,,,,,,,,,,,,,,,,,,,,,,,,,,,,,,,,,,,,,,,,,,,,,,,,,,,,,,,,,,,,,,,,,,,,,,,,,,,,,,,,,,,,,,,,,,,,,,,,,,,,,,,,,1.0625,,,,6.87859,,,,,,
1992-03-01,1.04432,,,,,,,,,4.62,,,1.6856,2.04898,8.77668,,,,0.397706,,,,,,,,,,,,,,,,,,,,,,,,,,,,,,0.869906,,,,,,,,,,,,,,,,0.165177,,,,,,2.2344,,2.62682,,,,,,,,,,,,,,,,,,,,,0.45272,,,,,,,,,,,,,,,,,,,,,,,,,,,,,,,,,,,,0.246067,,,,,,,,,4659.68,,,,,,,,,,,,,,,,,,,,,,,,,,,,,0.028646,,,,,,,,,,,,,,,,,,,,,,,,,,,,,,,,,,,,,,5.21287,,,,,,,,,,,,,,8.0,,,,,,,,,,,,,,,,,,,,,,,,,,,,,,,,,,,,,,,,,,,,,,,,,,,,,,,,,,,,,,,,,,,,,,,,,,,,,,,,,,,,,,,,,,,,,,,,,,,,,,,,,,,,,,,,,,,,,,,,,,,,,,,,,,,,,1.0875,,,,6.94564,,,,,,
1992-04-01,1.10869,,,,,,,,,3.89,,,1.2251,2.04898,9.31211,,,,0.312688,,,,,,,,,,,,,,,,,,,,,,,,,,,,,,0.741851,,,,,,,,,,,,,,,,0.170281,,,,,,2.33973,,2.70035,,,,,,,,,,,,,,,,,,,,,0.406171,,,,,,,,,,,,,,,,,,,,,,,,,,,,,,,,,,,,0.20996,,,,,,,,,4421.7,,,,,,,,,,,,,,,,,,,,,,,,,,,,,0.020833,,,,,,,,,,,,,,,,,,,,,,,,,,,,,,,,,,,,,,5.44405,,,,,,,,,,,,,,7.25,,,,,,,,,,,,,,,,,,,,,,,,,,,,,,,,,,,,,,,,,,,,,,,,,,,,,,,,,,,,,,,,,,,,,,,,,,,,,,,,,,,,,,,,,,,,,,,,,,,,,,,,,,,,,,,,,,,,,,,,,,,,,,,,,,,,,1.145,,,,7.20677,,,,,,
1992-05-01,1.22719,,,,,,,,,3.66,,,1.2251,2.03352,9.37875,,,,0.297268,,,,,,,,,,,,,,,,,,,,,,,,,,,,,,0.844216,,,,,,,,,,,,,,,,0.183379,,,,,,2.43813,,2.88441,,,,,,,,,,,,,,,,,,,,,0.368446,,,,,,,,,,,,,,,,,,,,,,,,,,,,,,,,,,,,0.220256,,,,,,,,,4245.95,,,,,,,,,,,,,,,,,,,,,,,,,,,,,0.016927,,,,,,,,,,,,,,,,,,,,,,,,,,,,,,,,,,,,,,5.34739,,,,,,,,,,,,,,6.85,,,,,,,,,,,,,,,,,,,,,,,,,,,,,,,,,,,,,,,,,,,,,,,,,,,,,,,,,,,,,,,,,,,,,,,,,,,,,,,,,,,,,,,,,,,,,,,,,,,,,,,,,,,,,,,,,,,,,,,,,,,,,,,,,,,,,1.1675,,,,7.19181,,,,,,
1992-06-01,1.27445,,,,,,,,,3.27,,,1.0132,1.82242,9.1759,,,,0.297268,,,,,,,,,,,,,,,,,,,,,,,,,,,,,,0.844216,,,,,,,,,,,,,,,,0.175529,,,,,,2.48761,,2.73726,,,,,,,,,,,,,,,,,,,,,0.355127,,,,,,,,,,,,,,,,,,,,,,,,,,,,,,,,,,,,0.227136,,,,,,,,,4040.66,,,,,,,,,,,,,,,,,,,,,,,,,,,,,0.015625,,,,,,,,,,,,,,,,,,,,,,,,,,,,,,,,,,,,,,5.10921,,,,,,,,,,,,,,7.0,,,,,,,,,,,,,,,,,,,,,,,,,,,,,,,,,,,,,,,,,,,,,,,,,,,,,,,,,,,,,,,,,,,,,,,,,,,,,,,,,,,,,,,,,,,,,,,,,,,,,,,,,,,,,,,,,,,,,,,,,,,,,,,,,,,,,1.0875,,,,7.18435,,,,,,
1992-07-01,1.17315,,,,,,,,,3.77,,,1.308,1.00515,9.56101,,,,0.289529,,,,,,,,,,,,,,,,,,,,,,,,,,,,,,0.869906,,,,,,,,,,,,,,,,0.192077,,,,,,2.62796,,3.26268,,,,,,,,,,,,,,,,,,,,,0.350711,,,,,,,,,,,,,,,,,,,,,,,,,,,,,,,,,,,,0.234044,,,,,,,,,4137.1,,,,,,,,,,,,,,,,,,,,,,,,,,,,,0.029948,,,,,,,,,,,,,,,,,,,,,,,,,,,,,,,,,,,,,,5.1852,,,,,,,,,,,,,,6.5,,,,,,,,,,,,,,,,,,,,,,,,,,,,,,,,,,,,,,,,,,,,,,,,,,,,,,,,,,,,,,,,,,,,,,,,,,,,,,,,,,,,,,,,,,,,,,,,,,,,,,,,,,,,,,,,,,,,,,,,,,,,,,,,,,,,,1.2225,,,,7.2812,,,,,,
1992-08-01,1.13224,,,,,,,,,3.21,,,1.0961,0.813627,9.37875,,,,0.239338,,,,,,,,,,,,,,,,,,,,,,,,,,,,,,0.810127,,,,,,,,,,,,,,,,0.178114,,,,,,2.62082,,3.68639,,,,,,,,,,,,,,,,,,,,,0.381723,,,,,,,,,,,,,,,,,,,,,,,,,,,,,,,,,,,,0.258099,,,,,,,,,3743.59,,,,,,,,,,,,,,,,,,,,,,,,,,,,,0.026042,,,,,,,,,,,,,,,,,,,,,,,,,,,,,,,,,,,,,,4.98873,,,,,,,,,,,,,,6.25,,,,,,,,,,,,,,,,,,,,,,,,,,,,,,,,,,,,,,,,,,,,,,,,,,,,,,,,,,,,,,,,,,,,,,,,,,,,,,,,,,,,,,,,,,,,,,,,,,,,,,,,,,,,,,,,,,,,,,,,,,,,,,,,,,,,,1.1975,,,,7.87771,,,,,,
1992-09-01,1.16612,,,,,,,,,2.87,,,0.9948,0.498688,9.68448,,,,0.270206,,,,,,,,,,,,,,,,,,,,,,,,,,,,,,0.801433,,,,,,,,,,,,,,,,0.175529,,,,,,2.58571,,5.07848,,,,,,,,,,,,,,,,,,,,,0.326155,,,,,,,,,,,,,,,,,,,,,,,,,,,,,,,,,,,,0.317492,,,,,,,,,4193.07,,,,,,,,,,,,,,,,,,,,,,,,,,,,,0.03125,,,,,,,,,,,,,,,,,,,,,,,,,,,,,,,,,,,,,,5.03164,,,,,,,,,,,,,,7.38,,,,,,,,,,,,,,,,,,,,,,,,,,,,,,,,,,,,,,,,,,,,,,,,,,,,,,,,,,,,,,,,,,,,,,,,,,,,,,,,,,,,,,,,,,,,,,,,,,,,,,,,,,,,,,,,,,,,,,,,,,,,,,,,,,,,,1.16,,,,8.43782,,,,,,
1992-10-01,1.00389,,,,,,,,,2.65,,,1.4554,0.606161,9.79226,,,,0.332001,,,,,,,,,,,,,,,,,,,,,,,,,,,,,,0.801433,,,,,,,,,,,,,,,,0.202449,,,,,,2.5012,,5.15231,,,,,,,,,,,,,,,,,,,,,0.443857,,,,,,,,,,,,,,,,,,,,,,,,,,,,,,,,,,,,0.322654,,,,,,,,,4249.07,,,,,,,,,,,,,,,,,,,,,,,,,,,,,0.029948,,,,,,,,,,,,,,,,,,,,,,,,,,,,,,,,,,,,,,5.01216,,,,,,,,,,,,,,7.56,,,,,,,,,,,,,,,,,,,,,,,,,,,,,,,,,,,,,,,,,,,,,,,,,,,,,,,,,,,,,,,,,,,,,,,,,,,,,,,,,,,,,,,,,,,,,,,,,,,,,,,,,,,,,,,,,,,,,,,,,,,,,,,,,,,,,1.135,,,,8.78696,,,,,,
1992-11-01,1.28764,,,,,,,,,2.48,,,1.6119,0.564038,10.2616,,,,0.378315,,,,,,,,,,,,,,,,,,,,,,,,,,,,,,0.784536,,,,,,,,,,,,,,,,0.219037,,,,,,2.52234,,6.66348,,,,,,,,,,,,,,,,,,,,,0.516873,,,,,,,,,,,,,,,,,,,,,,,,,,,,,,,,,,,,0.399261,,,,,,,,,3989.35,,,,,,,,,,,,,,,,,,,,,,,,,,,,,0.049479,,,,,,,,,,,,,,,,,,,,,,,,,,,,,,,,,,,,,,4.77277,,,,,,,,,,,,,,7.81,,,,,,,,,,,,,,,,,,,,,,,,,,,,,,,,,,,,,,,,,,,,,,,,,,,,,,,,,,,,,,,,,,,,,,,,,,,,,,,,,,,,,,,,,,,,,,,,,,,,,,,,,,,,,,,,,,,,,,,,,,,,,,,,,,,,,1.185,,,,8.68964,,,,,,
1992-12-01,1.4163,,,,,,,,,2.37,,,1.3448,0.656157,9.75504,,,,0.463268,,,,,,,,,,,,,,,,,,,,,,,,,,,,,,0.801433,,,,,,,,,,,,,,,,0.224204,,,,,,2.63481,,7.0229,,,,,,,,,,,,,,,,,,,,,0.512714,,,,,,,,,,,,,,,,,,,,,,,,,,,,,,,,,,,,0.399261,,,,,,,,,3829.15,,,,,,,,,,,,,,,,,,,,,,,,,,,,,0.046224,,,,,,,,,,,,,,,,,,,,,,,,,,,,,,,,,,,,,,5.1938,,,,,,,,,,,,,,8.66,,,,,,,,,,,,,,,,,,,,,,,,,,,,,,,,,,,,,,,,,,,,,,,,,,,,,,,,,,,,,,,,,,,,,,,,,,,,,,,,,,,,,,,,,,,,,,,,,,,,,,,,,,,,,,,,,,,,,,,,,,,,,,,,,,,,,1.2475,,,,8.60855,,,,,,
1993-01-01,1.49746,,,,,,,,,2.37,,,1.0777,0.510399,10.0078,,,,0.416796,,,,,,,,,,,,,,,,,,,,,,,,,,,,,,0.878206,,,,,,,,,,,,,,,,0.242428,,,,,,2.60683,,7.0229,,,,,,,,,,,,,,,,,,,,,0.568362,,,,,,,,,,,,,,,,,,,,,,,,,,,,,,,,,,,,0.47324,,,,,,,,,3905.34,,,,,,,,,,,,,,,,,,,,,,,,,,,,,0.044271,,,,,,,,,,,,,,,,,,,,,,,,,,,,,,,,,,,,,,4.8176,,,,,,,,,,,,,,8.44,,,,,,,,,,,,,,,,,,,,,,,,,,,,,,,,,,,,,,,,,,,,,,,,,,,,,,,,,,,,,,,,,,,,,,,,,,,,,,,,,,,,,,,,,,,,,,,,,,,,,,,,,,,,,,,,,,,,,,,,,,,,,,,,,,,,,1.47,,,,8.64613,,,,,,
1993-02-01,1.65283,,,,,,,,,2.08,,,1.0777,0.510399,10.2058,,,,0.3397,,,,,,,,,,,,,,,,,,,,,,,,,,,,,,0.758945,,,,,,,,,,,,,,,,0.237305,,,,,,2.85291,,5.5667,,,,,,,,,,,,,,,,,,,,,0.512714,,,,,,,,,,,,,,,,,,,,,,,,,,,,,,,,,,,,0.509346,,,,,,,,,3710.96,,,,,,,,,,,,,,,,,,,,,,,,,,,,,0.033854,,,,,,,,,,,,,,,,,,,,,,,,,,,,,,,,,,,,,,4.94158,,,,,,,,,,,,,,8.0,,,,,,,,,,,,,,,,,,,,,,,,,,,,,,,,,,,,,,,,,,,,,,,,,,,,,,,,,,,,,,,,,,,,,,,,,,,,,,,,,,,,,,,,,,,,,,,,,,,,,,,,,,,,,,,,,,,,,,,,,,,,,,,,,,,,,1.345,,,,8.98706,,,,,,
1993-03-01,1.71381,,,,,,,,,2.14,,,0.8843,0.617774,10.8593,,,,0.297268,,,,,,,,,,,,,,,,,,,,,,,,,,,,,,0.758945,,,,,,,,,,,,,,,0.265612,0.275563,,,,,,2.84557,,6.41482,,,,,,,,,,,,,,,,,,,,,0.512714,,,,,,,,,,,,,,,,,,,,,,,,,,,,,,,,,,,,0.57563,,,,,,,,,3984.68,,,,,,,,,,,,,,,,,,,,,,,,,,,,,0.03125,,,,,,,,,,,,,,,,,,,,,,,,,,,,,,,,,,,,,,4.71038,,,,,,,,,,,,,,8.38,,,,,,,,,,,,,,,,,,,,,,,,,,,,,,,,,,,,,,,,,,,,,,,,,,,,,,,,,,,,,,,,,,,,,,,,,,,,,,,,,,,,,,,,,,,,,,,,,,,,,,,,,,,,,,,,,,,,,,,,,,,,,,,,,,,,,1.53,,,,9.00212,,,,,,
1993-04-01,1.32847,,,,,,,,,1.69,,,0.7277,0.636867,10.931,,,,0.355167,,,,,,,,,,,,,,,,,,,,,,,,,,,,,,0.648181,,,,,,,,,,,,,,,0.347979,0.240769,,,,,,2.8176,,5.22574,,,,,,,,,,,,,,,,,,,,,0.417191,,,,,,,,,,,,,,,,,,,,,,,,,,,,,,,,,,,,0.573892,,,,,,,,,4379.7,,,,,,,,,,,,,,,,,,,,,,,,,,,,,0.029948,,,,,,,,,,,,,,,,,,,,,,,,,,,,,,,,,,,,,,5.00396,,,,,,,,,,,,,,8.78,,,,,,,,,,,,,,,,,,,,,,,,,,,,,,,,,,,,,,,,,,,,,,,,,,,,,,,,,,,,,,,,,,,,,,,,,,,,,,,,,,,,,,,,,,,,,,,,,,,,,,,,,,,,,,,,,,,,,,,,,,,,,,,,,,,,,1.32,,,,8.55549,,,,,,
1993-05-01,1.5685,,,,,,,,,1.75,,,0.8658,0.821008,10.3391,,,,0.389928,,,,,,,,,,,,,,,,,,,,,,,,,,,,,,0.716457,,,,,,,,,,,,,,,0.381676,0.262459,,,,,,2.82474,,5.60351,,,,,,,,,,,,,,,,,,,,,0.346196,,,,,,,,,,,,,,,,,,,,,,,,,,,,,,,,,,,,0.707263,,,,,,,,,4336.16,,,,,,,,,,,,,,,,,,,,,,,,,,,,,0.029948,,,,,,,,,,,,,,,,,,,,,,,,,,,,,,,,,,,,,,5.18947,,,,,,,,,,,,,,10.13,,,,,,,,,,,,,,,,,,,,,,,,,,,,,,,,,,,,,,,,,,,,,,,,,,,,,,,,,,,,,,,,,,,,,,,,,,,,,,,,,,,,,,,,,,,,,,,,,,,,,,,,,,,,,,,,,,,,,,,,,,,,,,,,,,,,,1.425,,,,8.59328,,,,,,
1993-06-01,1.61252,,,,,,,,,1.63,,,0.8474,0.640903,9.93833,,,,0.393803,,,,,,,,,,,,,,,,,,,,,,,,,,,,,,0.690767,,,,,,,,,,,,,,,0.478891,0.267765,,,,,,2.91599,,4.75549,,,,,,,,,,,,,,,,,,,,,0.390606,,,,,,,,,,,,,,,,,,,,,,,,,,,,,,,,,,,,0.758022,,,,,,,,,3648.74,,,,,,,,,,,,,,,,,,,,,,,,,,,,,0.029948,,,,,,,,,,,,,,,,,,,,,,,,,,,,,,,,,,,,,,5.26359,,,,,,,,,,,,,,11.38,,,,,,,,,,,,,,,,,,,,,,,,,,,,,,,,,,,,,,,,,,,,,,,,,,,,,,,,,,,,,,,,,,,,,,,,,,,,,,,,,,,,,,,,,,,,,,,,,,,,,,,,,,,,,,,,,,,,,,,,,,,,,,,,,,,,,1.4075,,,,8.35343,,,,,,
1993-07-01,1.82535,,,,,,,,,1.69,,,0.5711,0.640903,10.5929,,,,0.332001,,,,,,,,,,,,,,,,,,,,,,,,,,,,,,0.664978,,,,,,,,,,,,,,,0.467665,0.25909,,,,,,2.91599,,5.72319,,,,,,,,,,,,,,,,,,,,,0.350711,,,,,,,,,,,,,,,,,,,,,,,,,,,,,,,,,,,,0.798496,,,,,,,,,3780.92,,,,,,,,,,,,,,,,,,,,,,,,,,,,,0.029948,,,,,,,,,,,,,,,,,,,,,,,,,,,,,,,,,,,,,,5.57353,,,,,,,,,,,,,,12.19,,,,,,,,,,,,,,,,,,,,,,,,,,,,,,,,,,,,,,,,,,,,,,,,,,,,,,,,,,,,,,,,,,,,,,,,,,,,,,,,,,,,,,,,,,,,,,,,,,,,,,,,,,,,,,,,,,,,,,,,,,,,,,,,,,,,,1.4825,,,,8.45196,,,,,,
1993-08-01,2.31207,,,,,,,,,1.86,,,0.8106,0.798273,10.0833,,,,0.355167,,,,,,,,,,,,,,,,,,,,,,,,,,,,,,0.690767,,,,,,,,,,,,,,,0.763449,0.275563,,,,,,3.13361,,5.18883,,,,,,,,,,,,,,,,,,,,,0.355127,,,,,,,,,,,,,,,,,,,,,,,,,,,,,,,,,,,,0.900982,,,,,,,,,4076.42,,,,,,,,,,,,,,,,,,,,,,,,,,,,,0.031901,,,,,,,,,,,,,,,,,,,,,,,,,,,,,,,,,,,,,,5.46122,,,,,,,,,,,,,,12.06,,,,,,,,,,,,,,,,,,,,,,,,,,,,,,,,,,,,,,,,,,,,,,,,,,,,,,,,,,,,,,,,,,,,,,,,,,,,,,,,,,,,,,,,,,,,,,,,,,,,,,,,,,,,,,,,,,,,,,,,,,,,,,,,,,,,,1.5375,,,,8.69787,,,,,,
1993-09-01,2.28516,,,,,,,,,1.58,,,0.7645,0.928678,10.2058,,,,0.351294,,,,,,,,,,,,,,,,,,,,,,,,,,,,,,0.750349,,,,,,,,,,,,,,,0.853191,0.278057,,,,,,3.14104,,5.26226,,,,,,,,,,,,,,,,,,,,,0.355127,,,,,,,,,,,,,,,,,,,,,,,,,,,,,,,,,,,,0.974891,,,,,,,,,3934.92,,,,,,,,,,,,,,,,,,,,,,,,,,,,,0.027995,,,,,,,,,,,,,,,,,,,,,,,,,,,,,,,,,,,,,,5.49628,,,,,,,,,,,,,,11.88,,,,,,,,,,,,,,,,,,,,,,,,,,,,,,,,,,,,,,,,,,,,,,,,,,,,,,,,,,,,,,,,,,,,,,,,,,,,,,,,,,,,,,,,,,,,,,,,,,,,,,,,,,,,,,,,,,,,,,,,,,,,,,,,,,,,,1.575,,,,8.40657,,,,,,
1993-10-01,3.06563,,,,,,,,,1.52,,,0.8658,0.970703,10.444,,,,0.343555,,,,,,,,,,,,,,,,,,,,,,,,,,,,,,0.810127,,,,,,,,,,,,,,,1.04788,0.33196,,,,,,3.15472,,5.47441,,,,,,,,,,,,,,,,,,,,,0.399507,,,,,,,,,,,,,,,,,,,,,,,,,,,,,,,,,,,,0.759779,,,,,,,,,4378.16,,,,,,,,,,,,,,,,,,,,,,,,,,,,,0.02474,,,,,,,,,,,,,,,,,,,,,,,,,,,,,,,,,,,,,,5.21287,,,,,,,,,,,,,,12.88,,,,,,,,,,,,,,,,,,,,,,,,,,,,,,,,,,,,,,,,,,,,,,,,,,,,,,,,,,,,,,,,,,,,,,,,,,,,,,,,,,,,,,,,,,,,,,,,,,,,,,,,,,,,,,,,,,,,,,,,,,,,,,,,,,,,,1.5925,,,,7.9136,,,,,,
1993-11-01,2.70048,,,,,,,,,1.58,,,0.9211,0.790302,10.1177,,,,0.332001,,,,,,,,,,,,,,,,,,,,,,,,,,,,,,0.716457,,,,,,,,,,,,,,,1.04788,0.3207,,,,,,3.04245,,5.83413,,,,,,,,,,,,,,,,,,,,,0.457205,,,,,,,,,,,,,,,,,,,,,,,,,,,,,,,,,,,,0.860442,,,,,,,,,4382.8,,,,,,,,,,,,,,,,,,,,,,,,,,,,,0.032552,,,,,,,,,,,,,,,,,,,,,,,,,,,,,,,,,,,,,,5.46122,,,,,,,,,,,,,,11.31,,,,,,,,,,,,,,,,,,,,,,,,,,,,,,,,,,,,,,,,,,,,,,,,,,,,,,,,,,,,,,,,,,,,,,,,,,,,,,,,,,,,,,,,,,,,,,,,,,,,,,,,,,,,,,,,,,,,,,,,,,,,,,,,,,,,,1.61,,,,7.77993,,,,,,
1993-12-01,2.67695,,6.99343,,,,,,,1.52,,,0.8843,0.874745,10.2058,,,,0.289529,,,,,,,,,,,,,,,,,,,,,,,,,,,,,,0.784536,,,,,,,,,,,,,,,1.27959,0.334636,,,,,,3.08479,,6.34079,,,,,,,,,,,,,,,,,,,,,0.332898,,,,,,,,,,,,,,,,,,,,,,,,,,,,,,,,,,,,0.931615,,,,,,,,,4127.74,,,,,,,,,,,,,,,,,,,,,,,,,,,,,0.027344,,,,,,,,,,,,,,,,,,,,,,,,,,,,,,,,,,,,,,5.39147,,,,,,,,,,,,,,11.31,,,,,,,,,,,,,,,,,,,,,,,,,,,,,,,,,,,,,,,,,,,,,,,,,,,,,,,,,,,,,,,,,,,,,,,,,,,,,,,,,,,,,,,,,,,,,,,,,,,,,,,,,,,,,,,,,,,,,,,,,,,,,,,,,,,,,1.425,,,,7.88486,,,,,,
1994-01-01,2.30838,,7.57071,,,,,,,1.44,,,0.9948,0.683026,10.4096,,,,0.308823,,,,,,,,,,,,,,,,,,,,,,,,,,,,,,0.835817,,,,,,,,,,,,,,,1.3023,0.369296,,,,,,3.0003,,6.19333,,,,,,,,,,,,,,,,,,,,,0.33967,,,,,,,,,,,,,,,,,,,,,,,,,,,,,,,,,,,,1.02564,,,,,,,,,4221.07,,,,,,,,,,,,,,,,,,,,,,,,,,,,,0.02474,,,,,,,,,,,,,,,,,,,,,,,,,,,,,,,,,,,,,,6.03624,,,,,,,,,,,,,,11.28,,,,,,,,,,,,,,,,,,,,,,,,,,,,,,,,,,,,,,,,,,,,,,,,,,,,,,,,,,,,,,,,,,,,,,,,,,,,,,,,,,,,,,,,,,,,,,,,,,,,,,,,,,,,,,,,,,,,,,,,,,,,,,,,,,,,,1.425,,,,7.98189,,,,,,
1994-02-01,2.24777,,7.95594,,,,,,,1.52,,,0.8106,0.667673,9.84519,,,,0.289529,,,,,,,,,,,,,,,,,,,,,,,,,,,,,,0.989167,,,,,,,,,,,,,,,1.45937,0.378064,,,,,,2.89496,,6.03665,,,,,,,,,,,,,,,,,,,,,0.37501,,,,,,,,,,,,,,,,,,,,,,,,,,,,,,,,,,,,1.03272,,,,,,,,,3752.92,,,,,,,,,,,,,,,,,,,,,,,,,,,,,0.027344,,,,,,,,,,,,,,,,,,,,,,,,,,,,,,,,,,,,,,6.04755,,,,,,,,,,,,,,11.22,,,,,,,,,,,,,,,,,,,,,,,,,,,,,,,,,,,,,,,,,,,,,,,,,,,,,,,,,,,,,,,,,,,,,,,,,,,,,,,,,,,,,,,,,,,,,,,,,,,,,,,,,,,,,,,,,,,,,,,,,,,,,,,,,,,,,1.4825,,,,8.04209,,,,,,
1994-03-01,2.00112,,8.06151,,,,,,,1.24,,,0.5987,0.752116,10.1049,,,,0.258642,,,,,,,,,,,,,,,,,,,,,,,,,,,,,,0.921088,,,,,,,,,,,,,,,1.25362,0.351021,,,,,,2.92284,,5.18883,,,,,,,,,,,,,,,,,,,,,0.390606,,,,,,,,,,,,,,,,,,,,,,,,,,,,,,,,,,,,0.888785,,,,,,,,,3421.64,,,,,,,,,,,,,,,,,,,,,,,,,,,,,0.028646,,,,,,,,,,,,,,,,,,,,,,,,,,,,,,,,,,,,,,5.77235,,,,,,,,,,,,,,10.94,,,,,,,,,,,,,,,,,,,,,,,,,,,,,,,,,,,,,,,,,,,,,,,,,,,,,,,,,,,,,,,,,,,,,,,,,,,,,,,,,,,,,,,,,,,,,,,,,,,,,,,,,,,,,,,,,,,,,,,,,,,,,,,,,,,,,1.51,,,,8.05528,,,,,,
1994-04-01,1.73725,,8.40937,,,,,,,1.24,,,0.5527,0.763629,10.1127,,,,0.21618,,,,,,,,,,,,,,,,,,,,,,,,,,,,,,0.827024,,,,,,,,,,,,,,,1.37723,0.345853,,,,,,3.02153,,5.34572,,,,,,,,,,,,,,,,,,,,,0.435034,,,,,,,,,,,,,,,,,,,,,,,,,,,,,,,,,,,,0.867457,,,,,,,,,3592.75,,,,,,,,,,,,,,,,,,,,,,,,,,,,,0.029297,,,,,,,,,,,,,,,,,,,,,,,,,,,,,,,,,,,,,,6.02179,,,,,,,,,,,,,,10.0,,,,,,,,,,,,,,,,,,,,,,,,,,,,,,,,,,,,,,,,,,,,,,,,,,,,,,,,,,,,,,,,,,,,,,,,,,,,,,,,,,,,,,,,,,,,,,,,,,,,,,,,,,,,,,,,,,,,,,,,,,,,,,,,,,,,,1.6475,,,,8.27232,,,,,,
1994-05-01,1.97415,,8.60675,,,,,,,1.49,,,0.5711,0.65222,10.8427,,,,0.185303,,,,,,,,,,,,,,,,,,,,,,,,,,,,,,0.912295,,,,,,,,,,,,,,,1.5268,0.351021,,,,,,3.01409,,5.40059,,,,,,,,,,,,,,,,,,,,,0.343988,,,,,,,,,,,,,,,,,,,,,,,,,,,,,,,,,,,,0.824287,,,,,,,,,3444.97,,,,,,,,,,,,,,,,,,,,,,,,,,,,,0.026042,,,,,,,,,,,,,,,,,,,,,,,,,,,,,,,,,,,,,,6.5516,,,,,,,,,,,,,,9.47,,,,,,,,,,,,,,,,,,,,,,,,,,,,,,,,,,,,,,,,,,,,,,,,,,,,,,,,,,,,,,,,,,,,,,,,,,,,,,,,,,,,,,,,,,,,,,,,,,,,,,,,,,,,,,,,,,,,,,,,,,,,,,,,,,,,,1.515,,,,8.51781,,,,,,
1994-06-01,1.99067,,8.52113,,,,,,,1.44,,,0.37766,0.514237,11.3503,,,,0.204596,,,,,,,,,,,,,,,,,,,,,,,,,,,,,,0.895299,,,,,,,,,,,,,,,1.73254,0.364958,,,,,,2.85291,,5.04108,,,,,,,,,,,,,,,,,,,,,0.377238,,,,,,,,,,,,,,,,,,,,,,,,,,,,,,,,,,,,0.802765,,,,,,,,,3426.31,,,,,,,,,,,,,,,,,,,,,,,,,,,,,0.02474,,,,,,,,,,,,,,,,,,,,,,,,,,,,,,,,,,,,,,6.33724,,,,,,,,,,,,,,9.38,,,,,,,,,,,,,,,,,,,,,,,,,,,,,,,,,,,,,,,,,,,,,,,,,,,,,,,,,,,,,,,,,,,,,,,,,,,,,,,,,,,,,,,,,,,,,,,,,,,,,,,,,,,,,,,,,,,,,,,,,,,,,,,,,,,,,1.5175,,,,8.16041,,,,,,
1994-07-01,1.7948,,8.52113,,,,,,,1.41,0.980668,,0.42371,0.552424,11.7501,,,,0.22391,,,,,,,,,,,,,,,,,,,,,,,,,,,,,,0.937985,,,,,,,,,,,,,,,1.57537,0.391128,,,,,,3.10583,,4.96745,,,,,,,,,,,,,,,,,,,,,0.390606,,,,,,,,,,,,,,,,,,,,,,,,,,,,,,,,,,,,0.810499,,,,,,,,,3644.06,,,,,,,,,,,,,,,,,,,,,,,,,,,,,0.03125,,,,,,,,,,,,,,,,,,,,,,,,,,,,,,,,,,,,,,6.70129,,,,,,,,,,,,,,9.63,,,,,,,,,,,,,,,,,,,,,,,,,,,,,,,,,,,,,,,,,,,,,,,,,,,,,,,,,,,,,,,,,,,,,,,,,,,,,,,,,,,,,,,,,,,,,,,,,,,,,,,,,,,,,,,,,,,,,,,,,,,,,,,,,,,,,1.63,,,,8.41477,,,,,,
1994-08-01,1.77125,,8.44198,,,,,,,1.41,0.973883,,0.42371,0.667673,11.4268,,,,0.247068,,,,,,,,,,,,,,,,,,,,,,,,,,,,,,1.05734,,,,,,,,,,,,,,,1.80728,0.424124,,,,,,3.21107,,5.22574,,,,,,,,,,,,,,,,,,,,,0.419468,,,,,,,,,,,,,,,,,,,,,,,,,,,,,,,,,,,,1.01798,,,,,,,,,3770.02,,,,,,,,,,,,,,,,,,,,,,,,,,,,,0.029948,,,,,,,,,,,,,,,,,,,,,,,,,,,,,,,,,,,,,,7.28333,,,,,,,,,,,,,,10.38,,,,,,,,,,,,,,,,,,,,,,,,,,,,,,,,,,,,,,,,,,,,,,,,,,,,,,,,,,,,,,,,,,,,,,,,,,,,,,,,,,,,,,,,,,,,,,,,,,,,,,,,,,,,,,,,,,,,,,,,,,,,,,,,,,,,,1.685,,,,8.40657,,,,,,
1994-09-01,1.68673,,8.35368,,,,,,,1.61,0.920399,,0.36844,0.71757,10.9878,,,,0.2818,,,,,,,,,,,,,,,,,,,,,,,,,,,,,,1.04894,,,,,,,,,,,,,,,1.93098,0.446645,,,,,,3.13361,,4.94016,,,,,,,,,,,,,,,,,,,,,0.379564,,,,,,,,,,,,,,,,,,,,,,,,,,,,,,,,,,,,1.1548,,,,,,,,,3390.55,,,,,,,,,,,,,,,,,,,,,,,,,,,,,0.027995,,,,,,,,,,,,,,,,,,,,,,,,,,,,,,,,,,,,,,7.65135,,,,,,,,,,,,,,11.31,,,,,,,,,,,,,,,,,,,,,,,,,,,,,,,,,,,,,,,,,,,,,,,,,,,,,,,,,,,,,,,,,,,,,,,,,,,,,,,,,,,,,,,,,,,,,,,,,,,,,,,,,,,,,,,,,,,,,,,,,,,,,,,,,,,,,1.5925,,,,7.71352,,,,,,
1994-10-01,1.83905,,7.78468,,,,,,,1.75,0.966998,,0.44213,0.851912,10.9006,,,,0.204596,,,,,,,,,,,,,,,,,,,,,,,,,,,,,,1.08313,,,,,,,,,,,,,,,2.30516,0.485087,,,,,,3.27454,,4.46068,,,,,,,,,,,,,,,,,,,,,0.359523,,,,,,,,,,,,,,,,,,,,,,,,,,,,,,,,,,,,1.29054,,,,,,,,,3941.13,,,,,,,,,,,,,,,,,,,,,,,,,,,,,0.022135,,,,,,,,,,,,,,,,,,,,,,,,,,,,,,,,,,,,,,7.18622,,,,,,,,,,,,,,11.53,,,,,,,,,,,,,,,,,,,,,,,,,,,,,,,,,,,,,,,,,,,,,,,,,,,,,,,,,,,,,,,,,,,,,,,,,,,,,,,,,,,,,,,,,,,,,,,,,,,,,,,,,,,,,,,,,,,,,,,,,,,,,,,,,,,,,1.74,,,,7.47508,,,,,,
1994-11-01,1.73075,,7.70421,,,,,,,1.72,0.908725,,0.38687,0.88252,10.5537,,,,0.247068,,,,,,,,,,,,,,,,,,,,,,,,,,,,,,1.13402,,,,,,,,,,,,,,,2.19656,0.456198,,,,,,3.31659,,4.18432,,,,,,,,,,,,,,,,,,,,,0.355127,,,,,,,,,,,,,,,,,,,,,,,,,,,,,,,,,,,,1.21164,,,,,,,,,3802.7,,,,,,,,,,,,,,,,,,,,,,,,,,,,,0.019531,,,,,,,,,,,,,,,,,,,,,,,,,,,,,,,,,,,,,,6.25728,,,,,,,,,,,,,,10.3,,,,,,,,,,,,,,,,,,,,,,,,,,,,,,,,,,,,,,,,,,,,,,,,,,,,,,,,,,,,,,,,,,,,,,,,,,,,,,,,,,,,,,,,,,,,,,,,,,,,,,,,,,,,,,,,,,,,,,,,,,,,,,,,,,,,,1.575,,,,7.18435,,,,,,
1994-12-01,1.70377,,8.06656,,,,,,,1.8,0.92918,,0.32239,0.840298,9.8638,,,,0.227774,,,,,,,,,,,,,,,,,,,,,,,,,,,,,,1.13402,,,,,,,,,,,,,,,2.02813,0.441476,,,,,,3.29536,,4.55297,,,,,,,,,,,,,,,,,,,,,0.290736,,,,,,,,,,,,,,,,,,,,,,,,,,,,,,,,,,,,1.06874,,,,,,,,,3830.7,,,,,,,,,,,,,,,,,,,,,,,,,,,,,0.019531,,,,,,,,,,,,,,,,,,,,,,,,,,,,,,,,,,,,,,6.63541,,,,,,,,,,,,,,10.94,,,,,,,,,,,,,,,,,,,,,,,,,,,,,,,,,,,,,,,,,,,,,,,,,,,,,,,,,,,,,,,,,,,,,,,,,,,,,,,,,,,,,,,,,,,,,,,,,,,,,,,,,,,,,,,,,,,,,,,,,,,,,,,,,,,,,1.5925,,,,7.89919,,,,,,
1995-01-01,1.61884,,7.77249,,,,,,,1.61,0.963206,,0.39608,0.94787,10.6781,,,,0.312688,,,,,,,,,,,,,,,,,,,,,,,,,,,,,,1.11722,,,,,,,,,,,,,,,1.6503,0.463906,,,,,,3.56961,,5.05963,,,,,,,,,,,,,,,,,,,,,0.279607,,,,,,,,,,,,,,,,,,,,,,,,,,,,,,,,,,,,1.07542,,,,,,,,,4096.67,,,,,,,,,,,,,,,,,,,,,,,,,,,,,0.019531,,,,,,,,,,,,,,,,,,,,,,,,,,,,,,,,,,,,,,6.15667,,,,,,,,,,,,,,11.31,,,,,,,,,,,,,,,,,,,,,,,,,,,,,,,,,,,,,,,,,,,,,,,,,,,,,,,,,,,,,,,,,,,,,,,,,,,,,,,,,,,,,,,,,,,,,,,,,,,,,,,,,,,,,,,,,,,,,,,,,,,,,,,,,,,,,1.5975,,,,8.01984,,,,,,
1995-02-01,1.7745,,8.10279,,,,,,,1.49,0.992343,,0.5711,0.94787,12.0029,,,,0.343555,,,,,,,,,,,,,,,,,,,,,,,,,,,,,,1.15112,,,,,,,,,,,,,,,1.86375,0.504886,,,,,,3.64667,,4.80193,,,,,,,,,,,,,,,,,,,,,0.304034,,,,,,,,,,,,,,,,,,,,,,,,,,,,,,,,,,,,1.14683,,,,,,,,,4403.07,,,,,,,,,,,,,,,,,,,,,,,,,,,,,0.020182,,,,,,,,,,,,,,,,,,,,,,,,,,,,,,,,,,,,,,6.61401,,,,,,,,,,,,,,11.81,,,,,,,,,,,,,,,,,,,,,,,,,,,,,,,,,,,,,,,,,,,,,,,,,,,,,,,,,,,,,,,,,,,,,,,,,,,,,,,,,,,,,,,,,,,,,,,,,,,,,,,,,,,,,,,,,,,,,,,,,,,,,,,,,,,,,1.945,,,,8.25093,,,,,,
1995-03-01,1.72723,,8.26785,,,,,,,1.46,1.00691,,0.5711,1.10514,12.4037,,,,0.312688,,,,,,,,,,,,,,,,,,,,,,,,,,,,,,1.09143,,,,,,,,,,,,,,,2.07689,0.531885,,,,,,3.56227,,5.03235,,,,,,,,,,,,,,,,,,,,,0.286309,,,,,,,,,,,,,,,,,,1.35,,,,,,,,,,,,,,,,,,1.28366,,,,,,,,,4763.89,,,,,,,,,,,,,,,,,,,,,,,,,,,,,0.016927,,,,,,,,,,,,,,,,,,,,,,,,,,,,,,,,,,,,,,7.29852,,,,,,,,,,,,,,11.94,,,,,,,,,,,,,,,,,,,,,,,,,,,,,,,,,,,,,,,,,,,,,,,,,,,,,,,,,,,,,,,,,,,,,,,,,,,,,,,,,,,,,,,,,,,,,,,,,,,,,,,,,,,,,,,,,,,,,,,,,,,,,,,,,,,,,1.9625,,,,8.25828,,,,,,
1995-04-01,1.72723,,8.05492,,,,,,,1.52,1.02737,,0.6171,1.11272,11.6423,,,,0.362849,,,,,,,,,,,,,,,,,,,,,,,,,,,,,,1.20229,,,,,,,,,,,,,,,2.0844,0.572726,,,,,,3.64667,,5.10578,,,,,,,,,,,,,,,,,,,,,0.255257,,,,,,,,,,,,,,,,,,1.48,,,,,,,,,,,,,,,,,,1.44792,,,,,,,,,4962.96,,,,,,,,,,,,,,,,,,,,,,,,,,,,,0.015625,,,,,,,,,,,,,,,,,,,,,,,,,,,,,,,,,,,,,,6.89894,,,,,,,,,,,,,,13.56,,,,,,,,,,,,,,,,,,,,,,,,,,,,,,,,,,,,,,,,,,,,,,,,,,,,,,,,,,,,,,,,,,,,,,,,,,,,,,,,,,,,,,,,,,,,,,,,,,,,,,,,,,,,,,,,,,,,,,,,,,,,,,,,,,,,,1.9625,,,,7.95185,,,,,,
1995-05-01,1.93024,,8.44198,,,,,,,5.97,1.03695,,0.6908,1.10514,12.0422,,,,0.389928,,,,,,,,,,,,,,,,,,,,,,,,,,,,,,1.15961,,,,,,,,,,,,,,,2.19656,0.615279,,,,,,3.91378,,5.21671,,,,,,,,,,,,,,,,,,,,,0.277477,,,,,,,,,,,,,,,,,,1.48,,,,,,,,,,,,,,,,,,1.64171,,,,,,,,,4948.96,,,,,,,,,,,,,,,,,,,,,,,,,,,,,0.014323,,,,,,,,,,,,,,,,,,,,,,,,,,,,,,,,,,,,,,7.29852,,,,,,,,,,,,,,13.56,,,,,,,,,,,,,,,,,,,,,,,,,,,,,,,,,,,,,,,,,,,,,,,,,,,,,,,,,,,,,,,,,,,,,,,,,,,,,,,,,,,,,,,,,,,,,,,,,,,,,,,,,,,,,,,,,,,,,,,,,,,,,,,,,,,,,1.9525,,,,8.07846,,,,,,
1995-06-01,2.02116,,8.52113,,,,,,,5.86,1.12825,,0.8658,1.38495,12.4399,,,,0.424797,,,,,,,,,,,,,,,,,,,,,,,,,,,,,,1.17641,,,,,,,,,,,,,,,2.68308,0.589987,,,,,,3.79416,,5.22574,,,,,,,,,,,,,,,,,,,,,0.30845,,,,,,,,,,,,,,,,,,1.7434,,,,,,,,,,,,,,,,,,1.83548,,,,,,,,,5603.73,,,,,,,,,,,,,,,,,,,,,,,,,,,,,0.013021,,,,,,,,,,,,,,,,,,,,,,,,,,,,,,,,,,,,,,7.23459,,,,,,,,,,,,,,15.66,,,,,,,,,,,,,,,,,,,,,,,,,,,,,,,,,,,,,,,,,,,,,,,,,,,,,,,,,,,,,,,,,,,,,,,,,,,,,,,,,,,,,,,,,,,,,,,,,,,,,,,,,,,,,,,,,,,,,,,,,,,,,,,,,,,,,2.0825,,,,8.22653,,,,,,
1995-07-01,2.24777,,8.47221,,,,,,,9.97,1.14202,,1.0316,1.30454,12.8378,,,,0.459413,,,,,,,,,,,,,,,,,,,,,,,,,,,,,,1.27927,,,,,,,,,,,,,,,2.84044,0.723913,,,,,,3.79416,,5.41935,,,,,,,,,,,,,,,,,,,,,0.319669,,,,,,,,,,,,,,,,,,1.9934,,,,,,,,,,,,,,,,,,1.95755,,,,,,,,,6022.11,,,,,,,,,,,,,,,,,,,,,,,,,,,,,0.014323,,,,,,,,,,,,,,,,,,,,,,,,,,,,,,,,,,,,,,7.4611,,,,,,,,,,,,,,16.13,,,,,,,,,,,,,,,,,,,,,,,,,,,,,,,,,,,,,,,,,,,,,,,,,,,,,,,,,,,,,,,,,,,,,,,,,,,,,,,,,,,,,,,,,,,,,,,,,,,,,,,,,,,,,,,,,,,,,,,,,,,,,,,,,,,,,2.0925,,,,8.08608,,,,,,
1995-08-01,2.36282,,8.51302,,,,,,,9.57,1.18073,,1.0593,1.38495,13.273,,,,0.525051,,,,,,,,,,,,,,,,,,,,,,,,,,,,,,1.21949,,,,,,,,,,,,,,,2.80283,0.713442,,,,,,3.75191,,5.41031,,,,,,,,,,,,,,,,,,,,,0.419468,,,,,,,,,,,,,,,,,,1.96,,19.616,,,,,,,,,,,,,,,,1.72778,,,,,,,,,5655.06,,,,,,,,,,,,,,,,,,,,,,,,,,,,,0.014323,,,,,,,,,,,,,,,,,,,,,,,,,,,,,,,,,,,,,,7.44937,,,,,,,,,,,,,,14.5,,,,,,,,,,,,,,,,,,,,,,,,,,,,,,,,,,,,,,,,,,,,,,,,,,,,,,,,,,,,,,,,,,,,,,,,,,,,,,,,,,,,,,,,,,,,,,,,,,,,,,,,,,,,,,,,,,,,,,,,,,,,,,,,,,,,,2.11,,,,8.43782,,,,,,
1995-09-01,2.21062,,8.77848,,,,,,,10.42,1.1953,,1.2067,1.43878,13.7816,,,,0.53251,,,,,,,,,,,,,,,,,,,,,,,,,,,,,,1.41553,,,,,,,,,,,,,,,2.79532,0.788343,,,,,,3.96307,,5.00447,,,,,,,,,,,,,,,,,,,,,0.415042,,,,,,,,,,,,,,,,,,2.24,,19.9326,,,,,,,,,,,,,,,,1.7138,,,,,,,,,5266.24,,,,,,,,,,,,,,,,,,,,,,,,,,,,,0.012044,,,,,,,,,,,,,,,,,,,,,,,,,,,,,,,,,,,,,,7.5745,,,,,,,,,,,,,,15.38,,,,,,,,,,,,,,,,,,,,,,,,,,,,,,,,,,,,,,,,,,,,,,,,,,,,,,,,,,,,,,,,,,,,,,,,,,,,,,,,,,,,,,,,,,,,,,,,,,,,,,,,,,,,,,,,,,,,,,,,,,,,,,,,,,,,,2.14,,,,8.99364,,,,,,
1995-10-01,1.97415,,8.20216,,,,,,,9.69,1.15968,,1.8238,1.16656,14.2754,,,,0.471083,,,,,,,,,,,,,,,,,,,,,,,,,,,,,,1.37294,,,,,,,,,,,,,,,2.93,0.751747,,,,,,4.12465,,5.02282,,,,,,,,,,,,,,,,,,,,,0.412854,,,,,,,,,,,,,,,,,,1.7766,,20.0757,,,,,,,,,,,,,,,,1.74591,,,,,,,,,4989.4,,,,,,,,,,,,,,,,,,,,,,,,,,,,,0.009766,,,,,,,,,,,,,,,,,,,,,,,,,,,,,,,,,,,,,,6.97649,,,,,,,,,,,,,,18.75,,,,,,,,,,,,,,,,,,,,,,,,,,,,,,,,,,,,,,,,,,,,,,,,,,,,,,,,,,,,,,,,,,,,,,,,,,,,,,,,,,,,,,,,,,,,,,,,,,,,,,,,,,,,,,,,,,,,,,,,,,,,,,,,,,,,,1.9075,,,,8.4598,,,,,,
1995-11-01,2.13306,,8.15935,,,,,,,12.11,1.12446,,2.1093,1.27,15.0887,,,,0.633335,,,,,,,,,,,,,,,,,,,,,,,,,,,,,,1.33035,,,,,,,,,,,,,,,2.99002,0.896893,,,,,,4.24396,,5.21671,,,,,,,,,,,,,,,,,,,,,0.503901,,,,,,,,,,,,,,,,,,1.8434,,20.6794,,,,,,,,,,,,,,,,1.57019,,,,,,,,,5907.03,,,,,,,,,,,,,,,,,,,,,,,,,,,6.31,,0.009115,,,,,,,,,,,,,,,,,,,,,,,,,,,,,,,,,,,,,,7.20805,,,,,,,,,,,,,,17.25,,,,,,,,,,,,,,,,,,,,,,,,,,,,,,,,,,,,,,,,,,,,,,,,,,,,,,,,,,,,,,,,,,,,,,,,,,,,,,,,,,,,,,,,,,,,,,,,,,,,,,,,,,,,,,,,,,,,,,,,,,,,,,,,,,,,,1.9625,,,,8.96254,,,,,,
1995-12-01,1.96372,,8.59588,,,,,,,16.28,1.13912,,2.9936,1.11272,15.8129,,,,0.771935,,,,,,,,,,,,,,,,,,,,,,,,,,,,,,1.36444,,,,,,,,,,,,,,,2.69423,0.91341,,,,,,4.40552,,5.83413,,,,,,,,,,,,,,,,,,,,,0.503901,,,,,,,,,,,,,,,,,,1.63,,21.7731,,,,,,,,,,,,,,,,1.31217,,,,,,,,,5602.18,,,,,,,,,,,,,,,,,,,,,,,,,,,7.375,,0.007161,,,,,,,,,,,,,,,,,,,,,,,,,,,,,,,,,,,,,,7.21822,,,,,,,,,,,,,,19.0,,,,,,,,,,,,,,,,,,,,,,,,,,,,,,,,,,,,,,,,,,,,,,,,,,,,,,,,,,,,,,,,,,,,,,,,,,,,,,,,,,,,,,,,,,,,,,,,,,,,,,,,,,,,,,,,,,,,,,,,,,,,,,,,,,,,,2.2225,,,,9.17261,,,,,,
1996-01-01,2.17004,,8.05492,,,,,,,14.14,1.22763,,3.2976,0.571714,16.3185,,,,0.860848,,,,,,,,,,,,,,,,,,,,,,,,,,,,,,1.24508,,,,,,,,,,,,,,,2.45472,0.732546,,,,,,4.53209,,5.76942,,,,,,,,,,,,,,,,,,,,,0.528259,,,,,,,,,,,,,,,,,,2.32,,22.2317,,,,,,,,,,,,,,,,1.22581,,,,,,,,,5202.45,,,,,,,,,,,,,,,,,,,,,,,,,,,7.375,,0.007813,,,,,,,,,,,,,,,,,,,,,,,,,,,,,,,,,,,,,,7.65482,,,,,,,,,,,,,,14.63,,,,,,,,,,,,,,,,,,,,,,,,,,,,,,,,,,,,,,,,,,,,,,,,,,,,,,,,,,,,,,,,,,,,,,,,,,,,,,,,,,,,,,,,,,,,,,,,,,,,,,,,,,,,,,,,,,,,,,,,,,,,,,,,,,,,,2.0,,,,9.48446,,,,,,
1996-02-01,2.14307,,8.41557,,,,,,,13.29,1.23811,,3.1134,0.610097,17.4807,,,,0.857071,,,,,,,,,,,,,,,,,,,,,,,,,,,,,,1.52639,,,,,,,,,,,,,,,2.04709,0.775144,,,,,,4.26508,,5.76942,,,,,,,,,,,,,,,,,,,,,0.64817,,,,,,,,,,,,,,,,,,2.4866,,22.5502,,,,,,,,,,,,,,,,1.05746,,,,,,,,,5939.66,,,,,,,,,,,,,,,,,,,,,,,,,,,7.25,,0.007813,,,,,,,,,,,,,,,,,,,,,,,,,,,,,,,,,,,,,,8.24899,,,,,,,,,,,,,,16.38,,,,,,,,,,,,,,,,,,,,,,,,,,,,,,,,,,,,,,,,,,,,,,,,,,,,,,,,,,,,,,,,,,,,,,,,,,,,,,,,,,,,,,,,,,,,,,,,,,,,,,,,,,,,,,,,,,,,,,,,,,,,,,,,,,,,,2.2975,,,,10.1271,,,,,,
1996-03-01,1.93673,,8.32507,,,,,,,14.14,1.25367,,3.4173,0.617774,17.8461,,,,0.695032,,,,,,,,,,,,,,,,,,,,,,,,,,,,,,1.37294,,,,,,,,,,,,,,,2.02813,0.831631,,,,,,4.19466,,5.87967,,,,,,,,,,,,,,,,,,,,,0.665696,,,,,,,,,,,,,,,,,,2.8966,,22.0749,,,,,,,,,,,,,,,,1.00401,,,,,,,,,5854.15,,,,,,,,,,,,,,,,,,,,,,,,,,,7.31,,0.007487,,,,,,,,,,,,,,,,,,,,,,,,,,,,,,,,,,,,,,9.01653,,,,,,,,,,,,,,16.0,,,,,,,,,,,,,,,,,,,,,,,,,,,,,,,,,,,,,,,,,,,,,,,,,,,,,,,,,,,,,,,,,,,,,,,,,,,,,,,,,,,,,,,,,,,,,,,,,,,,,,,,,,,,,,,,,,,,,,,,,,,,,,,,,,,,,2.075,,,,9.68046,,,,,,
1996-04-01,1.95037,,8.45981,,,,,,,14.76,1.26056,,4.4305,0.775047,17.2612,,,,0.737551,,,,,,,,,,,,,,,,,,,,,,,,,,,,,,1.55198,,,,,,,,,,,,,,,1.88241,0.826464,,,,,,3.935,,6.10115,,,,,,,,,,,,,,,,,,,,,0.914429,,,,,,,,,,,,,,,,,,3.31,,21.7574,,,,,,,,,,,,,,,,1.16168,,,,,,,,,6120.11,,,,,,,,,,,,,,,,,,,,,,,,,,,9.0,,0.012695,,,,,,,,,,,,,,,,,,,,,,,,,,,,,,,,,,,,,,9.21338,,,,,,,,,,,,,,20.63,,,,,,,,,,,,,,,,,,,,,,,,,,,,,,,,,,,,,,,,,,,,,,,,,,,,,,,,,,,,,,,,,,,,,,,,,,,,,,,,,,,,,,,,,,,,,,,,,,,,,,,,,,,,,,,,,,,,,,,,,,,,,,,,,,,,,2.26,,,,9.88782,,,,,,
1996-05-01,1.93673,,8.92028,,,,,,,23.43,1.22663,,3.9516,0.755756,17.121,,,,0.837797,,,,,,,,,,,,,,,,,,,,,,,,,,,,,,1.62025,,,,,,,,,,,,,,,1.90107,0.972479,,,,,,4.27233,,6.27619,,,,,,,,,,,,,,,,,,,,,1.0386,,,,,,,,,,,,,,,,,,4.1966,,22.0906,,,,,,,,,,,,,,,,1.14014,,,,,,,,,6314.5,,,,,,,,,,,,,,,,,,,,,,,,,,,9.25,,0.016927,,,,,,,,,,,,,,,,,,,,,,,,,,,,,,,,,,,,,,8.6688,,,,,,,,,,,,,,22.38,,,,,,,,,,,,,,,,,,,,,,,,,,,,,,,,,,,,,,,,,,,,,,,,,,,,,,,,,,,,,,,,,,,,,,,,,,,,,,,,,,,,,,,,,,,,,,,,,,,,,,,,,,,,,,,,,,,,,,,,,,,,,,,,,,,,,2.325,,,,9.85176,,,,,,
1996-06-01,2.05153,,9.01002,,,,,,,26.24,1.1498,,3.5463,0.598582,17.4807,,,,0.609993,,,,,,,,,,,,,,,,,,,,,,,,,,,,,,1.62855,,,,,,,,,,,,,,,1.82614,0.939443,,,,,,4.40552,,6.22082,,,,,,,,,,,,,,,,,,,,,0.923142,,,,,,,,,,,,,,,,,,3.1366,,22.5659,,,,,,,,,,,,,,,,0.74598,,,,,,,,,6323.83,,,,,,,,,,,,,,,,,,,,,,,,,,,9.56,,0.021484,,,,,,,,,,,,,,,,,,,,,,,,,,,,,,,,,,,,,,7.95346,,,,,,,,,,,,,,19.88,,,,,,,,,,,,,,,,,,,,,,,,,,,,,,,,,,,,,,,,,,,,,,,,,,,,,,,,,,,,,,,,,,,,,,,,,,,,,,,,,,,,,,,,,,,,,,,,,,,,,,,,,,,,,,,,,,,,,,,,,,,,,,,,,,,,,2.2225,,,,10.1496,,,,,,
1996-07-01,1.54798,,8.82092,,,,,,,21.63,1.21855,,2.3765,0.468178,18.0588,,,,0.459413,,,,,,,,,,,,,,,,,,,,,,,,,,,,,,1.50939,,,,,,,,,,,,,,,2.35382,0.929933,,,,,,4.06146,,6.06434,,,,,,,,,,,,,,,,,,,,,0.783528,,,,,,,,,,,,,,,,,,2.8634,,22.8824,,,,,,,,,,,,,,,,0.63843,,,,,,,,,5323.79,,,,,,,,,,,,,,,,,,,,,,,,,,,9.155,,0.019531,,,,,,,,,,,,,,,,,,,,,,,,,,,,,,,,,,,,,,7.76983,,,,,,,,,,,,,,18.63,,,,,,,,,,,,,,,,,,,,,,,,,,,,,,,,,,,,,,,,,,,,,,,,,,,,,,,,,,,,,,,,,,,,,,,,,,,,,,,,,,,,,,,,,,,,,,,,,,,,,,,,,,,,,,,,,,,,,,,,,,,,,,,,,,,,,2.4825,,,,9.61442,,,,,,
1996-08-01,1.77125,,9.53085,,,,,,,23.54,1.28351,,3.5923,0.468178,18.4606,,,,0.582777,,,,,,,,,,,,,,,,,,,,,,,,,,,,,,1.72262,,,,,,,,,,,,,,,2.70925,1.00991,,,,,,4.32855,,5.92591,,,,,,,,,,,,,,,,,,,,,1.02325,,,,,,,,,,,,,,,,,,3.16,,23.3763,,,,,,,,,,,,,,,,0.677155,,,,,,,,,5403.1,,,,,,,,,,,,,,,,,,,,,,,,,,,8.31,,0.020833,,,,,,,,,,,,,,,,,,,,,,,,,,,,,,,,,,,,,,8.3468,,,,,,,,,,,,,,19.0,,,,,,,,,,,,,,,,,,,,,,,,,,,,,,,,,,,,,,,,,,,,,,,,,,,,,,,,,,,,,,,,,,,,,,,,,,,,,,,,,,,,,,,,,,,,,,,,,,,,,,,,,,,,,,,,,,,,,,,,,,,,,,,,,,,,,2.51,,,,9.86397,,,,,,
1996-09-01,1.72038,,9.77119,,,,,,,26.13,1.31504,,3.6844,0.521717,18.0588,,,,0.679438,,,,,,,,,,,,,,,,,,,,,,,,,,,,,,1.85038,,,,,,,,,,,,,,,2.75791,1.06987,,,,,,4.251,,6.52517,,,,,,,,,,,,,,,,,,,,,0.958788,,,,,,,,,,,,,,,,,,3.8034,,23.6909,,,,,,,,,,,,,,,,0.763215,,,,,,,,,5490.19,,,,,,,,,,,,,,,,,,,,,,,,,,,9.625,,0.016927,,,,,,,,,,,,,,,,,,,,,,,,,,,,,,,,,,,,,,8.47664,,,,,,,,,,,,,,23.06,,,,,,,,,,,,,,,,,,,,,,,,,,,,,,,,,,,,,,,,,,,,,,,,,,,,,,,,,,,,,,,,,,,,,,,,,,,,,,,,,,,,,,,,,,,,,,,,,,,,,,,,,,,,,,,,,,,,,,,,,,,,,,,,,,,,,2.8325,,,,10.3078,,,,,,
1996-10-01,1.60564,,10.1097,,,,,,,28.05,1.45603,,3.316,0.521717,18.6271,,,,0.563599,,,,,,,,,,,,,,,,,,,,,,,,,,,,,,2.20016,,,,,,,,,,,,,,,2.67567,0.999325,,,,,,4.27233,,6.17468,,,,,,,,,,,,,,,,,,,,,1.10325,,,,,,,,,,,,,,,,,,3.73,,23.5371,,,,,,,,,,,,,,,,0.698639,,,,,,,,,5403.1,,,,,,,,,,,,,,,,,,,,,,,,,,,9.94,,0.01237,,,,,,,,,,,,,,,,,,,,,,,,,,,,,,,,,,,,,,8.21427,,,,,,,,,,,,,,22.5,,,,,,,,,,,,,,,,,,,,,,,,,,,,,,,,,,,,,,,,,,,,,,,,,,,,,,,,,,,,,,,,,,,,,,,,,,,,,,,,,,,,,,,,,,,,,,,,,,,,,,,,,,,,,,,,,,,,,,,,,,,,,,,,,,,,,2.8425,,,,11.1481,,,,,,
1996-11-01,1.85883,,10.6856,,,,,,,30.07,1.57827,,3.7213,0.713436,20.3841,,,,0.617645,,,,,,,,,,,,,,,,,,,,,,,,,,,,,,2.33641,,,,,,,,,,,,,,,3.52501,0.929933,,,,,,4.33512,,6.81074,,,,,,,,,,,,,,,,,,,,,1.3514,,,,,,,,,,,,,,,,,,3.7766,,24.6788,,,,,,,,,,,,,,,,1.02903,,,,,,,,,5742.19,,,,,,,,,,,,,,,,,,,,,,,,,,,10.19,,0.013021,,,,,,,,,,,,,,,,,,,,,,,,,,,,,,,,,,,,,,8.84229,,,,,,,,,,,,,,22.13,,,,,,,,,,,,,,,,,,,,,,,,,,,,,,,,,,,,,,,,,,,,,,,,,,,,,,,,,,,,,,,,,,,,,,,,,,,,,,,,,,,,,,,,,,,,,,,,,,,,,,,,,,,,,,,,,,,,,,,,,,,,,,,,,,,,,2.7975,,,,12.138,,,,,,
1996-12-01,1.97062,,12.1036,,,3.03845,,,,28.1,1.80188,,3.6476,0.694442,20.8888,,,,0.602244,,,,,,,,,,,,,,,,,,,,,,,,,,,,,,2.41329,,,,,,,,,,,,,,,3.75337,0.988976,,,,,,4.35653,,6.97655,,,,,,,,,,,,,,,,,,,,,1.33159,,,,,,,,,,,,,,,,,,3.7766,,27.7571,,,,,,,,,,,,,,,,0.806189,,,,,,,,,5407.77,,,,,,,,,,,,,,,,,,,,,,,,,,,8.595,,0.011068,,,,,,,,,,,,,,,,,,,,,,,,,,,,,,,,,,,,,,8.355,,,,,,,,,,,,,,23.13,,,,,,,,,,,,,,,,,,,,,,,,,,,,,,,,,,,,,,,,,,,,,,,,,,,,,,,,,,,,,,,,,,,,,,,,,,,,,,,,,,,,,,,,,,,,,,,,,,,,,,,,,,,,,,,,,,,,,,,,,,,,,,,,,,,,,2.7225,,,,11.134,,,,,,
1997-01-01,2.02799,,11.4132,,,3.15881,,,,37.73,1.71377,,3.5739,0.767567,21.6296,,,,0.787529,,,,,,,,,,,,,,,,,,,,,,,,,,,,,,2.26824,,,,,,,,,,,,,,,4.22153,0.816031,,,,,,4.19466,,7.29955,,,,,,,,,,,,,,,,,,,,,1.09207,,,,,,,,,,,,,,,,,,4.1734,,27.9462,,,,,,,,,,,,,,,,1.15819,,,,,,,,,6026.78,,,,,,,,,,,,,,,,,,,,,,,,,,,8.44,,0.011068,,,,,,,,,,,,,,,,,,,,,,,,,,,,,,,,,,,,,,8.22128,,,,,,,,,,,,,,22.08,,,,,,,,,,,,,,,,,,,,,,,,,,,,,,,,,,,,,,,,,,,,,,,,,,,,,,,,,,,,,,,,,,,,,,,,,,,,,,,,,,,,,,,,,,,,,,,,,,,,,,,,,,,,,,,,,,,,,,,,,,,,,,,,,,,,,2.4775,,,,11.6304,,,,,,
1997-02-01,1.95037,,11.9539,,,3.383,,,,31.99,1.88191,,3.8226,0.752116,23.4483,,,,0.737551,,,,,,,,,,,,,,,,,,,,,,,,,,,,,,2.62641,,,,,,,,,,,,,,,4.13899,0.783868,,,,,,4.29295,,7.66789,,,,,,,,,,,,,,,,,,,,,1.27822,,,,,,,,,,,,,,,,,,3.8766,,28.9272,,,,,,,,,,,,,,,,1.09366,,,,,,,,,6144.98,,,,,,,,,,,,,,,,,,,,,,,,,,,6.75,,0.01237,,,,,,,,,,,,,,,,,,,,,,,,,,,,,,,,,,,,,,8.63843,,,,,,,,,,,,,,17.85,,,,,,,,,,,,,,,,,,,,,,,,,,,,,,,,,,,,,,,,,,,,,,,,,,,,,,,,,,,,,,,,,,,,,,,,,,,,,,,,,,,,,,,,,,,,,,,,,,,,,,,,,,,,,,,,,,,,,,,,,,,,,,,,,,,,,2.425,,,,12.6383,,,,,,
1997-03-01,1.83545,,12.0007,,,2.98242,,,,31.26,1.88919,,3.6568,0.683026,23.2142,,,,0.55188,,,,,,,,,,,,,,,,,,,,,,,,,,,,,,2.52395,,,,,,,,,,,,,,,3.31937,0.757008,,,,,,4.10332,,7.35452,,,,,,,,,,,,,,,,,,,,,1.35347,,,,,,,,,,,,,,,,,,3.6534,,27.4522,,,,,,,,,,,,,,,,0.968098,,,,,,,,,6421.81,,,,,,,,,,,,,,,,,,,,,,,,,,,7.25,,0.010417,,,,,,,,,,,,,,,,,,,,,,,,,,,,,,,,,,,,,,8.59236,,,,,,,,,,,,,,12.5,,,,,,,,,,,,,,,,,,,,,,,,,,,,,,,,,,,,,,,,,,,,,,,,,,,,,,,,,,,,,,,,,,,,,,,,,,,,,,,,,,,,,,,,,,,,,,,,,,,,,,,,,,,,,,,,,,,,,,,,,,,,,,,,,,,,,2.76,,,,12.2306,,,,,,
1997-04-01,1.77793,,11.3588,,,3.53583,,,,22.36,1.79989,,2.7265,0.690604,23.3572,,,,0.53251,,,,,,,,,,,,,,,,,,,,,,,,,,,,,,2.62641,,,,,,,,,,,,,,,3.45778,0.842987,,,,,,4.18762,,7.2808,,,,,,,,,,,,,,,,,,,,,1.50051,,,,,,,,,,,,,,,,,,3.9,,26.4703,,,,,,,,,,,,,,,,0.831999,,,,,,,,,7033.05,,,,,,,,,,,,,,,,,,,,,,,,,,,6.94,,0.012695,,,,,,,,,,,,,,,,,,,,,,,,,,,,,,,,,,,,,,9.10539,,,,,,,,,,,,,,15.94,,,,,,,,,,,,,,,,,,,,,,,,,,,,,,,,,,,,,,,,,,,,,,,,,,,,,,,,,,,,,,,,,,,,,,,,,,,,,,,,,,,,,,,,,,,,,,,,,,,,,,,,,,,,,,,,,,,,,,,,,,,,,,,,,,,,,2.7975,,,,13.1093,,,,,,
1997-05-01,1.95358,,12.2094,,,3.7038,,,,21.68,1.839,,3.4542,0.91303,23.2818,,,,0.656194,,,,,,,,,,,,0.075,,,,,,,,,,,,,,,,,,3.03588,,,,,,,,,,,,,,,3.9293,1.00991,,,,,,4.18087,,7.39123,,,,,,,,,,,,,,,,,,,,,1.50051,,,,,,,,,,,,,,,,,,4.74,,26.8191,,,,,,,,,,,,,,,,1.04348,,,,,,,,,7160.59,,,,,,,,,,,,,,,,,,,,,,,,,,,8.345,,0.011719,,,,,,,,,,,,,,,,,,,,,,,,,,,,,,,,,,,,,,8.97015,,,,,,,,,,,,,,18.69,,,,,,,,,,,,,,,,,,,,,,,,,,,,,,,,,,,,,,,,,,,,,,,,,,,,,,,,,,,,,,,,,,,,,,,,,,,,,,,,,,,,,,,,,,,,,,,,,,,,,,,,,,,,,,,,,,,,,,,,,,,,,,,,,,,,,3.0475,,,,14.3397,,,,,,
1997-06-01,2.34914,,12.9226,,,4.12091,,,,22.36,1.86325,,3.7213,0.936157,24.4439,,,,0.668009,,,,,,,,,,,,0.077,,,,,,,,,,,,,,,,,,2.9846,,,,,,,,,,,,,,,3.2931,1.05935,,,,,,4.31408,,7.21629,,,,,,,,,,,,,,,,,,,,,1.74658,,,,,,,,,,,,,,,,,,4.9766,,28.6606,,,,,,,,,,,,,,,,1.06261,,,,,,,,,6311.38,,,,,,,,,,,,,,,,,,,,,,,,,,,7.81,,0.01237,,,,,,,,,,,,,,,,,,,,,,,,,,,,,,,,,,,,,,9.43833,,,,,,,,,,,,,,18.38,,,,,,,,,,,,,,,,,,,,,,,,,,,,,,,,,,,,,,,,,,,,,,,,,,,,,,,,,,,,,,,,,,,,,,,,,,,,,,,,,,,,,,,,,,,,,,,,,,,,,,,,,,,,,,,,,,,,,,,,,,,,,,,,,,,,,3.305,,,,15.5314,,,,,,
1997-07-01,2.52481,,12.9226,,,3.47951,,,,22.19,2.11081,,4.1818,1.15484,26.0549,,,,0.679438,,,,,,,,,,,,0.12,,,,,,,,,,,,,,,,,,3.98236,,,,,,,,,,,,,,,4.12369,1.20887,,,,,,4.43351,,7.97194,,,,,,,,,,,,,,,,,,,,,1.69132,,,,,,,,,,,,,,,,,,6.1866,,30.0738,,,,,,,,,,,,,,,,1.51692,,,,,,,,,6788.88,,,,,,,,,,,,,,,,,,,,,,,,,,,9.25,,0.014323,,,,,,,,,,,,,,,,,,,,,,,,,,,,,,,,,,,,,,10.3229,,,,,,,,,,,,,,16.81,,,,,,,,,,,,,,,,,,,,,,,,,,,,,,,,,,,,,,,,,,,,,,,,,,,,,,,,,,,,,,,,,,,,,,,,,,,,,,,,,,,,,,,,,,,,,,,,,,,,,,,,,,,,,,,,,,,,,,,,,,,,,,,,,,,,,3.555,,,,16.9708,,,,,,
1997-08-01,2.60595,,13.0019,,,3.74408,,,,22.13,2.17048,,4.6608,1.15484,26.5124,,,,0.77978,,,,,,,,,,,,0.117,,,,,,,,,,,,,,,,,,3.84581,,,,,,,,,,,,,,,4.47535,1.24536,,,,,,4.58129,,8.28491,,,,,,,,,,,,,,,,,,,,,1.56933,,,,,,,,,,,,,,,,,,5.76,,28.5038,,,,,,,,,,,,,,,,1.62026,,,,,,,,,6611.57,,,,,,,,,,,,,,,,,,,,,,,,,,,8.905,,0.014323,,,,,,,,,,,,,,,,,,,,,,,,,,,,,,,,,,,,,,9.6165,,,,,,,,,,,,,,17.31,,,,,,,,,,,,,,,,,,,,,,,,,,,,,,,,,,,,,,,,,,,,,,,,,,,,,,,,,,,,,,,,,,,,,,,,,,,,,,,,,,,,,,,,,,,,,,,,,,,,,,,,,,,,,,,,,,,,,,,,,,,,,,,,,,,,,3.3325,,,,14.9597,,,,,,
1997-09-01,2.87633,,13.5405,,,3.39933,,,,29.68,2.41715,,6.4294,1.09354,30.103,,,,1.06918,,,,,,,,,,,,0.217,,,,,,,,,,,,,,,,,,4.40003,,,,,,,,,,,,,,,4.99929,1.15073,,,,,,4.65864,,8.26714,,,,,,,,,,,,,,,,,,,,,1.82449,,,,,,,,,,,,,,,,,,6.23,,31.9799,,,,,,,,,,,,,,,,1.33353,,,,,,,,,7197.91,,,,,,,,,,,,,,,,,,,,,,,,,,,8.94,,0.018229,,,,,,,,,,,,,,,,,,,,,,,,,,,,,,,,,,,,,,9.9477,,,,,,,,,,,,,,21.25,,,,,,,,,,,,,,,,,,,,,,,,,,,,,,,,,,,,,,,,,,,,,,,,,,,,,,,,,,,,,,,,,,,,,,,,,,,,,,,,,,,,,,,,,,,,,,,,,,,,,,,,,,,,,,,,,,,,,,,,,,,,,,,,,,,,,3.25,,,,16.7909,,,,,,
1997-10-01,3.0591,,12.6947,,,3.34301,,,,26.58,2.37164,,5.8491,1.04756,29.6687,,,,0.822202,,,,,,,,,,,,0.254,,,,,,,,,,,,,,,,,,3.8627,,,,,,4.01939,,,,,,,,,4.41543,1.05935,,,,,,4.53902,,8.37799,,,,,,,,,,,,,,,,,,,,,1.99936,,,,,,,,,,,,,,,,,,6.0,,33.6891,,,,,,,,,,,,,,,,1.03594,,,,,,,,,7700.25,,,,,,,,,,,,,,,,,,,,,,,,,,,8.22,,0.019531,,,,,,,,,,,,,,,,,,,,,,,,,,,,,,,,,,,,,,9.94387,,,,,,,,,,,,,,19.44,,,,,,,,,,,,,,,,,,,,,,,,,,,,,,,,,,,,,,,,,,,,,,,,,,,,,,,,,,,,,,,,,,,,,,,,,,,,,,,,,,,,,,,,,,,,,,,,,,,,,,,,,,,,,,,,,,,,,,,,,,,,,,,,,,,,,3.315,,,,15.7111,,,,,,
1997-11-01,3.12984,,13.632,,,3.27085,,,,23.48,2.39669,,5.3609,1.19707,30.6106,,,,0.830145,,,,,,,,,,,,0.206,,,,,,,,,,,,,,,,,,4.09333,,,,,,3.83487,,,,,,,,,3.87313,1.14538,,,,,,5.01709,,8.00904,,,,,,,,,,,,,,,,,,,,,2.08581,,,,,,,,,,,,,,,,,,6.1666,,34.9307,,,,,,,,,,,,,,,,0.878556,,,,,,,,,8521.46,,,,,,,,,,,,,,,,,,,,,,,,,,,8.81,,0.023112,,,,,,,,,,,,,,,,,,,,,,,,,,,,,,,,,,,,,,10.8327,,,,,,,,,,,,,,20.56,,,,,,,,,,,,,,,,,,,,,,,,,,,,,,,,,,,,,,,,,,,,,,,,,,,,,,,,,,,,,,,,,,,,,,,,,,,,,,,,,,,,,,,,,,,,,,,,,,,,,,,,,,,,,,,,,,,,,,,,,,,,,,,,,,,,,3.5925,,,,16.4121,,,,,,
1997-12-01,3.58264,,13.632,,,3.383,,,,21.01,2.48999,,5.278,1.0513,33.7285,,,,0.922545,,,,,,,,,,,,0.251,,,,,,,,,,,,,,,,,,4.05054,,,,,,4.09556,,,,,,,,,3.31937,0.827385,,,,,,5.333,,9.02288,,,,,,,,,,,,,,,,,,,,,1.94886,,,,,,,,,,,,,,,,,,6.13,,34.4838,,,,,,,,,,,,,,,,0.838853,,,,,,,,,9100.01,,,,,,,,,,,,,,,,,,,,,,,,,,,8.75,,0.01888,,,,,,,,,,,,,,,,,,,,,,,,,,,,,,,,,,,,,,11.2321,,,,,,,,,,,,,,17.88,,,,,,,,,,,,,,,,,,,,,,,,,,,,,,,,,,,,,,,,,,,,,,,,,,,,,,,,,,,,,,,,,,,,,,,,,,,,,,,,,,,,,,,,,,,,,,,,,,,,,,,,,,,,,,,,,,,,,,,,,,,,,,,,,,,,,3.64,,,,16.4405,,,,,,
1998-01-01,3.49213,,13.8409,,,3.33529,,,,19.04,2.51503,,6.4109,1.13191,33.0917,,,,0.97659,,,,,,,,,,,,0.246,5.8628,,,,,,,,,,,,,,,,,3.26581,,,,,,4.18768,,,,,,,,,2.55603,0.949915,,,,,,5.10785,,8.80169,,,,,,,,,,,,,,,,,,,,,1.74014,,,,,,,,,,,,,,,,,,6.3066,,35.4346,,,,,,,,,,,,,,,,0.653955,,,,,,,,,8726.78,,,,,,,,,,,,,,,,,,,,,,,,,,,8.25,,0.016602,,,,,,,,,,,,,,,,,,,,,,,,,,,,,,,,,,,,,,9.95924,,,,,,,,,,,,,,15.47,,,,,,,,,,,,,,,,,,,,,,,,,,,,,,,,,,,,,,,,,,,,,,,,,,,,,,,,,,,,,,,,,,,,,,,,,,,,,,,,,,,,,,,,,,,,,,,,,,,,,,,,,,,,,,,,,,,,,,,,,,,,,,,,,,,,,3.8425,,,,16.3962,,,,,,
1998-02-01,3.9112,,13.0753,,,3.08615,,,,21.29,2.50675,,6.9636,1.20867,34.2371,,,,0.864528,,,,,,,,,,,,0.321,6.5796,,,,,,,,,,,,,,,,,4.26376,,,,,,4.16484,,,,,,,,,2.67567,0.94811,,,,,,5.19929,,9.16974,,,,,,,,,,,,,,,,,,,,,2.11066,,,,,,,,,,,,,,,,,,6.4267,,34.0066,,,,,,,,,,,,,,,,0.810499,,,,,,,,,8649.0,,,,,,,,,,,,,,,,,,,,,,,,,,,10.19,,0.023438,,,,,,,,,,,,,,,,,,,,,,,,,,,,,,,,,,,,,,10.1245,,,,,,,,,,,,,,17.47,,,,,,,,,,,,,,,,,,,,,,,,,,,,,,,,,,,,,,,,,,,,,,,,,,,,,,,,,,,,,,,,,,,,,,,,,,,,,,,,,,,,,,,,,,,,,,,,,,,,,,,,,,,,,,,,,,,,,,,,,,,,,,,,,,,,,4.055,,,,19.2438,,,,,,
1998-03-01,3.90045,,14.5027,,,3.36686,,,,23.26,2.64864,,6.7978,1.29283,36.2597,,,,0.868791,,,,,,,,,,,,0.3565,10.108,,,,,,,,,,,,,,,,,4.51089,,,,,,4.77855,,,,,,,,,2.32392,0.937731,,,,,,5.86015,,9.24337,,,,,,,,,,,,,,,,,,,,,2.36583,,,,,,,,,,,,,,,,,,7.87,,35.9255,,,,,,,,,,,,,,,,0.806189,,,,,,,,,9045.6,,,,,,,,,,,,,,,,,,,,,,,,,,,10.375,,0.026367,,,,,,,,,,,,,,,,,,,,,,,,,,,,,,,,,,,,,,10.8604,,,,,,,,,,,,,,16.38,,,,,,,,,,,,,,,,,,,,,,,,,,,,,,,,,,,,,,,,,,,,,,,,,,,,,,,,,,,,,,,,,,,,,,,,,,,,,,,,,,,,,,,,,,,,,,,,,,,,,,,,,,,,,,,,,,,,,,,,,,,,,,,,,,,,,4.695,,,,19.3758,,,,,,
1998-04-01,3.92765,,13.9526,,,3.85643,,,,25.06,2.57101,,5.5267,1.38908,36.9898,,,,0.918864,,,,,,,,,,,,0.3825,8.8126,,,,,,,,,,,,,,,,,4.4683,,,,,,4.20303,,,,,,,,,3.13968,1.20887,,,,,,5.82494,,9.74537,,,,,,,,,,,,,,,,,,,,,2.48584,,,,,,,,,,,,,,,,,,8.0366,,34.2594,,,,,,,,,,,,,,,,0.888785,,,,,,,,,8893.19,,,,,,,,,,,,,,,,,,,,,,,,,,,9.75,,0.035156,,,,,,,,,,,,,,,,,,,,,,,,,,,,,,,,,,,,,,10.7996,,,,,,,,,,,,,,21.5,,,,,,,,,,,,,,,,,,,,,,,,,,,,,,,,,,,,,,,,,,,,,,,,,,,,,,,,,,,,,,,,,,,,,,,,,,,,,,,,,,,,,,,,,,,,,,,,,,,,,,,,,,,,,,,,,,,,,,,,,,,,,,,,,,,,,4.8425,,,,20.3386,,,,,,
1998-05-01,3.79585,,14.3501,,,4.345,,,,22.3,2.72248,5.84281,4.8358,1.14353,36.8487,,,,0.77978,,,,,,,,,,,,0.367,7.3331,,,,,,,,,,,,,,,,,4.20399,,,,,,4.24948,,,,,,,,,2.71299,1.06987,,,,,,5.7824,,9.99746,,,,,,,,,,,,,,,,,,,,,2.36583,,,,,,,,,,,,,,,,,,7.6666,,34.9592,,,,,,,,,,,,,,,,0.683172,,,,,,,,,8801.45,,,,,,,,,,,,,,,,,,,,,,,,,,,9.625,,0.042318,,,,,,,,,,,,,,,,,,,,,,,,,,,,,,,,,,,,,,10.8188,,,,,,,,,,,,,,21.47,,,,,,,,,,,,,,,,,,,,,,,,,,,,,,,,,,,,,,,,,,,,,,,,,,,,,,,,,,,,,,,,,,,,,,,,,,,,,,,,,,,,,,,,,,,,,,,,,,,,,,,,,,,,,,,,,,,,,,,,,,,,,,,,,,,,,4.3675,,,,19.5414,,,,,,
1998-06-01,4.47156,,13.9755,,,4.38539,,,,22.58,2.75741,6.03106,3.62,1.25465,40.1833,,,,0.771935,,,,,,,,,,,,0.831,8.5829,,,,,,,,,,,,,,,,,4.63034,,,,,,4.57906,,,,,,,,,2.89267,1.00378,,,,,,5.95834,,7.41933,,,,,,,,,,,,,,,,,,,,,2.308,,,,,,,,,,,,,,,,,,9.0266,,35.5001,,,,,,,,,,,,,,,,0.54811,,,,,,,,,9891.69,,,,,,,,,,,,,,,,,,,,,,,,,,,11.53,,0.048177,,,,,,,,,,,,,,,,,,,,,,,,,,,,,,,,,,,,,,10.8968,,,,,,,,,,,,,,22.88,,,,,,,,,,,,,,,,,,,,,,,,,,,,,,,,,,,,,,,,,,,,,,,,,,,,,,,,,,,,,,,,,,,,,,,,,,,,,,,,,,,,,,,,,,,,,,,,,,,,,,,,,,,,,,,,,,,,,,,,,,,,,,,,,,,,,4.72,,,,20.232,,,,,,
1998-07-01,5.09004,,13.3803,,,4.10477,,,,18.7,2.65253,5.79851,3.6384,1.16252,38.587,,,,0.567764,,,,,,,,,,,,0.924,7.1218,,,,,,,,,,,,,,,,,4.19539,,,,,,4.54088,,,,,,,,,3.3941,0.943866,,,,,,5.57897,,7.56677,,,,,,,,,,,,,,,,,,,,,2.25949,,,,,,,,,,,,,,,,,,10.083,,33.8949,,,,,,,,,,,,,,,,0.514546,,,,,,,,,9375.34,,,,,,,,,,,,,,,,,,,,,,,,,,,12.03,,0.061198,,,,,,,,,,,,,,,,,,,,,,,,,,,,,,,,,,,,,,10.2296,,,,,,,,,,,,,,19.0,,,,,,,,,,,,,,,,,,,,,,,,,,,,,,,,,,,,,,,,,,,,,,,,,,,,,,,,,,,,,,,,,,,,,,,,,,,,,,,,,,,,,,,,,,,,,,,,,,,,,,,,,,,,,,,,,,,,,,,,,,,,,,,,,,,,,4.9025,,,,20.5761,,,,,,
1998-08-01,4.21721,,12.7081,,,3.33529,,,,15.94,2.42742,4.24935,2.7633,0.78666,29.7394,,,,0.440013,,,,,,,,,,,,0.698,6.5153,,,,,,,,,,,,,,,,,2.92482,,,,,,3.68144,,,,,,,,,2.02813,0.630833,,,,,,5.86689,,6.34079,,,,,,,,,,,,,,,,,,,,,1.95323,,,,,,,,,,,,,,,,,,6.4434,,28.8174,,,,,,,,,,,,,,,,0.314057,,,,,,,,,7799.81,,,,,,,,,,,,,,,,,,,,,,,,,,,9.625,,0.042318,,,,,,,,,,,,,,,,,,,,,,,,,,,,,,,,,,,,,,8.79005,,,,,,,,,,,,,,13.06,,,,,,,,,,,,,,,,,,,,,,,,,,,,,,,,,,,,,,,,,,,,,,,,,,,,,,,,,,,,,,,,,,,,,,,,,,,,,,,,,,,,,,,,,,,,,,,,,,,,,,,,,,,,,,,,,,,,,,,,,,,,,,,,,,,,,4.3325,,,,16.2878,,,,,,
1998-09-01,5.24875,0.745893,13.2517,,,3.30293,,,,13.12,2.67568,4.69761,3.6476,0.633029,33.4386,,,,0.521177,,,,,,,,,,,,0.93,6.258,,,,,,,,,,,,,,,,,2.91632,,,,,,3.72012,,,,,,,,,2.42126,0.540561,,,,,,6.37283,,6.65406,,,,,,,,,,,,,,,,,,,,,1.54022,,,,,,,,,,,,,,,,,,6.96,,32.614,,,,,,,,,,,,,,,,0.286538,,,,,,,,,7445.2,,,,,,,,,,,,,,,,,,,,,,,,,,,8.69,,0.041341,,,,,,,,,,,,,,,,,,,,,,,,,,,,,,,,,,,,,,9.72725,,,,,,,,,,,,,,16.66,,,,,,,,,,,,,,,,,,,,,,,,,,,,,,,,,,,,,,,,,,,,,,,,,,,,,,,,,,,,,,,,,,,,,,,,,,,,,,,,,,,,,,,,,,,,,,,,,,,,,,,,,,,,,,,,,,,,,,,,,,,,,,,,,,,,,5.1175,,,,16.7694,,,,,,
1998-10-01,5.52981,1.37263,13.3337,,,3.33529,,,,14.59,2.47632,5.87068,4.5871,0.767567,36.1569,,,,0.68312,,,,,,,,,,,,1.0535,7.0483,,,,,,,,,,,,,,,,,3.56441,,,,,,4.09556,,,,,,,,,2.99733,0.780361,,,,,,6.18329,,7.65847,,,,,,,,,,,,,,,,,,,,,1.74885,,,,,,,,,,,,,,,,,,8.57,,31.4351,,,,,,,,,,,,,,,,0.413876,,,,,,,,,8090.66,,,,,,,,,,,,,,,,,,,,,,,,,,,9.67,,0.055013,,,,,,,,,,,,,,,,,,,,,,,,,,,,,,,,,,,,,,10.6538,,,,,,,,,,,,,,22.63,,,,,,,,,,,,,,,,,,,,,,,,,,,,,,,,,,,,,,,,,,,,,,,,,,,,,,,,,,,,,,,,,,,,,,,,,,,,,,,,,,,,,,,,,,,,,,,,,,,,,,,,,,,,,,,,,,,,,,,,,,,,,,,,,,,,,5.1675,,,,18.8681,,,,,,
1998-11-01,5.35438,3.26535,13.2087,,,3.58354,,,,15.32,2.46764,5.50562,5.1582,0.959089,36.1569,,,,0.752565,,,,,,,,,,,,1.6,9.217,,,,,,,,,,,,,,,,,4.05054,,,,,,4.16484,,,,,,,,,3.85437,0.891721,,,,,,6.41518,,7.99982,,,,,,,,,,,,,,,,,,,,,1.9551,,,,,,,,,,,,,,,,,,10.083,,32.3592,,,,,,,,,,,,,,,,0.512831,,,,,,,,,8225.96,,,,,,,,,,,,,,,,,,,,,,,,,,,8.875,,0.052083,,,,,,,,,,,,,,,,,,,,,,,,,,,,,,,,,,,,,,11.0859,,,,,,,,,,,,,,23.69,,,,,,,,,,,,,,,,,,,,,,,,,,,,,,,,,,,,,,,,,,,,,,,,,,,,,,,,,,,,,,,,,,,,,,,,,,,,,,,,,,,,,,,,,,,,,,,,,,,,,,,,,,,,,,,,,,,,,,,,,,,,,,,,,,,,,4.91,,,,19.7791,,,,,,
1998-12-01,6.46949,3.9875,12.7081,,,3.56751,,,,13.4,2.67997,5.93112,7.2123,1.04383,37.6375,,,,0.991993,,,,,,,,,,,,2.677,13.582,,,,,,,,,,,,,,,,,4.41721,,,,,,4.80886,,,,,,,,,4.09388,0.951579,,,,,,6.51347,,7.67722,,,,,,,,,,,,,,,,,,,,,2.12165,,,,,,,,,,,,,,,,,,9.707,,30.3423,,,,,,,,,,,,,,,,0.511101,,,,,,,,,7966.22,,,,,,,,,,,,,,,,,,,,,,,,,,,11.19,,0.05599,,,,,,,,,,,,,,,,,,,,,,,,,,,,,,,,,,,,,,10.4512,,,,,,,,,,,,,,27.13,,,,,,,,,,,,,,,,,,,,,,,,,,,,,,,,,,,,,,,,,,,,,,,,,,,,,,,,,,,,,,,,,,,,,,,,,,,,,,,,,,,,,,,,,,,,,,,,,,,,,,,,,,,,,,,,,,,,,,,,,,,,,,,,,,,,,5.715,,,,19.8677,,,,,,
1999-01-01,7.32136,4.59057,11.7326,,,3.80021,,,,13.63,2.67568,6.3463,7.7558,0.982317,36.2676,,,,1.03839,,,,,,,,,,,,2.9235,21.88,,,,,,,,,,,,,,,,,4.83488,,,,,,5.07772,,,,,,,,,3.19586,0.833388,,,,,,5.38922,,8.20255,,,,,,,,,,,,,,,,,,,,,2.12848,,,,,,,,,,,,,,,,,,9.597,,30.9774,,,,,,,,,,,,,,,,1.10026,,,,,,,,,8359.73,,,,,,,,,,,,,,,,,,,,,,,,,,,10.515,,0.047526,,,,,,,,,,,,,,,,,,,,,,,,,,,,,,,,,,,,,,10.1245,,,,,,,,,,,,,,29.03,,,,,,,,,,,,,,,,,,,,,,,,,,,,,,,,,,,,,,,,,,,,,,,,,,,,,,,,,,,,,,,,,,,,,,,,,,,,,,,,,,,,,,,,,,,,,,,,,,,,,,,,,,,,,,,,,,,,,,,,,,,,,,,,,,,,,5.4375,,,,21.5134,,,,,,
1999-02-01,7.64624,5.52294,11.5609,,,4.28097,,,,11.04,2.86437,6.29097,6.6504,0.867265,34.5125,,,,0.99596,,,,,,,,,,,,3.203,22.514,,,,,,,,,,,,,,,,,4.90305,,,,,,4.86288,,,,,,,,,3.01618,0.822128,,,,,,5.46659,,7.60339,,,,,,,,,,,,,,,,,,,,,2.46554,,,,,,,,,,,,,,,,,,8.89,,30.8186,,,,,,,,,,,,,,,,0.847536,,,,,,,,,9320.92,,,,,,,,,,,,,,,,,,,,,,,,,,,6.405,,0.042969,,,,,,,,,,,,,,,,,,,,,,,,,,,,,,,,,,,,,,11.3099,,,,,,,,,,,,,,23.13,,,,,,,,,,,,,,,,,,,,,,,,,,,,,,,,,,,,,,,,,,,,,,,,,,,,,,,,,,,,,,,,,,,,,,,,,,,,,,,,,,,,,,,,,,,,,,,,,,,,,,,,,,,,,,,,,,,,,,,,,,,,,,,,,,,,,5.2225,,,,24.2357,,,,,,
1999-03-01,6.92924,6.80854,12.4669,,,4.45744,,,,11.15,2.65363,5.97031,7.8847,0.813627,34.7419,,,,1.10027,,,,,,,,,,,,4.3045,35.379,,,,,,,,,,,,,,,,,5.68768,,,,,,4.73229,,,,,,,,,3.83215,0.757789,,,,,,5.57193,,6.94937,,,,,,,,,,,,,,,,,,,,,2.36365,,,,,,,,,,,,,,,,,,6.8734,,30.4364,,,,,,,,,,,,,,,,0.831999,,,,,,,,,10652.26,,,,,,,,,,,,,,,,,,,,,,,,,,,6.31,,0.038411,,,,,,,,,,,,,,,,,,,,,,,,,,,,,,,,,,,,,,10.8152,,,,,,,,,,,,,,26.88,,,,,,,,,,,,,,,,,,,,,,,,,,,,,,,,,,,,,,,,,,,,,,,,,,,,,,,,,,,,,,,,,,,,,,,,,,,,,,,,,,,,,,,,,,,,,,,,,,,,,,,,,,,,,,,,,,,,,,,,,,,,,,,,,,,,,5.9575,,,,25.4114,,,,,,
1999-04-01,7.08487,10.3231,13.0313,,,4.58593,,,,12.9,2.93342,5.31717,7.7926,0.951708,40.5478,,,,1.11209,,,,,,,,,,,,4.3015,26.42,,,,,,,,,,,,,,,,,6.38685,,,,,,5.56073,,,,,,,,,3.87313,1.03245,,,,,,5.74083,,7.82458,,,,,,,,,,,,,,,,,,,,,2.47891,,,,,,,,,,,,,,,,,,8.11,,31.1832,,,,,,,,,,,,,,,,0.90363,,,,,,,,,9723.71,,,,,,,,,,,,,,,,,,,,,,,,,,,6.55,,0.05599,,,,,,,,,,,,,,,,,,,,,,,,,,,,,,,,,,,,,,15.2254,,,,,,,,,,,,,,23.56,,,,,,,,,,,,,,,,,,,,,,,,,,,,,,,,,,,,,,,,,,,,,,,,,,,,,,,,,,,,,,,,,,,,,,,,,,,,,,,,,,,,,,,,,,,,,,,,,,,,,,,,,,,,,,,,,,,,,,,,,,,,,,,,,,,,,6.5075,,,,26.345,,,,,,
1999-05-01,8.12686,8.78829,13.5282,,,5.1232,54.4872,,5.6255,14.76,3.12271,5.77075,7.7465,1.17424,38.2254,,,,1.05388,,,,,,,,,,,,2.969,27.219,,,,,,,,,,,,,,,,,5.86693,,,,,,6.00566,,,,,,,,,4.85663,1.10798,,,,,,6.11296,,8.07335,,,,,,,,,,,,,,,,,,,,,2.47891,,,,,,,,,,,,,,,,,,7.4734,,30.8186,,,,,,,,,,,,,,,,0.795895,,,,,,,,,8798.32,,,,,,,,,,,,,,,,,,,,,,,,,,,7.55,,0.05013,,,,,,,,,,,,,,,,,,,,,,,,,,,,,,,,,,,,,,14.1004,,,,,,,,,,,,,,22.19,,,,,,,,,,,,,,,,,,,,,,,,,,,,,,,,,,,,,,,,,,,,,,,,,,,,,,,,,,,,,,,,,,,,,,,,,,,,,,,,,,,,,,,,,,,,,,,,,,,,,,,,,,,,,,,,,,,,,,,,,,,,,,,,,,,,,6.25,,,,25.0329,,,,,,
1999-06-01,8.06925,7.51077,11.7326,,,5.48339,57.9467,,5.87222,16.05,3.17809,5.90927,11.827,1.22413,39.8922,,,,1.2624,,,,,,,,,,,,3.128,39.625,,,,,,,,,,,,,,,,,5.74747,,,,,,6.84916,,,,,,,,,5.24117,1.13318,,,,,,5.52303,,8.64481,,,,,,,,,,,,,,,,,,,,,2.72318,,,,,,,,,,,,,,,,,,9.777,,30.5305,,,,,,,,,,,,,,,,1.33895,,,,,,,,,8835.62,,,,,,,,,,,,,,,,,,,,,,,,,,,7.925,,0.045573,,,,,,,,,,,,,,,,,,,,,,,,,,,,,,,,,,,,,,14.8257,,,,,,,,,,,,,,27.6,,,,,,,,,,,,,,,,,,,,,,,,,,,,,,,,,,,,,,,,,,,,,,,,,,,,,,,,,,,,,,,,,,,,,,,,,,,,,,,,,,,,,,,,,,,,,,,,,,,,,,,,,,,,,,,,,,,,,,,,,,,,,,,,,,,,,5.22,,,,26.0455,,,,,,
1999-07-01,8.04169,4.84466,12.2838,,,5.16318,51.5784,,6.15399,13.46,3.0348,6.29678,15.217,1.4506,39.1337,,,,1.86852,,,,,,,,,,,,2.5015,34.056,,,,,,,,,,,,,,,,,6.5489,,,,,,6.58866,,,,,,,,,5.54979,1.27837,,,,,,5.53681,,8.10133,,,,,,,,,,,,,,,,,,,,,2.59901,,,,,,,,,,,,,,,,,,9.4034,,29.3104,,,,,,,,,,,,,,,,1.58862,,,,,,,,,9142.04,,,,,,,,,,,,,,,,,,,,,,,,,,,5.5,,0.05599,,,,,,,,,,,,,,,,,,,,,,,,,,,,,,,,,,,,,,14.489,,,,,,,,,,,,,,30.1,,,,,,,,,,,,,,,,,,,,,,,,,,,,,,,,,,,,,,,,,,,,,,,,,,,,,,,,,,,,,,,,,,,,,,,,,,,,,,,,,,,,,,,,,,,,,,,,,,,,,,,,,,,,,,,,,,,,,,,,,,,,,,,,,,,,,4.97,,,,26.2989,,,,,,
1999-08-01,6.63507,6.22931,12.0215,,,5.29919,48.0807,,5.9569,11.66,3.09587,6.06975,19.509,1.43878,33.655,,,,1.88025,,,,,,,,,,,,3.1095,49.77,,,,,,,,,,,,,,,,,6.81321,,,,,,5.86739,,,,,,,,,6.06238,1.08377,,,,,,5.55784,,7.42835,,,,,,,,,,,,,,,,,,,,,2.2482,,,,,,,,,,,,,,,,,,7.3334,,30.1032,,,,,,,,,,,,,,,,1.61832,,,,,,,,,7795.17,,,,,,,,,,,,,,,,,,,,,,,,,,,4.265,,0.05013,,,,,,,,,,,,,,,,,,,,,,,,,,,,,,,,,,,,,,13.2785,,,,,,,,,,,,,,27.97,,,,,,,,,,,,,,,,,,,,,,,,,,,,,,,,,,,,,,,,,,,,,,,,,,,,,,,,,,,,,,,,,,,,,,,,,,,,,,,,,,,,,,,,,,,,,,,,,,,,,,,,,,,,,,,,,,,,,,,,,,,,,,,,,,,,,5.135,,,,25.1948,,,,,,
1999-09-01,8.12686,6.99895,10.5751,,,5.2111,49.0304,,6.18539,11.26,2.88722,5.69897,14.434,1.72675,33.2935,,,,1.54803,,,,,,,,,,,,3.997,48.934,,,,,,,,,,,,,,,,,6.76203,,,,,,6.28919,,,,,,,,,5.68662,1.01849,,,,,,5.32605,,6.8294,,,,,,,,,,,,,,,,,,,,,2.1773,,,,,,,,,,,,,,,,,,8.8734,,28.9449,,,,,,,,,,,,,,,,1.74922,,,,,,,,,7440.53,,,,,,,,,,,,,,,,,,,,,,,,,,,3.56,,0.052734,,,,,,,,,,,,,,,,,,,,,,,,,,,,,,,,,,,,,,13.3867,,,,,,,,,,,,,,28.08,,,,,,,,,,,,,,,,,,,,,,,,,,,,,,,,,,,,,,,,,,,,,,,,,,,,,,,,,,,,,,,,,,,,,,,,,,,,,,,,,,,,,,,,,,,,,,,,,,,,,,,,,,,,,,,,,,,,,,,,,,,,,,,,,,,,,5.4175,,,,23.7055,,,,,,
1999-10-01,8.56102,6.70121,10.8696,,,5.61197,57.1804,,5.86845,9.07,2.84082,5.71571,17.833,2.29069,35.9452,,,,1.52478,,,,,,,,,,,,3.531,56.745,,,,,,,,,,,,,,,,,7.87916,,,,,,6.31251,,,,,,,,,7.37553,0.783868,,,,,,5.08682,,6.9581,,,,,,,,,,,,,,,,,,,,,2.23275,,,,,,,,,,,,,,,,,,9.68,,29.6112,,,,,,,,,,,,,,,,2.42214,,,,,,,,,8350.42,,,,,,,,,,,,,,,,,,,,,,,,,,,3.25,,0.042318,,,,,,,,,,,,,,,,,,,,,,,,,,,,,,,,,,,,,,13.9284,,,,,,,,,,,,,,31.16,,,,,,,,,,,,,,,,,,,,,,,,,,,,,,,,,,,,,,,,,,,,,,,,,,,,,,,,,,,,,,,,,,,,,,,,,,,,,,,,,,,,,,,,,,,,,,,,,,,,,,,,,,,,,,,,,,,,,,,,,,,,,,,,,,,,,5.3325,,,,27.5358,,,,,,
1999-11-01,9.4913,8.18925,11.2358,44.7134,,6.10074,60.5036,,6.00166,8.39,2.85449,5.90366,19.454,2.23686,34.0902,,,,1.1581,,,,,,,,,,,,4.253,85.379,,,,,,,,,,,,,,,,,8.5959,,,,,,6.50422,,,,,,,,,7.01685,0.832604,,,,,,4.68642,,7.18891,,,,,,,,,,,,,,,,,,,,,2.07739,,,,,,,,,,,,,,,,,,9.943,,28.3597,,,,,,,,,,,,,,,,2.22576,,,,,,,,,7558.73,,,,,,,,,,,,,,,,,,,,,,,,,,,3.205,,0.045573,,,,,,,,,,,,,,,,,,,,,,,,,,,,,,,,,,,,,,13.7991,,,,,,,,,,,,,,36.19,,,,,,,,,,,,,,,,,,,,,,,,,,,,,,,,,,,,,,,,,,,,,,,,,,,,,,,,,,,,,,,,,,,,,,,,,,,,,,,,,,,,,,,,,,,,,,,,,,,,,,,,,,,,,,,,,,,,,,,,,,,,,,,,,,,,,5.9175,,,,27.3803,,,,,,
1999-12-01,10.7889,6.2094,11.0547,46.7025,,6.12509,75.8599,,5.60509,8.34,3.05536,6.64541,30.166,2.81241,30.0451,,,,1.30473,,,,,,,,,,,,3.806,175.46,,,,,,,,,,,,,,,,,9.24152,,,,,,7.43993,,,,,,,,,7.57417,0.971656,,,,,,4.53902,,7.10556,,,,,,,,,,,,,,,,,,,,,1.94649,,,,,,,,,,,,,,,,,,10.763,,30.0268,,,,,,,,,,,,,,,,3.20006,,,,,,,,,7645.83,,,,,,,,,,,,,,,,,,,,,,,,,,,3.33,,0.044922,,,,,,,,,,,,,,,,,,,,,,,,,,,,,,,,,,,,,,15.8433,,,,,,,,,,,,,,33.38,,,,,,,,,,,,,,,,,,,,,,,,,,,,,,,,,,,,,,,,,,,,,,,,,,,,,,,,,,,,,,,,,,,,,,,,,,,,,,,,,,,,,,,,,,,,,,,,,,,,,,,,,,,,,,,,,,,,,,,,,,,,,,,,,,,,,6.385,,,,33.3285,,,,,,
2000-01-01,9.71748,7.44336,11.8976,40.6049,,6.8143,73.8949,,4.98181,6.83,2.90718,6.54587,38.742,2.4019,29.8109,,,,1.1273,,,,,,,,,,,,3.228,148.3,,,,,,,,,,,,,,,,,8.89312,,,,,,7.61649,,,,,,,,,6.96138,0.945442,,,,,,4.65864,,7.44651,,,,,,,,,,,,,,,,,,,,,1.38259,,,,,,,,,,,,,,,,,,9.793,,29.722,,,,,,,,,,,,,,,,3.58188,,,,,,,,,7107.72,,,,,,,,,,,,,,,,,,,,,,,,,,,3.295,,0.046875,,,,,,,,,,,,,,,,,,,,,,,,,,,,,,,,,,,,,,13.8158,,,,,,,,,,,,,,23.1,,,,,,,,,,,,,,,,,,,,,,,,,,,,,,,,,,,,,,,,,,,,,,,,,,,,,,,,,,,,,,,,,,,,,,,,,,,,,,,,,,,,,,,,,,,,,,,,,,,,,,,,,,,,,,,,,,,,,,,,,,,,,,,,,,,,,5.655,,,,32.912,,,,,,
2000-02-01,9.01772,7.11407,11.499,37.0881,,6.87854,74.5976,,5.15742,6.83,2.89341,7.73587,43.255,3.42636,26.7663,,,,1.84557,,,,,,,,,,,,3.444,232.49,,,,,,,,,,,,,,,,,7.96452,,,,,,9.54214,,,,,,,,,10.3653,0.955175,,,,,,4.33512,,7.71403,,,,,,,,,,,,,,,,,,,,,1.57161,,,,,,,,,,,,,,,,,,8.6266,,28.6606,,,,,,,,,,,,,,,,4.47749,,,,,,,,,7006.59,,,,,,,,,,,,,,,,,,,,,,,,,,,4.69,,0.04362,,,,,,,,,,,,,,,,,,,,,,,,,,,,,,,,,,,,,,12.8627,,,,,,,,,,,,,,19.97,,,,,,,,,,,,,,,,,,,,,,,,,,,,,,,,,,,,,,,,,,,,,,,,,,,,,,,,,,,,,,,,,,,,,,,,,,,,,,,,,,,,,,,,,,,,,,,,,,,,,,,,,,,,,,,,,,,,,,,,,,,,,,,,,,,,,4.5425,,,,27.0901,,,,,,
2000-03-01,9.29408,8.72895,11.4694,42.7576,,7.96872,84.8772,,6.11408,7.17,2.98561,9.0649,30.166,3.60292,32.3861,,,,1.52856,,,,,,,,,,,,3.35,137.38,,,,,,,,,,,,,,,,,8.39068,,,,,,6.97965,,,,,,,,,10.9162,1.03498,,,,,,4.89015,,8.56205,,,,,,,,,,,,,,,,,,,,,2.61685,,,,,,,,,,,,,,,,,,11.583,,30.5481,,,,,,,,,,,,,,,,3.87715,,,,,,,,,8177.74,,,,,,,,,,,,,,,,,,,,,,,,,,,4.05,,0.046875,,,,,,,,,,,,,,,,,,,,,,,,,,,,,,,,,,,,,,13.6272,,,,,,,,,,,,,,24.38,,,,,,,,,,,,,,,,,,,,,,,,,,,,,,,,,,,,,,,,,,,,,,,,,,,,,,,,,,,,,,,,,,,,,,,,,,,,,,,,,,,,,,,,,,,,,,,,,,,,,,,,,,,,,,,,,,,,,,,,,,,,,,,,,,,,,6.1975,,,,38.6191,,,,,,
2000-04-01,8.78898,7.89564,12.5107,45.1502,,11.6551,75.2993,,5.91391,8.25,3.10844,9.37178,19.647,2.99271,31.8579,,,,1.30871,,,,,,,,,,,,2.7595,128.08,,,,,,,,,,,,,,,,,9.01198,,,,,,9.36597,,,,,,,,,10.305,1.26356,,,,,,5.24164,,8.76439,,,,,,,,,,,,,,,,,,,,,2.25473,,,,,,,,,,,,,,,,,,12.86,,31.2479,,,,,,,,,,,,,,,,3.94789,,,,,,,,,8099.97,,,,,,,,,,,,,,,,,,,,,,,,,,,3.495,,0.046549,,,,,,,,,,,,,,,,,,,,,,,,,,,,,,,,,,,,,,13.5078,,,,,,,,,,,,,,21.0,,,,,,,,,,,,,,,,,,,,,,,,,,,,,,,,,,,,,,,,,,,,,,,,,,,,,,,,,,,,,,,,,,,,,,,,,,,,,,,,,,,,,,,,,,,,,,,,,,,,,,,,,,,,,,,,,,,,,,,,,,,,,,,,,,,,,7.655,,,,34.6632,,,,,,
2000-05-01,8.46503,6.20536,12.2838,40.7695,,13.4487,59.4001,,6.16113,7.12,3.18597,10.0826,19.592,3.15412,31.3709,,,,1.32013,,,,,,,,,,,,2.4155,124.41,,,,,,,,,,,,,,,,,8.57081,,,,,,8.42298,,,,,,,,,9.42637,1.3653,,,,,,5.27686,,9.25081,,,,,,,,,,,,,,,,,,,,,2.29721,,,,,,,,,,,,,,,,,,13.223,,32.8345,,,,,,,,,,,,,,,,2.76377,,,,,,,,,7902.47,,,,,,,,,,,,,,,,,,,,,,,,,,,4.405,,0.044922,,,,,,,,,,,,,,,,,,,,,,,,,,,,,,,,,,,,,,12.7952,,,,,,,,,,,,,,23.66,,,,,,,,,,,,,,,,,,,,,,,,,,,,,,,,,,,,,,,,,,,,,,,,,,,,,,,,,,,,,,,,,,,,,,,,,,,,,,,,,,,,,,,,,,,,,,,,,,,,,,,,,,,,,,,,,,,,,,,,,,,,,,,,,,,,,7.7925,,,,38.7018,,,,,,
2000-06-01,8.76143,5.388,11.1243,40.1046,,14.9849,76.5302,,6.19322,6.38,3.46527,11.6598,36.015,2.58605,32.6399,,,,1.71801,,,,,,,,,,,,1.8155,162.19,,,,,,,,,,,,,,,,,10.0359,,,,,,9.29443,,,,,,,,,9.6722,1.09498,,,,,,4.94657,,9.3167,,,,,,,,,,,,,,,,,,,,,1.85985,,,,,,,,,,,,,,,,,,13.187,,33.8508,,,,,,,,,,,,,,,,3.22654,,,,,,,,,7767.15,,,,,,,,,,,,,,,,,,,,,,,,,,,4.31,,0.042969,,,,,,,,,,,,,,,,,,,,,,,,,,,,,,,,,,,,,,10.9243,,,,,,,,,,,,,,17.28,,,,,,,,,,,,,,,,,,,,,,,,,,,,,,,,,,,,,,,,,,,,,,,,,,,,,,,,,,,,,,,,,,,,,,,,,,,,,,,,,,,,,,,,,,,,,,,,,,,,,,,,,,,,,,,,,,,,,,,,,,,,,,,,,,,,,7.2075,,,,36.7254,,,,,,
2000-07-01,7.60533,4.95948,13.0991,40.0003,,20.221,79.786,,5.58875,6.88,3.84664,13.0628,37.71,2.45949,34.2646,,,,1.78736,,,,,,,,,,,,1.506,145.83,,,,,,,,,,,,,,,,,10.6179,,,,,,11.975,,,,,,,,,11.5303,1.33574,,,,,,4.9678,,10.2227,,,,,,,,,,,,,,,,,,,,,1.67528,,,,,,,,,,,,,,,,,,14.187,,36.9897,,,,,,,,,,,,,,,,2.51684,,,,,,,,,8247.73,,,,,,,,,,,,,,,,,,,,,,,,,,,3.515,,0.046875,,,,,,,,,,,,,,,,,,,,,,,,,,,,,,,,,,,,,,10.4035,,,,,,,,,,,,,,16.28,,,,,,,,,,,,,,,,,,,,,,,,,,,,,,,,,,,,,,,,,,,,,,,,,,,,,,,,,,,,,,,,,,,,,,,,,,,,,,,,,,,,,,,,,,,,,,,,,,,,,,,,,,,,,,,,,,,,,,,,,,,,,,,,,,,,,9.3025,,,,43.0993,,,,,,
2000-08-01,8.26962,6.14997,11.6287,37.8621,,24.8038,104.687,,5.56547,6.5,3.61953,11.7091,42.869,2.3405,35.1573,,,,2.60569,,,,,,,,,,,,2.075,182.76,,,,,,,,,,,,,,,,,10.3512,,,,,,11.1029,,,,,,,,,11.3021,1.38087,,,,,,5.41035,,10.0887,,,,,,,,,,,,,,,,,,,,,1.64677,,,,,,,,,,,,,,,,,,13.52,,36.3107,,,,,,,,,,,,,,,,2.59185,,,,,,,,,7608.53,,,,,,,,,,,,,,,,,,,,,,,,,,,4.595,,0.053385,,,,,,,,,,,,,,,,,,,,,,,,,,,,,,,,,,,,,,9.48126,,,,,,,,,,,,,,18.53,,,,,,,,,,,,,,,,,,,,,,,,,,,,,,,,,,,,,,,,,,,,,,,,,,,,,,,,,,,,,,,,,,,,,,,,,,,,,,,,,,,,,,,,,,,,,,,,,,,,,,,,,,,,,,,,,,,,,,,,,,,,,,,,,,,,,9.03,,,,41.9133,,,,,,
2000-09-01,9.17306,6.81642,11.9758,38.4998,,22.9974,92.2089,,5.70948,6.0,3.71742,12.3598,53.839,2.11029,36.9898,,,,2.64812,,,,,,,,,,,,1.922,186.14,,,,,,,,,,,,,,,,,9.5172,,,,,,10.5902,,,,,,,,,8.2378,1.24631,,,,,,5.08017,,10.5809,,,,,,,,,,,,,,,,,,,,,1.57161,,,,,,,,,,,,,,,,,,13.52,,37.6924,,,,,,,,,,,,,,,,1.8017,,,,,,,,,6819.97,,,,,,,,,,,,,,,,,,,,,,,,,,,4.985,,0.056641,,,,,,,,,,,,,,,,,,,,,,,,,,,,,,,,,,,,,,9.13156,,,,,,,,,,,,,,18.94,,,,,,,,,,,,,,,,,,,,,,,,,,,,,,,,,,,,,,,,,,,,,,,,,,,,,,,,,,,,,,,,,,,,,,,,,,,,,,,,,,,,,,,,,,,,,,,,,,,,,,,,,,,,,,,,,,,,,,,,,,,,,,,,,,,,,9.98,,,,46.9013,,,,,,
2000-10-01,9.04198,5.11046,11.3998,41.4891,,19.2876,80.7943,,6.07763,6.75,3.68748,14.5485,60.222,1.87252,36.4126,,,,2.07705,,,,,,,,,,,,1.831,121.3,,,,,,,,,,,,,,,,,10.9667,,,,,,10.2783,,,,,,,,,7.87825,1.24177,,,,,,4.78491,,10.4966,,,,,,,,,,,,,,,,,,,,,1.44041,,,,,,,,,,,,,,,,,,13.04,,33.3265,,,,,,,,,,,,,,,,1.66769,,,,,,,,,7261.69,,,,,,,,,,,,,,,,,,,,,,,,,,,6.095,,0.05599,,,,,,,,,,,,,,,,,,,,,,,,,,,,,,,,,,,,,,11.2121,,,,,,,,,,,,,,17.44,,,,,,,,,,,,,,,,,,,,,,,,,,,,,,,,,,,,,,,,,,,,,,,,,,,,,,,,,,,,,,,,,,,,,,,,,,,,,,,,,,,,,,,,,,,,,,,,,,,,,,,,,,,,,,,,,,,,,,,,,,,,,,,,,,,,,8.74,,,,46.3719,,,6.58373,,,
2000-11-01,8.45084,3.40412,11.9883,41.5652,,22.5183,66.4759,,7.14701,6.44,3.7702,14.132,53.443,1.72675,39.7189,,,,1.96489,,,,,,,,,,,,1.2345,79.663,,,,,,,,,,,,,,,,,10.9756,,,,,,10.6473,,,,,,,,,5.82247,1.33223,,,,,,5.48068,,10.9579,,,,,,,,,,,,,,,,,,,,,1.68221,,,,,,,,,,,,,,,,,,12.417,,33.3265,,,,,,,,,,,,,,,,1.29054,,,,,,,,,7305.24,,,,,,,,,,,,,,,,,,,,,,,,,,,6.61,,0.03776,,,,,,,,,,,,,,,,,,,,,,,,,,,,,,,,,,,,,,11.1915,,,,,,,,,,,,,,19.5,,,,,,,,,,,,,,,,,,,,,,,,,,,,,,,,,,,,,,,,,,,,,,,,,,,,,,,,,,,,,,,,,,,,,,,,,,,,,,,,,,,,,,,,,,,,,,,,,,,,,,,,,,,,,,,,,,,,,,,,,,,,,,,,,,,,,9.3125,,,,40.8345,,,5.90362,,,
2000-12-01,9.3084,3.27333,12.545,40.2392,,28.4603,86.5639,,6.95823,6.0,4.0929,14.5671,58.205,1.59999,49.3219,,,,1.99958,,,,,,,,,,,,0.778,68.176,,,,,,,,,,,,,,,,,11.358,,,,,,11.843,,,,,,,,,5.4634,1.18625,,,,,,5.80401,,11.8758,,,,,,,,,,,,,,,,,,,,,1.84658,,,,,,,,,,,,,,,,,,8.1666,,35.3091,,,,,,,,,,,,,,,6.56121,1.24766,,,,,,,,,7717.37,,,,,,,,,,,,,,,,,,,,,,,,,,,8.655,,0.040365,,,,,,,,,,,,,,,,,,,,,,,,,,,,,,,,,,,,,,13.5156,,,,,,,,,,,,,,23.72,,,,,,,,,,,,,,,,,,,,,,,,,,,,,,,,,,,,,,,,,,,,,,,,,,,,,,,,,,,,,,,,,,,,,,,,,,,,,,,,,,,,,,,,,,,,,,,,,,,,,,,,,,,,,,,,,,,,,,,,,,,,,,,,,,,,,7.905,,,,41.5006,,,6.96459,,,
2001-01-01,9.53549,4.90005,13.7666,42.393,,20.7506,92.1706,,7.03123,7.5,3.84205,14.5003,54.171,2.46332,49.5405,,,,1.63278,,,,,,,,,,,,0.8655,67.542,,,,,,,,,,,,,,,,,12.3402,,,,,,11.2753,,,,,,,,,7.48678,1.22281,,,,,,5.17142,,10.4876,,,,,,,,,,,,,,,,,,,,,2.50555,,,,,,,,,,,,,,,,,,10.147,,35.4668,,,,,,,,,,,,,,,6.45523,2.27503,,,,,,,,,7261.69,,,,,,,,,,,,,,,,,,,,,,,,,,,7.265,,0.042318,,,,,,,,,,,,,,,,,,,,,,,,,,,,,,,,,,,,,,12.6591,,,,,,,,,,,,,,26.0,,,,,,,,,,,,,,,,,,,,,,,,,,,,,,,,,,,,,,,,,,,,,,,,,,,,,,,,,,,,,,,,,,,,,,,,,,,,,,,,,,,,,,,,,,,,,,,,,,,,,,,,,,,,,,,,,,,,,,,,,,,,,,,,,,,,,8.635,,,,38.5219,,,9.39785,,,
2001-02-01,9.58965,3.80506,13.656,38.8449,,21.1246,74.3437,,7.58439,8.3,3.66733,13.5166,51.932,2.18705,49.6865,,,,1.80286,,,,,,,,,,,,0.5095,43.824,,,,,,,,,,,,,,,,,12.349,,,,,,11.2456,,,,,,,,,5.94705,1.29928,,,,,,5.74728,,11.4094,,,,,,,,,,,,,,,,,,,,,2.30364,,,,,,,,,,,,,,,,,,9.27,,32.562,,,,,,,,,,,,,,,7.26497,1.84944,,,,,,,,,6480.94,,,,,,,,,,,,,,,,,,,,,,,,,,,7.14,,0.037109,,,,,,,,,,,,,,,,,,,,,,,,,,,,,,,,,,,,,,12.1089,,,,,,,,,,,,,,27.16,,,,,,,,,,,,,,,,,,,,,,,,,,,,,,,,,,,,,,,,,,,,,,,,,,,,,,,,,,,,,,,,,,,,,,,,,,,,,,,,,,,,,,,,,,,,,,,,,,,,,,,,,,,,,,,,,,,,,,,,,,,,,,,,,,,,,8.25,,,,38.112,,,6.00692,,,
2001-03-01,9.28074,3.59059,13.6484,39.0985,,17.8147,68.9575,,8.13914,9.0,3.70465,14.199,36.844,2.00675,50.6997,,,,1.56741,,,,,,,,,,,,0.5115,32.567,,,,,,,,,,,,,,,,,10.6742,,,,,,10.3235,,,,,,,,,6.30613,1.18021,,,,,,5.60733,,11.0969,,,,,,,,,,,,,,,,,,,,,2.05719,,,,,,,,,,,,,,,,,,6.4234,,31.8673,,,,,,,,,,,,,,,6.60147,2.04341,,,,,,,,,6078.09,,,,,,,,,,,,,,,,,,,,,,,,,,,9.19,,0.035156,,,,,,,,,,,,,,,,,,,,,,,,,,,,,,,,,,,,,,11.715,,,,,,,,,,,,,,23.47,,,,,,,,,,,,,,,,,,,,,,,,,,,,,,,,,,,,,,,,,,,,,,,,,,,,,,,,,,,,,,,,,,,,,,,,,,,,,,,,,,,,,,,,,,,,,,,,,,,,,,,,,,,,,,,,,,,,,,,,,,,,,,,,,,,,,7.455,,,,33.8503,,,5.81544,,,
2001-04-01,9.72408,5.00719,14.1166,39.47,,24.6929,73.9086,,7.61896,10.85,3.71532,14.6016,45.319,3.10807,51.8972,,,,2.3625,,,,,,,,,,,,0.789,47.123,,,,,,,,,,,,,,,,,10.5833,,,,,,10.2015,,,,,,,,,7.20621,1.40436,,,,,,5.66298,,11.9136,,,,,,,,,,,,,,,,,,,,,2.41257,,,,,,,,,,,,,,,,,,6.9734,,32.1397,,,,,,,,,,,,,,,6.97318,2.54702,,,,,,,,,6774.88,,,,,,,,,,,,,,,,,,,,,,,,,,,9.605,,0.033958,,,,,,,,,,,,,,,,,,,,,,,,,,,,,,,,,,,,,,12.4088,,,,,,,,,,,,,,28.72,,,,,,,,,,,,,,,,,,,,,,,,,,,,,,,,,,,,,,,,,,,,,,,,,,,,,,,,,,,,,,,,,,,,,,,,,,,,,,,,,,,,,,,,,,,,,,,,,,,,,,,,,,,,,,,,,,,,,,,,,,,,,,,,,,,,,9.2225,,,,34.539,,,5.93305,,,
2001-05-01,9.11382,6.00331,14.7611,40.9821,,24.7791,77.1555,,7.8318,11.65,3.89144,15.023,56.74,3.38806,54.7996,,,17.7324,2.49789,,,,,,,,,,,,0.8345,51.92,,,,,,,,,,,,,,,,,13.6444,,,,,,11.2594,,,,,,,,,5.71457,1.45403,,,,,,6.10612,,13.3921,,,,,,,,,,,,,,,,,,,,,2.62328,,,,,,,,,,,,,,,,,,8.5933,,33.9635,,,,,,,,,,,,,,,6.64748,2.37663,,,,,,,,,7331.69,,,,,,,,,,,,,,,,,,,,,,,,,,,9.44,,0.032083,,,,,,,,,,,,,,,,,,,,,,,,,,,,,,,,,,,,,,13.2861,,,,,,,,,,,,,,28.44,,,,,,,,,,,,,,,,,,,,,,,,,,,,,,,,,,,,,,,,,,,,,,,,,,,,,,,,,,,,,,,,,,,,,,,,,,,,,,,,,,,,,,,,,,,,,,,,,,,,,,,,,,,,,,,,,,,,,,,,,,,,,,,,,,,,,9.185,,,,37.5752,,,5.3147,,,
2001-06-01,9.67648,6.79267,16.3087,39.8453,,30.0003,69.6112,,8.18509,11.6,4.08891,16.1434,62.35,2.09504,54.7634,,,18.4549,2.80667,,,,,,,,,,,,0.7075,55.146,,,,,,,,,,,,,,,,,12.7127,,,,,,10.5401,,,,,,,,,8.32607,1.34275,,,,,,6.23267,,13.5012,,,,,,,,,,,,,,,,,,,,,2.63467,,,,,,,,,,,,,,,,,,9.28,,36.0558,,,,,,,,,,,,,,,7.59018,2.55138,,,,,,,,,6785.74,,,,,,,,,,,,,,,,,,,,,,,,,,,9.56,,0.035417,,,,,,,,,,,,,,,,,,,,,,,,,,,,,,,,,,,,,,12.4598,,,,,,,,,,,,,,24.2,,,,,,,,,,,,,,,,,,,,,,,,,,,,,,,,,,,,,,,,,,,,,,,,,,,,,,,,,,,,,,,,,,,,,,,,,,,,,,,,,,,,,,,,,,,,,,,,,,,,,,,,,,,,,,,,,,,,,,,,,,,,,,,,,,,,,10.662,,,,36.1743,,,6.00692,,,
2001-07-01,8.40575,6.20536,15.4277,39.1736,,27.6991,67.5678,,8.31573,11.45,3.92058,15.1609,49.722,2.31363,58.3901,,,18.4549,2.47475,,,,,,,,,,,,0.6245,50.183,,,,,,,,,,,,,,,,,12.0407,,,,,,11.6177,,,,,,,,,9.04024,1.41826,,,,,,5.80401,,13.4824,,,,,,,,,,,,,,,,,,,,,2.58575,,,,,,,,,,,,,,,,,,8.6766,,33.643,,,,,,,,,,,,,,,7.23831,2.40855,,,,,,,,,6832.41,,,,,,,,,,,,,,,,,,,,,,,,,,,9.25,,0.040104,,,,,,,,,,,,,,,,,,,,,,,,,,,,,,,,,,,,,,13.641,,,,,,,,,,,,,,25.88,,,,,,,,,,,,,,,,,,,,,,,,,,,,,,,,,,,,,,,,,,,,,,,,,,,,,,,,,,,,,,,,,,,,,,,,,,,,,,,,,,,,,,,,,,,,,,,,,,,,,,,,,,,,,,,,,,,,,,,,,,,,,,,,,,,,,9.562,,,,36.1506,,,4.57047,,,
2001-08-01,8.22371,5.57842,16.2239,38.1986,,25.1107,65.0794,,8.80401,10.76,4.1422,14.2856,54.594,2.06443,52.6978,,,16.9503,2.92987,,,,,,,,,,,,0.447,37.723,,,,,,,,,,,,,,,,,10.7789,,,,,,11.7427,,,,,,,,,8.88673,1.4243,,,,,,6.37283,,13.5767,,,,,,,,,,,,,,,,,,,,,3.22669,,,,,,,,,,,,,,,,,,7.91,,34.8965,,,,,,,,,,,,,,,6.59473,2.43572,,,,,,,,,5945.91,,,,,,,,,,,,,,,,,,,,,,,,,,,9.08,,0.040417,,,,,,,,,,,,,,,,,,,,,,,,,,,,,,,,,,,,,,13.1398,,,,,,,,,,,,,,23.07,,,,,,,,,,,,,,,,,,,,,,,,,,,,,,,,,,,,,,,,,,,,,,,,,,,,,,,,,,,,,,,,,,,,,,,,,,,,,,,,,,,,,,,,,,,,,,,,,,,,,,,,,,,,,,,,,,,,,,,,,,,,,,,,,,,,,9.0275,,,,33.4453,,,4.91869,,,
2001-09-01,8.01164,4.53893,14.9032,35.9502,,24.7345,57.9721,,8.96377,8.79,3.90531,14.8694,45.659,1.66131,53.6777,,,16.6454,2.70981,,,,,,,,,,,,0.2985,38.504,,,,,,,,,,,,,,,,,10.0359,,,,,,10.9603,,,,,,,,,6.67497,1.23398,,,,,,5.9513,,14.0092,,,,,,,,,,,,,,,,,,,,,3.22045,,,,,,,,,,,,,,,,,,6.2966,,33.4833,,,,,,,,,,,,,,,5.34606,1.45851,,,,,,,,,4056.24,,,,,,,,,,,,,,,,,,,,,,,,,,,9.65,,0.036458,,,,,,,,,,,,,,,,,,,,,,,,,,,,,,,,,,,,,,12.404,,,,,,,,,,,,,,20.06,,,,,,,,,,,,,,,,,,,,,,,,,,,,,,,,,,,,,,,,,,,,,,,,,,,,,,,,,,,,,,,,,,,,,,,,,,,,,,,,,,,,,,,,,,,,,,,,,,,,,,,,,,,,,,,,,,,,,,,,,,,,,,,,,,,,,8.55,,,,34.8177,,,5.74576,,,
2001-10-01,8.03668,5.20558,15.2322,35.2745,14.9233,26.2065,63.6006,,8.56452,10.29,3.69098,13.1071,55.248,2.63979,47.5131,,,15.5158,3.03418,,,,,,,,,,,,0.349,35.572,,,,,,,,,,,,,,,,,9.57451,,,,,,10.1316,,,,,,,,,7.77714,1.27837,,,,,,5.87413,,13.7116,,,,,,,,,,,,,,,,,,,,,3.44671,,,,,,,,,,,,,,,,,,7.49,,31.6281,,,,,,,,,,,,,,,5.57837,1.63133,,,,,,,,,3521.2,,,,,,,,,,,,,,,,,,,,,,,,,,,8.44,,0.041146,,,,,,,,,,,,,,,,,,,,,,,,,,,,,,,,,,,,,,12.5906,,,,,,,,,,,,,,23.5,,,,,,,,,,,,,,,,,,,,,,,,,,,,,,,,,,,,,,,,,,,,,,,,,,,,,,,,,,,,,,,,,,,,,,,,,,,,,,,,,,,,,,,,,,,,,,,,,,,,,,,,,,,,,,,,,,,,,,,,,,,,,,,,,,,,,9.2975,,,,35.0109,,,4.90566,,,
2001-11-01,8.52684,6.75295,16.2954,39.0205,15.217,24.7603,72.4121,,8.41596,11.06,3.91409,14.7886,64.754,3.11555,51.1349,,,16.5919,3.48571,,,,,,,,,,,,0.566,34.332,,,,,,,,,,,,,,,,,10.6258,,,,,,10.5194,,,,,,,,,8.99217,1.30625,,,,,,5.82494,,14.1909,,,,,,,,,,,,,,,,,,,,,3.1049,,,,,,,,,,,,,,,,,,9.3466,,34.8328,,,,,,,,,,,,,,,5.79094,1.88582,,,,,,,,,4468.37,,,,,,,,,,,,,,,,,,,,,,,,,,,10.05,,0.041667,,,,,,,,,,,,,,,,,,,,,,,,,,,,,,,,,,,,,,14.2029,,,,,,,,,,,,,,27.52,,,,,,,,,,,,,,,,,,,,,,,,,,,,,,,,,,,,,,,,,,,,,,,,,,,,,,,,,,,,,,,,,,,,,,,,,,,,,,,,,,,,,,,,,,,,,,,,,,,,,,,,,,,,,,,,,,,,,,,,,,,,,,,,,,,,,9.77,,,,38.716,,,5.59335,,,
2001-12-01,8.11267,6.63784,16.5443,37.828,15.9137,28.7394,75.4728,,8.2566,12.33,4.02166,16.038,63.492,3.18079,52.8428,,,17.4334,3.16938,,,,,,,,,,,,0.541,34.957,,,,,,,,,,,,,,,,,12.0921,,,,,,10.9681,,,,,,,,,9.64653,1.43834,,,,,,6.01439,,15.3241,,,,,,,,,,,,,,,,,,,,,3.5378,,,,,,,,,,,,,,,,,,10.303,,34.135,,,,,,,,,,,,,,,7.07936,1.99799,,,,,,,,,4511.92,,,,,,,,,,,,,,,,,,,,,,,,,,,9.26,,0.04375,,,,,,,,,,,,,,,,,,,,,,,,,,,,,,,,,,,,,,12.9161,,,,,,,,,,,,,,29.54,,,,,,,,,,,,,,,,,,,,,,,,,,,,,,,,,,,,,,,,,,,,,,,,,,,,,,,,,,,,,,,,,,,,,,,,,,,,,,,,,,,,,,,,,,,,,,,,,,,,,,,,,,,,,,,,,,,,,,,,,,,,,,,,,,,,,10.58,,,,38.8872,,,5.72388,,,
2002-01-01,8.06925,5.85626,17.0822,39.8931,16.8787,27.7812,70.8694,,8.6924,12.7,3.90721,16.0971,54.769,3.7714,54.4027,,,18.2056,3.15776,,,,,,,,,,,,0.7095,28.359,,,,,,,,,,,,,,,,,12.8668,,,,,,11.7732,,,,,,,,,9.39083,1.44952,,,,,,6.02887,,15.0979,,,,,,,,,,,,,,,,,,,,,4.00596,,,,,,,,,,,,,,,,,,11.003,,34.2958,,,,,,,,,,,,,,,6.34904,2.00149,,,,,,,,,4872.77,,,,,,,,,,,,,,,,,,,,,,,,,,,11.475,,0.043333,,,,,,,,,,,,,,,,,,,,,,,,,,,,,,,,,,,,,,11.2966,,,,,,,,,,,,,,25.94,,,,,,,,,,,,,,,,,,,,,,,,,,,,,,,,,,,,,,,,,,,,,,,,,,,,,,,,,,,,,,,,,,,,,,,,,,,,,,,,,,,,,,,,,,,,,,,,,,,,,,,,,,,,,,,,,,,,,,,,,,,,,,,,,,,,,10.61,,,,37.0466,,,6.21171,,,
2002-02-01,7.82752,5.16595,17.6657,41.0446,16.1537,28.4177,65.9477,,9.635,12.49,4.0489,15.915,57.864,3.46089,55.4896,,,18.9185,3.40096,,,,,,,,,,,,0.705,21.807,,,,,,,,,,,,,,,,,11.5714,,,,,,11.036,,,,,,,,,8.51246,1.62085,,,,,,6.49958,,15.1882,,,,,,,,,,,,,,,,,,,,,3.97923,,,,,,,,,,,,,,,,,,10.68,,35.7069,,,,,,,,,,,,,,,6.68744,1.86188,,,,,,,,,5323.79,,,,,,,,,,,,,,,,,,,,,,,,,,,10.75,,0.043125,,,,,,,,,,,,,,,,,,,,,,,,,,,,,,,,,,,,,,11.9621,,,,,,,,,,,,,,23.55,,,,,,,,,,,,,,,,,,,,,,,,,,,,,,,,,,,,,,,,,,,,,,,,,,,,,,,,,,,,,,,,,,,,,,,,,,,,,,,,,,,,,,,,,,,,,,,,,,,,,,,,,,,,,,,,,,,,,,,,,,,,,,,,,,,,,10.685,,,,38.3854,,,5.89805,,,
2002-03-01,7.53611,5.61824,18.7261,42.3393,16.7781,33.2054,73.5333,,10.1005,13.98,4.33448,16.2989,59.227,3.952,58.2969,,,20.165,3.47429,,,,,,,,,,,,0.715,24.811,,,,,,,,,,,,,,,,,12.9527,,,,,,12.7641,,,,,,,,,10.4166,1.63384,,,,,,6.69645,,16.9941,,,,,,,,,,,,,,,,,,,,,4.17686,,,,,,,,,,,,,,,,,,10.937,,37.0584,,,,,,,,,,,,,,,7.61178,2.52317,,,,,,,,,5050.07,,,,,,,,,,,,,,,,,,,,,,,,,,,11.01,,0.043958,,,,,,,,,,,,,,,,,,,,,,,,,,,,,,,,,,,,,,12.6462,,,,,,,,,,,,,,27.58,,,,,,,,,,,,,,,,,,,,,,,,,,,,,,,,,,,,,,,,,,,,,,,,,,,,,,,,,,,,,,,,,,,,,,,,,,,,,,,,,,,,,,,,,,,,,,,,,,,,,,,,,,,,,,,,,,,,,,,,,,,,,,,,,,,,,11.498,,,,41.0033,,,6.35502,,,
2002-04-01,6.35041,5.26905,19.3688,41.8119,18.4388,36.841,64.2641,,10.1292,16.0,4.40033,16.1493,50.615,3.39574,61.9284,,,20.5848,3.00328,,,,,,,,,,,,0.8345,8.5002,,,,,,,,,,,,,,,,,12.2878,,,,,,11.9601,,,,,,,,,11.085,1.81371,,,,,,6.99143,,18.1829,,,,,,,,,,,,,,,,,,,,,4.48282,,,,,,,,,,,,,,,,,,12.713,,35.2297,,,,,,,,,,,,,,,7.47745,2.20779,,,,,,,,,4275.5,,,,,,,,,,,,,,,,,,,,,,,,,,,11.9,,0.042188,,,,,,,,,,,,,,,,,,,,,,,,,,,,,,,,,,,,,,12.2924,,,,,,,,,,,,,,22.56,,,,,,,,,,,,,,,,,,,,,,,,,,,,,,,,,,,,,,,,,,,,,,,,,,,,,,,,,,,,,,,,,,,,,,,,,,,,,,,,,,,,,,,,,,,,,,,,,,,,,,,,,,,,,,,,,,,,,,,,,,,,,,,,,,,,,11.115,,,,36.9344,,,6.2899,,,
2002-05-01,6.68267,5.47563,19.8771,42.1901,20.1648,35.0406,61.5709,,10.3718,17.23,4.24417,16.8591,39.506,3.29605,63.2288,,,21.1652,3.43971,,,,,,,,,,,,0.9115,8.8953,,,,,,,,,,,,,,,,,12.5704,,,,,,12.8793,,,,,,,,,11.1699,1.71381,,,,,,7.13178,,18.3685,,,,,,,,,,,,,,,,,,,,,4.65364,,,,,,,,,,,,,,,,,,13.423,,38.007,,,,,,,,,,,,,,,7.95632,1.95668,,,,,,,,,4054.7,,,,,,,,,,,,,,,,,,,,,,,,,,,12.395,,0.044271,,,,,,,,,,,,,,,,,,,,,,,,,,,,,,,,,,,,,,12.8861,,,,,,,,,,,,,,25.22,,,,,,,,,,,,,,,,,,,,,,,,,,,,,,,,,,,,,,,,,,,,,,,,,,,,,,,,,,,,,,,,,,,,,,,,,,,,,,,,,,,,,,,,,,,,,,,,,,,,,,,,,,,,,,,,,,,,,,,,,,,,,,,,,,,,,10.635,,,,36.8667,,,6.37686,,,
2002-06-01,5.45182,6.11024,21.4895,43.1427,20.557,34.4912,59.8607,,10.2144,14.5,4.48325,17.4539,32.653,3.15018,62.2059,,,20.8049,3.17326,,,,,,,,,,,,0.8125,6.6072,,,,,,,,,,,,,,,,,14.1137,,,,,,12.7641,,,,,,,,,10.2498,1.67031,,,,,,6.85089,,16.9465,,,,,,,,,,,,,,,,,,,,,4.50273,,,,,,,,,,,,,,,,,,13.137,,41.2597,,,,,,,,,,,,,,,7.32525,1.54719,,,,,,,,,3088.81,,,,,,,,,,,,,,,,,,,,,,,,,,,11.125,,0.044271,,,,,,,,,,,,,,,,,,,,,,,,,,,,,,,,,,,,,,13.4222,,,,,,,,,,,,,,27.41,,,,,,,,,,,,,,,,,,,,,,,,,,,,,,,,,,,,,,,,,,,,,,,,,,,,,,,,,,,,,,,,,,,,,,,,,,,,,,,,,,,,,,,,,,,,,,,,,,,,,,,,,,,,,,,,,,,,,,,,,,,,,,,,,,,,,9.1775,,,,35.3029,,,6.35502,,,
2002-07-01,4.89423,5.66595,20.9945,45.6494,19.0389,24.2139,59.7931,,9.02578,13.49,4.09639,14.3417,41.072,3.21534,60.637,,,20.8585,2.94168,,,,,,,,,,,,0.7225,5.8812,,,,,,,,,,,,,,,,,12.5546,,,,,,11.4257,,,,,,,,,8.22545,1.65112,,,,,,6.86478,,18.2008,,,,,,,,,,,,,,,,,,,,,4.16152,,,,,,,,,,,,,,,,,,10.4,,40.4689,,,,,,,,,,,,,,,6.75396,1.05835,,,,,,,,,2406.04,,,,,,,,,,,,,,,,,,,,,,,,,,,10.74,,0.043438,,,,,,,,,,,,,,,,,,,,,,,,,,,,,,,,,,,,,,11.2723,,,,,,,,,,,,,,21.39,,,,,,,,,,,,,,,,,,,,,,,,,,,,,,,,,,,,,,,,,,,,,,,,,,,,,,,,,,,,,,,,,,,,,,,,,,,,,,,,,,,,,,,,,,,,,,,,,,,,,,,,,,,,,,,,,,,,,,,,,,,,,,,,,,,,,8.6025,,,,35.2199,,,4.41815,,,
2002-08-01,5.53306,5.60622,21.0938,44.7787,19.4525,22.4629,63.188,,9.18484,13.2,4.05568,14.771,37.01,2.74342,62.2363,,,21.1506,3.09568,,,,,,,,,,,,0.747,6.598,,,,,,,,,,,,,,,,,11.2147,,,,,,10.5105,,,,,,,,,7.8664,1.52772,,,,,,6.94195,,18.2096,,,,,,,,,,,,,,,,,,,,,3.99517,,,,,,,,,,,,,,,,,,8.2034,,39.5781,,,,,,,,,,,,,,,6.70082,1.00052,,,,,,,,,2718.67,,,,,,,,,,,,,,,,,,,,,,,,,,,12.49,,0.042708,,,,,,,,,,,,,,,,,,,,,,,,,,,,,,,,,,,,,,11.7973,,,,,,,,,,,,,,21.58,,,,,,,,,,,,,,,,,,,,,,,,,,,,,,,,,,,,,,,,,,,,,,,,,,,,,,,,,,,,,,,,,,,,,,,,,,,,,,,,,,,,,,,,,,,,,,,,,,,,,,,,,,,,,,,,,,,,,,,,,,,,,,,,,,,,,9.2025,,,,35.7709,,,4.22225,,,
2002-09-01,4.80624,5.24116,21.1729,43.8145,17.3645,24.6673,53.9776,,9.08412,11.52,3.61045,13.6496,38.245,3.23059,57.1651,,,19.496,3.23476,,,,,,,,,,,,0.7965,4.6407,,,,,,,,,,,,,,,,,11.8965,,,,,,10.3078,,,,,,,,,7.64228,1.36965,,,,,,6.63983,,18.4736,,,,,,,,,,,,,,,,,,,,,3.94367,,,,,,,,,,,,,,,,,,7.3466,,39.5319,,,,,,,,,,,,,,,6.16264,0.765786,,,,,,,,,1437.1,,,,,,,,,,,,,,,,,,,,,,,,,,,13.19,,0.043125,,,,,,,,,,,,,,,,,,,,,,,,,,,,,,,,,,,,,,10.7875,,,,,,,,,,,,,,19.08,,,,,,,,,,,,,,,,,,,,,,,,,,,,,,,,,,,,,,,,,,,,,,,,,,,,,,,,,,,,,,,,,,,,,,,,,,,,,,,,,,,,,,,,,,,,,,,,,,,,,,,,,,,,,,,,,,,,,,,,,,,,,,,,,,,,,7.02,,,,30.6173,,,3.64334,,,
2002-10-01,5.28334,6.27287,20.2403,42.0536,18.6047,25.5828,58.6259,,8.86354,10.61,3.2657,13.556,42.39,3.83705,59.4219,,,20.2176,3.35467,,,,,,,,,,,,0.968,7.3975,,,,,,,,,,,,,,,,,13.4043,,,,,,11.281,,,,,,,,,9.11488,1.47299,,,,,,6.28168,,16.9654,,,,,,,,,,,,,,,,,,,,,4.63225,,,,,,,,,,,,,,,,,,8.7634,,38.4031,,,,,,,,,,,,,,,6.94641,1.0831,,,,,,,,,1559.97,,,,,,,,,,,,,,,,,,,,,,,,,,,12.545,,0.043854,,,,,,,,,,,,,,,,,,,,,,,,,,,,,,,,,,,,,,10.2662,,,,,,,,,,,,,,18.93,,,,,,,,,,,,,,,,,,,,,,,,,,,,,,,,,,,,,,,,,,,,,,,,,,,,,,,,,,,,,,,,,,,,,,,,,,,,,,,,,,,,,,,,,,,,,,,,,,,,,,,,,,,,,,,,,,,,,,,,,,,,,,,,,,,,,7.81,,,,34.6011,,,3.44742,,,
2002-11-01,5.28334,6.83652,20.3089,44.5272,19.4086,22.361,64.5747,,9.4795,12.34,3.55148,13.7067,30.222,4.19382,58.5193,,,20.7357,3.8064,,,,,,,,,,,,1.1675,9.658,,,,,,,,,,,,,,,,,14.2679,,,,,,11.656,,,,,,,,,10.7503,1.54941,,,,,,6.34485,,15.4183,,,,,,,,,,,,,,,,,,,,,5.11763,,,,,,,,,,,,,,,,,,9.783,,39.0067,,,,,,,,,,,,,,,7.9022,1.39737,,,,,,,,,2093.43,,,,,,,,,,,,,,,,,,,,,,,,,,,10.64,,0.04375,,,,,,,,,,,,,,,,,,,,,,,,,,,,,,,,,,,,,,12.6029,,,,,,,,,,,,,,25.99,,,,,,,,,,,,,,,,,,,,,,,,,,,,,,,,,,,,,,,,,,,,,,,,,,,,,,,,,,,,,,,,,,,,,,,,,,,,,,,,,,,,,,,,,,,,,,,,,,,,,,,,,,,,,,,,,,,,,,,,,,,,,,,,,,,,,8.48,,,,34.9589,,,3.78698,,,
2002-12-01,5.31029,6.72496,20.515,44.34,20.1648,22.8103,55.8593,,9.28963,12.56,3.56076,12.859,30.553,3.88665,57.5543,,,20.0853,3.28155,,,,,,,,,,,,0.9445,7.3699,,,,,,,,,,,,,,,,,13.9161,,,,,,11.9346,,,,,,,,,9.14085,1.62175,,,,,,6.94938,,17.1152,,,,,,,,,,,,,,,,,,,,,4.69601,,,,,,,,,,,,,,,,,,8.19,,39.9132,,,,,,,,,,,,,,,9.72694,0.929285,,,,,,,,,1877.24,,,,,,,,,,,,,,,,,,,,,,,,,,,11.25,,0.043958,,,,,,,,,,,,,,,,,,,,,,,,,,,,,,,,,,,,,,11.8626,,,,,,,,,,,,,,23.08,,,,,,,,,,,,,,,,,,,,,,,,,,,,,,,,,,,,,,,,,,,,,,,,,,,,,,,,,,,,,,,,,,,,,,,,,,,,,,,,,,,,,,,,,,,,,,,,,,,,,,,,,,,,,,,,,,,,,,,,,,,,,,,,,,,,,8.4875,,,,34.2281,,,3.50406,,,
2003-01-01,5.99942,7.45508,19.6939,42.4057,19.1413,21.5562,55.9494,,8.96773,11.9,3.45469,12.9466,29.549,4.47756,57.8834,,,19.7375,3.366,,,,,,,,,,,,1.0925,7.5813,,,,,,,,,,,,,,,,,13.1336,,,,,,10.7142,,,,,,,,,8.25932,1.43663,,,,,,6.68913,,15.4561,,,,,,,,,,,,,,,,,,,,,4.32123,,,,,,,,,,,,,,,,,,7.32,,39.433,,,,,,,,,,,,,,,9.7543,1.00574,,,,,,,,,1416.87,,,,,,,,,,,,,,,,,,,,,,,,,,,10.135,,0.044792,,,,,,,,,,,,,,,,,,,,,,,,,,,,,,,,,,,,,,11.6083,,,,,,,,,,,,,,19.34,,,,,,,,,,,,,,,,,,,,,,,,,,,,,,,,,,,,,,,,,,,,,,,,,,,,,,,,,,,,,,,,,,,,,,,,,,,,,,,,,,,,,,,,,,,,,,,,,,,,,,,,,,,,,,,,,,,,,,,,,,,,,,,,,,,,,7.7925,,,,31.7701,,,3.52145,,,
2003-02-01,6.58457,7.78053,21.233,40.5862,18.4495,21.1474,57.0588,,9.26021,13.23,3.57363,12.8649,26.482,3.88261,57.317,,,19.4893,3.28155,,,,,,,,,,,,1.1005,7.085,,,,,,,,,,,,,,,,,14.5722,,,,,,11.7427,,,,,,,,,9.52409,1.4453,,,,,,6.35219,,16.0475,,,,,,,,,,,,,,,,,,,,,3.79753,,,,,,,,,,,,,,,,,,6.8834,,39.3272,,,,,,,,,,,,,,,11.079,1.14683,,,,,,,,,1306.44,,,,,,,,,,,,,,,,,,,,,,,,,,,10.0,,0.042188,,,,,,,,,,,,,,,,,,,,,,,,,,,,,,,,,,,,,,10.9037,,,,,,,,,,,,,,20.39,,,,,,,,,,,,,,,,,,,,,,,,,,,,,,,,,,,,,,,,,,,,,,,,,,,,,,,,,,,,,,,,,,,,,,,,,,,,,,,,,,,,,,,,,,,,,,,,,,,,,,,,,,,,,,,,,,,,,,,,,,,,,,,,,,,,,7.975,,,,30.3289,,,3.61284,,,
2003-03-01,6.44229,8.46295,21.9615,40.2002,18.1617,23.9229,55.9337,,9.66471,12.75,3.54549,12.9318,31.52,3.75615,56.9957,,,19.7006,4.05358,,,,,,,,,,,,1.3015,8.0315,,,,,,,,,,,,,,,,,15.333,,,,,,12.5428,,,,,,,,,7.4475,1.2254,,,,,,7.06126,,16.0286,,,,,,,,,,,,,,,,,,,,,4.00596,,,,,,,,,,,,,,,,,,6.6334,,40.1787,,,,,,,,,,,,,,,11.8878,0.979155,,,,,,,,,1384.22,,,,,,,,,,,,,,,,,,,,,,,,,,,11.275,,0.045313,,,,,,,,,,,,,,,,,,,,,,,,,,,,,,,,,,,,,,11.159,,,,,,,,,,,,,,21.29,,,,,,,,,,,,,,,,,,,,,,,,,,,,,,,,,,,,,,,,,,,,,,,,,,,,,,,,,,,,,,,,,,,,,,,,,,,,,,,,,,,,,,,,,,,,,,,,,,,,,,,,,,,,,,,,,,,,,,,,,,,,,,,,,,,,,7.87,,,,31.7701,,,3.33426,,,
2003-04-01,7.19052,9.21633,22.5079,43.8145,19.4731,23.9555,62.3598,,9.92618,13.85,3.66962,13.8623,30.166,4.21674,61.271,,,20.4933,4.45485,,,,,,,,,,,,1.4345,11.404,,,,,,,,,,,,,,,,,15.503,,,,,,14.1055,,,,,,,,,7.80163,1.4999,,,,,,7.32181,,17.2154,,,,,,,,,,,,,,,,,,,,,4.20568,,,,,,,,,,,,,,,,,,8.48,,40.8471,,,,,,,,,,,,,,,14.075,1.26278,,,,,,,,,1989.21,,,,,,,,,,,,,,,,,,,,,,,,,,,10.78,,0.042188,,,,,,,,,,,,,,,,,,,,,,,,,,,,,,,,,,,,,,13.1941,,,,,,,,,,,,,,24.31,,,,,,,,,,,,,,,,,,,,,,,,,,,,,,,,,,,,,,,,,,,,,,,,,,,,,,,,,,,,,,,,,,,,,,,,,,,,,,,,,,,,,,,,,,,,,,,,,,,,,,,,,,,,,,,,,,,,,,,,,,,,,,,,,,,,,7.355,,,,35.5326,,,3.95236,,,
2003-05-01,6.76333,10.0826,23.0609,44.0358,21.2546,25.3967,66.9572,,10.771,13.92,3.42396,14.1862,35.205,4.35109,64.5909,,,21.3075,5.0415,,,,,,,,,,,,1.7945,13.766,,,,,,,,,,,,,,,,,14.922,,,,,,14.2896,,,,,,,,,8.65176,1.45227,,,,,,7.80623,,17.2442,,,,,,,,,,,,,,,,,,,,,4.68472,,,,,,,,,,,,,,,,,,9.667,,42.672,,,,,,,,,,,,,,,16.0182,1.53574,,,,,,,,,2077.89,,,,,,,,,,,,,,,,,,,,,,,,,,,12.29,,0.044792,,,,,,,,,,,,,,,,,,,,,,,,,,,,,,,,,,,,,,12.8529,,,,,,,,,,,,,,30.65,,,,,,,,,,,,,,,,,,,,,,,,,,,,,,,,,,,,,,,,,,,,,,,,,,,,,,,,,,,,,,,,,,,,,,,,,,,,,,,,,,,,,,,,,,,,,,,,,,,,,,,,,,,,,,,,,,,,,,,,,,,,,,,,,,,,,8.28,,,,37.3622,,,4.4312,,,
2003-06-01,6.80007,10.3151,23.9258,44.9329,21.5816,25.5759,68.8094,,10.8899,15.72,3.36279,13.9587,31.281,4.21232,61.0867,,,20.542,5.36209,,,,,,,,,,,,1.816,12.672,,,,,,,,,,,,,,,,,14.6928,,,,,,13.5919,,,,,,,,,9.27422,1.48088,,,,,,8.1235,,18.8755,,,,,,,,,,,,,,,,,,,,,4.76751,,,,,,,,,,,,,,,,,,10.59,,43.3217,,,,,,,,,,,,,,,13.2496,1.56652,,,,,,,,,2283.16,,,,,,,,,,,,,,,,,,,,,,,,,,,13.125,,0.045313,,,,,,,,,,,,,,,,,,,,,,,,,,,,,,,,,,,,,,12.513,,,,,,,,,,,,,,30.97,,,,,,,,,,,,,,,,,,,,,,,,,,,,,,,,,,,,,,,,,,,,,,,,,,,,,,,,,,,,,,,,,,,,,,,,,,,,,,,,,,,,,,,,,,,,,,,,,,,,,,,,,,,,,,,,,,,,,,,,,,,,,,,,,,,,,8.915,,,,38.0602,,,4.49648,,,
2003-07-01,6.86846,10.6395,25.9588,44.4931,21.8167,23.9555,71.5937,,10.2352,17.19,3.83037,14.6361,31.097,4.48504,64.2451,,,21.9511,6.58585,,,,,,,,,,,,2.082,12.277,,,,,,,,,,,,,,,,,14.428,,,,,,14.1587,,,,,,,,,9.88544,1.64683,,,,,,7.89005,,20.0653,,,,,,,,,,,,,,,,,,,,,5.04287,,,,,,,,,,,,,,,,,,12.243,,43.7205,,,,,,,,,,,,,,,12.7104,1.87477,,,,,,,,,1850.81,,,,,,,,,,,,,,,,,,,,,,,,,,,14.61,,0.053125,,,,,,,,,,,,,,,,,,,,,,,,,,,,,,,,,,,,,,14.2673,,,,,,,,,,,,,,31.3,,,,,,,,,,,,,,,,,,,,,,,,,,,,,,,,,,,,,,,,,,,,,,,,,,,,,,,,,,,,,,,,,,,,,,,,,,,,,,,,,,,,,,,,,,,,,,,,,,,,,,,,,,,,,,,,,,,,,,,,,,,,,,,,,,,,,9.768,,,,36.9818,,,4.2867,,,
2003-08-01,6.70597,10.9913,26.1791,44.2679,21.0556,24.0526,72.7012,,10.6888,18.79,3.74626,14.9511,31.981,5.52522,61.1024,,,21.4398,6.43524,,,,,,,,,,,,2.316,13.766,,,,,,,,,,,,,,,,,16.0475,,,,,,14.5376,,,,,,,,,10.4817,1.75634,,,,,,8.2261,,20.1645,,,,,,,,,,,,,,,,,,,,,5.57935,,,,,,,,,,,,,,,,,,13.073,,44.7388,,,,,,,,,,,,,,,13.2692,2.20342,,,,,,,,,2001.66,,,,,,,,,,,,,,,,,,,,,,,,,,,14.43,,0.062083,,,,,,,,,,,,,,,,,,,,,,,,,,,,,,,,,,,,,,13.9565,,,,,,,,,,,,,,34.11,,,,,,,,,,,,,,,,,,,,,,,,,,,,,,,,,,,,,,,,,,,,,,,,,,,,,,,,,,,,,,,,,,,,,,,,,,,,,,,,,,,,,,,,,,,,,,,,,,,,,,,,,,,,,,,,,,,,,,,,,,,,,,,,,,,,,9.702,,,,37.2604,,,4.41343,,,
2003-09-01,6.94617,10.6395,26.716,44.9972,20.7405,24.304,68.9329,,10.978,17.54,3.82558,14.1044,30.664,6.06151,63.323,,,20.8254,5.4082,,,,,,,,,,,,2.4215,12.397,,,,,,,,,,,,,,,,,14.668,,,,,,14.2826,,,,,,,,,8.9667,1.64156,,,,,,8.6262,,20.6626,,,,,,,,,,,,,,,,,,,,,5.14882,,,,,,,,,,,,,,,,,,11.183,,48.0052,,,,,,,,,,,,,,,13.9052,1.91281,,,,,,,,,2068.53,,,,,,,,,,,,,,,,,,,,,,,,,,,14.18,,0.060833,,,,,,,,,,,,,,,,,,,,,,,,,,,,,,,,,,,,,,13.1513,,,,,,,,,,,,,,30.91,,,,,,,,,,,,,,,,,,,,,,,,,,,,,,,,,,,,,,,,,,,,,,,,,,,,,,,,,,,,,,,,,,,,,,,,,,,,,,,,,,,,,,,,,,,,,,,,,,,,,,,,,,,,,,,,,,,,,,,,,,,,,,,,,,,,,9.0725,,,,35.4828,,,4.39603,,,
2003-10-01,7.63104,11.0948,27.6324,51.1513,20.9795,27.122,77.1495,,11.8675,18.7,3.97496,14.0828,32.368,6.39406,68.1098,,,22.3436,5.26562,,,,,,,,,,,,2.7215,14.611,,,,,,,,,,,,,,,,,16.0059,,,,,,15.0957,,,,,,,,,12.2706,1.93196,,,,,,9.24686,,20.2379,,,,,,,,,,,,,,,,,,,,,5.55975,,,,,,,,,,,,,,,,,,12.763,,46.8771,,,,,,,,,,,,,,,16.6053,2.47387,,,,,,,,,2025.01,,,,,,,,,,,,,,,,,,,,,,,,,,,15.51,,0.069792,,,,,,,,,,,,,,,,,,,,,,,,,,,,,,,,,,,,,,15.2344,,,,,,,,,,,,,,31.72,,,,,,,,,,,,,,,,,,,,,,,,,,,,,,,,,,,,,,,,,,,,,,,,,,,,,,,,,,,,,,,,,,,,,,,,,,,,,,,,,,,,,,,,,,,,,,,,,,,,,,,,,,,,,,,,,,,,,,,,,,,,,,,,,,,,,8.83,,,,31.8586,,,4.90932,,,
2003-11-01,7.12122,11.0899,29.0866,51.3288,22.1621,29.2431,78.9352,,11.4861,17.58,3.30941,14.643,35.168,6.29554,68.0882,,,22.5589,5.66301,,,,,,,,,,,,2.6985,14.896,,,,,,,,,,,,,,,,,16.6699,,,,,,15.1034,,,,,,,,,12.9045,2.1587,,,,,,9.28853,,20.7559,,,,,,,,,,,,,,,,,,,,,6.07879,,,,,,,,,,,,,,,,,,10.573,,48.4031,,,,,,,,,,,,,,,18.5922,2.74992,,,,,,,,,1950.33,,,,,,,,,,,,,,,,,,,,,,,,,,,16.86,,0.092813,,,,,,,,,,,,,,,,,,,,,,,,,,,,,,,,,,,,,,15.1756,,,,,,,,,,,,,,29.96,,,,,,,,,,,,,,,,,,,,,,,,,,,,,,,,,,,,,,,,,,,,,,,,,,,,,,,,,,,,,,,,,,,,,,,,,,,,,,,,,,,,,,,,,,,,,,,,,,,,,,,,,,,,,,,,,,,,,,,,,,,,,,,,,,,,,9.375,,,,33.1212,,,5.05401,,,
2003-12-01,7.38748,12.8156,28.4066,52.5846,22.1309,29.3045,81.1148,,12.0516,18.37,3.35331,14.9511,33.805,6.61865,71.3015,,,22.6222,5.62456,,,,,,,,,,,,2.631,14.979,,,,,,,,,,,,,,,,,16.0573,,,,,,14.5376,,,,,,,,,12.4878,2.16183,,,,,,9.50057,,20.8214,,,,,,,,,,,,,,,,,,,,,5.87283,,,,,,,,,,,,,,,,,,10.023,,50.9246,,,,,,,,,,,,,,,18.0911,2.77904,,,,,,,,,1836.79,,,,,,,,,,,,,,,,,,,,,,,,,,,16.895,,0.087708,,,,,,,,,,,,,,,,,,,,,,,,,,,,,,,,,,,,,,16.8018,,,,,,,,,,,,,,33.86,,,,,,,,,,,,,,,,,,,,,,,,,,,,,,,,,,,,,,,,,,,,,,,,,,,,,,,,,,,,,,,,,,,,,,,,,,,,,,,,,,,,,,,,,,,,,,,,,,,,,,,,,,,,,,,,,,,,,,,,,,,,,,,,,,,,,9.885,,,,35.6909,,,5.76519,,,
2004-01-01,7.68365,13.2808,31.9072,50.269,23.2236,34.0725,81.79,,11.8843,16.38,3.41957,15.7309,39.589,7.44035,65.2613,,,22.8003,5.28848,,,,,,,,,,,,2.52,16.063,,,,,,,,,,,,,,,,,15.9447,,,,,,14.5376,,,,,,,,,10.7394,2.08167,,,,,,9.40081,,19.3538,,,,,,,,,,,,,,,,,,,,,6.18069,,,,,,,,,,,,,,,,,,10.637,,51.7969,,,,,,,,,,,,,,,17.6466,2.28882,,,,,,,,,1633.05,,,,,,,,,,,,,,,,,,,,,,,,,,,17.54,,0.09375,,,,,,,,,,,,,,,,,,,,,,,,,,,,,,,,,,,,,,16.954,,,,,,,,,,,,,,35.29,,,,,,,,,,,,,,,,,,,,,,,,,,,,,,,,,,,,,,,,,,,,,,,,,,,,,,,,,,,,,,,,,,,,,,,,,,,,,,,,,,,,,,,,,,,,,,,,,,,,,,,,,,,,,,,,,,,,,,,,,,,,,,,,,,,,,9.3425,,,,34.975,,,5.85764,,,
2004-02-01,6.74982,13.6288,33.4004,49.8196,24.2267,33.2192,86.9961,,12.5191,16.68,3.14915,16.4329,51.076,7.85853,69.6698,,,22.4313,5.2386,,,,,,,,,,,,2.1505,15.999,,,,,,,,,,,,,,,,,16.4061,,,,,,15.1861,,,,,,,,,10.7671,2.10493,,,,,,9.23327,,20.229,,,,,,,,,,,,,,,,,,,,,7.11343,,,,,,,,,,,,,,,,,,10.3,,52.577,,,,,,,,,,,,,,,15.223,2.19974,,,,,,,,,1396.65,,,,,,,,,,,,,,,,,,,,,,,,,,,17.875,,0.124479,,,,,,,,,,,,,,,,,,,,,,,,,,,,,,,,,,,,,,17.5698,,,,,,,,,,,,,,29.62,,,,,,,,,,,,,,,,,,,,,,,,,,,,,,,,,,,,,,,,,,,,,,,,,,,,,,,,,,,,,,,,,,,,,,,,,,,,,,,,,,,,,,,,,,,,,,,,,,,,,,,,,,,,,,,,,,,,,,,,,,,,,,,,,,,,,9.64,,,,35.7626,,,5.9632,,,
2004-03-01,6.47928,13.7431,35.8205,49.2628,23.8461,33.1975,85.7318,,13.4205,17.05,3.02153,16.0086,51.214,8.88199,65.1721,,,22.2082,5.35047,,,,,,,,,,,,2.164,15.245,,,,,,,,,,,,,,,,,16.7826,,,,,,15.9154,,,,,,,,,9.88544,2.33287,,,,,,9.18379,,20.4225,,,,,,,,,,,,,,,,,,,,,6.79757,,,,,,,,,,,,,,,,,,10.287,,56.9262,,,,,,,,,,,,,,,14.1865,2.16142,,,,,,,,,1231.79,,,,,,,,,,,,,,,,,,,,,,,,,,,17.825,,0.145729,,,,,,,,,,,,,,,,,,,,,,,,,,,,,,,,,,,,,,16.2811,,,,,,,,,,,,,,28.73,,,,,,,,,,,,,,,,,,,,,,,,,,,,,,,,,,,,,,,,,,,,,,,,,,,,,,,,,,,,,,,,,,,,,,,,,,,,,,,,,,,,,,,,,,,,,,,,,,,,,,,,,,,,,,,,,,,,,,,,,,,,,,,,,,,,,8.9425,,,,34.5059,,,6.37855,,,
2004-04-01,6.79689,15.8768,29.5518,49.4783,23.6226,33.8073,79.4879,,13.676,17.02,2.73775,14.9728,54.346,8.64057,61.6512,,,21.1029,5.87939,,,,,,,,,,,,2.18,14.896,,,,,,,,,,,,,,,,,17.1491,,,,,,15.7382,,,,,,,,,10.4926,2.38418,,,,,,8.97322,,22.3307,,,,,,,,,,,,,,,,,,,,,6.75796,,,,,,,,,,,,,,,,,,8.9934,,46.69,,,,,,,,,,,,,,,10.6981,1.89873,,,,,,,,,967.39,,,,,,,,,,,,,,,,,,,,,,,,,,,17.615,,0.145104,,,,,,,,,,,,,,,,,,,,,,,,,,,,,,,,,,,,,,16.0407,,,,,,,,,,,,,,26.73,,,,,,,,,,,,,,,,,,,,,,,,,,,,,,,,,,,,,,,,,,,,,,,,,,,,,,,,,,,,,,,,,,,,,,,,,,,,,,,,,,,,,,,,,,,,,,,,,,,,,,,,,,,,,,,,,,,,,,,,,,,,,,,,,,,,,9.1575,,,,33.6093,,,6.07381,,,
2004-05-01,6.52386,17.6164,31.6134,50.5859,23.3925,34.5367,77.1555,,14.192,16.67,2.8068,15.1667,57.247,8.76772,65.6943,,,23.116,6.30391,,,,,,,,,,,,2.425,16.67,,,,,,,,,,,,,,,,,19.3733,,,,,,15.9478,,,,,,,,,11.8431,2.24905,,,,,,9.14789,,22.7643,,,,,,,,,,,,,,,,,,,,,5.81254,,,,,,,,,,,,,,,,,,9.3,,50.8776,,,,,,,,,,,,,,,11.5293,2.16227,,,,,,,,,948.72,,,,,,,,,,,,,,,,,,,,,,,,,,,16.79,,0.274479,,,,,,,,,,,,,,,,,,,,,,,,,,,,,,,,,,,,,,16.1268,,,,,,,,,,,,,,29.6,,,,,,,,,,,,,,,,,,,,,,,,,,,,,,,,,,,,,,,,,,,,,,,,,,,,,,,,,,,,,,,,,,,,,,,,,,,,,,,,,,,,,,,,,,,,,,,,,,,,,,,,,,,,,,,,,,,,,,,,,,,,,,,,,,,,,9.4325,,,,32.8819,,,5.35874,,,
2004-06-01,6.3307,18.2422,31.519,53.0204,23.2754,34.0567,77.3603,,13.6116,17.1,3.02532,15.4493,58.26,8.39866,63.323,,,22.2189,6.46614,,,,,,,,,,,,2.72,18.287,,,,,,,,,,,,,,,,,21.0629,,,,,,17.5786,,,,,,,,,11.8037,2.46902,,,,,,9.38026,,24.0097,,,,,,,,,,,,,,,,,,,,,5.93908,,,,,,,,,,,,,,,,,,9.1434,,52.2399,,,,,,,,,,,,,,,12.306,2.3059,,,,,,,,,1107.36,,,,,,,,,,,,,,,,,,,,,,,,,,,15.785,,0.263854,,,,,,,,,,,,,,,,,,,,,,,,,,,,,,,,,,,,,,16.4513,,,,,,,,,,,,,,28.43,,,,,,,,,,,,,,,,,,,,,,,,,,,,,,,,,,,,,,,,,,,,,,,,,,,,,,,,,,,,,,,,,,,,,,,,,,,,,,,,,,,,,,,,,,,,,,,,,,,,,,,,,,,,,,,,,,,,,,,,,,,,,,,,,,,,,9.722,,,,33.8201,,,5.65373,,,
2004-07-01,6.17562,15.5388,31.6335,50.7575,22.7465,32.9016,72.4582,,14.3218,16.12,3.10774,14.3161,55.267,8.97066,67.6238,,,22.292,6.23834,,,,,,,,,,,,1.946,16.091,,,,,,,,,,,,,,,,,19.7814,,,,,,16.7656,,,,,,,,,10.8401,2.71055,,,,,,9.24686,,22.414,,,,,,,,,,,,,,,,,,,,,5.13724,,,,,,,,,,,,,,,,,,8.97,,54.0215,,,,,,,,,,,,,,,12.4534,2.05216,,,,,,,,,807.19,,,,,,,,,,,,,,,,,,,,,,,,,,,16.775,,0.213542,,,,,,,,,,,,,,,,,,,,,,,,,,,,,,,,,,,,,,16.1229,,,,,,,,,,,,,,25.25,,,,,,,,,,,,,,,,,,,,,,,,,,,,,,,,,,,,,,,,,,,,,,,,,,,,,,,,,,,,,,,,,,,,,,,,,,,,,,,,,,,,,,,,,,,,,,,,,,,,,,,,,,,,,,,,,,,,,,,,,,,,,,,,,,,,,8.565,,,,33.0768,,,5.63602,,,
2004-08-01,6.34776,17.169,34.2949,51.5248,23.2305,34.315,73.6576,,13.4323,16.44,3.4505,14.6892,54.65,9.19978,68.8908,,,24.2427,6.6708,,,,,,,,,,,,1.907,15.953,,,,,,,2.55001,,,,,,,,,,20.7972,,,,,,16.3671,,,,,,,,,9.87458,2.72829,,,,,,9.48688,,23.4837,,,,,,,,,,,,,,,,,,,,,4.69413,,,,,,,,,,,,,,,,,,7.8366,,57.3683,,,,,,,,,,,,,,,12.9155,1.85401,,,,,,,,,628.35,,,,,,,,,,,,,,,,,,,,,,,,,,,15.57,,0.247292,,,,,,,,,,,,,,,,,,,,,,,,,,,,,,,,,,,,,,17.3036,,,,,,,,,,,,,,15.96,,,,,,,,,,,,,,,,,,,,,,,,,,,,,,,,,,,,,,,,,,,,,,,,,,,,,,,,,,,,,,,,,,,,,,,,,,,,,,,,,,,,,,,,,,,,,,,,,,,,,,,,,,,,,,,,,,,,,,,,,,,,,,,,,,,,,8.695,,,,33.3039,,,5.32556,,,
2004-09-01,6.36428,18.2383,32.8712,53.5489,24.0715,35.3642,76.6056,,13.7503,17.08,3.38035,14.4805,56.344,10.5269,69.413,,,24.8201,7.21512,,,,,,,,,,,,2.043,18.269,,,,,,,3.2283,,,,,,,,,,22.0421,,,,,,17.795,,,,,,,,,10.0434,2.50302,,,,,,9.23914,,23.9322,,,,,,,,,,,,,,,,,,,,,5.20229,,,,,,,,,,,,,,,,,,8.9834,,55.9256,,,,,,,,,,,,,,,14.3603,1.88262,,,,,,,,,511.68,,,,,,,,,,,,,,,,,,,,,,,,,,,15.58,,0.25125,,,,,,,,,,,,,,,,,,,,,,,,,,,,,,,,,,,,,,18.261,,,,,,,,,,,,,,15.76,,,,,,,,,,,,,,,,,,,,,,,,,,,,,,,,,,,,,,,,,,,,,,,,,,,,,,,,,,,,,,,,,,,,,,,,,,,,,,,,,,,,,,,,,,,,,,,,,,,,,,,,,,,,,,,,,,,,,,,,,,,,,,,,,,,,,8.715,,,,34.1035,,,5.44588,,,
2004-10-01,6.64912,19.3688,35.7481,55.8479,25.2697,35.091,80.8296,,14.1851,17.23,3.56595,14.764,53.572,10.9234,74.7116,,,26.3356,6.6861,,,,,,,,,,,,1.7065,24.655,,,,,,,4.74879,,,,,,,,,,24.3463,,,,,,20.6864,,,,,,,,,11.3219,2.39928,,,,,,9.45265,,23.962,,,,,,,,,,,,,,,,,,,,,5.82987,,,,,,,,,,,,,,,,,,9.633,,61.8607,,,,,,,,,,,,,,,16.6053,2.23953,,,,,,,,,847.62,,,,,,,,,,,,,,,,,,,,,,,,,,,15.805,,0.276042,,,,,,,,,,,,,,,,,,,,,,,,,,,,,,,,,,,,,,18.1645,,,,,,,,,,,,,,16.24,,,,,,,,,,,,,,,,,,,,,,,,,,,,,,,,,,,,,,,,,,,,,,,,,,,,,,,,,,,,,,,,,,,,,,,,,,,,,,,,,,,,,,,,,,,,,,,,,,,,,,,,,,,,,,,,,,,,,,,,,,,,,,,,,,,,,8.885,,,,20.6136,,,5.52603,,,
2004-11-01,6.77067,22.2782,38.0538,59.355,25.218,37.5834,86.0738,,14.5952,18.52,3.53482,14.9846,54.051,12.2452,76.4596,,,26.2693,6.65161,,,,,,,,,,,,1.984,30.233,,,,,,,4.53306,,,,,,,,,,22.709,,,,,,20.6175,,,,,,,,,10.5459,2.65729,,,,,,9.69812,,24.2379,,,,,,,,,,,,,,,,,,,,,5.97027,,,,,,,,,,,,,,,,,,9.2766,,63.8452,,,,,,,,,,,,,,,19.3317,2.23757,,,,,,,,,1084.04,,,,,,,,,,,,,,,,,,,,,,,,,,,16.295,,0.352083,,,,,,,,,,,,,,,,,,,,,,,,,,,,,,,,,,,,,,20.3986,,,,,,,,,,,,,,17.63,,,,,,,,,,,,,,,,,,,,,,,,,,,,,,,,,,,,,,,,,,,,,,,,,,,,,,,,,,,,,,,,,,,,,,,,,,,,,,,,,,,,,,,,,,,,,,,,,,,,,,,,,,,,,,,,,,,,,,,,,,,,,,,,,,,,,9.628,,,,21.3042,,,5.34784,,,
2004-12-01,7.50062,23.0785,39.6396,60.2783,27.3987,38.2931,85.4819,,15.4558,19.21,3.74556,15.4818,61.355,9.8832,78.2225,,,26.7193,6.75574,,,,,,,,,,,,2.2145,30.876,,,,,,,4.80234,,,,,,,,,,23.8246,,,,,,21.2927,,,,,,,,,9.94956,2.6754,,,,,,9.82332,,25.898,,,,,,,,,,,,,,,,,,,,,6.40694,,,,,,,,,,,,,,,,,,9.59,,68.7659,,,,,,,,,,,,,,,20.2012,2.48773,,,,,,,,,1163.36,,,,,,,,,,,,,,,,,,,,,,,,,,,17.41,,0.379271,,,,,,,,,,,,,,,,,,,,,,,,,,,,,,,,,,,,,,20.0116,,,,,,,,,,,,,,19.55,,,,,,,,,,,,,,,,,,,,,,,,,,,,,,,,,,,,,,,,,,,,,,,,,,,,,,,,,,,,,,,,,,,,,,,,,,,,,,,,,,,,,,,,,,,,,,,,,,,,,,,,,,,,,,,,,,,,,,,,,,,,,,,,,,,,,10.048,,,,24.5185,,,5.46077,,,
2005-01-01,7.25397,16.1696,36.3498,52.6762,27.1558,38.202,88.5906,,14.8824,19.04,3.48921,14.9629,59.835,8.95826,74.2451,,,24.0235,6.38904,,,,,,,,,,,,2.161,23.745,,,,,,,4.87284,,,,,,,,,,23.9343,,,,,,19.7496,,,,,,,,,9.74919,2.61309,,,,,,9.96515,,25.8405,,,,,,,,,,,,,,,,,,,,,6.35238,,,,,,,,,,,,,,,,,,9.0767,,60.5269,,,,,,,,,,,,,,,18.2631,2.3023,,,,,,,,,838.32,,,,,,,,,,,,,,,,,,,,,,,,,,,17.015,,0.426042,,,,,,,,,,,,,,,,,,,,,,,,,,,,,,,,,,,,,,20.0867,,,,,,,,,,,,,,17.0,,,,,,,,,,,,,,,,,,,,,,,,,,,,,,,,,,,,,,,,,,,,,,,,,,,,,,,,,,,,,,,,,,,,,,,,,,,,,,,,,,,,,,,,,,,,,,,,,,,,,,,,,,,,,,,,,,,,,,,,,,,,,,,,,,,,,9.562,,,,24.2209,,,5.67244,,,
2005-02-01,7.31407,16.9974,37.9813,54.6564,26.1146,39.8441,89.3981,,15.2122,19.53,3.71822,15.0447,35.601,8.44442,71.8148,23.5978,19.8696,24.2184,6.66693,53.0076,32.6714,34.7692,28.9828,14.1464,29.1252,24.2226,17.2305,,28.16,7.35564,1.759,25.197,15.4209,19.3256,35.0123,,10.9975,18.233,4.68277,12.03,15.1558,,20.5838,25.9507,,13.4901,11.0824,470.557,23.6626,16.1038,46.3549,39.764,15.0776,32.5314,21.0151,11.01,1.63445,,27.087,,,8.4788,28.9344,10.2755,2.54062,3.75855,15.144,24.1913,14.0319,32.8894,10.1813,6.79127,25.3215,8.4929,21.12,2.21427,5.239,16.0349,2.92852,,4.015,,39.728,,,17.034,6.22189,12.8633,13.2617,6.83031,16.272,19.8435,30.2082,6.21365,1.69667,7.41323,7.73673,22.47,6.0414,,,,,12.7337,20.8,27.55,0.15286,16.5,15.5859,15.4978,10.0306,8.9834,20.1921,63.0976,3.5833,,13.2995,,,,,,,,25.8,22.3262,10.1145,11.9206,17.0136,2.70509,,27.3247,10.5033,6.11,,89.74,11.54,,721.65,24.8707,,,35.9924,,,,,39.842,22.5468,62.7461,,1.78641,50.8161,18.92,,50.317,,,,,35.9944,,,6.37709,,18.085,36.187,0.456458,13.9139,7.38976,21.1386,,,30.5592,4.14,,34.6292,9.20526,,,13.7362,,21.6122,82.4613,,,6.3754,9.24,,,,,20.4992,24.8994,52.5,15.9699,34.1978,8.93664,8.34,,13.5052,21.7957,2.22056,8.73297,,22.2906,17.2636,,,,,,9.63,11.4289,13.865,,3.68931,8.73,13.78,18.1,8.47811,12.5951,35.04,46.8364,33.0187,66.9301,7.57,,,,,,1.88563,,,,17.12,24.45,13.7091,,14.7395,1.45625,,,260.1,19.8767,,22.2488,5.45357,,,,19.7165,792.25,3.37464,10.2259,44.5326,49.87,,8.73121,,,,32.118,,,,,,11.728,48.91,8.29075,7.04,,,29.1856,,30.58,,,,,,,,46.1,9.005,,,6.8221,5.60965,,,10.1462,28.9151,7.54438,8.17588,,17.7918,4.54,,29.3183,,25.8337,3.683,,4.609,,29.92,13.01,,,41.2009,,,,,,,,33.507,,,2.71015,,,18.5547,,,,40.5359,,35.9506,,,,,,53.2171,,,2.27833,,,,,18.6353,,,,11.3323,,9.485,6.77185,,,24.3348,20.2394,,5.69929,,12.5011,
2005-03-01,7.61184,14.7818,37.1336,51.3065,25.7595,42.1395,90.3812,,13.7849,18.94,3.61534,14.4136,31.788,8.1839,74.0305,24.2696,20.2649,24.3215,6.90993,49.3969,32.249,36.2848,29.2214,13.8626,25.9462,23.9188,17.7436,,27.52,7.77143,1.7135,26.374,15.652,19.7642,35.2632,,10.7595,18.704,4.49646,11.66,14.729,,19.7187,24.3706,,13.8333,11.4869,468.429,22.8286,14.8985,44.62,42.389,14.9966,32.0368,19.7663,12.73,1.86508,,26.5404,,,8.3148,27.4977,9.73143,2.40292,3.70218,14.6522,23.6857,13.0701,33.6548,10.414,7.03042,25.0674,8.17264,20.925,2.05536,5.0523,16.9306,2.97248,,3.7475,,37.598,,,15.449,6.21329,13.2791,12.8206,7.73306,17.714,18.5163,30.6308,6.46764,1.65133,7.90811,7.51978,25.2,5.8053,,,,,12.623,23.98,25.25,0.155,15.75,13.8216,16.8914,9.25721,9.577,19.0849,58.8766,3.6017,,13.7757,,,,,,,,25.93,21.0138,11.0025,11.7194,15.3822,2.48327,,26.2506,11.0287,5.11,,84.3,9.36,,629.88,23.1611,,,36.8604,,,,,37.683,25.03,60.0987,,1.82975,48.7169,20.21,,48.7796,,,,,35.8904,,,5.5779,,17.92,34.2655,0.624479,13.5379,7.40997,19.6154,,,30.5957,4.04,,33.4805,8.9414,,,12.9729,,20.8458,76.8737,,,6.6187,7.97,,,,,18.146,24.1968,47.5,15.28,32.9436,8.94609,7.4975,,15.6862,21.2875,2.44993,8.75488,,20.148,17.1014,,,,,,9.57,11.3693,13.54,,4.05408,6.83,14.95,18.1,8.90692,12.0485,33.4523,45.0189,30.8355,65.5763,6.24,,,,,,2.06261,,,,15.5155,26.07,14.7729,,13.883,1.4725,,,209.1,19.4663,,22.732,5.26417,,,,20.1138,785.0,2.99018,9.63909,45.2576,47.49,,9.7166,,,,30.174,,,,,,10.9085,48.71,9.08193,7.61,,,27.3175,,31.3,,,,,,,,47.04,8.455,,,6.6413,7.75174,,,10.0804,28.933,8.8921,6.31967,,16.3781,3.95,,29.7141,,23.9577,3.685,,4.449,,30.727,12.0,,,40.5748,,,,,,,,34.143,,,3.04165,,,18.8132,,,,40.7984,,36.5037,,,,,,51.3782,,,1.985,,,,,17.2494,,,,11.0031,,9.95,6.79794,,,22.6703,20.197,,5.4573,,13.2422,
2005-04-01,7.23342,12.58,40.4997,50.2943,26.1527,42.4107,87.7428,,13.8493,18.27,3.70465,14.4855,33.381,7.19765,75.0397,22.7062,19.1766,25.1465,7.16088,44.8561,29.099,37.4028,32.2519,14.0393,27.0625,23.8552,15.0997,,27.95,8.11729,1.618,24.306,16.087,16.871,38.9167,,9.78161,17.201,5.48013,11.58,15.498,,17.0212,24.5578,,14.0046,11.6639,452.856,20.9345,14.446,48.0268,39.951,14.1706,28.9822,19.7919,11.81,2.07063,,26.056,,,8.2312,29.3564,10.6585,2.32567,2.96477,14.7036,20.4534,14.276,33.1967,10.3426,7.54408,25.1796,7.54033,20.15,2.18816,4.771,17.4975,4.16489,,3.6075,,29.385,,,12.295,6.22189,12.6158,13.8555,7.69981,21.345,19.3806,31.6507,5.92977,1.71067,8.14343,7.86499,25.36,5.3078,,,,,12.2284,22.21,21.39,0.165,13.64,12.5901,16.1593,8.69285,8.16,17.1474,62.8299,3.67,,10.3779,,,,,,,,23.26,21.4337,9.89425,11.7681,13.1168,2.20712,,25.499,10.3799,5.57,,77.81,9.53,,511.68,26.2113,,,36.8604,,,,,35.432,27.1023,60.5835,,1.68657,53.5452,18.39,,47.972,,,,,38.9453,,,4.58513,,18.755,32.2875,0.590417,14.2635,7.5252,17.5191,,,32.3639,4.91,,27.6605,8.61084,,,13.7636,,20.1537,69.7437,,,5.9962,8.89,,,,,16.8144,25.3411,45.85,15.3796,36.4522,8.80256,6.9625,,15.7547,18.8544,2.45958,8.69448,,18.5642,15.766,,,,,,8.44,10.1155,14.185,,4.00144,6.55,14.0,16.44,8.26357,13.2721,32.9823,48.1249,34.0846,63.3335,8.42,,,,,,2.18749,,,,14.8279,23.53,11.9446,,14.69,1.355,,,213.9,18.9625,,20.9819,5.17514,,,,18.8676,718.35,2.69846,10.579,47.2812,47.76,,9.48473,,,,25.11,,,,2.5,,12.0208,48.34,8.8227,5.78,,,27.9351,,30.42,,,,,,,,47.37,8.605,,,7.1205,7.067,,,9.57023,24.3322,9.2389,4.99773,,14.3353,3.44,,32.2229,,22.4837,3.955,,4.4433,,29.167,8.64,,,42.7739,,,,,,,,32.595,,,3.45133,,,16.7779,,,,41.8987,,35.9853,,,,,,51.3986,,,1.17,,,,,16.3404,,,,10.4975,,10.575,6.26262,,,20.8916,20.0762,,4.86147,,12.0671,
2005-05-01,7.25787,15.0755,42.1226,51.946,26.6962,42.0891,80.1054,,13.5492,20.0,3.60586,15.0761,36.015,8.63673,74.0843,22.7297,20.7792,25.2866,7.87616,50.5574,31.9249,38.3152,33.1988,15.3442,30.676,25.1703,17.0964,,28.99,8.14662,1.7755,29.608,16.7735,17.1726,39.1062,,11.1763,19.038,6.90695,12.82,15.9729,,17.9993,27.1566,,16.0668,11.6145,434.917,21.7348,14.7324,49.9337,42.455,14.8397,31.9964,21.9294,14.04,2.454,,27.68,,,8.3392,31.5403,11.0948,2.52559,3.15818,16.2129,20.8427,15.1393,33.3279,10.7065,8.00919,26.287,7.67693,23.03,2.35271,5.5,17.9374,4.7668,,5.06,,26.003,,,12.431,5.91777,13.651,14.6601,9.10603,19.238,20.7343,32.6884,6.25633,1.852,7.86757,8.89992,23.95,5.5216,,,,,13.1872,26.67,25.61,0.20414,12.77,14.4773,13.7058,10.1669,8.2666,18.3975,64.8106,3.81,,10.5604,,,,,,,,21.35,23.9812,11.9963,12.9712,14.7277,2.63736,,30.5357,10.4726,6.23,,83.42,13.92,,598.76,27.3932,,,34.4151,,,,,38.879,27.9082,64.6267,,1.86244,56.4021,20.08,,53.2548,,,,,39.5525,,,5.56012,,20.225,31.3188,0.776458,14.5634,7.55463,17.9908,,,35.9445,5.25,,30.1277,9.54088,,,14.3303,,19.9901,71.4518,,,6.6362,9.2,,,,,16.4412,26.8477,49.0,15.9869,37.6107,9.22397,8.0375,,16.8636,19.3546,3.03059,9.13883,,18.3055,15.3784,,,,,,9.92,10.0957,14.43,,4.40362,7.63,13.97,18.07,10.9541,13.3445,35.9879,48.4603,36.1575,68.9474,7.27,,,,,,2.26226,,,,15.2555,25.76,12.7095,,14.7999,1.54938,,,274.35,20.3962,,21.6416,5.64643,,,,19.2837,759.0,2.92749,8.62834,49.4712,42.56,,9.81512,,,,24.314,,,,3.5,,12.7038,53.88,11.1136,6.51,,,30.7236,,31.62,,,,,,,,48.09,9.935,,,7.3556,6.51395,,,9.74262,28.0566,10.3128,4.93841,,13.8174,4.47,,32.6099,,24.2648,4.018,,4.961,,28.533,11.34,,,46.7218,,,,,,,,33.955,,,3.45133,,,18.2298,,,,41.0099,,36.2821,,,,,,53.4963,,,1.345,,,,,16.862,,,,11.1657,,10.748,5.51738,,,21.6443,19.8857,,4.92964,,14.1735,
2005-06-01,6.91236,13.0964,44.4332,48.7802,28.0407,42.7057,83.8167,,13.0837,20.52,3.97715,15.2819,31.732,8.34138,76.2783,26.2029,24.0235,25.4356,8.49302,55.3004,34.1162,40.307,33.9195,14.7963,33.3689,26.6979,18.0651,,30.23,7.77895,1.6545,26.429,17.1036,17.1925,40.9783,,10.9778,21.313,7.32694,14.62,16.2572,,17.9448,37.1167,,15.559,12.1396,437.512,21.2407,17.1531,53.8942,50.873,17.2901,35.5939,22.3181,13.13,2.75375,,28.427,,,8.4456,31.7929,11.085,2.66058,3.49473,17.346,22.6392,15.0552,31.4044,11.5084,8.2244,24.8869,7.73838,22.74,2.23007,5.1823,18.2134,5.24067,,5.12,,26.238,,,12.243,5.85734,14.3701,15.5127,8.14034,18.631,21.8037,33.3821,6.41585,1.98867,8.50298,8.67297,23.33,5.5916,,,,,14.9235,28.34,23.64,0.23443,13.32,15.2263,12.2947,10.2092,8.0,17.9143,63.8599,3.585,,12.5673,,,,,,,,22.7,23.0651,9.91679,14.8267,14.1992,2.49094,,32.2136,11.4704,8.39,,82.5,16.85,,584.79,29.147,,,37.0073,,,,,40.78,29.7059,66.2043,,2.05856,58.5582,20.21,,60.294,,,,,41.1814,,,6.47363,,20.76,32.3381,0.8825,14.8158,7.56366,17.2291,,,39.1501,6.04,,34.2722,9.49026,,,14.9501,,19.6362,68.226,,,6.6886,9.94,,,,,15.1496,30.1099,46.58,15.3217,40.2003,9.40558,8.395,,16.4949,20.2522,3.31368,10.5888,,17.9975,14.8218,,,,,,10.62,10.596,15.58,,3.75086,7.15,13.66,16.67,13.1553,14.097,37.3936,51.3608,37.0304,71.655,7.37,,,,,,2.22218,,,,15.7934,25.45,13.046,,15.415,1.48875,,,252.45,20.7675,,21.7545,5.68247,,,,20.5288,810.0,2.5754,9.74749,52.4955,43.79,,10.1883,,,,23.971,,,,3.1,,12.8014,59.21,10.8143,7.56,,,30.0879,,32.58,,,,,,,,48.25,9.74,,,8.2507,7.79558,,,9.82933,31.4142,10.16,4.81948,,15.254,4.6,,33.9596,,25.9612,4.36,,5.0057,,29.507,10.04,,,47.7451,,,14.85,,,,,36.182,,,3.45133,,,18.1704,,,,42.2374,,37.9959,,,,,,55.1635,,,1.36667,,,,,17.0368,,,,11.484,,10.722,5.77199,,,20.643,18.5663,,5.25608,,14.2588,
2005-07-01,6.92592,16.5776,48.8796,51.4654,29.4126,41.1586,88.2985,,13.9246,21.59,4.2762,16.2625,36.19,8.42217,78.7076,27.4216,25.1224,25.2565,8.64926,58.6258,34.6447,42.5344,37.3946,15.4945,36.4495,24.7978,19.8932,,31.36,8.05639,2.2575,24.177,19.0651,17.1964,44.581,,11.4281,26.796,7.16801,15.35,14.729,,22.0498,37.8136,,15.9219,12.9319,465.714,23.4669,19.4791,58.4043,53.353,18.9037,40.6557,24.0,15.27,2.89125,,29.0989,,22.423,9.3916,33.668,11.6271,2.85215,4.08079,18.121,26.8846,15.5132,31.8322,11.8449,9.20247,25.6966,9.36914,23.62,2.47091,7.711,18.3345,6.29434,,5.8875,,31.253,,,15.415,5.91342,14.8662,16.581,9.09318,18.621,22.6183,35.8921,5.88135,2.15067,9.39938,10.3692,24.84,6.3435,,,,,18.1668,30.36,21.09,0.26514,14.61,15.5328,12.2574,11.0643,8.33,19.7883,72.2988,3.8217,,14.0514,,,,,,,,23.79,21.6418,10.9497,15.8784,18.2308,2.44822,,33.4004,11.2884,9.64,,87.82,15.95,,460.36,30.5231,,,38.84,,,,,38.324,24.8599,69.0807,,2.35766,64.7614,18.6,,63.4077,,,,,44.4975,,,6.43867,,21.585,33.9505,0.9625,14.7855,7.84564,17.5915,,,41.8244,5.6,,35.0857,10.6927,,,15.8243,,20.1855,69.1396,,,7.8642,11.4,,,,,17.1003,31.9205,52.5,16.0127,44.498,9.72156,7.325,,16.1154,23.0058,3.75783,11.5409,,19.3811,14.9646,,,,,,10.37,11.1986,15.865,,3.79045,7.97,16.09,18.51,16.166,14.3126,42.9396,56.2559,39.9453,75.0419,6.52,,,,,,2.31435,,,,16.6129,24.61,15.4479,,15.6058,1.52875,,,281.4,21.0258,,24.6091,5.95918,,,,21.6468,938.0,3.18021,9.44913,58.6508,39.0,,11.5866,,,,26.97,,,,2.755,,12.5534,60.03,12.156,7.94,,,31.2432,,37.95,,,,,,,,48.7,9.74,,,8.0812,8.03286,,,9.47657,32.1495,10.8593,5.90365,,14.8472,5.73,,34.9253,,27.1735,4.75,,5.111,,15.96,9.72,,,46.2332,,,18.33,,,,,37.306,,,3.5676,,,20.9585,,,,42.889,,38.0583,,,,,,58.2824,,,1.555,,,,,18.8837,,,,12.1044,,11.092,6.79794,,,21.5906,19.4236,,5.65654,,15.9118,
2005-08-01,6.92592,16.065,46.6292,50.0019,30.6516,40.0668,91.3317,,13.5789,20.81,3.87797,15.8155,38.816,8.04464,77.3377,35.2781,23.7501,24.567,8.29971,54.1233,35.6975,43.0236,36.2886,14.7796,32.7595,24.9041,24.3938,,32.17,7.97218,2.135,20.033,18.3641,17.7481,41.6522,,10.6034,27.727,7.12418,16.25,14.6257,,22.2141,34.8674,,16.3947,12.1338,435.951,23.6626,22.215,56.0529,41.18,19.6113,40.9114,23.6841,13.84,2.841,,29.3978,,20.504,9.59,33.1931,11.6468,2.63225,4.34891,19.2343,28.0041,15.1275,31.9261,11.6229,10.0929,24.4056,8.60855,22.955,2.35271,8.2667,18.3176,6.52866,,4.83,,26.487,,2.5447,15.066,6.37301,13.7234,16.0018,8.40178,17.29,21.4736,36.0257,5.51073,1.838,9.4544,11.8276,21.49,7.0365,,,,,18.8983,27.83,20.64,0.308,15.93,16.2052,12.6401,11.1179,7.59,19.2843,69.0442,3.6667,,13.0355,,,,,,,,21.99,21.2683,9.41941,18.0643,19.2272,2.72749,,32.9962,11.0416,7.47,,85.38,18.4,,180.41,28.2879,,,38.3888,,,,,36.022,24.4101,70.3524,,2.15778,62.0058,18.05,,63.0875,,,,,42.2195,,,6.65818,,20.845,32.6838,1.034375,14.0978,7.97267,16.1924,,,36.9588,6.1,,30.8179,9.88556,,,14.7173,,20.6723,72.9744,,,7.5809,12.06,,,,,17.0683,29.6986,50.4,15.263,42.1879,10.0386,7.62,,16.0052,23.2834,3.81638,11.5904,,17.4605,14.7579,,,,,,11.24,11.3803,16.01,,3.95047,7.36,16.01,19.0,14.6661,15.4567,39.9261,57.3043,37.7641,71.3395,6.81,,,,,,2.17963,,,,16.8709,23.8,15.1302,,15.4111,1.54312,,,256.2,21.3359,,24.5101,5.65118,,,,19.8665,885.0,3.07013,9.65799,60.8806,37.36,,12.3329,,,,23.665,,,,3.11,,12.9379,55.2,11.172,8.12,,,31.379,,38.63,,,,,,,,50.82,9.13,,,7.7037,7.067,,,10.3814,30.6779,12.608,5.78491,,15.8046,5.75,,33.0439,,28.7954,4.676,,4.8277,,18.153,8.65,,,44.2199,,,18.6,,,,,40.515,,,3.5201,,,20.9318,,,,41.7463,,36.5186,,,,,,56.3316,,,1.295,,,,,18.3691,,,,12.9592,,11.225,7.21905,,,20.9068,19.7141,,5.81299,,14.5043,
2005-09-01,6.62132,16.345,45.4314,48.7597,31.6996,40.5143,99.8859,,13.0659,19.97,3.76921,16.9202,36.365,8.6951,76.6733,37.4526,22.4403,23.3642,9.41043,52.0803,32.5742,42.6956,36.5388,15.0025,32.1412,23.5304,25.0031,27.2073,32.24,7.96466,2.265,19.638,18.2495,15.3034,43.0048,,10.8504,30.337,7.88293,16.4,17.0242,,22.5052,42.3665,,17.3567,11.7243,420.487,24.2079,24.6257,57.1632,36.917,20.5222,41.532,24.5934,15.95,2.648,,29.9682,,18.251,10.339,32.3074,11.2706,2.65527,5.08594,19.927,30.3189,15.0289,32.4772,11.8449,9.88023,24.8958,8.39681,23.035,2.23853,8.1433,17.847,7.04311,,5.78,,25.063,,2.24468,18.468,6.59187,13.7458,16.5408,7.84338,17.834,21.4599,36.7464,5.26031,1.87867,10.0615,12.5757,19.32,7.3675,,,,,19.2107,29.4,21.73,0.37129,15.63,17.2481,12.6225,10.733,7.2166,20.1196,70.3173,3.7,,12.9384,,,,,,,,18.19,19.6657,8.99891,17.9699,22.5164,2.62183,,30.5657,11.7768,9.49,,80.25,22.35,,116.64,28.2264,,,35.7225,,,,,36.426,22.7547,70.1654,,1.91298,63.4514,19.71,,68.4459,,,,,43.5262,,,6.16632,,21.31,30.069,0.980833,14.1467,7.71762,17.0335,,,35.1925,6.41,,32.935,10.1865,,,14.7321,,20.8518,78.2962,,,6.5329,14.44,,,,,19.0693,30.8331,50.98,15.8415,41.5094,9.73338,6.2575,,18.9065,23.3892,3.6846,10.967,,16.8413,13.6652,,,,,,11.69,12.0485,16.72,,4.00144,4.7,16.16,18.9,15.0366,17.0103,41.3519,57.8227,37.1903,75.4296,6.72,,,,,,2.16492,,,,16.73,22.09,14.1621,,15.4773,1.49188,,,254.25,20.3678,,23.9702,6.28756,,,,18.954,884.95,3.2154,11.7355,62.3415,39.09,,12.9389,,,,22.067,,,,2.905,,13.5372,54.99,11.3237,8.28,,,29.9491,,34.47,,,,,,,,43.62,8.42,,,7.0323,7.453,,,10.8637,30.8896,12.6105,6.23064,,16.9177,5.15,,35.2263,,31.105,4.672,,5.51,,16.66,6.17,,,39.629,,,20.46,,,,,44.412,,,3.091,,,23.5267,,,,41.2299,,36.948,,,,,,60.7654,,,1.33667,,,,,17.7481,,,,13.9277,,11.468,7.72768,,,22.6477,19.1389,,6.04011,,13.8197,
2005-10-01,6.26617,15.7171,43.9019,51.4487,33.2149,37.4478,103.855,,12.1279,19.88,3.73199,17.826,37.425,9.15234,78.0325,34.8612,23.0269,24.4374,9.1189,48.4379,30.6018,42.1837,34.1735,14.7963,27.2325,21.3025,23.7348,28.2809,31.69,7.30075,1.993,21.715,17.2037,14.5761,41.9901,,10.2399,24.226,9.2699,16.28,15.9376,,25.0295,45.864,,17.2983,11.6442,390.406,25.871,22.7589,57.5291,38.499,19.6201,40.6232,27.045,17.34,2.98625,,30.0826,,17.367,10.948,30.2144,11.2834,3.04746,4.61085,19.7163,29.8104,14.1677,30.5812,11.2278,9.50792,25.4078,8.07468,24.59,2.218,9.859,17.8768,8.58155,,6.2475,,25.883,,2.09487,17.29,6.35283,12.5336,15.7343,7.34089,21.157,20.3866,35.2552,6.00077,1.88,10.6919,11.3222,18.97,6.3804,,,,,17.6194,28.33,26.02,0.37729,13.44,17.4142,11.7926,11.0272,7.19,20.7922,68.2397,3.4483,,10.6607,,,,,,,,15.66,17.5025,8.22292,17.8912,19.0641,2.90313,,28.0334,11.158,12.51,,78.05,22.75,,102.66,27.9381,,,32.4454,,,,,34.944,22.517,74.3635,,2.03326,63.3639,19.57,,68.8368,,,,,43.4337,,,4.7082,,19.82,29.7551,1.0525,13.1765,7.32317,17.394,,,34.117,7.79,,29.1692,9.67233,,,13.7577,,21.292,77.4372,,,7.0884,13.87,,,,,17.1353,30.9266,51.6,14.7504,41.3236,8.83475,5.0375,,20.8479,21.9305,3.69918,11.6864,,18.5347,14.2847,,,,,,12.04,12.7682,17.53,,4.54682,4.99,15.98,18.95,14.3929,16.2946,35.304,56.5372,36.043,76.6222,7.38,,,,,,2.10755,,,,15.5076,20.65,14.4799,,14.176,1.46,,,225.9,18.9625,,22.5479,6.9593,,,,18.1777,685.5,3.39887,10.6496,58.5314,43.19,,12.9021,,,,22.998,,,,3.2525,,10.9455,58.52,11.615,8.14,,,30.8396,,35.26,,,,,,,,43.76,7.22,,,6.6797,11.2623,,,11.8771,30.7395,12.0076,5.68083,,16.5379,4.64,,35.6055,,29.4241,4.795,,5.5,,13.7,6.15,,,39.1149,,,17.92,,,,,41.398,,,2.871,,,23.9328,,,,40.8407,,37.0945,,,,,,65.0045,,,0.953333,,,,,16.5302,,,,14.3347,,10.92,7.45535,,,21.7243,17.9592,,5.92387,,14.093,
2005-11-01,5.94923,17.779,47.3892,54.9441,33.9115,40.1559,105.942,,12.4993,20.72,3.76392,18.6047,39.433,6.75614,78.4959,31.8663,24.6374,25.2945,9.78139,50.2675,32.3079,44.9898,36.0078,13.9892,31.4473,21.376,23.0351,31.9557,34.45,7.39173,2.423,20.428,18.2621,14.5026,45.625,,11.3156,25.744,10.0864,18.5,17.1137,,28.0614,44.481,,19.0784,12.4116,386.169,30.2718,23.7565,60.9968,45.409,22.4476,44.2542,31.0631,19.96,2.83125,5.72946,34.7436,,22.928,10.315,31.3332,12.4878,3.45002,4.25214,19.0769,32.3362,14.6276,30.3472,11.3285,10.154,25.634,8.8618,26.245,2.31892,12.414,18.129,10.8727,,7.9625,,30.989,,2.34172,20.196,6.55241,12.8036,16.1959,9.05011,21.737,19.9022,36.8532,6.10385,2.03,11.3077,13.9462,24.02,7.1874,,,,,18.4548,30.91,26.49,0.39343,13.71,17.6864,12.7966,11.4113,7.6534,22.4758,71.9862,3.3333,,10.9334,,,,,,,,19.94,20.5809,10.8018,19.9925,18.2982,3.23081,,33.3905,11.6774,11.17,,87.98,25.5,,85.541,29.5487,,,35.1904,,,,2.8138,38.669,22.8921,76.386,,2.25826,64.6483,21.16,,65.5181,,,,,47.1492,,,4.73412,,21.33,29.6418,1.617708,13.3958,6.94031,20.0623,,,38.5214,7.88,,31.5664,10.0939,,,13.9208,,22.0396,77.7487,,,7.92,17.78,,,,,13.6407,32.1971,57.08,15.4651,43.0443,9.47153,6.0025,,21.3,24.5135,3.97743,13.6964,,18.2897,16.3332,,,,,,13.48,13.5972,17.885,,5.11129,5.56,17.12,19.57,17.9698,17.4317,36.0059,58.7384,37.5799,80.992,6.92,,,,,,2.2547,,,,16.5088,18.25,14.2006,,14.5117,1.57375,,,253.05,19.1569,,24.8706,7.42458,,,,20.0105,687.25,3.65996,10.5362,58.5124,45.13,,12.2502,,,,27.969,,,,3.505,,11.3944,58.42,12.1393,8.75,,,33.379,,32.74,,,,,,,,45.56,8.145,,,7.498,11.6828,,,12.765,33.9412,12.2295,6.36393,,17.7144,5.8,,37.2817,,29.9787,4.694,,5.829,,17.8,6.1,,,40.2897,,,18.24,,,,,45.423,,,2.99251,,,25.0678,,,,43.9217,,37.1212,,,,,,73.9433,,,1.28,,,,,17.5246,,,,16.6259,,11.378,8.23673,,,23.0177,19.3671,,6.27691,,15.6354,
2005-12-01,5.84127,17.1483,46.9715,53.0058,31.7444,41.2725,104.913,,12.3795,21.73,3.6809,18.8627,41.708,6.71383,79.0976,34.1854,23.8595,25.6489,10.1475,53.1819,35.2635,43.1518,35.5354,14.2142,31.7028,23.734,23.8202,31.1568,34.58,7.65564,2.3575,20.125,18.6311,14.7101,44.9668,,11.7076,25.928,10.3341,19.62,17.2513,,27.0518,46.1583,,19.1096,13.1396,400.848,28.7868,25.2015,59.5265,48.267,22.2907,46.3538,28.4011,19.93,2.67825,6.44748,34.2454,,22.072,10.331,32.5228,12.0299,3.40075,4.54232,18.7186,31.1921,14.2321,29.4407,11.663,10.752,24.735,9.91905,25.32,2.45594,13.03,18.9868,9.77448,,8.0125,,30.448,,2.31138,18.772,6.52977,13.5688,16.4447,11.289,18.724,19.617,36.9558,6.41338,2.134,11.5731,12.9783,22.32,7.5078,,,,,19.6896,25.31,28.59,0.38657,13.84,19.0782,13.1529,11.5303,7.98,22.814,74.1393,3.4667,,11.8144,,,,,,,,21.51,18.5971,11.4147,19.6329,22.0329,3.06993,,31.9281,11.6584,15.9,,86.98,27.67,,116.64,29.1864,,,32.4809,,,,4.789,37.992,22.3299,77.7517,,2.2193,65.0012,23.39,,66.9243,,,,,48.7696,,,4.4711,,21.82,30.7446,1.641875,12.7939,6.90107,20.2847,,,39.5395,7.05,,32.231,10.2011,,,14.572,,22.3479,77.0205,,,8.0309,18.96,,,,,12.7694,32.1518,55.2,16.1213,41.4458,9.36621,6.5725,,22.6801,25.0736,4.2214,13.7905,,17.7104,16.1592,,,,,,12.9,14.1293,17.995,,4.92693,5.34,16.92,20.06,17.4443,16.3752,34.642,56.2903,38.1651,77.3154,6.47,,,,,,2.1848,,,,16.4651,17.7,15.6946,,13.7905,1.44125,,,246.9,18.8604,,23.1619,7.58482,,,,19.937,702.0,3.88265,9.85888,57.4628,42.85,13.1,12.7557,,,,26.465,,,,3.73,,11.4214,65.44,11.7558,8.78,,,31.9115,,29.1,,,,,,,,42.37,8.875,,,7.4483,13.1609,,,13.3589,36.0756,12.4105,6.52031,,18.0241,5.53,,36.5945,,31.3251,4.317,,6.0833,,17.76,6.96,,,42.6332,,,19.58,,,,,43.788,,,2.90456,,,24.2032,,,,45.5807,,37.2607,,,,,,74.3841,,,1.535,,,,,19.4231,,,,15.8629,,10.818,8.06954,,,23.6698,18.9022,,6.93599,,15.5488,
2006-01-01,6.26985,17.0999,50.78,52.8361,31.561,39.6274,116.046,,12.0972,22.29,4.13252,19.6572,41.22,7.05248,78.5537,41.3623,25.7247,24.9108,11.7456,54.5221,37.2347,46.2407,37.6103,11.9136,33.1134,24.1532,28.9003,30.9179,32.76,7.70977,2.241,21.825,20.3799,16.0267,47.4688,,12.1926,28.999,10.7774,21.04,18.4816,,32.1072,53.1604,,21.1222,13.8379,399.764,31.3528,28.5787,66.3508,49.165,25.4506,46.7658,31.0316,21.88,3.39325,9.01543,36.1644,,23.97,13.681,34.0753,14.036,3.31537,5.19456,18.8255,33.6823,15.4507,29.1031,12.3945,12.4943,24.744,11.8927,27.375,2.8201,15.252,19.1387,11.6442,,10.263,,35.845,,2.5781,22.86,6.70037,13.698,15.7147,13.2604,21.522,21.5156,37.7403,6.32535,2.188,11.4264,13.6505,22.05,9.0684,,,,,24.9229,27.31,32.3,0.39357,14.95,19.549,13.7685,10.4836,8.2666,24.9172,81.2797,3.5783,0.9504,12.4831,,,,,,,,23.69,20.6889,14.8855,23.0783,20.6594,3.99496,,35.6024,11.2694,15.23,,85.04,35.72,,97.983,31.5465,,,38.5473,,,,4.999,34.487,22.6881,89.914,,2.14176,70.0662,29.31,,73.9545,,,,,53.6564,,,4.63778,,23.32,29.9369,1.829167,13.7794,7.68859,21.3234,39.26,,39.6409,10.72,,37.1092,10.1669,,,15.7978,,21.1056,72.3753,,,7.1787,25.73,,,,,13.7972,33.8404,57.89,18.3951,45.6633,9.90958,6.5725,,24.7787,29.8761,5.48544,15.7713,,17.0972,16.3379,,,,,,13.76,15.965,19.205,,6.05044,5.09,17.66,22.11,21.2924,16.8512,35.012,61.7106,41.7274,74.4634,8.18,,,,,,2.38186,,,,17.6567,15.86,16.8058,,13.2143,1.57438,,,296.55,18.9478,,25.9186,7.86496,,,,21.5087,794.25,4.11174,11.1309,55.7699,45.03,17.75,14.973,,,,34.431,,,,4.75,,13.9344,67.4,12.0996,8.7,,,34.1941,,32.68,,,,,,,,46.13,10.005,,,7.2539,15.1513,,,12.5657,34.9537,12.5813,8.51773,,20.2057,7.51,,41.1343,,38.478,5.0,,6.0377,,17.64,9.44,,,44.4028,,,22.95,,,,,43.937,,,2.73094,,,27.421,,,,49.6437,,37.1212,,,,,,91.0414,,,1.77333,,,,,20.9669,,,,19.2693,,10.995,9.21727,,,22.6477,20.5402,,6.92167,,14.3346,
2006-02-01,6.04615,15.8935,50.8592,52.6968,32.605,42.384,116.086,,13.1431,20.91,4.30674,19.8019,43.522,6.4793,81.5317,35.6364,25.5626,26.1096,12.0206,52.166,30.6146,49.718,37.8882,11.247,30.2674,23.8383,23.1354,34.559,31.82,7.66842,1.872,21.742,20.8663,16.4423,51.3558,,13.4126,25.468,9.03276,22.89,18.4668,,36.049,53.4557,,21.842,13.4789,394.184,33.1718,22.8962,68.7024,49.851,26.1819,47.8555,34.3766,26.5,3.37025,9.7124,35.749,,17.475,15.862,34.7185,13.171,3.81623,4.5584,18.5494,33.1373,15.2955,26.4444,12.2675,13.9718,26.2682,12.2861,29.195,2.78606,10.022,19.6541,11.2545,,8.7125,,36.885,,2.67059,18.237,6.8766,13.517,15.9244,13.4977,21.982,21.0868,42.1533,6.28584,2.18133,11.9765,13.4947,24.55,8.2081,,,,,20.9137,28.1,33.9,0.383,15.71,17.5075,14.0141,10.6078,9.14,25.811,83.3505,3.4467,0.912,12.8411,,,,,,,,17.02,21.6308,15.2144,22.8743,22.8496,3.70871,,34.9806,11.7391,16.37,,86.51,43.24,,77.766,31.3187,,,39.4695,,,,3.5238,37.153,23.9884,95.3669,,2.64912,70.2549,32.6,,85.0542,,,,,55.4846,,,4.62049,,23.325,29.8365,1.944583,13.6382,7.21468,21.2022,33.17,,37.623,12.71,,41.4676,9.93515,,,16.6287,,21.3445,71.809,,,7.2057,23.91,,,,,13.0606,35.9964,60.56,17.8436,47.6293,11.0573,6.8375,,25.3281,31.1341,5.37318,16.8252,,17.3923,16.0602,,,,,,14.08,16.1208,19.645,,6.50142,5.88,17.75,21.87,21.9173,17.3462,34.926,61.5514,41.7555,76.3067,8.16,,,,,,2.14751,,,,18.9823,15.58,17.5696,,13.8031,1.615,,,313.65,19.0333,,26.6189,9.21755,,,,19.7325,753.0,3.79586,11.3448,57.167,44.14,17.85,15.6626,,,,35.772,,,,4.3625,,14.737,57.31,12.391,9.91,,,37.271,,33.13,,,,,,,,48.35,10.225,,,7.8393,14.9679,,,13.6748,34.3167,13.1606,8.44335,,22.2069,6.59,,41.6083,,39.5677,5.161,,6.2843,,18.94,9.56,,,42.6913,,,21.73,,,,,42.251,,,2.86139,,,27.5914,,,,49.1864,,37.1667,,,,,,97.4484,,,1.88333,,,,,22.3041,,,,20.4892,,10.375,9.63808,,,23.0337,19.2246,,7.06352,,14.5897,
2006-03-01,5.89476,15.4756,51.5753,55.9894,32.6606,41.127,128.943,,13.5591,21.55,4.55829,19.8875,43.384,6.45715,82.7928,39.6057,24.7446,26.4066,12.0071,52.6197,32.5407,51.7682,40.8775,11.4197,29.4791,22.6692,24.366,34.2428,33.43,7.12782,1.8265,22.045,23.6017,16.3412,56.56,,13.8541,29.5,9.71478,26.9,18.8827,,36.0836,56.2071,,24.0229,14.8398,407.002,36.8367,26.1283,72.771,43.174,24.9404,50.0427,37.6508,32.89,3.96725,12.2466,38.783,,18.675,18.76,37.8684,13.5838,4.11377,4.82623,18.6247,34.3032,15.8131,26.5609,12.0083,15.855,26.7921,12.1579,30.105,2.89535,13.111,21.4948,11.1245,,9.0825,,42.655,,2.57513,18.468,6.75288,13.4562,17.0435,11.787,21.318,22.043,45.4818,6.47873,2.43733,11.1658,15.7892,24.84,8.9611,,,,,22.2074,24.54,36.24,0.41414,16.34,18.3096,14.389,11.4173,9.2234,23.7664,84.8961,3.625,1.1078,11.5881,,,,,,,,18.58,21.9547,15.0764,20.6836,26.3801,3.70007,,37.6497,12.3181,16.63,,80.72,36.59,,88.652,32.1433,,,42.6737,,,,4.05,35.432,24.258,103.277,,2.78176,76.6566,34.5,,93.3612,,,,,64.7998,,,5.95544,,23.93,31.2204,2.626042,14.3239,7.71357,19.3016,37.34,,37.8861,11.88,,50.7831,11.387,,,17.7396,,20.131,71.436,,,7.9697,27.68,,,11.9851,,13.4488,36.2946,60.34,19.0632,51.5348,10.513,7.2925,,25.7882,31.5404,5.0755,17.1626,,16.4101,15.8009,,,,,,13.95,16.6352,21.59,,7.41276,6.02,18.49,22.35,22.8141,18.7903,40.7111,66.6618,43.4978,71.9378,9.17,,,,,,2.24455,,,,19.7235,18.66,17.2143,,13.3486,1.71562,,,305.7,18.9842,,29.3903,9.24638,,,,19.663,738.95,3.88265,10.38,63.3403,44.72,19.84,15.4616,,,,37.991,,,,5.0675,,15.8422,62.35,13.8645,11.0,,,40.223,,35.6,,,,,,,,49.02,11.26,,,9.535,16.3646,,,14.5197,38.8748,13.3092,10.4327,,22.1801,7.26,,45.5245,,40.0285,5.189,,6.4157,,22.313,10.59,,,41.955,,,20.81,,,,,39.278,,,2.86619,,,25.6264,,,,49.4997,,36.8689,,,,,,95.9978,,,2.25167,,,,,23.2897,,,,23.339,,10.638,11.8396,,,21.8798,18.8512,,8.09968,,15.2778,
2006-04-01,6.97266,13.6533,50.1888,57.1798,34.3369,44.6774,131.697,,13.9444,22.52,4.34376,17.8732,41.312,6.28472,86.6116,42.8924,23.6291,27.4127,11.1006,47.8731,32.7774,48.9914,40.7212,12.1355,26.636,22.3543,26.2109,37.2634,33.2,7.34812,1.7605,21.614,21.5664,16.3084,53.5394,,14.8103,33.877,10.4108,29.3,17.6958,,39.4146,57.5253,,24.4654,14.5807,401.364,36.4967,25.3804,71.8376,44.969,28.0856,50.1362,34.0155,33.69,3.972,12.6519,37.9315,,17.18,20.415,36.7994,13.9422,4.06822,4.96095,18.116,33.7788,15.2672,26.2673,11.7285,15.6344,27.5026,14.0962,28.13,3.20748,14.111,22.2544,10.3969,,8.7625,,42.243,,2.62207,18.145,6.70422,13.8818,16.78,12.764,24.21,20.1347,44.3863,6.80004,2.25867,10.7188,15.9848,24.44,9.551,,,,,23.1338,23.2,29.28,0.42343,17.66,19.2738,14.0777,11.5467,8.69,22.9747,79.6989,3.7033,1.0438,12.108,,,,,,,,16.26,20.6245,15.2085,24.5519,28.6777,4.2057,,39.6101,13.5031,14.52,,80.1,36.37,,107.32,31.8271,,,50.1797,,,,4.5975,35.236,24.258,98.1602,,2.71716,76.919,35.67,,92.6075,,,,,63.2052,,,6.27189,,23.31,31.6814,2.697083,13.4123,7.66144,21.3502,33.67,,36.5932,15.81,,52.1075,10.4103,,,16.8979,,19.8583,73.2869,,,8.5342,23.84,,,11.5115,,13.6457,35.1344,64.8,20.0956,46.7591,10.6774,6.4225,,23.0815,32.5429,5.13404,17.181,,16.4126,15.8301,,,,,,14.02,17.0789,20.8,,6.65728,4.17,18.93,21.83,24.4789,18.4295,42.4208,63.3562,40.8445,70.1133,8.79,,,,,,2.24455,,,,19.3623,17.05,18.0186,,13.4333,1.67812,,,322.65,19.1363,,28.6256,8.93821,,,,18.3374,755.0,4.63912,9.63113,57.6888,39.69,19.0,17.3264,,,,43.455,,,,6.29,,16.2554,65.41,12.7883,11.03,,,40.0594,,36.41,,,,,,,,47.25,11.845,,,9.2046,16.0368,,,13.6578,38.6909,12.5387,11.4805,,23.7774,7.17,,43.4221,,38.1652,5.645,,6.75,,21.8,10.7,,,40.1736,,,19.75,,,,,36.789,,,2.89478,,,28.0065,,,,48.3316,,35.6686,,,,,,103.89,,,2.37167,,,,,24.0934,,,,23.5175,,11.268,13.3851,,,22.8556,20.0187,,8.31066,,15.0861,
2006-05-01,7.24028,13.0196,48.81,56.8141,36.5741,44.6843,124.015,,13.7929,21.69,4.20336,16.3551,42.951,5.98523,83.4886,40.6456,20.8085,25.4133,11.0609,41.757,34.4423,45.677,38.2716,13.3089,23.3884,22.3543,25.1033,34.7801,33.49,7.37744,1.7305,20.63,20.8197,17.9891,51.348,,13.7405,35.101,9.26193,25.79,17.1137,,41.6715,55.4295,,25.7844,13.9161,424.873,41.9796,24.7778,70.9013,42.838,25.4734,46.6498,33.7812,31.29,3.61425,9.88345,38.49,,13.089,18.934,35.3858,12.8353,3.73686,4.41715,17.1689,29.5335,14.5612,27.7375,12.0375,14.4505,27.5591,12.5992,26.48,3.08176,12.366,20.629,8.45781,,7.3775,4.21951,39.522,,2.58868,15.61,7.17201,13.9386,16.6594,12.3431,22.936,19.6092,43.8081,6.27,2.11267,10.1263,16.4094,31.1,11.677,,,,,20.9137,18.57,24.26,0.39557,15.9,20.1516,14.8353,12.5081,8.81,22.2446,78.4788,3.695,1.1554,12.5673,,,,,,,,18.23,18.4049,13.411,23.1803,30.9793,3.85405,,34.9316,12.5031,12.94,,73.7,34.5,,104.19,29.9571,,,48.4219,,,,4.4625,32.11,24.248,87.3936,,2.33086,75.0822,32.58,,79.8251,,,,,63.3415,,,4.97181,,23.045,29.0159,3.851458,12.9224,7.55255,21.9271,27.52,,34.6815,13.66,,46.0855,10.0599,,,16.7898,,19.2367,72.4567,,,8.7102,19.75,,,11.7264,,11.7859,33.4802,64.79,20.1742,46.8618,11.4924,6.5125,,22.6653,31.4566,4.77299,15.2953,,16.1155,14.9968,,,,,,15.65,16.4912,19.11,,6.17009,4.17,18.04,20.43,22.3065,19.4246,39.1703,58.7118,39.8843,68.8416,7.39,,,,,,2.1848,,,,16.1793,16.29,16.1802,,13.6718,1.715,,,299.85,19.3504,,27.234,8.21028,,,,18.127,609.0,4.4375,9.44913,54.2432,35.31,22.8,16.5861,,,,47.345,,,,4.865,,15.5276,66.42,11.5001,10.63,,,37.0301,,34.25,,,,,,,,40.04,11.485,,,8.687,12.8611,,,13.33,39.3636,12.1009,10.6804,,20.7534,6.04,,45.1091,,36.0138,5.335,,6.3777,,25.213,9.32,,,42.6234,,,19.03,,,,,35.264,,,2.88465,,,24.426,,,,50.2446,,35.44,,,,,,91.9112,,,1.97,,,,,22.4869,,,,22.6059,,10.788,11.3996,,,20.8916,20.3687,,8.55486,,13.0263,
2006-06-01,7.37738,11.6201,50.8401,58.069,37.2445,48.0349,123.602,,13.4323,21.44,4.22312,16.038,42.666,5.96201,85.5318,44.0739,21.3971,24.8649,11.4192,38.6693,36.4862,48.3691,41.532,12.3515,21.1359,22.6245,24.0623,33.9434,34.84,6.8791,1.934,21.292,21.1907,16.994,54.8344,,15.6933,37.17,10.4451,24.9,16.4823,,44.9481,61.6873,,23.5053,15.1682,408.723,47.7608,26.0159,73.7849,41.048,25.5968,45.329,40.8799,36.19,3.535,10.2799,38.113,,13.811,18.316,36.0932,12.5549,3.50156,4.93515,17.0916,30.111,14.8883,29.9068,12.1696,15.465,27.9253,11.9181,24.85,3.10523,12.778,20.3987,8.30601,,6.665,4.50661,40.689,,2.16118,16.805,7.41947,14.2429,17.4012,12.0167,20.568,20.2196,43.7233,6.22464,2.07933,10.2469,17.0816,29.86,11.803,,,,,19.1677,17.49,26.74,0.38871,17.73,19.5087,14.199,12.3803,8.8334,22.3825,82.7233,3.785,1.219,12.6397,,,,,,,,18.01,18.4207,12.9998,25.202,35.0139,4.01998,,37.5998,12.9827,12.82,,70.35,36.71,,116.64,30.5116,,,53.6675,,,,5.3275,32.254,24.0083,84.1853,,2.31794,78.7165,31.98,,79.5108,,,,,69.8908,,,4.83971,,23.365,29.2305,3.966042,12.9575,7.60922,22.3204,29.01,,26.2917,14.83,,43.3796,10.756,,,17.4095,,18.3433,66.9296,,,8.8626,24.68,,,11.1488,,11.0246,36.9578,60.57,20.1234,47.9714,11.4599,5.8825,,23.6251,30.6778,4.63627,15.0441,,15.7744,15.5047,,,,,,14.2,17.0362,18.78,,6.50953,4.6,17.12,18.77,25.4752,20.0617,38.5474,62.0097,40.236,66.6977,7.39,,,,,,2.17714,,,,16.9583,10.82,16.7634,,13.5054,1.535,,,275.1,20.1232,,26.5941,8.15303,,,,18.2104,491.25,5.4147,9.49787,47.7671,34.16,20.36,17.7385,,,,52.205,,,,3.395,,16.557,64.94,12.0154,11.2,,,37.41,,32.76,,,,,,,,36.8,11.16,,,8.7661,10.3857,,,12.7829,41.4624,11.269,12.1133,,21.8785,5.88,,46.4725,,36.752,5.983,,6.6067,,25.367,7.91,,,37.8428,,,18.66,,,,,35.994,,,2.89978,,,22.7265,,,,52.6737,,36.4216,,,,,,95.415,,,2.14167,,,,,21.8392,,,,22.8751,,11.34,12.5338,,,20.038,21.2618,,8.21543,,12.2707,
2006-07-01,7.74702,9.54837,52.4269,48.6037,36.139,48.1972,125.484,,14.0375,19.7,4.67354,15.7909,38.733,6.65753,88.4331,44.6745,20.5459,27.2441,11.8724,38.9813,33.6132,51.1631,44.5155,11.7595,19.0156,22.1338,25.4725,33.8899,34.3,6.80985,1.3445,16.477,22.791,16.4006,59.565,,15.2468,32.746,9.63009,23.53,16.6416,10.8122,40.8411,57.925,,22.1718,14.7152,403.98,38.7723,26.8941,77.9803,39.22,27.8014,47.0973,35.1109,39.63,3.50125,10.5736,37.9315,,12.344,16.159,36.5071,12.0544,3.09133,5.31384,18.3713,33.0348,15.2672,29.8617,12.7476,14.0802,28.8451,12.6442,25.01,3.11194,10.578,20.3044,7.68197,,6.425,4.30684,35.531,,2.45684,15.322,7.53606,15.4336,18.3519,10.6399,19.753,20.9374,42.2719,5.52419,1.89,11.239,15.7312,26.88,11.025,,,,,17.6076,14.62,23.17,0.29557,17.4,19.9363,13.973,11.4113,8.8666,23.1226,87.8399,3.6867,1.05,12.6635,,,,,,,,18.16,15.4731,13.3248,25.7016,31.5401,3.57944,,35.0105,11.6187,13.66,,69.02,33.52,,108.87,31.6215,,,46.8257,,,,5.019,28.585,26.7512,88.7023,,1.91735,82.5541,27.92,,70.24,,,,,72.9809,,,3.85607,,23.705,31.0903,3.8325,13.5379,7.62508,18.4286,24.44,,27.5404,19.11,,41.4214,10.5506,,,17.3084,,19.666,67.8243,,,8.3474,22.45,,,11.9189,,11.0024,37.8651,61.53,21.1868,49.7184,12.088,4.0625,,20.6949,34.4768,5.46593,16.6507,,13.978,16.1448,,,,,,14.24,16.3511,22.125,,6.017,4.26,16.18,17.9,23.2701,19.8241,33.5743,66.0274,41.5132,72.894,6.76,,,,,,2.34209,,,,16.2845,10.68,15.7707,,14.8213,1.665,,,244.5,20.7418,,24.4823,8.59994,,,,18.4626,495.0,4.6932,8.76668,50.4839,31.35,20.96,12.5955,,,,41.591,,,,2.9725,,17.705,65.89,11.0502,12.02,,,33.379,,38.16,,,,,,,,35.5,12.01,,,7.4754,8.3051,,,13.7286,38.4782,10.9971,10.6882,,20.2415,6.3,,48.303,,38.2944,4.337,,6.7623,,22.093,7.22,,,41.1026,,,15.92,,,,,33.488,,,2.85437,,,19.5739,,,,54.5276,,34.7028,,,,,,88.588,,,2.36833,,,,,21.4885,,,,24.2128,,10.915,12.1405,,,20.1455,21.5587,,7.93837,,11.4594,
2006-08-01,7.89605,11.0375,51.972,49.408,35.6297,51.5329,122.132,,14.5832,19.43,4.98007,17.0472,40.713,7.14294,88.8036,38.0268,21.6029,27.0201,12.2377,39.0783,31.9455,55.2182,45.0915,12.2445,19.4589,24.6974,24.8095,34.7484,34.43,7.25263,1.5415,18.599,24.129,16.1934,61.6433,,16.2761,29.014,9.42881,23.0,17.0606,9.45849,40.0144,55.2631,,20.7204,15.63,402.29,33.9485,26.7688,80.7036,47.785,29.4968,48.7062,35.1433,39.2,3.67625,11.2223,40.5126,,15.033,18.192,37.421,12.7821,3.18771,5.1423,18.8047,31.8543,16.7524,32.537,13.0557,13.896,30.0269,13.4583,29.18,3.18816,10.489,19.6083,7.9199,,8.62,5.24837,42.968,,2.40387,15.458,7.31958,15.7174,20.5687,11.1016,20.924,23.1066,43.3794,5.43538,1.97933,11.239,17.4722,33.4,10.291,,,,,15.606,15.69,25.05,0.286,18.84,20.5064,14.2333,10.7847,9.593,23.442,89.6118,3.89,0.9868,13.1149,,,,,,,,18.82,16.109,12.7765,25.0718,31.0516,3.67661,,38.0749,11.752,15.88,,70.88,34.45,,111.99,32.4527,,,46.1133,,,,4.305,30.76,27.0456,89.6521,,1.78565,88.4496,21.66,,71.8461,,,,,71.227,,,4.06724,,24.935,33.3605,2.295,14.547,8.04361,17.6075,23.38,,27.4047,16.84,,45.5993,11.5943,,,18.9634,,19.3962,75.5227,,,8.5138,21.59,,,10.5324,,12.4407,40.0389,60.94,23.0713,50.7605,12.2238,3.8625,,18.5129,33.6931,5.06564,18.2224,,15.4118,16.2923,,,,,,15.59,15.5977,23.005,,5.63134,5.11,16.44,18.96,25.0818,17.382,33.7092,68.5453,43.5491,72.4066,6.25,,,,,,2.35462,,,,16.5255,12.2,15.1795,,15.6457,1.75438,,,262.8,20.7675,,23.6533,8.36021,,,,18.9452,513.65,4.59778,8.12808,49.3515,33.84,20.98,13.3788,,,,46.807,,,,3.21,,18.2149,73.41,11.8737,13.08,,,32.6443,,38.34,,,,,,,,40.64,12.24,,,7.4867,7.95336,,,13.0928,38.6561,11.2643,9.72371,,17.8118,5.99,,49.0234,,40.1927,4.028,,6.6233,,24.693,7.77,,,42.4268,,,13.93,,,,,34.708,,,3.24585,,,20.2028,,,,57.9133,,35.7458,,,,,,89.2301,,,2.27833,,,,,22.8317,,,,26.0501,,11.04,11.4285,,,19.4944,22.4393,,8.40525,,10.6153,
2006-09-01,8.31389,11.2534,55.545,50.7418,36.3274,49.0336,138.999,,15.2082,20.9,5.2884,17.2166,41.155,8.16471,87.0084,34.0995,24.6178,27.6201,13.272,39.4344,31.0585,54.7996,46.4083,13.1979,21.2511,26.0443,22.2511,35.6406,35.01,7.6406,1.606,18.563,24.8961,17.7213,62.6854,12.5323,17.2351,25.243,10.0112,24.6,17.2249,9.04053,41.1865,60.0688,,21.0775,15.906,386.169,38.0154,24.1453,80.3024,51.453,30.0229,53.413,34.1936,49.99,3.89525,13.3193,42.0578,,14.444,18.431,38.5722,12.1314,3.35371,4.82623,17.8457,32.2701,17.2885,32.0827,13.0968,13.7492,27.7496,14.1266,28.935,3.43541,11.717,20.3351,8.40269,,8.97,6.6052,37.746,,2.58739,16.152,7.18804,16.0334,19.7945,10.98,19.913,23.1486,41.8463,5.63956,2.214,11.7719,16.6172,36.79,9.3964,,,,,14.6491,17.72,26.86,0.32543,20.86,18.344,14.9663,10.8737,10.32,25.0591,90.5497,3.8833,0.9934,13.6447,,,,,,,,21.54,14.1122,13.2612,25.7103,32.3939,3.90024,,41.1592,11.937,15.69,,74.45,33.65,,213.09,33.1936,,,50.354,,,,5.0025,32.725,28.6254,96.9895,,2.02372,85.6006,23.25,,73.8152,,,,,71.3196,,,4.55891,,25.07,34.1652,2.706667,14.6238,8.17103,18.6104,24.85,,29.9708,16.52,,47.5242,11.4647,,,18.7758,,19.301,79.2296,,,8.5519,21.76,,,11.3686,,13.3173,40.5841,66.15,22.8274,50.918,11.9394,4.11,,21.4143,35.7948,5.35849,19.0844,,15.754,16.3379,,,,,,17.59,16.4574,22.785,,5.53614,4.23,16.96,19.72,23.709,17.1941,37.3076,65.5907,44.5142,75.1457,11.38,,,,,,2.33961,,,,18.7918,14.26,14.693,,15.0822,1.76188,,,216.15,20.5857,,24.2526,8.45328,,,,19.1675,535.0,4.32619,9.03371,49.1982,35.74,20.42,12.8693,,,,45.83,,,,2.7825,,17.9211,70.73,12.4583,12.93,,,33.0121,,39.6,,,,,,,,43.41,11.77,,,8.2552,8.3051,,,13.3688,42.5693,11.2555,9.31501,,17.7334,5.88,,48.0265,,34.4925,4.132,,7.0543,,23.573,7.66,,,43.6419,,,13.96,,,,,36.252,,,3.14843,,,19.6521,,,,55.5009,,36.6799,,,,,,102.15,,,2.62833,,,,,22.7264,,,,25.7729,,11.772,10.0484,,,20.9753,22.1415,,8.10811,,11.672,
2006-10-01,9.16646,12.7496,59.5175,53.1481,37.8055,39.8738,155.934,,14.9734,20.05,5.57099,17.4627,43.845,7.61219,88.3724,34.6659,28.3677,28.4907,13.2991,41.3795,30.8042,57.1703,50.7681,12.0108,20.786,24.8782,22.9497,39.1341,33.44,7.88195,1.9045,19.004,25.8031,17.7481,64.8026,14.4443,17.5265,28.156,11.8669,30.03,19.3567,9.53424,47.1447,62.9246,18.4985,21.2359,15.9911,394.602,40.4283,25.9761,87.404,56.762,29.632,58.6233,32.0167,46.86,4.2975,14.9765,41.4668,,14.969,22.587,42.1291,12.322,3.49665,5.32797,20.6723,30.9004,17.4818,32.7856,13.9477,14.4013,28.8273,14.8106,27.815,3.76798,11.02,20.7392,9.92629,,9.755,6.9573,40.815,,3.00431,17.924,7.21236,17.232,20.0199,11.0903,22.796,23.8831,44.7511,6.53101,2.15267,11.8877,18.0375,40.29,10.574,,29.0368,,,15.2368,17.5,33.09,0.39514,22.15,19.4901,15.7787,10.9349,10.363,26.0065,100.394,3.5767,1.198,15.1189,,,,,,,,21.84,17.7472,12.9685,24.5519,35.4701,4.25462,,45.0919,12.7947,20.05,,72.7,40.6,,169.51,34.9282,,,55.4016,,,,5.794,34.149,25.2996,97.0164,,2.03024,93.9569,23.69,,76.764,,,,,77.274,,,5.82373,,24.845,37.865,2.645833,15.6182,8.47611,19.388,33.61,,31.8596,21.98,,54.0876,12.2136,,,20.1194,,20.1597,79.2921,,,9.026,24.07,,,11.1819,,14.3455,42.194,68.65,27.3303,54.9271,12.8134,5.8975,,21.2653,39.0596,5.64651,20.3458,,16.4877,16.1738,,,,,,18.6,17.9297,20.8,,4.93573,4.76,17.86,22.51,26.0304,18.7993,40.6461,69.7177,46.713,76.4165,13.86,,,,,,2.39936,,,,18.7918,13.99,16.9203,,16.2434,1.80812,,,216.45,22.156,,26.4247,8.80459,,,,19.4207,561.5,3.984,9.70672,55.0001,37.27,21.26,14.8894,,,,51.095,,,,2.2,,19.1847,73.42,13.1986,14.19,,,35.1351,,41.72,,,,,,,,42.92,11.555,,,8.2665,8.81453,,,12.8008,44.6162,12.3658,11.0933,,20.4875,6.22,,50.9996,,34.8615,4.735,,7.1433,,26.153,9.31,,,48.2781,,,14.5,,,,,36.312,,,3.22611,,,23.1365,,,,57.9726,,35.4717,,,,,,103.427,,,2.95333,,,,,23.4804,,,,27.7928,,12.35,10.1838,,,21.9402,22.7498,,8.22616,,12.2553,
2006-11-01,9.11382,12.8314,62.5116,54.9578,38.6475,42.6265,160.04,,15.5024,20.61,5.60212,16.8995,48.137,8.14306,86.0481,36.4859,30.9209,27.5158,12.7306,45.7555,35.4569,61.3584,53.9422,13.2077,23.639,25.3203,25.276,41.1127,32.8,7.79323,2.017,23.975,26.9382,18.14,70.9962,14.9333,18.9903,29.205,12.0763,32.93,18.5799,10.2607,51.0251,67.2728,18.8472,22.2204,17.4865,385.095,38.5608,29.7453,88.771,49.939,31.1469,64.5692,33.7567,48.87,4.7165,17.4295,43.2773,,16.729,24.794,44.8098,12.7564,3.12756,6.25833,22.13,30.5397,20.1955,32.1679,14.2802,14.6287,29.4277,13.9397,26.605,3.7798,11.291,20.9716,11.1548,,9.75,9.55691,52.082,,3.4483,20.366,7.56841,19.3101,20.0043,12.4459,24.547,24.26,47.9879,6.86915,2.11133,11.8144,18.0675,39.49,10.497,,27.5401,28.3,,16.9015,22.28,37.41,0.41829,23.07,23.0472,14.7981,10.9902,10.003,26.6344,103.421,3.82,1.159,17.1993,,,,,,,,21.02,17.1648,14.7924,25.1427,33.7986,4.52601,,48.6095,13.4066,21.51,,77.43,44.3,,206.85,37.1518,,,59.0412,,,,5.865,35.794,26.3811,98.9421,,1.99566,93.0715,25.06,,86.6334,,,,,86.349,,,6.3597,,25.765,38.3428,2.344167,16.2494,8.75623,19.5965,37.95,,32.3897,19.22,,60.499,12.198,,,20.8709,,21.1998,83.9432,,,9.2476,25.02,,,11.3686,,13.434,39.7752,77.42,29.3095,58.3771,12.9956,6.515,,22.2857,41.5227,5.59279,22.2016,,16.1712,15.8767,,,,,,19.28,17.7321,21.165,,5.02481,5.24,18.38,25.55,27.6445,21.3617,50.8033,72.0821,51.1337,75.8212,13.12,,,,,,2.42929,,,,18.8722,17.35,18.0601,,17.0571,1.88812,,,247.5,23.627,,27.0161,8.38618,,,,20.5099,595.0,3.86054,12.4248,57.149,34.93,21.44,15.579,,,,61.394,,,,2.815,,22.4066,78.95,13.3373,14.45,,,35.1263,,40.2,,,,,,,,41.75,11.99,,,8.357,9.35264,,,12.6832,46.3522,11.8999,11.9994,,21.4856,6.44,,50.376,,38.71,4.931,,7.4223,,22.66,8.48,,,53.093,,,15.21,,,,,41.259,,,3.81823,,,25.0955,,,,59.9277,,39.4188,,,,,,98.3278,,,3.09667,,,,,25.1901,,,,28.0441,,12.778,11.8309,,,23.4181,23.3825,,7.86611,,11.429,
2006-12-01,9.53882,11.9324,62.0883,52.8869,39.2846,42.4909,163.774,,15.4379,21.32,5.44446,17.2028,45.309,8.00006,88.6223,33.8915,30.7404,28.0788,12.534,45.7219,33.2164,62.134,51.9727,13.675,23.5078,26.2618,23.2445,41.4131,34.21,7.96466,1.973,22.101,26.106,17.9337,71.2706,14.6865,17.9701,25.562,11.4705,33.2,18.6654,10.3509,58.8225,64.0262,19.1929,22.7097,17.0602,390.654,34.5334,26.2705,86.7618,51.561,30.6653,64.1207,31.3622,53.12,4.63725,19.14,43.5082,,19.327,24.456,43.5467,12.2371,3.11866,6.10753,21.3007,33.2654,20.4991,32.4342,14.4807,13.7166,27.5125,15.8879,28.44,3.44449,10.656,20.5655,8.55449,,9.1125,9.24818,55.638,,3.88587,20.536,7.45992,19.4031,21.7359,12.4119,26.213,24.888,46.99,6.50279,2.13733,11.3318,19.3871,43.61,10.783,,25.8258,29.84,,15.5658,23.03,37.1,0.36943,26.82,22.6776,15.259,11.2214,10.033,29.1839,96.4337,3.92,1.14,17.2538,,,,,,,,22.58,16.9152,15.2203,23.5682,36.9658,4.35542,,49.4319,13.0891,20.07,,74.86,37.42,,202.2,37.6294,,,56.9958,,,,6.306,34.894,26.4776,101.857,,1.87498,91.1345,25.43,,90.6433,,,,,84.7915,,,6.21955,,24.49,38.6557,2.806667,16.3858,8.91129,18.6104,41.15,,32.3544,19.66,,59.796,12.0938,,,19.7629,,21.3852,82.7946,,,8.8803,23.64,,,12.3419,,11.0769,37.9458,78.85,30.1767,58.251,12.6195,6.1425,,22.5291,41.0305,5.60737,20.8568,,16.1419,15.56,,,,,,19.79,17.0571,19.825,,5.27419,5.84,17.91,26.73,26.7992,21.0278,54.1817,70.2065,50.6056,75.5917,13.97,,,,23.757,,2.45166,,,,18.4564,17.76,21.2436,,16.6512,1.875,,,228.15,23.0093,,26.711,8.24423,,,,20.0532,645.0,3.46747,11.7097,57.0873,34.79,22.4,14.4098,,,,59.999,,,,2.465,,23.3794,82.52,13.5988,14.06,,,33.5883,,40.13,,,,,,,,43.25,12.68,,,9.4081,9.75419,,,12.3375,49.5082,12.2716,11.9925,,22.1672,7.57,,46.6611,,37.629,5.356,,7.5123,,21.673,7.61,,,54.6049,,,16.34,,,,,40.299,,,4.282,,,26.2702,,,,62.1878,,40.6072,,,,,,104.166,,,3.33,,,,,27.8804,,,,26.7205,,13.105,11.0889,,,22.8491,24.5065,,8.15963,,11.33,
2007-01-01,9.99396,12.8511,70.1134,50.9827,41.2292,42.0723,174.299,,15.6301,22.45,6.08687,17.9825,44.527,6.79522,87.9991,35.9606,32.8153,27.2218,12.4148,47.3922,32.4719,69.3075,52.337,14.7541,25.7861,22.3871,23.0431,44.8035,34.9,7.78647,1.8835,21.963,28.8026,20.8714,80.3257,14.6341,19.8615,27.392,12.4922,37.61,19.8042,10.0838,51.8169,70.7506,18.777,22.0326,18.3915,399.624,36.4009,29.3614,98.947,58.901,32.7654,67.7448,40.805,56.18,4.49575,23.1593,43.7677,,19.76,21.346,46.423,13.0071,3.23992,6.53261,22.0657,36.8615,22.9676,31.7725,14.2069,14.4219,28.4224,15.7079,27.3,3.75785,10.934,21.8682,9.44615,,10.958,10.476,66.241,,4.62268,23.172,7.57167,19.0519,23.7547,11.8867,26.364,27.0825,48.562,7.18848,2.32733,11.5036,20.274,42.62,10.836,,26.9318,32.37,,17.0661,24.4,35.7,0.32586,28.71,24.2611,15.2404,13.0319,10.483,29.8317,103.147,4.2633,1.1884,16.0882,,,,,,,,22.51,16.7904,15.5561,25.6559,33.3512,3.94169,,54.3429,14.2492,19.89,,82.42,35.35,,167.96,41.5213,,,61.9785,,,,6.35,37.887,27.6714,107.936,,2.1095,101.744,25.75,,100.664,,,,,93.5778,,,5.77148,,25.385,39.3452,3.174167,17.0218,9.46646,22.5179,40.4,,34.5266,20.43,,66.4776,13.0773,,,20.3837,,20.7516,85.196,,,9.635,27.73,,,14.8233,,11.8734,39.8549,82.8,32.7701,64.0199,12.1451,6.23,,18.3699,45.7351,5.22671,21.899,,16.7904,16.0835,,,,,,21.86,17.9634,21.455,,5.38434,7.43,18.92,26.6,28.9527,22.466,66.1088,75.7724,56.3897,72.1128,16.56,,,,26.142,,2.41925,,,,18.4059,17.38,21.5486,,17.0386,1.84,,,190.5,22.5251,,29.2408,7.90398,,,,20.5883,692.52,4.00145,10.93,59.0502,34.67,24.68,15.184,,,,69.78,,,,2.225,,22.1468,86.04,13.8744,13.9,,,31.379,,38.15,,,,,,,,45.0,14.145,,,9.905,10.8081,,,12.3843,50.9091,12.8438,14.4959,,23.0095,8.36,,49.5354,,41.7809,4.747,,7.1767,,20.553,7.75,,,57.9473,,,16.62,,,,,39.477,,,4.75543,,,26.0375,,,,62.1624,,38.7083,,,,,,115.034,,,3.24,,,,,26.1548,,,,26.9838,,13.15,10.7454,,,21.988,24.498,,8.04954,,12.6138,
2007-02-01,8.69376,12.7209,69.1037,49.5046,40.7384,40.8943,165.754,,15.331,21.96,5.72076,18.2178,41.625,6.56256,86.9829,38.1204,33.7689,26.8917,13.8125,42.8699,33.8471,64.5358,54.4071,15.1704,22.5007,21.231,26.46,44.4169,35.33,7.22556,1.957,23.249,29.1958,21.0312,76.4711,14.1966,21.0043,28.386,11.1954,33.31,21.3824,11.3783,60.0063,67.7206,17.167,22.806,18.2629,401.364,38.2456,30.5468,91.6053,57.834,31.8476,71.8182,39.0867,51.57,4.40825,26.7434,42.0914,,19.585,24.135,45.3073,13.3201,3.06492,6.81633,21.7887,35.6158,20.4346,33.1478,14.7145,14.0978,29.0694,15.385,27.25,3.58563,12.344,21.2834,8.31526,,10.81,10.0624,58.108,,5.8593,23.876,7.29198,20.0078,23.5392,11.6268,25.876,25.9232,49.6795,7.27304,2.29533,11.4389,22.8481,52.41,11.507,,26.1762,47.75,,17.2639,24.82,36.31,0.32186,26.35,26.8609,14.7265,14.0036,11.37,28.2763,104.949,4.2,1.1998,20.5405,,,,,,,,26.92,16.8141,15.4474,23.8666,36.3659,3.84269,,54.0395,14.0413,19.84,,87.52,30.69,,122.87,40.6863,,,54.4715,,,,5.7375,34.176,27.6425,109.926,,2.14574,97.9115,28.56,,109.316,,,,,93.1431,,,5.79731,,26.085,38.2136,2.916667,16.2786,10.0213,23.7961,37.4,,34.2547,16.8,,65.3703,12.5855,,,20.2963,,20.7219,82.6914,,,9.2176,27.52,,,14.8515,,11.4275,36.6095,86.36,34.4427,62.0138,13.972,6.0225,,18.7156,43.6504,5.29994,24.1514,,17.6948,17.249,,,,,,21.16,16.9379,21.545,,5.42689,6.41,19.94,25.58,26.2797,20.3867,67.1345,73.5595,55.506,74.8679,16.42,,,,22.955,,2.549,,,,20.2306,17.8,23.463,,17.2371,1.84062,,,177.9,22.6824,,29.2962,7.78741,,,,20.6192,676.85,4.48057,12.0956,59.1787,39.61,23.14,15.2407,,,,57.892,,,,2.0225,,20.6522,70.91,14.9892,13.63,,,30.0968,,38.05,,,,,,,,45.87,13.23,,,10.541,11.1398,,,12.3136,53.3457,12.4633,13.9543,,21.7018,9.82,,45.4786,,41.6746,4.687,,7.1657,,20.773,7.94,,,59.6942,,,16.51,,,,,38.691,,,4.87387,,,29.4544,,,,67.4441,,37.7584,,,,,,109.174,,,3.62167,,,,,27.8447,,,,28.1947,,13.24,11.9383,,,21.925,23.8692,,7.96943,,12.1651,
2007-03-01,8.77058,13.1537,68.1902,49.4461,40.0671,39.9798,169.753,,15.4221,21.24,5.60651,18.6953,40.879,6.63696,84.0167,42.7245,35.8136,26.5556,14.7946,36.7883,34.8794,60.3308,51.046,16.1326,19.5235,19.166,29.5543,43.4206,34.94,7.12038,1.9895,23.084,28.3073,21.4648,74.7894,14.3768,20.551,31.13,11.4126,34.18,21.1641,11.0395,65.3626,66.879,17.0228,23.6911,18.2866,400.032,35.234,31.956,86.7195,56.043,32.0351,72.783,36.8577,49.92,5.4825,21.6841,42.2305,,21.353,26.152,43.5055,13.2954,3.04634,6.77988,24.6537,36.9561,20.0597,35.6752,14.8836,15.5418,30.1848,14.246,26.66,3.58225,13.508,21.0986,8.16973,,10.705,9.9746,56.237,,5.84309,27.142,7.42777,22.5781,21.6399,10.1987,27.475,25.3969,51.3292,7.63457,2.20667,10.7449,24.8559,53.26,12.204,,25.1463,52.01,,19.2998,26.51,33.34,0.33129,24.54,29.1707,15.577,14.3411,12.747,30.4607,103.039,4.225,1.242,21.5276,,,,,,,,26.47,16.7904,13.3797,23.4429,35.9634,4.07317,,57.9363,14.2005,21.62,,82.05,28.04,,41.994,40.1471,,,56.2234,,,,6.4125,35.55,27.353,104.946,,2.15902,91.2819,27.5,,117.939,,,,,87.6015,,,5.05057,,27.59,41.2031,3.156667,16.6886,10.5177,23.5131,35.69,,35.0748,14.65,,67.7122,12.5446,,,19.0312,,20.5027,82.5267,,,8.5656,28.82,,,16.9372,,12.1024,37.2944,89.57,34.7443,62.1008,14.9741,5.2475,,16.5725,42.9236,5.33414,24.3124,,18.5347,17.182,,,,,,23.95,16.7483,21.905,,5.36592,6.59,21.06,26.23,28.7958,21.5128,65.6838,70.1879,54.0892,74.0956,15.86,,,,19.005,15.3279,2.55129,,,,20.7436,20.14,25.3192,,17.6538,1.75062,,,195.9,22.5547,,28.6632,7.91124,,,,21.1632,665.0,4.14989,14.4438,60.1905,38.61,22.06,16.3542,,,,58.073,,,,1.965,,21.1881,69.84,15.7741,12.7,,,30.6967,,37.44,,,,,,,,46.26,13.42,,,9.589,11.3261,,,11.8283,55.0937,12.6367,15.9913,,20.67,8.92,,44.424,,43.0546,4.468,,7.579,,20.393,8.03,,,61.9169,,,14.73,,,,,38.343,,,4.7851,,,30.6399,,,,61.4767,,36.9619,,,,,,107.206,,,3.945,,,,,28.5351,,,,27.716,,13.265,10.5064,,,21.8281,24.0465,,8.28361,,12.7781,
2007-04-01,9.0128,13.4671,70.6704,49.6762,42.4907,39.1988,179.641,,14.8616,20.44,5.37472,19.4327,43.486,6.7529,80.7536,46.5297,34.942,26.3453,15.7709,37.2227,36.2142,59.4675,50.7432,17.4199,19.6795,20.2775,32.2398,45.1911,36.49,6.90639,3.0665,25.133,27.9199,22.592,74.887,13.7877,20.8157,33.31,11.7419,33.85,23.5292,11.1851,70.908,64.9042,17.9967,24.2729,17.8198,389.858,35.6441,34.9703,81.5583,60.471,31.2595,76.0519,41.0048,44.08,5.58325,22.5284,45.303,,21.76,28.087,45.0325,15.0962,3.57344,7.33592,26.5351,37.2418,19.7053,37.3481,14.9687,16.5781,30.789,15.2813,27.305,3.89653,14.407,21.186,9.04617,,10.5,10.488,60.597,,6.01543,29.381,7.61134,22.1653,21.6555,10.7238,30.883,26.1733,52.4297,7.3575,2.37333,11.5557,27.0943,55.64,12.399,37.645,26.556,59.99,,20.5396,25.76,38.39,0.31671,24.92,31.97,16.7573,14.8106,13.107,30.8992,102.843,4.0833,1.3046,23.8232,,,,,,,,28.17,17.3153,12.7208,25.0572,38.644,4.62722,,55.0815,14.9158,27.2,,90.16,30.74,,18.176,41.3445,,,58.0866,,,,6.3125,35.05,29.0055,113.965,,2.16874,90.8445,33.5,,127.218,,,,,89.9578,,,6.05239,,26.065,40.9448,3.183333,16.5055,10.599,24.2458,31.23,,37.4842,16.32,,66.0023,12.3938,,,18.6756,,20.2341,85.5333,,,6.6548,28.77,,,17.6305,,12.7194,35.7652,97.62,35.6773,61.7929,14.6325,5.2025,,18.4792,46.6158,5.50989,24.6459,,18.0295,17.4345,,,,,,25.23,17.2636,22.545,,5.3486,7.71,22.2,27.66,28.6696,18.0558,63.5371,74.0187,53.345,77.5399,22.66,,,,18.005,15.5922,2.55645,,,,20.4846,19.17,27.2307,,17.4621,1.81125,,,185.55,22.8699,,29.5586,7.76071,,,,20.368,824.0,4.25818,14.1324,63.5177,39.79,20.29,17.618,,,,57.12,,,,1.9925,,22.7132,70.77,15.663,11.95,,,34.4093,,44.11,,,,,,,,47.36,14.34,,,10.927,11.9736,,,11.2622,53.916,13.0502,16.4043,,20.3893,10.71,,44.0077,,46.5457,4.881,,8.091,,20.147,8.63,,,57.0517,,,14.78,,,,,35.401,,,4.81467,,,29.0166,,,,66.8179,,36.8066,,,,,,102.632,,,4.20667,,,,,29.315,,,,29.4555,,13.292,10.9535,,,23.6698,24.9706,,8.64443,,12.6906,
2007-05-01,9.26331,12.918,66.1867,50.7643,40.6897,39.2978,189.647,,14.9318,22.12,5.33291,19.8285,48.1,7.67075,80.1029,49.4365,36.7544,26.7816,15.9743,39.7829,38.5371,57.0336,51.7648,18.5292,20.7372,21.9918,35.886,47.7606,36.1,7.27368,3.457,27.412,26.8857,20.7822,73.6966,14.7075,18.294,38.658,12.403,37.22,25.1075,12.0251,77.2127,66.6929,18.1952,28.8662,17.7318,402.936,37.2308,37.0618,86.9723,61.205,35.5188,80.5285,41.5539,44.21,6.22425,25.7101,46.8155,,22.14,31.19,42.6432,15.186,3.7665,7.85449,26.5401,36.2041,18.1907,38.6089,14.9306,18.8671,33.3075,15.4995,27.615,3.97055,15.292,22.9703,9.24651,,11.813,14.0417,57.211,,6.7795,37.433,7.48345,20.9491,21.7574,11.4129,31.456,25.3206,54.5869,7.2881,2.53267,11.3028,29.5765,61.84,13.226,47.858,29.2533,68.04,,21.5591,26.58,40.63,0.31286,24.0,35.591,17.2515,16.0016,14.103,32.3545,102.617,4.1833,1.7324,28.3638,,,,,,,,31.21,19.9292,11.8239,26.865,42.7226,4.62236,,60.223,15.5117,22.44,,102.06,29.9,,16.929,38.771,,,71.0943,,,,5.979,36.663,29.5099,126.132,,2.23108,89.6977,33.55,,135.591,,,,,89.4211,,,6.22741,,26.765,37.2738,3.316667,16.2221,10.4483,26.1107,36.71,,37.6861,16.32,,69.0967,11.8611,,,18.8691,,21.2771,96.5774,,,6.5555,27.01,,,17.2017,,13.7249,38.9456,98.3,34.158,60.7322,14.4347,5.7475,,19.4807,47.8658,6.09056,24.7389,,18.3425,18.2076,,,,,,27.56,18.7448,22.075,,5.51535,7.09,22.71,26.52,31.3098,19.2595,75.1382,73.5643,50.8662,82.6237,22.79,,,,22.202,15.749,2.55894,,,,22.8094,20.59,29.8735,,17.0065,1.94938,,,170.1,23.3511,,31.8566,7.86756,,,,23.9542,797.0,4.49747,15.2473,71.0045,40.11,22.4,18.5704,,,,52.312,,,,1.64,,23.2112,74.7,16.3459,12.13,,,35.1094,,46.08,,,,,,,,53.17,14.595,,,12.078,14.8564,,,11.3968,55.9481,13.2093,17.3599,,23.1335,10.74,,47.1664,,53.4853,5.426,,7.9877,,21.313,10.54,14.82,,58.8291,,,15.28,,,,,37.522,,,4.5287,,,29.393,,,,66.6485,,38.9983,,,,,,105.266,,,4.88333,,,,,32.4146,,,,30.824,,14.812,12.2829,,,24.4674,26.1409,,8.89828,,12.2123,
2007-06-01,9.50456,12.7693,57.0334,51.4888,39.0104,41.409,178.093,,15.2864,22.44,4.90035,19.5194,49.279,7.75076,77.5386,48.9356,33.9104,24.8495,14.9728,31.8644,38.824,48.9535,46.9853,19.1479,17.6864,21.9749,39.6046,48.3049,34.4,7.28647,3.4205,29.158,22.1103,19.9944,65.0614,13.6447,17.4623,36.684,13.0203,36.5,25.2767,11.7212,74.05,67.1183,18.9578,28.3865,16.0672,406.664,35.2192,35.7908,79.2952,54.044,34.5487,81.0066,40.2795,48.64,6.58175,26.2244,46.4001,,26.984,33.084,36.4622,13.8591,3.63784,7.42866,25.2842,39.5675,16.1059,42.5881,13.6405,19.4601,35.2654,16.6599,26.94,3.95585,15.419,23.2423,8.25387,,10.715,15.573,53.147,,9.07883,32.931,7.46397,19.5392,18.6185,11.7371,31.848,23.3498,53.4056,6.83599,2.43667,10.7449,30.2288,68.74,13.859,44.342,26.2344,89.29,,22.5334,24.03,40.3,0.277,25.5,33.6636,17.2692,16.3596,14.517,33.8942,90.2978,4.1117,1.7056,31.5067,,,,,,,,29.49,20.782,12.5044,26.4617,49.1203,4.42268,,59.682,16.3087,17.92,,100.79,28.56,,17.507,35.8276,,,70.5119,,,,5.706,36.24,29.3785,124.742,,2.18166,81.9929,32.54,,141.32,,,,,79.1012,,,6.45596,,26.715,34.8427,3.581667,14.9004,10.1244,26.2687,37.96,,36.8736,20.3,,72.328,10.9284,,,16.3458,,20.1805,91.8598,,,6.2637,27.66,,,18.8371,,13.2728,34.789,95.51,32.3838,52.9455,12.9778,5.355,,19.2889,47.5234,6.01732,22.9569,,17.8735,17.8201,,,,,,24.59,17.3896,23.655,,5.60007,6.0,21.96,26.43,32.7332,17.6284,77.9247,67.7024,45.6422,83.6937,24.16,,,,19.748,14.8802,2.52434,,,,22.2081,19.97,31.8364,,15.5756,1.91188,,,142.35,21.6748,,32.5688,7.77323,,,,24.3802,679.75,4.34324,15.5217,72.316,38.74,22.38,17.3264,,,,51.223,,,,2.0475,,21.5186,75.57,15.2211,12.41,,,33.4643,,45.95,,,,,,,,51.62,16.1,,,13.583,15.3197,,,10.9943,59.912,12.6608,15.5269,,22.316,10.72,,42.3138,,53.0805,5.288,,8.06,,20.347,13.96,14.2,,63.6334,,,14.72,,,,15.5107,39.775,,,6.06797,,,29.3782,,,,66.2422,,37.8465,,,,30.8073,,107.392,,,5.605,,,,,32.6947,,,,34.2584,,14.2,12.4372,,,23.0093,26.1881,,8.23972,,11.3805,
2007-07-01,8.87914,12.855,53.039,53.4075,37.7381,44.4706,154.748,,13.676,19.48,4.10617,18.335,52.08,7.36742,77.0966,44.3942,32.5303,22.5735,14.3733,26.7197,40.5213,44.66,45.7806,17.7046,14.4836,19.8444,45.6326,45.7998,30.52,6.53301,3.927,27.283,21.681,19.782,60.195,13.0709,18.859,33.135,12.7039,34.92,23.1112,10.8773,78.5609,69.3932,17.6115,30.2806,14.6826,414.322,38.1024,35.5313,72.0137,51.761,34.2645,73.7762,37.3153,33.96,6.7915,26.8067,39.9394,,24.515,31.973,33.2011,13.5867,3.91685,6.88879,24.0341,39.8041,15.1685,37.3433,13.2357,19.6413,33.63,16.2343,26.47,3.8022,23.623,24.2322,8.54822,,9.715,15.0974,57.247,,8.71113,29.363,6.8766,18.8366,16.7574,12.9514,30.331,21.2402,56.0991,6.4205,2.22067,11.0181,28.0183,63.8,16.012,49.146,24.3313,112.57,,20.5896,20.06,43.34,0.24614,23.93,31.2152,16.45,16.4407,12.753,33.2929,90.2978,3.83,1.7668,30.3301,,,,,,,,25.55,19.5023,13.5021,26.451,55.7183,4.97645,,51.3014,16.0351,14.89,,90.01,32.3,,15.837,31.7955,,,70.0715,,,,7.676,32.489,25.0499,109.456,,1.99243,75.8478,32.14,,119.51,,,,,77.4971,,,6.95646,,27.17,32.7991,3.379167,13.8866,10.2492,25.0254,41.28,,31.633,22.79,,68.7239,9.29844,,,14.35,,19.9593,84.6327,,,5.245,25.9,,,19.1775,,12.4782,29.917,95.16,33.8135,51.4947,12.3449,5.4025,,18.195,46.5978,6.9348,20.1965,,17.5738,17.9687,,,,,,20.93,17.2596,25.065,,6.81671,5.32,21.4,24.46,32.469,18.362,69.0732,60.2255,41.9958,75.6995,26.1,,,,18.976,13.6862,2.63938,,,,20.7167,17.63,30.7834,,14.7658,1.75875,,,114.45,20.2391,,30.6007,7.02713,,,,21.7867,578.48,4.15648,14.3304,67.5837,36.23,19.86,19.3665,,,,58.504,,,,2.0075,,21.1173,74.16,15.9555,12.03,,,28.8177,,44.37,,,,,,,,51.18,16.515,,,12.998,14.6771,,,11.2404,57.8412,12.4505,15.5338,,20.3575,11.82,,34.7258,,56.8827,5.1,,7.74,,20.927,15.27,14.02,,68.2331,,16.07,13.43,,,,12.7241,38.92,,,5.99377,,,32.8714,,,,62.5095,,36.1663,,,,28.2521,,109.343,,,5.72833,,,,,29.4342,,,,33.7427,,12.355,11.3469,,,20.529,24.931,,7.72932,,11.0945,
2007-08-01,8.81985,13.5311,58.1835,53.506,37.1381,43.8935,144.615,,14.3515,18.98,4.34466,17.8811,58.785,7.21733,76.7957,45.3862,31.8627,23.4977,14.041,24.6382,39.8042,48.2936,45.5956,17.9127,13.405,21.8786,48.6396,46.3609,28.98,6.55376,3.9955,29.59,24.8709,18.2759,63.7459,12.3341,17.1205,31.729,12.8344,29.52,22.066,10.3101,72.7572,69.6855,17.2401,35.7405,15.4935,401.196,37.6647,34.7396,76.2868,58.277,32.5908,62.3722,37.6164,32.22,8.44,25.8763,40.5886,,27.501,32.714,36.9919,14.4151,3.96407,6.71583,25.0951,44.1244,16.9369,36.8078,13.7433,19.4068,36.2943,15.9153,28.76,4.00744,24.587,23.5849,9.07424,,10.108,12.8625,73.35,,9.59832,32.33,7.12039,19.0519,19.5593,14.1695,32.326,23.0852,59.1972,6.17662,2.36933,11.6213,27.8614,82.98,16.568,36.625,26.5817,103.74,,20.0314,22.9,34.97,0.25029,22.66,30.8456,18.2663,16.0688,14.483,32.5688,95.4753,4.025,2.0798,33.9352,,,,,,,,33.51,20.0035,14.8286,26.8223,67.6246,4.61423,,57.3773,16.439,19.46,,87.31,38.96,,15.002,35.301,,,71.579,,,,8.1265,32.068,25.223,109.696,,2.01936,83.0533,32.6,,117.779,,,,,71.1965,,,6.93063,,29.095,31.6149,3.7425,15.9728,9.38719,25.7811,44.39,,32.3544,24.14,,69.991,10.1805,,,15.6072,,21.3762,81.1103,,,5.5799,26.57,,,18.9237,,12.1373,32.8741,94.31,34.0136,57.6146,12.656,5.0525,,19.2055,41.4299,7.55953,23.7646,,17.2301,18.3436,,,,,,22.11,18.4529,27.94,,6.76584,5.84,21.72,27.32,31.74,17.372,79.3324,65.2632,44.9745,78.4961,22.73,,,,18.283,14.1368,2.94332,,,,22.6367,15.98,29.4886,,15.5816,1.83375,,,123.9,20.2676,,32.5084,7.14111,,,,22.3617,559.5,4.14762,15.0394,68.7687,36.3,20.7,17.7733,,,,66.849,,,,2.3,,18.2785,84.32,14.6573,14.83,,,27.9947,,49.91,,,,,,,,52.48,17.655,,,13.292,17.9803,,,11.7744,52.5269,13.9447,16.0784,,22.3378,11.72,,38.8521,,60.9985,5.503,,7.981,,22.7,14.31,17.62,,68.8632,,17.035,12.01,,,,12.2585,36.67,,,5.67303,,,30.8707,,,,65.7344,,39.1447,,,,27.5041,,106.347,,,5.23333,,,,,28.6682,,,,29.4655,,11.63,12.7618,,,19.8612,24.7688,,7.80652,,12.0102,
2007-09-01,8.17195,15.4846,61.2959,52.9668,42.2216,46.3136,178.083,,14.4029,17.72,4.38646,20.2204,61.097,7.43602,75.0397,44.5074,33.8245,22.1332,15.7758,19.7406,45.6532,50.1243,46.7725,14.8405,11.3642,21.9074,54.9097,47.9559,30.73,6.6991,4.6575,31.005,26.2546,18.656,66.1904,13.7371,18.5835,37.075,14.1307,27.84,20.6617,10.5878,81.0841,73.7787,18.5568,38.8319,15.5954,420.646,40.3324,38.8986,78.7436,59.759,35.8149,64.1965,41.6426,28.73,9.48525,26.9481,42.1278,26.08,29.369,36.45,38.6476,13.5906,3.94657,7.0822,26.4638,41.9179,18.47,35.7408,13.9663,20.7011,38.3761,17.5954,31.59,4.41261,25.556,24.81,10.4684,,12.83,13.8933,93.399,,11.5046,37.291,7.14769,19.6849,21.2645,15.3588,34.648,25.5951,61.2638,5.69065,2.22733,12.5305,26.0674,88.75,20.177,36.611,27.8596,117.74,,20.8834,21.8,37.19,0.29643,20.33,34.2465,18.833,17.4064,13.513,31.8098,105.293,4.11,2.3626,43.2198,,,,,,,,37.36,17.876,14.6916,29.6447,79.2985,4.58259,,51.7117,17.7613,17.8,,81.3,38.41,,15.956,38.0666,,,70.6558,,,,7.4775,32.91,25.993,123.523,,1.93312,82.8853,32.17,,116.497,,,,,74.5401,,,7.94058,,30.42,28.4397,4.723333,16.5367,9.82514,23.5656,43.51,,30.5326,25.94,,70.13,10.1942,,,15.1132,,20.9678,85.3578,,,5.1912,30.5,,,21.2797,,13.0481,33.0463,102.0,37.1477,60.7205,12.8026,5.3775,,21.5156,39.7955,8.49662,24.0021,,17.403,20.4676,,,,,,24.46,18.4866,27.4,,6.1599,7.15,22.19,27.08,34.3821,18.3133,84.5006,67.3099,49.6889,84.9378,25.33,,,,19.461,14.7452,2.95824,,,,22.3054,17.08,31.9992,,15.7556,2.14938,,,132.45,20.4208,,30.7474,7.07786,,,,21.7689,470.25,3.452,12.942,68.9012,36.49,21.25,17.7683,,,,89.462,,,,2.5,,19.0125,90.5,13.8229,13.35,,,21.4175,,53.39,,,,,,,,56.15,19.605,,,13.341,22.2965,,,11.5035,60.0877,13.9599,17.3262,,22.3378,12.56,,40.5928,,69.7578,5.345,,8.2677,,24.18,15.69,21.75,,80.9204,,21.015,9.88,,,,13.2933,35.796,,,5.2192,,,29.0078,,,,66.2169,,42.8138,,,,27.9453,,118.896,,,6.1,,,,,26.2531,,,,29.4755,,12.715,12.4561,,,19.0053,24.7612,,7.89846,,11.754,
2007-10-01,7.11486,14.3235,63.9439,52.9668,45.2852,42.6354,203.691,,14.0266,17.69,4.54183,21.895,68.568,7.20571,72.1559,46.6625,26.1609,20.3598,17.832,19.9139,48.0941,51.5995,47.7855,13.1311,11.2608,22.7288,55.6531,47.8588,27.3,7.17744,4.4575,31.327,24.1125,19.2899,69.0186,14.4386,19.3065,44.949,17.6111,24.38,21.4572,10.6112,67.5404,83.6886,17.9661,40.7959,15.3996,444.831,43.19,42.9859,81.7923,58.647,36.3409,56.8059,38.2906,39.19,9.9685,31.5774,46.0212,28.53,30.087,40.548,34.8621,12.4128,3.86534,7.99452,28.7312,43.9302,18.9524,35.7467,14.8465,21.4585,38.2294,19.7589,32.595,4.91297,36.32,25.931,12.9738,,14.093,17.8318,95.718,,13.3228,40.555,7.28764,21.2387,22.0309,15.723,51.2,25.6234,66.227,5.99701,2.20133,14.2806,32.5232,93.1,21.215,30.196,28.6153,158.81,,20.1156,25.27,36.03,0.37814,20.87,36.977,20.9126,20.1007,12.767,30.8605,113.84,4.185,2.78,56.3665,,,,,,,,37.56,19.0665,15.9869,29.9674,71.329,4.31934,,47.1003,19.3163,22.0,,85.34,32.34,,18.486,37.2556,,,73.3576,,,,7.781,36.155,23.295,127.442,,1.73755,87.0197,34.19,,112.856,,,,,77.0519,,,8.09892,,29.95,31.1708,5.666667,17.4757,9.88359,24.8397,44.79,,31.0454,28.07,,92.2449,10.4103,,,14.7556,,19.2594,88.2591,,34.2,5.7102,33.97,,,21.1912,,10.4548,34.4702,106.35,40.1433,60.4574,13.3657,5.8325,,23.1421,37.6898,9.40937,26.8032,,18.2039,22.4208,,,,,,21.9,20.9616,30.445,,5.25004,8.66,19.6,28.26,34.6911,17.6981,86.5511,72.1225,46.2769,82.0798,20.7,,,,18.847,15.5616,3.36729,,,,25.2046,18.78,34.4475,,17.0746,2.39875,,,89.7,20.2263,,29.9301,7.18805,,,,23.135,475.75,3.2543,13.5208,64.7375,39.09,20.44,17.7992,,,,89.239,,,,2.325,,18.8671,96.58,12.8647,16.12,,,20.2196,,52.31,,,,,,,,58.0,20.85,,,13.958,19.2504,,,11.0181,61.8119,14.4373,19.7455,,23.8012,10.2,,39.3956,,80.4375,5.75,,8.3077,,25.407,16.65,25.04,,86.7283,,26.61,6.64,,,,13.4771,37.592,,,4.8928,,,30.6399,,,,58.1925,,39.8503,,,,28.1367,,141.889,,,7.76667,,,,,25.9859,,,,32.3582,,13.85,12.8236,,,19.2947,22.5575,,7.96125,,11.33,
2007-11-01,6.94242,13.3025,60.348,51.9723,43.8284,44.142,186.188,,15.2983,16.5,3.8652,20.7717,68.273,6.82986,65.9795,43.1326,26.5757,19.8436,17.9676,13.8061,46.7151,49.2901,38.4958,12.3907,10.6196,21.3104,51.7876,44.5973,26.24,6.92722,4.528,37.585,22.9327,19.7165,62.699,14.8066,14.4833,47.161,17.2624,23.75,20.1277,9.42644,58.7026,82.7228,18.5775,37.8173,13.3364,422.595,40.0093,38.9185,66.3233,60.753,37.4551,56.9554,39.5385,38.06,9.6705,29.6157,51.5239,25.96,30.032,36.096,30.7186,10.774,3.445,6.93291,26.9656,45.5266,18.6233,32.8737,14.9159,25.5689,39.426,16.9164,30.98,4.81076,36.41,25.1626,12.0468,,14.183,18.8427,78.879,,13.7902,38.24,7.94324,21.7573,22.3964,16.7605,51.473,25.9232,59.3408,5.85442,2.19067,15.0005,26.9854,113.8,19.448,22.949,28.9536,237.15,,21.9792,26.2,26.42,0.33,22.87,34.33,27.2552,18.3669,9.553,27.311,103.834,4.1217,2.663,55.8357,,,,,,,,43.34,18.2762,14.811,30.6079,71.2909,3.94537,,41.799,18.0837,21.78,,80.44,25.39,,17.561,33.7519,,,70.8933,,,,6.21,34.201,24.3444,120.353,,1.71952,73.1364,23.27,,117.392,,,,,66.3315,,,7.97565,,29.575,21.2199,3.6175,16.8638,11.7216,23.5568,38.28,,32.719,28.89,,82.3259,9.44547,,,13.6909,,19.0166,83.2777,,25.74,5.6942,33.2,,,22.1975,,10.7114,32.0121,116.36,37.0989,57.0114,13.8737,6.25,,21.0298,37.3933,9.69226,23.2517,,16.9504,19.915,,,,,,18.89,18.2762,30.25,,4.9678,8.58,16.6,24.61,36.4829,19.5666,81.723,68.6909,43.0123,80.8418,16.89,,,25.2492,20.144,17.7161,3.26238,,,,23.0772,14.98,32.5764,,16.6229,2.335,,,100.05,18.8829,,30.1668,7.30401,,,,22.2782,492.0,3.24543,12.39,53.3479,38.57,13.42,16.0985,,,,76.033,,,,2.1625,,17.1464,100.91,11.5516,15.06,,,18.278,,54.22,,,,,,,,63.53,18.535,,,13.461,16.751,,,10.761,54.9396,14.4178,18.6631,,23.4898,9.19,,33.2423,,77.3165,4.819,,7.7533,,24.993,14.01,27.46,,84.6177,,18.335,6.34,,,,11.6609,36.64,,,4.5583,,,29.0434,,,,61.5106,,36.2385,,,,29.4898,,136.04,,,8.01,,,,,24.908,,,,25.0387,,12.832,10.3081,,,18.721,21.5587,,8.25467,,10.4905,
2007-12-01,6.17217,13.1695,53.2421,49.8809,46.0678,42.4107,176.661,,15.1785,15.66,3.37536,20.9577,52.43,6.19319,59.1671,46.3959,21.885,17.7566,17.7593,15.5909,55.4155,46.7807,37.6198,12.7443,11.6872,21.3928,55.8288,41.8771,25.45,7.17744,4.632,34.561,21.1411,19.1599,62.1384,15.9038,15.8058,56.9,17.2246,21.55,19.3666,7.61593,59.7242,86.1574,17.5443,37.9341,11.9775,414.69,38.1024,49.1379,62.7916,59.219,35.0402,51.0193,41.5106,34.6,10.4542,34.1462,52.6793,27.41,29.128,40.196,26.4852,11.7583,3.51224,8.13315,27.1834,45.4635,19.3655,34.4164,15.1839,26.1421,41.491,20.2246,28.175,5.14625,35.89,23.7785,13.7496,,15.673,20.2044,69.675,,16.6817,42.735,8.08704,21.5742,23.2422,18.3246,48.644,25.8549,58.4975,5.6749,2.162,15.2226,25.8617,114.86,19.842,26.103,29.2128,267.14,,25.4889,27.26,28.52,0.38029,19.75,35.0956,30.8811,18.4101,8.64,28.4717,100.569,3.8333,2.9414,76.1769,,,,,,,,41.98,18.7555,14.6436,30.3542,64.4184,3.71967,,36.3201,19.2546,24.15,,74.4,23.23,,13.23,30.8892,,,68.4212,,,,5.459,35.785,24.4599,113.805,,1.50686,68.7307,18.36,,115.671,,,,,59.669,,,7.46621,,30.7,23.1941,3.690833,15.9883,11.2955,24.6867,33.35,,34.5637,29.63,,79.9179,9.46688,,,12.3364,,17.5075,79.1711,,17.15,5.6226,34.32,,,21.0259,,9.4593,28.3396,113.8,34.6728,56.2997,13.596,6.86,,22.6354,42.612,10.258,23.3796,,15.9315,19.8577,,,,,,17.56,18.3774,29.315,,4.92059,10.05,17.01,25.93,32.9766,22.449,79.3804,71.0956,41.7478,77.355,16.68,,,35.0672,19.787,17.4518,3.19239,,,,20.9926,18.45,34.7406,,16.6395,2.6595,,,100.65,20.2204,,30.5284,7.12087,,,,22.9723,524.0,3.32894,11.0703,55.7201,34.7,14.52,16.3314,,,,69.097,,,,2.2075,,18.5235,103.62,11.0235,12.89,,,17.0049,,53.33,,,,,,,,65.8,15.12,,,13.461,18.849,,,10.2778,48.8206,14.6175,22.1232,,25.7834,8.88,,30.4226,,88.2454,4.725,,7.8167,,25.8,14.39,23.48,,87.6759,,23.685,6.62,,,,11.7293,31.871,,,4.4153,,,35.5476,,,,63.9314,,36.3414,,,,29.2874,,148.646,,,8.615,,,,,22.8803,,,,22.2069,,13.872,11.2114,,,19.7272,21.4191,,7.85692,,9.3321,
2008-01-01,6.13818,10.668,54.7859,51.4654,39.8915,39.4413,163.941,,13.4551,16.28,3.83606,21.5721,56.142,6.88025,66.2097,39.1292,22.9401,18.8941,17.6382,17.8987,47.9506,49.8075,38.6252,11.8194,15.3137,18.9146,45.7527,42.0318,24.32,6.49158,3.885,31.171,20.8197,18.5497,62.0672,14.6712,12.9937,57.982,14.0565,19.37,19.7521,7.61593,53.3731,77.5627,15.7377,35.5713,11.7589,389.858,40.3256,49.9623,62.5537,58.939,30.7867,50.1027,42.5981,30.2,8.6785,24.6899,51.0118,23.8,21.207,31.306,28.4928,11.9409,3.51187,7.79044,28.4422,39.5981,16.9115,31.3026,14.1942,22.3155,38.0715,17.5435,26.715,4.42875,28.222,22.7538,12.856,,12.978,19.4378,71.448,,16.2074,43.241,7.73971,19.1448,22.7042,16.0449,51.667,24.7727,52.3031,6.47011,1.962,14.1396,21.6046,108.52,16.851,24.399,27.4412,181.77,,25.0209,29.0,23.53,0.35929,22.11,31.2486,27.1993,19.2489,9.3366,27.3586,94.1748,3.8567,2.4076,73.424,,,,,,,,33.98,17.1093,11.6399,26.3518,47.9167,3.30311,,41.4736,18.1015,20.28,,79.92,20.36,,14.95,29.6678,,,46.14,,,,5.031,33.912,22.517,95.3269,,1.61588,73.0459,18.23,,107.566,,,,,59.1582,,,7.07079,,29.065,22.7837,3.213333,14.3902,11.1201,27.8674,37.95,,32.5535,31.85,,59.7229,10.0296,,,14.1879,,18.378,72.9744,,15.24,5.6876,32.18,,,19.265,,9.8022,30.3686,99.52,30.4684,50.609,12.3282,5.985,,18.1414,43.0934,8.73072,21.7894,,15.6184,17.0751,,,,,,14.83,15.8081,28.185,,4.91278,11.98,10.15,22.02,28.8533,19.8509,68.7032,68.5807,39.77,78.3497,11.78,,,30.108,17.718,16.8533,2.94064,,,,21.199,16.44,30.5653,,15.601,2.555,,,106.95,20.7213,,26.3891,7.20948,,,,19.7415,631.5,4.19748,8.15394,52.2784,30.71,10.9,16.3074,,,,58.838,,,,2.1025,,17.8446,94.79,11.3405,13.45,,,21.1248,,51.63,,,,,,,,62.29,13.225,,,11.788,13.7318,,,9.84626,49.1207,14.3847,19.3613,,22.1899,6.48,,31.1243,,70.4688,4.234,,7.829,,22.74,11.49,19.81,,88.1252,,16.945,7.33,,,,9.72325,25.279,,,3.5914,,,31.874,,,,62.4417,,35.4608,,,,26.6111,,151.103,,,6.735,,,,,25.3809,,,,20.584,,12.842,10.7644,,,20.529,19.8065,,7.974,,9.68587,
2008-02-01,6.60503,10.4591,51.3646,49.5417,36.9625,38.2198,139.381,,13.7929,14.57,3.34802,20.6654,53.756,6.46128,59.5375,38.2739,21.6966,15.9169,18.2698,16.2212,52.5052,51.8445,35.7395,11.9766,12.4507,17.3871,47.3455,38.4788,23.18,6.65767,3.2235,31.979,19.6118,18.7085,58.3209,13.6247,14.0704,60.447,11.7369,20.06,19.3144,7.1665,61.4338,64.4731,16.7659,36.4487,11.3781,379.357,33.5305,58.5309,61.6469,57.412,31.6206,51.3478,38.94,35.16,7.1305,23.1157,49.2566,25.23,21.126,33.537,26.6692,11.5173,3.53402,10.0207,31.437,35.4157,16.2466,34.2491,13.6797,29.5974,35.9787,16.5044,24.815,4.10298,31.324,23.1559,11.5331,,14.93,17.8398,62.575,,18.5029,50.646,8.163,17.4767,21.4772,18.7244,41.136,23.8107,52.7527,6.18069,1.79733,12.3684,23.5363,114.02,19.827,21.406,27.6737,205.15,,28.5169,28.78,22.16,0.45114,18.36,33.4228,29.4757,16.3933,8.9434,27.8556,85.4947,3.6333,1.986,89.8831,,,,,,,,32.18,17.5758,12.3879,26.3333,38.9909,3.46263,,35.9747,17.5046,19.77,,71.41,17.5,,11.865,27.816,,,46.1941,,,,4.6025,29.521,25.5184,93.3532,,1.56976,74.0543,20.1,,93.8634,,,,,58.4137,,,7.25534,,29.91,20.0159,3.458333,13.6139,11.1708,24.5219,30.3,,30.5144,36.2,,54.8399,9.982,,,13.8913,,17.0802,68.4949,,14.01,5.4851,30.16,,,18.0875,,8.51028,32.1439,97.7,31.8881,49.124,11.6096,4.48,,19.2989,42.0499,10.3655,21.8758,,15.2344,16.0467,,,,,,18.91,12.6451,27.735,,5.11605,9.91,10.62,23.21,30.2588,17.3024,58.187,64.1931,38.4211,74.6425,12.35,,,27.1492,16.897,14.9019,2.93558,,,,20.2931,26.5,31.934,,14.5819,2.60375,,,104.25,18.7454,,25.4848,6.87728,,,,19.6133,540.68,3.92592,8.08482,50.0028,33.32,11.87,16.4119,,,,55.855,,,,1.8425,,18.8482,94.44,11.0422,13.85,,,16.3336,,44.4,,,,,,,,58.58,13.67,,,10.36,14.6074,,,7.79739,46.1395,15.1351,21.6281,,22.8606,6.0,,30.0063,,74.1055,4.152,,7.609,,21.1,11.27,17.13,,83.4626,,13.45,6.08,,,,8.74486,22.999,,,3.62083,,,32.3039,,,,65.438,,34.5663,,,,25.9487,,132.521,,,6.14667,,,,,24.6686,,,,22.6447,,13.155,10.4367,,,18.9838,17.9366,,9.42195,,8.41766,
2008-03-01,6.53704,11.8379,56.9486,51.5034,37.2894,36.2926,135.863,,14.8031,14.97,3.48033,19.9407,56.823,6.37733,58.3754,32.5352,21.5736,14.8272,19.892,16.3946,53.6523,56.4747,36.8742,13.2578,13.9737,15.9906,44.3673,39.4017,22.64,6.6991,3.565,30.546,22.7491,20.1461,62.3113,13.9335,13.4234,55.046,10.9722,21.64,17.7587,6.68474,56.9278,58.9201,16.6741,36.4156,11.1892,346.581,38.5272,60.7028,64.377,54.161,32.2502,48.1279,41.7243,28.16,8.70425,23.1513,47.9246,22.06,20.164,33.585,28.965,12.2479,3.99221,10.2393,30.0494,35.1979,18.8264,33.8585,13.8009,28.3661,35.5759,15.7001,23.88,4.13359,36.04,22.1769,10.7417,28.8594,14.468,20.9341,62.539,,15.7073,50.798,8.32272,16.9072,23.0668,16.4046,39.17,26.1117,55.5917,6.64923,1.90133,10.8724,22.8381,120.86,19.907,22.815,26.9892,231.14,14.0388,29.8144,31.35,18.17,0.495,19.42,31.572,33.2778,16.3631,9.1966,27.7911,93.4388,3.7117,2.2686,82.8475,,,,,,,,30.54,17.1866,12.0256,25.1642,35.8696,3.28855,,37.3632,18.0458,19.19,,71.61,23.89,,7.643,30.5462,,,43.3447,,,,4.575,27.741,25.6428,87.9165,,1.65681,80.3635,18.84,,92.6173,,,,,52.0103,,,6.39476,,28.7,20.2821,2.941667,15.1576,11.3352,28.1613,21.53,,30.9804,37.95,,52.5759,10.7209,,,15.2458,,17.093,70.078,,14.04,4.411,27.8,,,17.2454,,8.56975,33.0383,97.12,30.6944,53.4197,11.6962,3.485,,20.1207,40.6691,10.9657,21.6344,,14.8944,15.7232,,,,,,19.34,12.932,24.63,,4.61382,10.51,10.68,22.71,29.0689,18.0191,55.5225,64.8374,41.9251,68.9811,11.11,,,27.167,15.531,13.694,2.94064,,,,21.2764,25.52,32.0583,,14.6071,2.4225,,,104.1,18.387,,25.9344,6.61399,,,,21.3737,597.5,4.5846,8.57672,42.1874,33.32,12.13,17.8619,,,,49.378,,,,1.035,,20.1854,88.95,11.2394,13.98,,,16.1967,,47.0,,,,,,,,58.94,14.295,,,9.885,15.476,,,7.60138,47.2177,14.9075,24.5385,,23.958,5.68,,31.7176,,67.9206,4.3,,7.63,,16.28,9.4,14.4,,65.4293,,14.215,6.65,,,,8.41788,21.333,,,4.06983,,,30.8707,,,,62.3655,,35.8516,,,,27.0708,,140.005,,,5.99,,,,,25.1633,,,,20.8752,,12.022,11.4096,,,18.1484,17.3547,,10.1063,,8.73516,
2008-04-01,6.94617,12.4144,61.211,51.0753,35.9126,40.2291,157.218,,15.1299,16.01,3.59399,17.0472,55.902,6.60695,67.9079,32.3614,25.4523,16.4556,19.9812,16.0514,59.0094,57.799,39.8184,14.7963,13.741,16.6153,52.0207,36.0867,23.06,7.16391,3.9315,33.128,23.1774,20.04,68.0137,15.0678,15.0205,64.411,14.3051,23.12,16.793,6.94316,63.467,57.4563,17.007,41.2491,12.0872,343.538,39.7267,63.5083,66.5298,55.028,35.7142,51.2848,48.0768,35.77,9.26475,27.5235,51.1845,21.29,23.27,31.133,29.7091,13.7516,4.24183,11.4752,33.8596,39.194,19.8751,33.3759,14.8836,33.7234,35.828,16.5347,26.205,5.12573,32.14,24.117,10.1269,29.1146,16.683,26.1178,65.461,3.2518,20.2629,68.002,7.87124,18.1341,24.9406,17.5856,53.363,28.0318,58.0967,7.43277,1.92467,11.2931,26.1574,127.64,23.513,26.358,27.5837,291.99,18.7868,34.189,34.25,22.63,0.45686,20.75,35.591,36.154,18.6914,10.533,29.677,99.3636,4.6183,1.9626,98.9177,,,,,,,,35.79,19.844,10.8371,28.3453,27.1625,3.51395,,41.5924,19.9472,19.62,,76.19,25.52,,7.5633,31.7848,,,52.3807,,,,4.1662,26.899,29.9238,96.2476,,1.49092,83.8798,18.84,,95.407,,,,,59.2477,,,7.63318,,27.685,22.7837,2.949167,15.5667,11.8723,30.4404,14.9,,31.5507,38.95,,71.4987,11.1503,16.5098,,15.7143,,17.7831,72.4567,,14.15,4.8286,29.19,,,17.6742,,8.71148,34.8018,95.26,31.445,56.2997,12.5851,4.5925,,21.5356,45.2999,10.6198,23.6085,,16.2273,15.4765,,,,,,22.92,16.1903,26.6,,4.34424,10.85,11.13,23.11,31.5145,18.4206,48.3257,73.4463,46.3341,69.6129,12.28,,,28.326,16.56,14.4848,2.64853,,,,22.6685,26.24,36.7359,,14.8739,2.5545,,,72.3,19.9583,,31.0028,6.13641,,,,22.0766,613.5,4.42308,7.58417,48.7152,36.75,13.79,20.3357,,,,51.107,,,,1.925,,21.4119,83.35,11.066,14.47,,,18.7183,,58.73,,,,,,,,58.05,16.395,,,9.657,20.1041,,,8.39747,52.6194,16.0494,25.8824,,26.2616,7.47,,33.4328,,79.68,4.795,,7.85,,16.553,7.46,18.31,,85.9242,,15.485,6.04,,,,9.89442,24.554,,,4.34213,,,28.4422,,,,64.0076,,37.4141,,,,29.5045,,138.37,,,7.67,,,,,25.3392,,,,23.5545,,12.638,11.9293,,,20.5628,18.1317,,9.58543,,9.51387,
2008-05-01,7.60533,11.907,60.9049,50.0916,36.061,40.4132,144.947,,15.0467,15.79,3.84584,18.7475,57.8,8.33714,62.8613,33.6845,25.9744,13.3791,21.3566,14.7112,60.5181,56.1588,41.8051,15.6613,11.2807,19.2931,63.3185,35.9122,22.1,7.50827,4.081,36.794,22.853,20.9141,66.1513,15.4844,16.4302,77.617,14.5921,22.46,18.7569,7.07192,64.9895,54.0474,17.4683,43.7286,12.0824,329.308,40.1467,62.9136,67.5025,53.76,37.6051,57.6733,49.4732,39.05,8.34875,24.5128,53.5702,27.01,22.34,32.022,27.4499,13.7871,4.29639,12.1371,35.8281,47.7154,19.0725,35.3238,15.1468,37.6456,37.363,17.9349,25.94,5.17406,32.621,24.9808,9.7329,30.0454,18.078,28.9807,62.155,2.92919,20.7511,90.47,7.54754,17.9912,24.477,22.7662,53.409,27.9409,60.8311,8.12747,1.74333,12.3482,31.5772,134.53,25.141,28.505,28.9368,267.54,19.4422,39.8532,32.19,30.05,0.43371,19.66,33.6813,32.2922,19.6658,12.3,32.2554,98.3056,4.81,1.846,101.21,,,,,,,,31.71,20.1679,12.3018,31.0025,32.308,3.50193,,44.7635,21.0913,19.9,,75.08,28.63,,5.4659,31.0901,,,54.7799,,,,4.475,25.062,31.05,99.3059,,1.43303,84.2444,20.59,,101.788,,,,,63.6485,,,9.07293,,27.86,20.445,2.603333,14.4915,11.896,31.2199,8.54,,36.665,39.24,,75.5102,11.0267,16.7862,,15.3773,,18.4772,74.7044,,14.26,4.3908,24.03,,,20.2947,,10.0684,37.1104,103.7,37.3766,55.2477,12.5417,5.2775,,22.9782,50.4228,10.8149,25.7735,,16.3295,18.3349,,,,,,21.79,16.7424,25.25,,5.07448,9.71,11.62,26.35,36.2723,16.8343,46.494,72.9348,43.0471,67.5847,13.17,,,32.4636,19.886,17.5366,2.64634,,,,20.5263,27.07,39.9778,,15.3946,2.8125,,,66.9,19.7481,,32.8214,6.47131,,,,24.0972,565.37,4.34755,6.74726,52.4258,37.6,15.15,22.0872,,,,46.559,,,,1.9725,,21.6439,89.48,11.2137,15.76,,,17.6732,,55.68,,,,,,,,64.28,19.92,,,10.493,21.2726,,,8.51486,56.7203,17.3728,26.8073,,31.9664,9.89,,31.1243,,87.4785,4.69,,7.8177,,20.107,7.03,16.3,,89.9154,,15.995,6.71,,,,10.317,25.051,,,4.49093,,,27.6528,,,,62.4587,,35.8516,,,,31.6452,,154.274,,,7.595,,,,,24.305,,,,27.5862,,13.09,11.7541,,,20.2934,16.9643,,9.04241,,9.16011,
2008-06-01,6.41262,10.8444,55.0986,43.3543,28.0885,38.8553,143.694,,14.2782,10.02,3.3105,17.5297,51.481,7.4247,51.1661,27.282,20.665,8.19233,20.4394,10.7538,64.0452,51.4845,37.6457,12.4154,9.62655,17.9731,67.4262,30.9029,17.81,6.62293,3.6665,34.736,20.0468,20.4091,61.0602,16.1934,15.1392,89.408,13.113,19.2,17.1844,5.78978,46.7912,48.1282,15.2992,37.8027,9.58989,307.539,36.6677,62.7037,59.4665,46.416,34.754,51.8345,42.0627,34.79,6.80025,20.2237,51.9423,23.14,16.932,26.778,24.011,11.4275,3.75097,13.6422,35.2333,36.6219,17.7123,27.1943,14.2617,37.1511,33.9167,15.4574,26.565,4.97946,29.933,22.5274,7.37709,28.1788,17.058,24.9285,50.552,2.44068,23.1594,101.06,6.91181,17.5901,21.8663,20.9474,50.197,25.7464,61.6166,7.88339,1.49,10.9168,32.7908,115.46,26.92,23.768,30.2139,272.82,18.3031,45.8141,31.19,28.42,0.37243,14.19,34.7418,28.0244,16.8775,10.897,32.1809,86.2464,5.17,1.6524,116.844,,,,,,,,29.07,18.8684,10.9869,28.2607,28.4511,3.11012,,36.0835,19.4108,14.44,,64.1,33.47,,5.0659,27.005,,,51.5994,,,,3.205,18.946,30.1984,87.2596,,1.21757,75.0822,19.61,,90.3649,,,,,52.812,,,8.66847,,25.785,16.3846,2.401667,13.4659,11.7741,29.8228,5.22,,35.3302,43.55,,70.5511,10.1758,17.3175,,13.9129,,17.443,65.4041,,11.24,3.4485,21.8,,,15.6391,,9.2476,33.8354,94.86,33.5447,47.2871,11.4461,4.1975,,22.6751,45.5255,8.81864,24.9271,,14.1088,15.1433,,,,,,20.72,14.85,24.37,,4.60996,7.61,10.1,23.9,35.0933,15.2718,32.0185,68.0692,38.2738,61.4171,10.49,,,33.1412,18.619,16.381,2.46419,,,,18.6659,25.57,37.482,,13.7974,2.67625,,,50.25,19.8767,,31.1316,5.77198,,,,22.9126,500.08,4.3239,6.523,49.1524,32.64,10.58,23.0585,,,,31.812,,,,1.51,,19.7502,80.89,9.58158,13.57,,,15.227,,48.79,,,,,,,,63.92,17.85,,,7.2674,18.9794,,,7.60517,49.4008,17.1266,29.0127,,32.4279,9.17,,27.9646,,74.4843,4.445,,7.369,,16.227,4.99,15.73,,81.0886,,14.53,4.87,,,,9.64989,20.591,,,5.25357,,,24.8548,,,,58.9374,,32.3221,,,,28.2521,,121.391,,,7.73333,,,,,18.7277,,,,26.8172,,11.342,11.7859,,,19.7866,15.315,,8.59147,,7.14955,
2008-07-01,6.96907,9.98595,56.7798,44.4931,28.4495,42.6206,151.19,,16.0561,10.32,3.32118,16.7312,64.257,8.08411,51.0514,22.1342,18.2553,7.11708,20.8403,10.5441,52.0789,52.1838,40.6637,12.384,9.86711,19.4769,59.7558,32.2958,15.97,4.78902,3.817,29.902,20.4973,19.3783,65.1005,18.1065,13.0727,59.183,11.8012,14.05,15.8421,5.7992,43.1098,45.234,17.1146,36.0547,9.20989,323.928,30.2797,46.4577,66.5013,40.893,34.4628,48.8556,36.9698,23.34,6.8185,17.7043,47.3404,23.42,18.028,21.699,22.1087,11.9478,4.24562,8.86439,26.6559,34.924,20.0822,32.6113,14.2283,36.238,37.0941,15.0092,27.925,5.28997,34.587,24.6492,7.71566,29.468,15.948,22.9238,60.573,2.40447,24.7759,91.923,7.22849,17.3347,23.0413,17.4632,53.183,28.8512,57.2196,8.42462,1.70267,11.9234,30.4335,114.95,21.618,22.319,27.4254,285.03,16.4444,37.6105,33.01,29.15,0.44129,13.4,29.3899,31.0768,15.3336,12.5,33.0013,77.5703,5.2233,1.37,102.727,,,,,,,,26.78,18.6535,8.59731,27.8748,23.6888,2.82987,,34.8827,19.6746,21.89,,58.97,34.5,,6.7011,24.051,,,58.5299,,,,3.6438,21.488,28.9568,83.7114,,1.59324,85.5652,16.18,,91.5673,,,,,53.2066,,,8.30939,,26.78,16.8288,1.905,14.9004,11.463,33.1374,8.31,,37.3827,46.62,,64.3338,9.38606,15.0271,,15.8743,,18.4037,65.1957,,9.43,4.0199,18.47,,,17.1365,,8.38832,38.0974,107.51,32.7204,49.7634,10.7689,5.5775,,21.5494,38.6902,10.0037,26.1478,,13.463,17.9687,,,,,,24.36,16.2638,26.75,,5.57444,9.26,7.39,24.02,36.923,16.1574,27.4204,72.2091,38.5198,63.024,10.01,,,27.167,17.58,16.105,2.84092,,,,18.6222,22.8,31.6291,,14.1653,2.74125,,,74.7,19.0871,,31.9686,5.64121,,,,27.2167,552.32,5.2864,8.35235,54.2243,30.81,12.62,26.3196,,,,30.522,,,,1.68,,20.959,89.1,10.7965,15.98,,,18.9345,,62.9,,,,,,,,66.46,16.6,,,6.4491,19.094,,,7.68399,50.5495,17.5982,23.5265,,31.4357,9.39,,31.0745,,71.3836,4.989,,7.7477,,19.893,5.04,13.95,,74.4962,,11.1,4.0,,,,9.84258,22.069,,,3.97117,,,30.6399,,,,57.2023,,30.6073,,,,26.1382,,148.589,,,6.27833,,,,,17.6776,,,,28.3114,,11.955,11.6316,,,21.0524,12.8602,,9.10233,,6.28497,
2008-08-01,7.1586,9.88938,58.1548,45.2245,30.6448,43.3322,134.706,,16.1956,11.35,3.44421,17.0246,46.912,8.55967,51.7452,23.0285,20.7451,6.9597,20.3348,11.4612,51.2941,56.2825,42.545,12.0698,11.0541,19.1024,56.0282,34.1556,16.05,5.03113,4.0405,29.379,21.5713,21.8656,69.3497,18.0903,13.6555,53.868,11.5402,13.07,18.2613,6.23289,45.8082,42.1244,16.9467,37.2795,10.0548,312.552,30.7748,44.4101,66.702,38.84,33.998,62.6535,39.9685,22.9,7.38475,15.6131,46.0124,24.57,16.269,20.728,23.1785,11.9805,4.51261,8.95209,25.4633,37.979,20.1661,36.2821,14.8377,35.9051,36.1187,16.519,28.695,5.27285,32.808,24.9352,9.08282,30.6374,14.005,22.7733,59.292,2.87448,23.099,85.823,7.12425,18.5265,23.3304,16.5376,48.288,30.0086,55.2578,8.92298,1.94133,11.8877,31.4774,92.98,19.741,22.641,29.1069,276.65,17.0832,36.3336,35.62,34.11,0.44057,14.8,30.4829,30.8644,15.7262,12.787,32.6888,68.3356,4.935,1.3864,86.1937,,,,,,,,29.92,19.7994,8.56255,27.2867,23.083,3.1628,,37.5019,19.9532,21.72,,69.05,26.86,,7.2253,26.9204,,,58.6137,,,,4.2138,22.919,29.5099,92.2585,,1.78717,82.7211,16.19,,98.492,,,,,54.9079,,,8.52007,,29.24,18.9518,2.29,15.1898,13.0593,32.6618,11.11,,39.1596,43.06,,63.6535,10.4327,17.9131,,15.4068,,19.1663,71.7692,,10.88,4.7233,21.22,,,17.4875,,9.16788,33.2529,105.2,33.4023,52.005,11.6775,5.645,,23.4581,41.1983,9.14077,27.9484,,13.7952,18.1309,,,,,,26.41,17.3499,28.15,,5.78087,10.23,7.99,21.53,34.0374,19.995,33.2433,75.3181,40.1178,63.281,13.04,,,27.2613,20.163,15.5389,2.95575,,,,17.2777,25.07,31.6528,,14.5283,2.7505,,,59.55,19.8551,,31.3277,5.62774,,,,29.2929,597.73,4.79217,8.6715,57.0963,31.22,16.05,28.0114,,,,31.788,,,,1.72,,22.2732,107.6,11.1641,16.21,,,20.8016,,62.33,,,,,,,,65.61,16.925,,,7.6449,21.3522,,,8.88705,54.9664,17.0779,18.4403,,23.8558,9.47,,30.8409,,68.1332,5.281,,7.751,,20.98,6.5,14.34,,67.2932,,9.685,4.65,,,,9.47383,22.9,,,4.28883,,,31.7542,,,,61.9169,,32.3923,,,,25.9557,,148.958,,,6.31667,,,,,17.3279,,,,32.0221,,12.965,13.3682,,,23.7958,12.7139,,9.03601,,6.37402,
2008-09-01,6.63507,8.87965,59.4584,44.3586,29.1061,41.4239,105.158,,15.3954,11.24,3.404,15.9632,46.323,7.51308,64.737,20.0728,17.9147,7.20697,17.615,13.2331,41.8963,63.0918,38.9012,9.92737,11.554,19.4202,38.1755,29.0284,8.61,4.89286,3.638,23.966,21.4557,21.9281,63.3875,16.161,10.6321,36.509,9.97682,13.37,15.4281,5.07787,27.7992,47.258,17.6115,36.5966,9.33867,291.737,29.7086,41.0159,65.6466,29.215,29.5867,55.0248,39.0867,17.44,5.7585,14.313,43.3098,19.5,13.919,12.8,21.925,11.0139,4.29249,7.27974,18.7127,33.5119,22.3436,37.2561,14.242,24.1268,34.5975,13.5228,28.505,4.45456,26.776,22.7389,8.49247,27.4446,12.1,16.6475,50.729,3.08035,13.8614,44.887,7.24709,17.6723,25.3816,12.934,46.378,30.7996,53.275,8.16915,1.78467,10.0374,26.6198,68.43,17.157,18.775,29.3701,188.91,13.8192,27.474,31.87,23.38,0.44114,14.0,20.0434,33.9236,12.465,12.12,30.0302,65.4956,4.8133,1.1098,54.922,,,,,,,,28.23,18.6247,6.96005,21.1365,22.537,2.70956,,37.3532,16.7574,21.83,,67.39,33.24,,6.6212,27.668,,,57.8284,,,,3.97,17.495,26.77,80.2722,,1.76231,83.4121,15.24,,97.6953,,,,,41.374,,,7.34334,,26.92,19.229,2.520833,15.1439,12.973,29.9012,8.79,,36.0815,40.53,,54.9227,10.1758,16.7862,,16.2525,,18.5733,67.2639,,13.28,4.584,19.33,,,15.9376,,8.65175,32.5739,98.0,25.9197,58.6616,10.762,5.1275,,21.8276,39.5448,8.28175,28.7909,,12.8455,16.3245,,,,,,22.68,18.5592,27.4,,5.5021,7.65,6.76,19.95,25.2089,18.3709,26.9264,78.6739,43.1732,66.669,10.83,,,21.9182,19.312,11.9744,3.1552,,,,17.5337,16.4,22.9133,,14.7775,2.375,,,53.85,19.1923,,26.2148,5.62474,,,,29.9383,572.0,4.0809,6.96328,56.1433,27.85,16.27,24.3005,,,,24.213,,,,1.5475,,22.2762,99.12,10.1196,15.17,,,20.0024,,57.16,,,,,,,,55.53,12.93,,,6.0061,15.2489,,,9.45723,45.7987,15.9601,12.6916,,21.8478,6.76,,28.9752,,50.1266,4.539,,8.1143,,20.667,7.15,13.92,,47.5811,,11.515,5.49,,,,8.13189,22.85,,,3.68093,,,28.5522,,,,58.8275,,29.6049,,,,21.8176,,133.377,,,5.78167,,,,,13.9889,,,,24.7364,,11.83,11.7222,,,23.6698,11.4607,,8.78158,,5.83031,
2008-10-01,5.32699,6.0588,41.089,37.2255,12.7085,37.5191,75.9951,,13.4769,6.87,1.42191,13.3917,39.193,4.82674,58.8281,13.6362,14.7407,8.3276,17.7012,6.74542,33.078,51.9341,30.176,7.26453,6.54842,11.349,22.7176,16.4126,4.84,3.21797,2.862,19.482,13.1147,15.8332,47.9718,9.99592,8.94282,24.972,8.95155,7.01,12.6138,2.64731,15.2028,35.8901,15.6933,21.6163,7.26818,223.649,27.8422,40.3923,47.3689,21.443,26.5777,38.9485,39.7146,14.38,4.61075,15.1772,20.0629,15.39,8.7608,8.1168,9.11342,9.21637,3.49858,5.65413,17.7082,26.0716,16.6606,32.7504,13.8009,15.47,27.9997,9.60888,28.375,3.17951,19.199,17.979,9.01849,24.7991,7.74,13.8793,37.535,2.66386,9.72975,22.885,5.64629,15.5422,18.5224,9.99086,53.073,25.7504,42.4135,7.25512,1.80733,9.98425,19.4749,52.63,12.898,18.44,26.8171,143.7,12.4588,21.8235,21.74,24.82,0.35371,10.62,18.8286,29.9895,8.54614,12.673,26.1186,22.217,4.4033,1.015,31.8211,,,,,,,,18.15,14.8917,3.8877,15.4458,14.9074,1.92379,,24.1506,13.6682,19.3,,48.38,26.21,,9.762,12.7914,,,45.7655,,,,3.25,11.433,20.0825,44.936,,1.74242,68.5981,10.25,,68.3724,,,,,26.8392,,,6.26276,,23.405,8.37274,2.11,13.6752,12.3448,25.4723,14.56,,28.3853,30.83,,49.3611,7.62365,15.8289,,12.2893,,17.6314,54.713,,8.82,5.553,12.24,,,14.0328,,4.10242,23.3622,76.54,20.4659,41.9894,9.8141,4.71,,19.7063,33.102,5.58302,20.3982,,10.784,11.8499,,,,,,18.4,13.1058,17.595,,4.42797,4.15,4.07,18.28,20.4551,14.6347,15.5483,48.6118,25.5465,57.5553,6.93,,,15.7426,14.056,9.41466,2.92055,,,,16.3927,11.86,11.3782,,12.5027,2.18125,,,82.95,17.4963,,19.5893,6.27583,,,,27.1215,490.21,4.37153,4.93551,46.856,20.24,11.25,18.857,,,,9.514,,,,1.13,,18.2189,85.38,4.95766,13.59,,,14.9254,,45.57,,,,,,,,35.83,10.285,,,4.3537,14.9142,,,8.97444,33.9978,15.2745,8.85393,,16.4316,5.11,,21.3021,,33.623,3.602,,7.75,,14.847,5.01,5.6,,28.9245,,7.085,3.48,,,,4.84411,15.455,,,2.77038,,,25.5937,,,,52.0475,,26.0467,,,,15.3356,,90.062,,,4.715,,,,,14.3912,,,,16.7017,,8.34,8.18406,,,21.8214,7.63217,,8.08857,,2.98363,
2008-11-01,5.86164,5.20942,29.117,40.6263,9.24242,37.335,64.8981,,11.9199,8.54,1.11468,10.9855,38.972,4.61603,46.6036,12.1567,12.8101,7.65037,17.2906,6.19664,28.773,44.5431,22.8625,5.57744,6.09592,11.5497,21.5028,14.0254,1.45,2.02767,2.135,19.84,8.21769,12.2594,36.1412,8.69352,8.94282,23.048,7.29755,4.56,14.3602,1.54521,12.9864,26.9607,14.6335,15.7448,5.28205,207.429,28.5041,39.6723,40.4649,14.315,22.4081,35.6666,39.1783,12.27,3.6775,13.0583,17.1434,13.43,7.7384,6.4868,3.32333,6.92415,3.34665,6.03695,17.0254,25.2969,11.5096,33.3435,13.8773,13.6783,24.0365,8.08819,25.125,2.57654,14.726,18.2064,5.97359,24.0553,7.155,13.6431,24.742,1.87777,7.97748,20.138,5.30598,16.0521,11.8044,7.40058,53.811,21.9854,42.8082,5.88135,1.738,8.93531,16.0248,69.0,10.124,19.648,25.8418,124.84,11.829,16.1318,18.17,24.9,0.32829,7.61,19.1844,30.3506,8.99664,14.097,24.4846,6.07778,4.1483,0.9916,24.5096,,,,,,,,15.2,13.396,2.41776,10.2684,11.3076,1.73824,,17.1843,14.3576,15.46,,30.74,24.59,,7.8297,5.84997,,,39.5169,,,,2.8737,7.943,17.7416,27.129,,1.60915,60.964,8.07,,76.4527,,,,,12.1042,,,4.73412,,17.865,6.43991,2.479167,11.9455,12.4172,24.1991,11.25,,27.6218,22.01,,35.9091,5.86182,15.8289,,9.40656,,17.9527,48.0988,,7.18,5.1594,14.06,,,16.5249,,3.33562,24.545,82.25,17.087,39.6392,10.6478,4.625,,17.5968,25.5289,5.08526,16.673,,7.4985,10.5136,,,,,,15.36,12.3632,15.455,,4.5967,3.34,3.86,16.03,15.3872,15.5263,11.3171,30.963,23.0532,60.4499,7.0,,,14.0906,13.452,8.87085,2.88089,,,,15.8757,12.15,9.48251,,12.9768,1.66688,,,71.25,17.9755,,19.4347,6.79,,,,22.0261,434.25,3.42812,5.52228,41.8956,21.16,4.89,18.3018,,,,3.4665,,,,0.5,,16.2026,74.16,3.21595,12.63,,,14.7737,,40.62,,,,,,,,22.8,10.18,,,4.7922,8.40123,,,8.70259,35.063,13.7229,6.13418,,14.4385,2.92,,16.7252,,41.3199,3.262,,7.5323,,15.793,4.35,4.89,,31.9779,,4.91,1.07,,,,3.31751,14.018,,,2.141,,,23.7208,,,,53.6303,,26.2238,,,,12.9986,,86.2158,,,3.31333,,,,,14.4677,,,,14.8195,,8.535,7.3243,,,19.0053,5.23498,,6.60602,,2.5261,
2008-12-01,5.70532,5.539,32.567,38.9073,15.1039,41.6169,69.3328,,12.7569,9.88,1.12256,9.38457,43.873,5.18774,41.6443,14.3401,14.8637,5.97609,19.7401,7.55591,28.9694,51.0669,25.8144,7.28152,6.27336,14.2722,18.5712,17.7538,2.83,1.52947,2.564,17.533,10.6172,13.6028,37.2243,9.39354,8.41072,22.738,7.66322,4.32,13.601,2.11718,15.7749,26.4743,14.4388,15.9471,5.31796,204.476,28.3697,32.8998,41.7827,17.083,24.1183,37.4959,42.2084,15.09,3.646,14.6254,23.6209,14.83,7.5909,7.1288,3.37683,7.3087,3.02835,5.2371,17.1173,27.603,15.4635,31.8664,13.4058,13.9974,26.028,9.30359,24.785,2.66092,14.11,18.8041,6.86492,24.8235,8.0025,13.4178,26.26,1.89063,7.45088,21.714,6.20903,16.5775,17.2425,6.9463,53.746,24.4133,40.5992,6.59775,2.04933,10.1716,19.5149,73.65,8.7829,19.93,28.28,137.96,11.8042,14.4729,14.98,22.86,0.427,7.88,18.8915,28.501,8.2812,13.897,25.9102,22.0416,4.58,1.2396,27.9392,,,,,,,,16.7,12.7533,2.54396,12.8255,12.7319,1.83092,,19.8355,12.4185,18.36,,42.97,30.38,,10.184,7.89326,,,42.455,,,,2.98,11.594,17.9525,40.616,,1.51528,54.1093,9.12,,84.6853,,,,,16.5354,,,4.86622,,18.345,7.13079,2.794167,13.6938,11.7216,23.5378,11.02,,30.6139,26.05,,42.0583,6.83548,16.2997,,9.27092,,18.7517,51.8791,,8.28,6.5755,13.07,,,15.6274,,4.08242,24.6317,67.4,18.7436,42.5456,9.75109,4.9275,,15.9574,33.0561,5.69046,20.0152,,6.09938,9.47918,,,,,,17.83,9.64094,18.04,,4.14443,3.79,3.66,18.52,15.9038,16.0132,12.9998,42.1922,30.2347,58.666,8.75,,,16.2208,13.046,9.75681,3.00567,,,,16.74,7.56,10.2019,,13.1558,1.69938,,,83.4,17.0888,,20.4114,7.40494,,,,19.0306,456.25,4.0987,7.04076,44.3026,20.26,5.74,18.852,,,,3.9762,,,,0.69,,17.2372,75.31,3.92448,11.98,,,15.4094,,44.55,,,,,,,,26.2,10.805,,,4.8329,11.0701,,,9.14016,38.7764,14.2786,8.30155,,14.3681,3.4,,19.8029,,44.3947,3.294,,7.789,,11.74,5.28,7.72,,38.9861,,3.965,1.4,,,,3.4608,16.712,,,2.27906,,,27.7142,,,,54.5191,,26.3584,,,,12.7844,,92.0054,,,4.43667,,,,,17.0785,,,,21.0797,,9.0925,9.34772,,,18.0862,6.43752,,6.48269,,2.8324,
2009-01-01,4.95151,4.76926,26.3469,29.9705,11.1034,39.566,66.3261,,12.8291,9.28,0.864022,10.8013,44.812,5.88228,28.2225,15.9805,10.4481,2.59762,19.6005,6.70152,28.8564,39.7442,21.7326,7.35634,5.28854,13.1438,20.0916,15.3112,2.32,1.11421,2.941,17.745,8.3514,11.5351,29.305,8.94697,8.72296,21.687,8.43244,3.6,13.2971,1.98152,10.784,22.1244,15.0819,12.8227,3.7781,204.625,23.7159,34.2892,35.7315,13.219,24.9592,33.8787,35.2673,13.48,4.1715,10.098,20.7871,13.13,8.2266,4.5276,3.32333,7.0988,2.97075,5.53728,17.4628,31.4009,12.9959,33.182,14.2353,14.4889,24.8016,7.59875,23.5,2.90215,11.47,19.6163,6.06237,21.1945,6.6525,12.7478,18.69,1.91339,7.12359,19.645,5.95693,16.3993,14.3152,8.90503,50.161,21.875,38.478,6.52873,1.938,8.41117,21.0732,67.09,10.907,18.239,28.6598,142.8,11.1092,14.2888,15.58,22.17,0.51629,8.27,18.918,25.8851,6.41957,14.237,24.941,15.8861,4.7917,0.9552,28.8043,,,,,,,,11.54,12.3214,2.17642,14.2427,11.6437,1.73903,,18.7425,13.1398,17.48,,32.11,33.05,,6.1325,6.40789,,,37.9493,,,,2.3125,5.4724,18.0877,38.9403,,1.4138,46.5677,5.58,,70.24,,,,,10.029,,,3.79468,,18.715,5.79027,2.791667,11.4001,11.1221,19.955,9.44,,29.7777,27.36,,42.1864,5.37196,16.5335,,7.88788,,17.0603,51.6261,,5.83,5.9261,11.79,,,15.8647,,4.72225,19.5806,66.58,18.6988,34.6984,9.63494,4.4325,,16.8924,25.4451,5.63674,19.4383,,4.68425,9.99875,,,,,,14.16,10.4153,16.4,,3.85804,2.93,3.78,18.5,19.3922,17.046,7.5582,41.4939,22.8545,48.5426,7.88,,,15.8527,9.513,10.4973,2.59404,,,,15.3538,7.02,8.74258,,12.8824,1.50562,,,61.65,17.7005,,19.1068,6.32471,,,,21.1959,426.09,3.61298,6.66094,47.0262,16.83,5.23,14.1948,,,,3.4532,,,,0.8075,,15.1611,63.54,5.57433,12.59,,,13.5908,,27.87,,,,,,,,24.41,7.41,,,4.2158,10.6667,,,8.36688,34.8861,13.2713,7.88611,,13.4413,4.17,,16.6597,,35.6933,2.962,,6.6833,,11.693,5.07,7.94,,32.3348,,3.4,1.13,,,,2.39036,12.591,,,2.31847,,,24.1269,,,,50.1091,,24.8306,,,,11.1669,,74.6014,,,2.90167,,,,,15.5804,,,,19.3501,,7.9375,8.9735,,,14.4038,4.49602,,5.69868,,2.85389,
2009-02-01,4.41496,4.31293,20.289,29.0462,5.34723,36.7411,74.8308,,12.5528,9.98,0.507297,10.4351,42.408,5.30624,26.5478,12.8394,10.0031,2.56772,17.2944,5.82158,27.3084,35.6363,14.2494,7.0071,7.49825,11.8119,20.3089,12.1121,1.21,0.788797,3.2395,17.763,5.14002,9.94859,25.1007,7.3098,8.56896,21.678,8.41947,2.89,14.6257,1.1927,8.12455,23.2042,12.2471,11.7828,2.59796,188.893,23.4936,34.0335,29.2573,16.285,23.9555,28.46,31.7412,18.09,4.531,10.0683,16.065,15.46,7.3422,3.3752,2.04411,7.02515,2.61817,4.10313,15.6864,27.0384,10.171,27.2814,12.817,13.7166,21.3106,7.36713,23.46,2.82132,10.107,15.0937,5.80628,19.0952,7.0,14.8373,13.021,1.63421,9.74754,13.084,6.35669,15.0952,11.0791,8.28693,48.635,17.8005,38.6734,6.5514,2.224,7.63822,17.3463,84.86,9.764,19.46,27.4541,105.74,12.767,15.0517,16.64,20.0,0.51771,9.43,15.3058,17.7193,6.56016,12.94,23.066,9.18904,4.6333,1.0926,34.7626,,,,,,,,12.62,11.2457,2.46965,12.8002,11.3672,1.68283,,16.3279,10.8784,14.25,,22.59,30.14,,4.4703,4.9628,,,27.0077,,,,1.7988,5.059,17.5893,34.8613,,1.3098,38.3529,4.05,,66.7831,,,,,7.41839,,,5.70932,,18.34,6.08633,2.773333,10.3716,10.2234,18.2618,4.91,,34.7993,31.33,,36.7,4.15295,14.48,,5.31882,,11.4863,45.6418,,5.6,4.9258,11.32,,,16.452,,5.47332,17.1382,53.31,16.2616,28.1855,7.72784,4.245,,14.929,21.7029,6.58843,18.2127,,2.89396,7.45709,,,,,,10.11,7.85581,15.05,,3.58411,2.31,4.2,18.63,20.2494,15.7539,3.30673,27.9416,17.4657,50.1803,6.85,,,14.3922,8.3445,12.4359,2.62636,,,,13.7404,6.19,7.01068,,10.8403,1.68875,,,67.35,15.7396,,16.3236,4.97011,,,,18.3712,332.77,3.13908,6.80753,42.0051,17.57,3.51,12.6901,,,,1.529,,,,1.0125,,14.0131,55.7,5.69087,13.61,,,11.3756,,22.91,,,,,,,,24.8,7.05,,,4.3152,11.366,,,7.37907,33.7821,10.8102,6.20093,,11.0801,3.66,,11.8728,,31.1388,2.55,,6.0,,12.487,4.3,6.12,,35.3045,,2.86,1.76,,,,2.581,10.854,,,2.11031,,,22.2253,,,,46.5625,,21.0388,,,,7.47721,,66.3842,,,2.29333,,,,,13.2637,,,,14.4824,,8.155,8.35064,,,13.3619,3.35636,,5.67529,,3.14573,
2009-03-01,4.61026,4.98343,21.233,34.7159,5.47456,38.0654,87.1166,,11.8397,13.88,0.532642,12.3195,48.285,5.73211,32.8143,11.8569,11.9511,3.1984,17.8804,6.545,29.2445,35.4902,14.4718,7.80513,8.60684,10.767,21.8224,15.565,1.9,0.934135,3.672,17.34,4.42525,10.8307,23.7071,8.23429,9.68186,20.08,8.67006,4.03,15.2157,1.35769,8.42528,31.3433,11.9843,11.992,2.75591,187.093,24.124,39.3779,32.4565,17.624,25.0303,34.8858,34.9819,19.4,4.7165,13.2077,17.1494,16.22,8.3648,2.692,1.56947,7.92879,2.79382,4.74762,15.9842,20.9914,9.93854,27.394,13.2504,15.2542,24.744,8.93205,21.975,3.16156,10.596,13.0067,5.43998,20.3006,8.1825,15.7235,12.407,1.9675,10.7793,15.397,6.3375,14.874,11.6143,11.7311,45.105,17.6979,39.7041,7.9627,2.334,9.11377,21.14,78.78,11.562,22.922,27.1059,132.7,12.5145,14.4847,16.37,20.95,0.61314,12.44,14.2521,21.902,7.72043,14.85,21.7268,10.3147,5.0533,1.3276,33.9015,,,,,,,,15.7,11.6766,3.45163,14.8928,14.0868,1.9592,,22.3488,12.8544,13.86,,29.87,28.73,,5.0037,2.72317,,,33.7135,,,,2.0538,6.7542,18.3146,40.412,,1.51186,40.4236,4.21,,69.1739,,,,,6.89537,,,7.07953,,19.995,9.41879,3.0,11.1322,10.9111,21.6054,4.48,,37.374,37.24,,44.4032,3.64986,15.0181,,5.78969,,12.3033,45.8709,,6.62,3.9501,13.09,,,15.2862,,6.58155,20.4386,51.33,18.3016,31.5231,8.24886,4.505,,16.2575,21.3425,6.96418,20.2168,,3.40713,9.16887,,,,,,11.01,11.0854,17.29,,3.53582,2.34,4.2,20.73,22.7049,15.0959,2.20153,25.4512,17.2022,54.5481,7.93,,,15.4409,8.3346,14.477,2.85066,,,,14.0778,8.35,10.9765,,11.2452,1.85375,,,80.85,16.6704,,18.4829,5.38712,,,,18.5449,427.75,3.38342,6.59212,34.5662,19.02,2.67,12.508,,,,2.0183,,,,1.035,,14.9739,65.9,5.4575,14.63,,,11.4925,,26.68,,,,,,,,27.21,7.64,,,5.459,13.6072,,,8.27062,43.8173,12.1078,6.54258,,12.6467,3.9,,13.6378,,35.6835,3.025,,5.9843,,12.68,4.68,4.1,,42.6608,,4.33,1.85,,,,3.84236,13.948,,,2.56417,,,22.7096,,,,49.5081,,23.937,,,,8.70798,,89.159,,,2.94667,,,,,15.3072,,,,16.1372,,9.115,9.09638,,,15.0914,3.01874,,6.99861,,3.63229,
2009-04-01,5.22588,6.53464,31.6278,36.9165,10.9347,41.1497,105.56,,11.7912,17.71,0.709557,12.6611,44.527,6.61865,38.0421,13.141,17.5321,3.37106,17.6799,8.48805,31.1656,42.9482,21.286,8.75958,11.5799,10.4878,23.0104,20.0211,2.36,1.36338,4.026,18.912,6.98061,13.1385,33.4487,10.9721,11.5458,24.886,9.86325,7.5,14.9218,3.77563,12.5677,28.1567,12.5829,17.096,5.4045,219.343,29.5979,38.2412,39.1824,20.038,26.1237,44.4567,40.7735,22.02,5.0765,15.539,19.245,16.72,12.538,4.898,3.04003,8.60764,3.33374,6.08108,17.1579,22.1789,12.2196,28.9562,12.8553,18.4554,26.3773,9.48656,23.185,3.75541,15.97,15.9277,5.34232,20.6531,10.703,17.2238,24.378,2.40902,10.9196,19.552,6.24859,14.4816,14.7111,14.2692,39.843,19.7098,42.6418,8.42057,2.59,11.7159,22.4016,97.09,12.618,22.936,26.279,187.29,14.6229,19.6054,19.49,27.27,0.64729,12.76,14.5618,22.861,11.0108,14.113,23.2595,14.4592,5.2817,1.6218,32.6694,,,,,,,,20.16,14.3519,4.68602,17.8912,16.7294,2.39875,,28.6064,13.2385,13.26,,47.31,30.82,,5.4833,7.62026,,,38.2015,,,,2.9425,12.423,24.077,55.0818,,1.69305,44.7614,6.06,,73.3,,,,,11.2769,,,7.76508,,20.52,13.0495,3.396667,13.2107,11.3709,25.1962,4.92,,39.8044,37.35,,55.535,4.7093,14.0508,,6.77161,,16.2672,57.3635,,8.75,3.7724,14.86,,,16.3586,,7.15665,24.5205,61.63,22.5376,37.8306,7.47013,4.5925,,15.5987,27.2122,8.28666,21.9388,,6.46737,11.177,,,,,,13.51,8.83033,19.65,,4.36562,2.36,5.58,21.78,24.5564,16.4298,7.91724,25.5122,24.2442,57.5089,12.41,,,19.1678,11.057,15.0557,2.99294,,,,15.5403,9.08,17.1048,,11.2452,1.96188,,,84.0,17.8165,,21.3375,5.71158,,,,19.1984,505.37,4.05558,8.27488,38.0038,21.25,3.91,18.0867,,,,5.2435,,,,1.12,,14.8984,69.69,7.86543,16.5,,,15.3113,,31.93,,,,,,,,27.65,10.72,,,7.6901,16.241,,,8.51097,46.9713,12.6625,9.24659,,16.14,5.42,,17.1406,,35.108,3.705,,6.42,,14.433,4.8,5.75,,36.1549,,6.975,3.03,,,,5.1886,16.672,,,2.66391,,,27.3695,,,,54.2989,,24.7405,,,,13.7576,,100.481,,,3.14,,,,,18.1078,,,,19.5396,,9.33,9.46482,,,15.718,5.53344,,6.4892,,5.04504,
2009-05-01,4.6541,6.99097,32.7758,36.0721,14.855,41.8634,118.77,,12.221,15.88,0.918503,13.8495,47.704,5.99754,36.4851,14.8214,18.7998,3.14581,16.6387,8.28801,38.546,42.7889,20.5566,11.0731,8.17223,10.461,29.3518,22.9495,5.92,1.34947,3.8995,21.512,6.78854,14.5364,32.7026,11.5467,11.7303,32.746,10.3933,7.3,16.0978,3.81088,12.2241,40.9155,14.0408,16.8129,6.59157,188.625,27.9784,43.8283,42.4073,22.298,26.2164,44.439,38.9814,22.27,4.19975,19.1213,18.6076,21.6,15.948,5.3672,3.61404,8.07203,2.88677,7.07584,19.0047,23.8581,12.9373,29.5905,12.8122,19.9958,26.9697,10.0854,22.555,3.70479,16.631,17.288,5.86437,24.3288,9.4875,16.5569,23.023,2.52774,11.7655,23.105,6.94059,14.3242,15.5921,15.0762,40.79,19.8143,40.2005,8.69108,2.40333,11.2024,22.4805,110.11,15.341,22.99,25.3639,190.29,15.2411,22.2426,20.42,31.76,0.56314,11.21,18.2231,23.6909,12.2647,14.923,23.6543,13.4724,5.32,1.5838,44.1702,,,,,,,,22.34,13.4863,5.00215,17.6997,13.8534,2.25339,,29.0385,12.9289,15.27,,38.27,29.77,,5.1635,7.53588,,,36.9511,,,,3.0675,12.701,26.2367,54.3649,,1.60915,48.0045,4.75,,71.0675,,,,,14.6205,,,8.37156,,22.77,14.796,3.056667,12.7012,10.5009,27.5537,4.65,,38.7482,36.71,,58.8326,4.97442,13.4899,,7.39698,,15.1647,55.5204,,8.56,3.5003,12.67,,,18.2576,,6.59905,24.058,71.19,23.7194,36.0817,7.92825,4.545,,17.4964,25.7365,7.42291,21.7934,,7.14649,11.3487,,,,,,15.35,8.94768,21.0,,4.20946,3.29,5.65,19.48,24.9179,15.8444,7.04809,25.1021,23.0667,53.3407,11.83,,,19.4237,10.205,12.8834,2.77877,,,,15.8459,8.63,16.8374,,11.4496,1.91812,,,101.25,17.3038,,19.7348,5.18075,,,,18.8279,494.9,4.24113,9.10214,39.6589,21.83,5.72,16.9224,,,,6.6446,,,,1.39,,14.7518,74.44,7.54891,16.8,,,14.9434,,32.87,,,,,,,,31.43,9.59,,,7.4754,18.1815,,,8.43365,46.3711,13.338,11.0933,,17.0845,6.82,,18.9682,,39.5965,3.565,,6.3133,,15.96,4.36,7.23,,47.644,,6.315,3.77,,,,5.80334,17.427,,,3.29531,,,26.6148,,,,51.5987,,24.2329,,,,13.6993,,109.343,,,3.22,,,,,16.6007,,,,21.1166,,10.59,8.18406,,,14.1026,5.80089,,7.56862,,4.66343,
2009-06-01,4.88769,6.79651,31.5266,35.2599,12.608,45.2426,121.133,,13.0252,17.35,0.86013,13.3315,41.588,5.97805,36.9437,11.1901,19.2362,3.03313,18.0818,8.4447,35.4805,42.0603,19.8359,10.4792,8.30554,11.4742,24.8165,18.4438,6.99,1.44639,4.183,17.019,5.83693,14.3539,32.2827,10.7442,12.4357,27.018,10.5019,9.36,16.6839,3.91761,10.9907,39.5776,13.628,16.9831,5.89388,184.527,28.4311,39.6186,38.5826,18.802,25.9352,44.206,39.9981,19.18,3.7045,20.2643,18.9717,23.43,13.919,4.33,3.73648,8.4394,2.88296,6.17166,17.8102,21.7729,11.7987,35.7594,13.219,18.9695,28.1753,11.4866,24.73,3.51159,18.184,18.5142,5.92081,24.8838,9.543,15.7096,21.934,2.46511,11.2367,20.746,6.89906,15.3681,15.3363,16.0767,46.847,19.7292,42.3746,8.56711,2.53867,11.8201,22.7982,111.55,13.851,17.863,26.9318,162.2,14.0162,19.6348,20.89,34.61,0.59057,14.7,21.0234,24.5061,12.9897,14.033,26.4459,12.7902,5.67,1.6,35.7765,,,,,,,,24.08,13.8042,6.00695,17.5267,15.8219,2.23681,,28.27,14.2125,17.92,,35.68,35.97,,5.1458,7.85934,,,37.5838,,,,2.7975,11.417,23.3398,56.3815,,1.73225,43.873,6.49,,68.8098,,,,,14.6473,,,8.601,,23.975,17.1229,2.571667,12.9721,11.349,27.3739,3.19,,37.7501,38.94,,57.5201,5.53077,14.9161,,6.94624,,15.4472,53.6516,,11.12,4.1051,14.25,,,16.8506,,6.15562,24.3384,77.15,21.4884,35.3075,8.72864,4.995,,18.2239,26.5613,8.02812,21.8429,,6.52349,11.4071,,,,,,15.26,9.68462,23.1,,4.57126,3.29,5.9,19.51,23.9137,17.3988,6.03707,25.0273,22.5987,55.1425,10.6,,,22.319,10.859,12.8984,2.8786,,,,17.8968,9.47,19.4979,,12.0414,2.16688,,,97.2,18.0532,,20.762,5.12909,,,,20.7849,502.39,4.83578,8.22257,39.642,23.66,4.86,15.2555,,,,5.2703,,,,1.5475,,15.904,75.48,6.24066,15.62,,,14.1976,,32.75,,,,,,,,33.75,9.815,,,6.5802,19.6737,,,8.71645,43.709,14.1212,10.9913,,17.271,6.86,,17.4387,,38.8451,3.987,,6.509,,15.947,4.56,7.7,,45.371,,6.515,3.81,,,,5.586,15.327,,,3.25599,,,27.5567,,,,57.38,,25.0453,,,,14.6625,,120.275,,,3.90333,,,,,16.2142,,,,18.9122,,11.428,8.99083,,,15.002,5.43934,,7.81805,,4.27736,
2009-07-01,5.02313,8.43131,34.1556,37.8992,15.8601,43.7856,134.167,,12.8995,20.68,0.911618,14.3456,43.799,5.72767,42.3019,11.9272,21.1734,3.31809,18.8896,10.3215,38.0175,46.6148,22.4734,9.50028,10.2826,12.3621,27.3155,21.1264,6.9,2.78195,4.288,18.783,5.71487,16.0127,35.8013,11.4496,13.782,28.268,11.036,10.9,19.576,4.51007,13.8278,35.4689,15.2379,19.7331,6.38307,236.576,28.932,44.4011,40.1424,21.172,28.0402,52.0578,41.8246,16.44,3.68475,16.687,20.0946,24.57,19.079,5.0872,4.29534,10.0779,3.09133,7.07584,19.5787,24.0375,14.3425,36.7706,13.9477,21.948,30.7364,12.7293,24.85,3.70068,25.258,20.1773,5.87062,26.5897,10.835,18.2186,31.792,2.86281,11.9631,23.223,7.17201,15.8544,18.1314,18.3496,46.566,23.1749,44.7282,9.77999,2.71067,12.0103,22.974,129.62,16.034,15.903,26.265,154.39,14.7328,21.8568,24.04,37.12,0.62771,16.13,22.0358,23.9395,12.622,15.373,27.7158,13.9505,5.45,1.8766,42.1067,,,,,,,,26.34,14.7194,6.91531,20.9702,18.3676,2.58634,,34.8628,13.2971,21.48,,51.58,36.01,,6.159,8.78012,,,46.5321,,,,3.0362,12.245,26.5631,63.9658,,2.01102,45.8336,7.47,,75.0832,,,,,16.4572,,,10.6123,,25.69,18.1591,2.584167,13.9461,12.324,25.0452,4.12,,42.0599,36.14,,64.6277,5.81557,15.3849,,7.02688,,16.5745,51.9544,,11.33,5.1841,14.69,,,17.8249,,6.83072,26.2967,84.06,24.9708,39.0996,8.73878,4.8275,,20.5797,27.9451,8.75516,24.7108,,8.55728,13.8497,,,,,,17.1,11.5471,24.91,,5.48151,5.2,5.9,19.98,25.4265,17.5151,6.83072,26.6501,20.7682,61.8066,10.91,,,25.5249,10.621,13.4367,3.04793,,,,18.519,9.52,21.0996,,12.6195,2.20688,,,106.2,19.5821,,23.0531,5.54953,,,,22.3705,601.15,5.13115,9.02616,42.4104,24.44,5.84,15.9611,,,,6.2692,,,,1.615,,16.6567,77.44,6.84911,15.4,,,20.285,,32.73,,,,,,,,33.07,11.855,,,7.1725,19.4785,,,8.38791,49.6979,14.1229,12.149,,19.9766,7.3,,18.6438,,37.8223,3.673,,6.91,,15.033,5.25,6.7,,52.6938,,8.86,5.37,,,,5.96814,19.024,,,3.40377,,,29.909,,,,56.8722,,26.2297,,,,16.9325,,130.644,,,3.75667,,,,,17.4104,,,,22.6727,,11.852,10.3351,,,15.2168,6.43752,,8.17288,,5.06667,
2009-08-01,5.17777,8.78445,38.9978,37.7072,19.0057,43.259,135.922,,13.0431,18.98,1.18293,14.5259,46.24,5.80109,44.7938,12.4145,20.2434,4.39957,17.3951,13.2034,37.2347,45.317,25.4655,9.96668,11.898,13.3872,27.626,22.8186,10.56,4.81669,4.0595,19.472,7.28803,15.7488,41.0008,11.8194,16.2395,29.763,11.5003,11.84,20.5289,4.89725,15.0088,37.0221,15.2429,20.0307,7.00915,227.626,27.851,46.2777,44.4381,23.912,26.0349,54.8075,43.1541,17.64,4.00625,16.6414,23.5843,26.93,21.234,5.466,6.0031,9.93678,3.14613,7.10044,20.2398,26.6648,15.8589,38.4141,14.8759,23.4393,31.0818,13.3742,25.855,3.8799,24.746,19.4287,6.09802,26.0815,12.968,19.0221,33.637,3.076,12.3782,21.461,7.38386,16.3916,20.1375,20.7963,47.839,24.7083,44.3135,10.3493,2.552,12.0451,21.8023,153.98,17.582,10.683,26.8447,121.58,16.0046,21.2839,28.43,34.5,0.62329,17.31,21.7419,26.0339,11.2828,16.647,26.0798,17.6463,5.1567,1.6776,39.1384,,,,,,,,25.38,15.2631,7.95271,19.5969,21.8287,2.64136,,37.2264,12.9399,22.73,,50.12,37.41,,6.4167,13.0384,,,50.6949,,,1.31888,2.9838,16.088,28.0683,63.2999,,1.97365,52.6008,9.19,,76.399,,,,,22.5309,,,10.2155,,26.49,19.9274,2.721667,15.1147,11.9367,25.1157,6.23,,38.4831,35.27,,66.7142,6.5575,15.6921,,8.59968,,17.2021,53.7717,,11.52,5.6718,16.46,,,20.7244,,6.80098,29.0224,87.4,27.0914,42.7441,8.80256,4.3275,,20.6482,30.4042,8.47217,26.554,,8.6041,14.3373,,,,,,16.66,12.804,25.38,,5.34177,6.59,6.27,21.23,23.4955,19.6084,8.00243,38.9582,21.7188,64.9591,13.4,,,26.8654,11.997,16.2015,2.96828,,,,20.1076,10.5,20.911,,13.1628,2.20875,,,124.35,19.6401,,22.3418,6.10297,,,,23.1183,675.25,5.15355,9.56947,40.0543,24.99,7.03,17.7633,,,,9.562,,,,1.9525,,18.3413,86.26,6.7407,15.23,,,20.4229,,33.76,,,,,,,,34.49,12.73,,,6.6028,19.7793,,,8.69154,48.2441,13.6478,12.2955,,23.8329,8.07,,23.1913,,40.5916,3.793,,7.219,,13.5,4.55,9.21,,50.4642,,10.03,7.05,,,,6.83151,22.109,,,3.00924,,,30.7925,,,,59.073,,27.0846,,,,17.9992,,136.854,,,3.79333,,,,,17.925,,,,21.778,,12.062,10.4128,,,17.5447,8.13518,,8.87613,,6.89318,
2009-09-01,5.70532,9.36605,42.5556,39.8326,18.3286,41.8386,151.465,,13.5908,18.08,1.43318,14.5879,46.535,6.31837,45.2053,12.8461,23.5588,4.66223,17.9511,12.4175,37.603,48.3305,28.516,10.4988,10.1276,13.709,32.7747,27.6078,11.95,5.1906,4.668,21.77,7.57409,16.2906,44.3642,12.3941,18.0085,35.888,12.3512,11.74,21.3245,5.27519,18.8793,39.2027,14.1257,19.9071,8.27504,245.278,29.9734,47.2235,50.1629,24.348,29.942,63.2612,44.2957,19.68,4.4555,17.2407,25.2449,27.52,22.063,7.7956,7.07579,9.91903,3.36339,7.20084,21.7333,28.8673,16.0025,38.9604,14.7771,26.7783,31.8349,14.6726,28.32,4.18186,29.139,20.1535,5.84787,27.8078,14.233,18.9813,44.051,3.3446,13.0718,27.437,7.09597,16.3553,19.7749,22.1602,51.79,24.0783,47.6828,10.6048,2.40933,10.9621,21.8123,165.82,19.255,12.562,25.4659,152.86,15.56,25.1472,30.17,39.63,0.65957,20.9,22.829,29.9797,11.507,16.227,29.4538,18.9163,5.825,1.941,38.8151,,,,,,,,28.45,15.9059,8.73585,22.8811,25.0613,2.93923,,42.1633,14.3447,19.3,,47.69,37.9,,7.9633,13.7937,,,55.7287,,,1.2369,3.4788,20.306,29.5785,62.9891,,2.03024,56.1063,10.3,,80.3134,,,,,27.9982,,,11.6278,,27.455,21.6561,3.061667,15.1761,11.8543,28.7899,9.22,,35.7359,42.5,,72.7461,6.98815,15.5672,,10.5833,,17.6384,58.8355,,16.51,6.0224,16.34,,,23.1893,,7.40032,29.917,90.59,29.0806,42.0598,9.30715,4.735,,22.7238,30.4971,9.04801,27.8504,,10.5365,14.3635,,,,,,18.27,13.0988,25.0,,5.3486,6.75,7.34,22.42,26.3393,19.3122,11.3741,38.0062,23.9864,67.5699,14.22,,,27.047,15.046,15.6385,3.13502,,,,20.2405,11.21,20.5212,,12.5164,2.07562,,,146.1,20.3187,,23.6206,6.03913,,,,24.257,637.37,4.38427,10.38,42.7191,25.93,8.19,17.7992,,,,11.29,,,,1.9825,,18.5315,91.88,7.36569,17.09,,,19.0505,,35.99,,,,,,,,36.98,11.955,,,6.2525,20.5852,,,8.37974,58.0626,13.8452,11.3913,,24.953,8.25,,25.4636,,42.4096,4.122,,7.5043,,13.793,4.72,11.23,,47.1494,,11.375,4.0,,,,7.52459,21.305,,,3.10806,,,31.0005,,,,55.611,,26.2357,,,,17.5719,,148.656,,,4.71333,,,,,19.5294,,,,23.7939,,12.05,10.1648,,,18.4328,9.47469,,8.94249,,7.2889,
2009-10-01,4.90126,8.83599,41.6172,37.8621,16.7577,44.8407,139.832,,14.0177,17.24,1.20039,14.5259,38.806,6.74541,45.5855,11.9927,23.593,3.63392,16.4237,10.9803,39.9378,47.2786,26.3693,10.4095,9.72497,14.3199,31.1492,26.3468,10.62,4.40135,5.9405,20.961,7.34221,18.6757,41.1278,11.9033,18.0035,34.058,13.3546,10.35,18.1895,5.51117,18.418,38.4958,14.7984,18.0959,7.10261,226.364,27.4745,47.8838,47.4387,24.301,30.2893,61.4457,42.2704,22.0,4.08825,17.7707,23.5696,27.88,20.881,7.524,6.57656,8.9667,2.99829,7.74762,21.3571,32.0277,16.4751,38.7548,14.2861,26.6907,30.3753,13.6315,26.515,4.45241,27.372,19.6541,5.01759,27.0211,14.188,20.5652,33.694,3.17137,12.6182,30.159,7.28358,15.8838,20.6128,20.4328,51.761,25.6692,47.2761,9.76611,2.48533,10.0451,20.8944,157.79,19.389,8.361,25.7112,121.93,17.0531,24.1826,31.38,44.89,0.76357,19.67,18.6192,32.803,11.5303,15.043,29.304,17.9803,6.4117,1.6298,37.7337,,,,,,,,26.73,15.6781,8.01037,22.0492,20.0967,2.90128,,39.5601,14.3388,15.7,,42.83,33.56,,6.3456,13.5525,,,50.161,,,1.08706,3.3562,17.059,26.5819,61.5164,,1.87422,53.0008,9.49,,72.6815,,,,26.719,24.748,,,9.16397,,26.415,20.7321,3.0125,13.7133,11.885,26.933,6.51,,33.8988,32.1,,67.4657,6.3389,14.808,,9.66979,,16.1462,56.2921,,15.14,5.7821,14.78,,,21.5597,,6.97218,29.052,97.5,26.5419,40.4546,8.87561,4.4575,,23.951,29.9799,8.42821,27.4966,,9.4894,12.8717,,,,,,18.62,13.2845,25.56,,5.56345,5.89,6.11,22.02,27.4896,21.0278,8.75811,37.8803,21.7188,67.4076,15.72,,,27.7584,13.521,16.1926,3.00567,,,,19.8972,10.97,22.5324,,12.2847,2.01062,,,121.8,20.0829,,24.0237,5.90446,,,,23.3128,662.27,3.74368,10.2507,43.9919,25.0,6.66,17.434,,,,10.119,,,,1.715,,18.0128,89.39,6.11589,19.02,,,16.7917,,34.16,,,,,,,,36.52,10.485,,,5.6806,17.5529,,,8.03525,56.1429,13.834,9.94356,,23.4758,6.69,,22.904,,39.0326,3.882,,7.4857,,12.48,4.09,11.1,,42.9684,,12.56,3.56,,,,7.1132,20.153,,,2.79596,,,28.8978,,,,58.3111,,24.6881,,,,16.7606,,148.449,,,4.98167,,,,,17.4104,,,,22.1979,,11.468,9.55941,,,17.484,9.25211,,8.47646,,6.76598,
2009-11-01,4.95502,9.70902,44.538,40.5356,16.9919,46.4512,139.391,,14.2861,17.65,1.31295,14.264,43.237,6.81145,47.5679,10.5281,24.8657,4.39957,17.802,11.0419,36.833,51.115,29.092,9.99021,9.12117,15.484,33.4675,28.9659,10.77,4.35992,6.7955,20.621,7.15626,20.5777,45.3301,12.0873,20.4572,36.533,14.5224,11.43,18.8927,6.00274,17.1518,41.7552,14.2916,17.3304,7.57024,216.707,27.2246,45.0893,49.8217,29.57,33.6606,63.453,42.7604,24.0,4.109,18.9463,24.0718,29.3,23.472,8.0832,7.74981,9.82028,3.22265,7.71416,20.993,33.705,17.4271,43.4192,14.8602,27.0306,30.7097,14.3389,29.62,4.57233,31.171,21.3926,5.1892,27.4378,15.67,22.6148,42.591,3.04701,12.9375,37.359,7.49513,16.6107,22.0495,22.3483,50.851,25.7748,48.6746,9.76117,2.58533,9.86753,18.4791,214.12,20.077,8.455,25.8714,119.11,18.2349,23.8858,31.64,47.03,0.83757,19.88,19.3849,35.4054,11.4871,16.323,32.4349,20.7558,6.8567,1.669,45.1316,,,,,,21.2194,,30.85,16.2179,8.68944,26.7736,19.8457,2.92457,,39.4134,15.0253,18.35,,41.08,38.82,,7.2791,13.7812,,,55.6489,,,1.1493,3.2,20.718,26.7023,63.181,,1.95708,56.2242,9.22,,74.4,,,,26.2116,28.3595,,,10.8145,,24.83,21.2607,2.914167,14.9629,12.3359,28.5457,7.76,,35.7522,28.92,,76.0624,7.27946,17.3631,,10.0656,,16.2146,56.6076,,16.43,6.722,14.47,,,23.8544,,8.33607,30.8331,99.48,28.3627,44.0785,9.18076,4.705,,24.9386,30.565,8.50628,29.649,,11.2289,14.0264,,,,,,18.92,13.6677,25.025,,5.88667,8.33,6.0,22.47,31.2224,21.4769,9.9873,39.4186,21.6694,65.5763,16.36,,,27.8249,14.818,17.1028,2.95575,,,,19.7057,11.25,24.4311,,13.2085,2.02625,1.699,,130.65,19.7481,,25.038,5.90184,,,,27.3389,673.15,3.81366,10.745,46.0602,26.61,7.16,18.2569,,,,10.273,,,,1.8125,,17.5926,96.69,6.55748,19.98,,,15.4857,,33.52,,,,,,,,32.15,11.165,,,6.0558,18.8738,,,7.80596,63.4127,15.0214,12.5668,,23.8459,7.76,,24.4823,,32.2941,3.973,,7.7667,,13.933,4.23,12.26,,46.6157,,13.085,3.49,,,,7.33435,18.093,,,2.76356,,,31.8582,,,,61.7562,,25.8913,,,,18.3042,,155.703,,,5.14667,,,,,18.1644,,,,22.3675,,11.56,9.99063,,,16.8076,10.0668,,10.2576,,7.32274,
2009-12-01,5.69865,9.33618,48.9139,40.4654,16.0874,48.4061,138.695,,14.4653,19.15,1.54714,15.2169,49.279,6.86509,48.5165,11.0963,26.1405,3.97176,16.7007,11.1303,35.3999,52.3186,31.0827,10.1993,9.64345,14.4132,34.2991,29.4993,11.35,4.81669,6.726,22.275,7.85676,21.2485,45.3926,12.3475,21.109,39.621,15.4435,13.57,19.5937,6.51995,18.0447,42.7387,14.6157,19.1581,8.39857,230.361,29.6483,47.6919,56.6302,25.804,35.5425,66.8616,45.0486,25.34,3.693,19.9231,23.2153,31.43,23.702,8.2064,7.09059,10.8698,3.61889,8.77933,22.4072,36.5037,17.0034,45.3827,16.4201,25.693,32.4145,15.1365,29.37,5.12573,33.713,21.472,5.50664,27.4943,18.443,24.0333,38.423,3.29227,13.7596,39.078,7.68333,17.7663,22.469,26.7808,53.109,25.6429,48.9757,9.47797,2.54133,9.35981,20.5388,218.41,21.32,10.24,27.4956,135.4,19.686,25.3675,34.99,52.97,0.787,24.25,19.1195,35.1283,12.6333,16.1,32.7989,21.725,7.2367,1.7632,49.5095,,,,,,20.6938,,33.56,17.4016,10.4455,28.4871,20.3878,3.37374,,40.0842,15.7187,24.18,,47.6,42.85,,10.113,16.6419,,,58.9319,,,1.32534,3.4088,21.317,29.1388,65.2565,,2.22026,58.972,9.81,,77.9942,,,,29.4913,32.0747,,,12.4636,,26.3,21.976,3.2,15.3319,12.6302,28.915,12.91,,36.8287,30.68,,83.9411,7.65062,17.4929,,11.0557,,16.29,55.0066,39.261,18.16,7.7692,14.5,,,26.1326,,9.48855,32.0051,104.99,30.568,46.4082,10.1114,5.2925,,26.2015,33.75,9.56018,30.636,,11.1665,16.2029,,,,,,18.04,13.3768,26.725,,6.09201,9.11,5.99,22.28,33.2885,22.3377,8.61633,44.9569,22.6976,66.0114,17.82,,,29.0404,16.56,17.5534,3.20482,,,,19.9528,10.05,26.3525,,13.9336,2.28875,1.757,,139.8,21.1956,,26.3237,5.88575,,,,23.6693,710.71,4.42308,11.9922,47.6547,28.35,8.51,19.3665,,,,10.018,,,,2.0175,,17.8891,96.46,6.98279,19.91,,,16.3583,,38.36,,,,,,,,33.69,12.6,,,6.1462,21.0434,,,7.86027,57.7378,15.1728,13.158,,27.2181,8.82,,26.7731,,34.7127,4.177,,7.95,,15.247,4.38,14.28,,48.0706,,15.05,3.84,,,,6.95387,21.127,,,2.9649,,,33.5083,,,,63.3474,,27.33,,,,19.3612,,159.215,,,5.65167,,,,,19.2423,,,,25.2831,,12.12,10.8241,,,16.4548,11.0428,,10.0077,,7.4872,
2010-01-01,5.35054,9.13471,44.1337,40.7442,15.4277,44.6339,122.181,,14.5337,18.0,1.49266,14.0404,49.501,6.50281,53.4935,12.2056,24.9594,4.7676,18.6358,13.386,33.3657,50.8624,28.747,11.4885,10.4626,14.5513,31.8171,29.0591,13.84,4.70602,6.2705,21.05,7.32979,23.079,43.9053,12.1434,20.3356,37.083,13.2007,12.3,19.6921,6.78516,17.8092,36.4867,14.8744,17.9831,7.62692,227.726,29.0772,44.0083,52.8409,23.358,34.9168,67.7054,43.4346,24.7,3.3275,16.9372,24.7527,27.97,19.723,8.9724,6.31717,9.65838,3.60478,7.70892,22.4587,32.9501,15.7857,44.1485,16.1316,24.506,30.8992,12.4368,29.88,4.42113,36.45,20.3213,4.99782,25.9617,15.888,23.4621,40.836,3.21786,14.0758,33.873,7.73189,17.4473,21.6732,23.0465,57.162,24.8782,46.8364,10.1929,2.52,9.39938,17.9587,195.35,19.597,7.5558,26.6094,113.3,18.4629,26.6102,31.57,49.43,0.88929,20.63,19.5254,39.0536,13.3444,16.505,32.3942,19.9972,7.4683,1.9292,44.3577,,,,,,21.6704,,32.65,16.4536,9.59564,26.9495,21.4576,2.84035,,38.7167,14.9765,26.66,,41.41,38.4,,10.869,14.2819,,,54.2508,,,1.25935,3.175,22.001,27.8605,58.6849,,2.11534,56.1809,8.01,,69.0665,,,,27.3895,29.041,,,11.1456,,27.025,22.5036,3.204167,16.5231,12.5965,27.4732,12.23,,35.8891,36.69,,76.0928,7.51694,17.0172,,10.4614,,16.3217,54.6932,33.875,19.4,7.0456,15.07,,,26.5624,,8.79145,31.1018,97.47,30.0224,44.1216,10.4234,4.8125,,21.6499,33.8838,9.15052,29.2495,,10.9502,15.5173,,,,,,21.4,14.2445,26.245,,5.9784,10.68,5.81,21.27,32.2465,21.8497,10.4502,41.7673,21.684,66.0598,18.75,,,26.9955,14.254,16.9026,3.27183,,,,18.9426,9.28,23.8903,,13.6824,2.11,1.723,,171.3,19.916,,23.8484,5.81193,,,,22.0687,684.14,3.96002,11.7625,50.5446,26.1,11.47,18.1784,,,,10.392,,,,2.265,,16.5808,93.18,9.41609,18.73,,,15.7466,,37.26,,,,,,,,36.34,11.445,,,6.0988,18.1028,,,7.69804,55.2188,14.5216,11.2745,,25.1525,7.21,,24.494,,34.8799,4.038,,7.949,,14.833,5.64,13.63,,44.276,,14.12,3.35,,,,6.42892,21.741,,,2.58803,,,32.8021,,,,60.1817,,27.3152,,,,19.6247,,146.584,,,5.45333,,,,,17.311,,,,22.6148,,11.26,10.2894,,,16.0672,10.1612,,10.4456,,6.83895,
2010-02-01,5.55686,9.13471,47.9889,41.4325,15.5341,45.494,128.454,,14.8596,17.75,1.62227,13.8376,50.67,6.35076,56.1627,11.608,26.0731,5.06736,18.3773,14.3011,33.9011,52.7947,29.2099,14.163,10.9705,13.6146,33.8188,30.4182,15.94,5.27338,5.92,22.9,8.06737,26.4197,45.9746,10.3372,22.4129,40.066,13.1225,13.2,18.8394,7.43083,17.7329,38.3758,15.2863,19.1183,8.42696,220.228,31.0968,48.4198,56.1562,26.966,35.0885,65.9962,40.9054,26.3,2.89525,19.0313,24.0323,30.49,20.487,9.598,8.12503,10.1263,3.85643,8.08698,22.325,34.7161,16.0249,43.8617,16.0973,27.2029,30.4964,12.6324,30.805,4.62206,38.57,21.344,5.17535,27.9451,16.988,21.0647,41.951,3.69362,16.1006,47.821,8.21125,17.64,22.6983,23.4357,59.12,24.5081,51.8486,10.8572,2.62,10.6425,18.7257,226.71,20.704,8.2805,28.6025,105.75,19.1975,25.7749,32.2,55.8,0.94357,20.19,17.6864,43.7227,14.2471,18.58,31.5866,20.4559,7.6517,2.0942,48.3984,,,,,,22.0417,,36.25,17.5412,11.4343,27.5823,21.2192,2.91778,,42.884,16.0481,24.46,,51.58,40.54,,11.484,16.7314,,,50.5835,,,1.31492,3.2575,23.838,29.6372,68.9167,,2.29382,60.5621,7.55,,69.1033,,,,27.5656,32.5991,,,13.4143,,28.415,23.6937,3.465,16.5629,14.0371,31.792,17.15,,37.1206,36.32,,74.7005,7.47196,17.376,,11.2973,,17.1764,62.09,32.902,18.33,7.8688,17.25,,,27.6349,,9.9714,34.4318,99.41,31.5087,47.2568,10.5671,4.4675,,20.8281,36.9111,9.3453,31.4292,,11.4433,16.7595,,,,,,23.79,14.5523,26.4,,6.35961,10.66,5.7,21.9,34.4576,24.3882,9.9573,43.0921,22.4456,65.8146,18.1,,,27.3754,15.66,16.3711,3.53432,,,,19.4765,9.62,25.6024,,13.7311,2.23,1.718,,185.85,19.8002,,26.1969,6.14943,,,,26.7453,708.3,4.42704,12.8902,53.8867,28.57,12.99,18.0867,,,,11.153,,,,2.26,,17.7738,93.39,10.407,18.16,,,17.1308,,37.67,,,,8.8494,,,,37.92,13.435,,,5.2217,17.8299,,,7.33921,58.0269,14.1457,12.1282,,29.2738,7.96,,25.3062,,35.8102,3.935,,8.22,,14.253,7.56,14.7,,44.8767,,14.325,3.0,,,,7.40908,22.762,,,2.66391,,,36.217,,,,62.0523,,27.7486,,,,20.2168,,150.012,,,6.67833,,,,,16.3404,,,,21.6363,,12.052,10.2804,,,17.3063,10.2101,,11.1311,,7.73118,
2010-03-01,6.36428,10.7015,51.4284,45.4301,19.5481,46.7293,140.165,,15.3597,18.08,1.78921,14.5937,52.863,6.49484,57.5787,13.0492,28.2789,5.8935,17.554,15.0011,36.7033,59.0894,33.6425,15.9206,11.1793,14.8781,31.57,34.4668,18.34,5.84789,6.7885,23.911,9.08141,28.5033,51.0569,11.1093,23.7454,33.94,14.1237,15.85,19.5937,8.31754,20.6858,40.2116,16.2602,19.9812,10.5424,232.758,31.4832,44.8417,59.5541,33.799,35.047,70.2162,42.8392,31.42,3.68825,19.9024,27.0723,28.89,22.986,10.701,9.3179,10.5381,4.17021,7.41257,20.9167,36.4574,18.3714,44.2904,16.4201,29.9658,32.1465,14.1208,31.7,4.68264,38.68,22.0131,5.86767,29.7582,18.613,23.8519,50.041,4.09121,13.8179,60.157,8.39106,19.045,24.3878,23.6518,61.039,26.1683,54.0975,11.8703,2.78067,11.2651,18.8826,255.0,23.821,9.502,25.6963,122.65,20.4895,24.2238,38.07,61.63,1.0534,25.12,16.9218,51.7927,14.5198,19.74,33.1502,20.9489,8.24,2.2534,50.3685,,,,,,23.2971,,37.74,19.1903,10.4866,27.8913,25.6552,3.2112,,56.5199,17.0439,26.49,,54.38,40.87,,12.967,17.9864,,,58.3851,,,1.49001,3.6762,27.818,33.5263,76.544,,2.43308,63.418,9.38,,72.8834,,,,27.468,36.5652,,,13.7021,,29.45,26.5968,3.615,18.1583,13.9876,32.1514,19.55,,38.1387,38.9,,76.9705,8.39694,16.9835,,11.863,,17.7673,65.2384,38.155,22.62,9.2699,18.54,,,29.1858,,9.67747,34.3334,109.2,35.8305,49.8954,11.1135,6.01,,22.1625,39.9682,9.90712,33.0251,,11.9524,17.3278,,,,,,22.24,15.0477,28.775,,7.3803,13.93,6.67,22.37,35.149,27.1901,11.3361,47.2692,24.2557,62.3535,19.34,,,32.9656,14.64,16.6314,3.60412,,,,20.7536,9.87,26.1472,,14.3054,2.225,1.758,,228.15,20.5994,,27.9749,6.23349,,,,28.4837,726.5,4.81001,13.5735,56.6522,29.6,14.5,19.9756,,,,14.183,,,,2.435,,19.1438,103.52,11.3653,18.74,,,19.4124,,41.27,,,,9.2315,,,,39.31,14.36,,,6.2864,19.5761,,,7.83855,64.314,14.0704,12.9779,,30.2173,8.0,,26.3042,,41.7092,4.152,,8.4723,,16.78,5.87,15.09,,46.4121,,20.74,3.15,,,,7.41915,25.121,,,2.76261,,,38.0355,,,,64.0839,,30.2075,,,,21.6736,,149.319,,,7.66667,,,,,17.5246,,,,23.1475,,12.69,10.9535,,,18.2001,10.9563,,11.5241,,9.47428,
2010-04-01,6.68267,9.43405,54.5647,48.7646,19.555,45.8265,119.29,,15.845,20.2,2.17767,13.3453,49.086,6.43313,63.3592,13.7737,29.8736,6.63715,15.3312,17.3611,39.2885,62.2519,37.0535,16.2858,13.0342,16.5328,34.2525,35.2302,16.52,7.57143,6.855,25.069,9.05675,28.9657,53.3714,11.9547,23.8026,35.547,13.0885,17.32,21.9755,8.66656,24.1534,41.8881,15.9185,20.3839,11.7015,265.723,34.7163,45.6949,71.755,32.386,33.5687,74.2296,46.2669,38.83,4.09175,20.6914,28.6875,29.07,21.751,11.533,9.40926,10.9329,4.75305,7.27768,22.1864,39.5212,17.8821,44.8826,17.4548,31.1368,33.7808,14.8164,31.215,5.12908,40.063,23.5362,5.83467,28.0026,21.4,23.2886,58.23,3.80738,12.6835,53.017,8.14291,19.1448,24.2585,24.9265,58.408,25.9916,57.071,12.4267,3.258,10.3404,19.8395,262.05,24.95,10.24,25.2779,143.98,20.311,25.8385,37.56,68.43,1.4129,24.57,19.5756,53.927,16.4812,20.24,34.4884,20.898,8.59,2.6982,42.3935,,,,11.0873,,26.3571,,38.96,19.4825,10.5385,27.6143,24.8249,3.48833,,62.0876,17.7742,25.53,,63.74,38.77,,10.737,20.9913,,,68.4862,,,1.48599,4.2188,30.222,35.4632,81.5609,,2.81676,74.6046,14.36,,83.639,,,,27.2929,39.6944,,,14.7836,,30.25,26.3375,3.679167,19.4002,14.4681,32.9746,21.6,,41.0341,41.83,,79.5875,9.94694,16.9993,,13.6555,,19.0106,71.8258,41.916,23.12,9.3101,17.88,,,30.4138,,9.67998,36.639,125.48,38.3762,53.0344,11.4275,5.725,,20.8281,42.8118,10.2827,35.7661,,12.4598,17.4131,,,,,,24.08,17.2417,33.07,,7.24809,13.44,7.45,22.66,34.4387,29.2436,15.0115,49.5177,26.5757,59.0584,17.0,,,31.643,17.332,18.5255,3.61684,,,,22.0126,10.85,26.2597,,15.1989,2.23062,1.778,,209.4,21.3282,,28.3918,6.45047,,,,28.161,718.05,5.16885,13.6083,54.2243,29.05,15.69,22.568,,,,16.669,,,,2.7375,,19.098,111.69,12.8399,17.04,,,21.0317,,43.6,,,,9.943,,,,33.48,16.35,,,6.9962,21.6381,,,8.80803,65.9306,14.6617,11.6746,,31.9536,7.96,,30.6005,,44.5086,4.395,,8.3977,,19.447,4.75,13.81,,39.8748,,18.81,3.84,,,,7.40908,20.878,,,2.9421,,,38.8427,,,,66.5046,,32.2222,,,,25.336,,126.179,,,7.81,,,,,20.1285,,,,26.8451,,12.782,12.3496,,,18.0505,12.7403,,12.1564,,10.3784,
2010-05-01,6.11506,8.49468,52.1198,44.2679,18.1967,42.293,118.546,,15.4419,20.03,2.00464,12.289,43.688,5.43635,57.4798,12.3765,29.4189,5.72843,13.8667,15.0785,34.8685,59.539,34.5233,14.6098,10.8155,15.0757,29.6625,30.2358,15.59,6.1109,6.273,25.648,8.30518,25.6052,51.8968,10.4573,23.3048,29.022,12.0856,15.83,23.0041,7.62874,19.8187,40.2845,15.3802,17.6514,10.2624,244.024,32.6067,43.0049,67.6333,26.532,33.3368,71.7188,44.5713,39.72,3.83625,20.5974,27.3248,31.94,19.865,9.82,8.76063,10.4216,4.38291,6.9875,19.9954,36.014,17.7387,40.5843,16.4113,25.8456,29.888,11.9602,31.715,4.70513,35.863,22.0896,5.16478,25.172,21.633,18.9453,55.354,4.40422,10.3958,47.364,7.95095,17.8779,24.1135,21.1167,53.82,24.9251,54.2669,11.6266,3.40133,10.0799,20.4308,191.16,21.433,12.065,24.9584,112.36,16.31,23.9681,36.3,70.33,1.5879,21.73,18.9092,52.3985,14.1701,20.863,29.6512,18.0597,8.4217,2.8456,38.2674,,,,8.83433,,27.8931,,37.5,18.5118,8.82111,27.0176,22.3006,3.2577,,53.9296,16.6888,28.57,,56.16,34.59,,12.071,19.4172,,,64.4702,,,1.49642,4.2112,24.452,40.4904,69.4207,,2.84124,74.1898,12.15,,81.3248,,,,29.4635,39.766,,,13.9928,,28.205,25.5377,3.254167,18.4223,13.7489,30.9369,20.01,,47.093,42.04,,72.7531,9.9615,15.8794,,13.6713,,17.8693,63.8437,39.814,25.58,10.497,14.9,,,29.0321,,9.17535,36.213,114.53,36.1919,50.5063,10.7404,5.705,,20.5271,38.9468,8.98947,34.6753,,10.876,15.592,,,,,,24.75,15.9084,31.62,,6.54565,12.89,6.7,21.42,32.1869,26.873,11.771,45.8588,23.7945,55.9989,14.92,,,27.0748,16.649,14.8802,3.53432,,,,20.7356,11.57,23.536,,14.1107,2.24375,1.632,,183.45,19.5536,,25.8066,6.51171,,,,26.9328,685.28,5.13355,12.7361,49.5906,27.5,12.23,20.5598,,,,15.747,,,,2.6325,,17.9559,93.57,10.8312,16.23,,,20.5706,,39.31,,,,7.2417,,,,33.54,14.365,,,5.7868,16.8487,,,8.57286,59.6446,13.401,10.8943,,29.6409,7.31,,28.8354,,38.5438,4.077,,8.169,,18.347,4.47,14.57,,36.7221,,20.43,3.37,,,,5.64439,22.999,,,2.64802,,,38.403,,,,63.9991,,32.1262,,,,22.7324,,115.126,,,8.04,,,,,15.953,,,,23.4697,,11.888,9.66595,,,16.2549,11.4438,,11.0377,,10.7665,
2010-06-01,5.87124,7.78053,49.5003,40.1252,15.6873,39.8996,107.853,,15.2003,19.5,1.88241,11.458,43.707,5.3269,61.6178,11.9165,26.156,4.93998,13.2333,12.1212,32.3659,56.4672,32.4225,13.6191,8.72463,14.1351,25.7226,27.4601,13.07,5.14195,5.463,24.4,7.80646,24.485,48.2843,9.76621,23.3148,26.858,11.0838,13.61,22.416,6.50869,17.0697,35.8193,15.0581,15.7127,9.70067,215.087,29.4309,38.4192,64.3997,22.727,36.6044,60.2431,42.8668,40.57,3.16275,20.0516,27.3278,30.48,17.3,7.524,7.58024,10.379,4.36137,6.30797,18.4366,31.9765,17.9564,44.26,16.9903,23.0503,27.571,10.8496,31.22,4.35884,35.07,22.5473,4.9397,26.1545,21.455,18.738,50.335,4.35001,9.61611,39.985,8.08783,17.5559,24.1135,18.2959,49.142,24.3675,52.344,11.8276,3.17067,9.23626,20.352,176.54,19.409,10.992,24.3026,113.83,15.9238,23.2278,34.39,68.57,1.5521,19.9,17.1792,52.1009,14.1986,20.815,30.5441,16.0752,9.3367,2.7362,32.3072,,,,8.02741,,25.4164,,34.7,17.35,7.48687,27.1867,19.3777,3.27478,,45.599,16.5057,22.32,,45.76,32.9,,10.441,17.5213,,,54.3069,,,1.52599,4.1412,19.198,36.4412,58.8799,,2.55624,68.766,9.32,,73.9784,,,,29.1233,35.1413,,,14.7492,,27.45,22.6139,3.259167,17.9422,13.1037,29.2746,20.56,,45.652,43.53,,64.2264,9.20905,16.0846,,12.8649,,17.6454,62.6574,39.04,23.66,10.102,13.93,,,28.0812,,9.90415,34.1189,111.63,33.3714,48.1582,10.6065,5.375,,17.7797,34.4489,9.40937,35.1427,,9.58759,15.5066,,,,27.1296,,23.25,13.8921,30.45,,6.76683,11.07,5.79,20.87,33.1435,25.9865,9.10875,44.3087,22.2702,54.4849,14.87,,,25.0229,15.076,14.819,3.43896,,,,20.5967,9.0,20.4502,,13.8606,2.23812,1.644,,181.5,19.4988,,24.1475,6.3195,,,,26.3013,655.03,5.06135,11.8957,47.9951,25.37,10.45,18.9147,,,,14.846,,,,2.89,,16.6507,86.49,9.41609,15.52,,,18.7996,1.58867,38.58,,,,9.2315,,,,34.21,14.0,,,5.2217,15.6782,,,8.37066,58.7195,12.7154,9.797,,24.9471,6.38,,25.8115,,33.6328,3.88,,8.2767,,19.2,3.9,15.05,,37.0466,,18.61,2.4,,,,5.06536,21.597,,,2.60766,,,35.6763,,,,63.7792,,31.864,,,,20.0174,,98.3278,,,7.93667,,,,,14.7131,,,,21.778,,11.415,8.47542,,,16.8056,10.1584,,10.5928,,8.94436,
2010-07-01,6.58062,8.29629,54.6896,45.8464,17.1362,37.6724,123.915,,15.7489,24.43,2.08716,11.7416,51.472,4.97664,63.3514,11.2555,26.4537,5.50318,12.8603,12.8742,35.7614,63.0248,36.7899,14.5548,9.78163,15.4393,30.4644,32.2135,13.58,5.43962,5.8945,25.87,8.75194,27.3504,55.4272,10.6318,25.4117,29.818,12.0773,17.0,23.9658,8.25209,17.9814,35.4659,15.7061,17.7905,10.3188,220.327,36.3624,35.5113,72.4817,27.354,38.0364,65.235,50.0105,38.36,3.37475,18.7336,29.3623,31.8,20.891,8.5284,8.69276,11.3949,4.2657,6.13745,18.7127,34.1869,19.7472,45.1488,18.1747,26.9468,27.6673,12.5942,28.66,4.97111,36.487,24.1667,5.4093,29.1194,24.738,19.7229,57.858,4.36821,12.3069,47.965,8.57432,19.184,26.0529,16.0071,50.365,26.2133,58.4596,11.6861,3.28533,9.73432,21.17,224.4,23.325,12.011,24.1443,125.45,16.5109,25.7818,32.16,87.83,1.465,21.1,18.3637,49.4037,16.6798,22.16,31.3278,17.2336,9.633,2.958,39.4967,,,,8.94653,,26.9195,,39.6,18.4267,7.20745,28.8283,18.9352,3.6302,,51.1338,18.1971,24.19,,48.93,33.66,,10.556,19.4614,,,52.4477,,,1.57706,4.695,24.334,34.3669,68.6247,,2.91422,74.1054,13.18,,74.4934,,,,28.9184,38.4601,,,15.3984,,26.245,24.4846,3.490833,18.99,13.8469,31.8008,23.74,,48.7034,44.83,,73.9432,10.274,16.6911,,14.1958,,18.3968,63.803,40.367,25.26,11.598,14.14,,,29.808,,9.67248,37.44,116.8,36.6618,53.5849,11.5486,5.3275,,18.3559,39.8923,9.65283,38.5207,,11.0471,16.9023,,,,22.0875,,25.17,15.0139,29.37,,7.6757,13.02,6.96,21.84,35.2552,28.0619,10.2612,49.3327,24.434,59.8031,17.35,,,29.4681,15.947,15.7982,3.63126,,,,21.9065,10.25,23.0604,,15.3187,2.2775,1.801,,195.9,20.9098,,27.1835,6.4524,,,,26.8991,626.5,5.6803,12.2696,50.1125,27.44,9.23,21.1568,,,,18.009,,,,2.79,,16.5858,88.8,10.6567,16.43,,,18.9732,1.32933,41.03,,,,9.732,,,,31.08,14.185,,,6.1914,15.4671,,,8.75591,65.7419,12.9248,10.6348,,28.0525,6.75,,28.7622,,33.7526,4.383,,8.6957,,19.873,4.1,14.79,,37.3906,,20.74,2.14,,,,5.90936,23.642,,,2.60669,,,37.4789,,,,61.7729,,34.3426,,,,21.2964,,107.955,5.42392,,8.48167,,,,,14.8065,,,,24.4432,,12.525,10.0065,,,17.5285,11.6165,,10.9202,,9.62416,
2010-08-01,5.77788,9.21633,55.443,45.001,15.4277,34.8693,112.508,,15.9649,22.56,1.98708,11.5357,49.556,5.22878,62.1177,10.4489,25.6456,4.82652,12.287,11.4592,34.9845,62.9645,36.026,13.5768,9.10785,15.0757,29.2734,33.1156,10.84,4.71278,6.2415,26.73,8.65863,24.6347,55.0873,10.2743,26.8271,25.622,11.2099,16.42,21.6097,7.49687,16.5856,31.5696,16.0845,17.1942,9.46824,188.754,33.7667,32.3469,72.5733,25.542,38.5445,62.5393,50.0579,46.07,3.01775,16.9509,28.6845,32.74,21.063,7.5404,7.93436,10.3751,3.93357,5.60674,16.6334,32.2968,19.6066,42.9806,18.7997,24.2864,25.6053,11.6902,32.31,4.51902,29.448,22.3289,4.97568,29.3054,27.47,18.6234,57.41,4.28324,14.0195,51.882,8.61971,19.7994,25.9432,14.6561,35.677,26.5757,54.3257,11.0157,3.15133,8.33859,17.681,291.48,22.802,11.998,21.6051,127.85,15.5296,23.5608,30.32,87.43,1.7931,19.93,16.4549,50.2395,16.5986,22.635,28.929,17.2562,9.595,3.0166,48.6216,,,,10.1916,,25.1954,,47.49,16.2189,5.82435,30.0024,17.672,3.10711,,45.0171,17.6747,21.98,,44.31,33.31,,9.2953,19.4423,,,51.2674,,,1.46045,4.4838,20.71,29.9615,62.2132,,2.8502,74.5742,11.25,,63.5599,,,,27.0969,38.4878,,,15.6527,,26.4,21.7445,3.753333,19.2072,12.7927,29.3471,21.2,,49.5579,42.89,,72.1229,10.128,17.6238,,13.8383,,17.9824,60.5515,37.326,22.7,9.945,14.18,,,31.8548,,10.0409,37.4351,110.59,33.693,54.3415,11.7002,5.055,,18.3092,36.6784,9.07728,36.1092,,9.84947,15.696,,,,17.4274,,28.68,12.9876,27.635,,7.208,12.51,6.79,22.86,34.8877,25.7549,8.51244,48.5085,23.6036,60.975,15.99,,,27.304,21.44,16.6068,3.40417,,,,20.2931,8.3,21.9196,,15.378,2.06562,2.038,,191.85,20.2047,,25.1727,6.29471,,,,24.2362,604.16,5.0206,13.1955,42.4931,28.62,8.64,20.1706,,,,18.994,,,,3.0575,,15.3393,82.53,10.6815,17.31,,,15.8179,1.29867,36.18,,,,7.9862,10.4052,,,28.25,14.065,,,6.37,14.4062,,,8.32732,64.3179,12.7752,10.1526,,28.5,6.18,,28.9174,,32.0079,4.127,,8.8667,,16.91,3.63,13.22,,39.9092,,16.435,1.99,,,,5.34735,22.194,,,2.97138,,,36.3805,,,,61.4683,,36.7709,,,,19.3385,,97.3367,6.00206,,7.235,,,,,11.0284,,,,21.371,,12.502,9.14835,,,17.6745,10.8646,,9.54475,,9.35656,
2010-09-01,6.1109,9.68045,56.8486,47.0398,17.347,40.4618,118.77,,16.8325,23.25,2.07778,12.5932,51.693,5.80533,59.3426,11.6011,30.7394,5.45828,13.7476,13.4035,40.4446,62.3386,38.0118,13.2852,9.86711,16.0084,34.5958,35.9667,12.22,5.45331,7.853,29.17,9.14317,27.783,56.2514,11.5744,30.0253,29.405,13.0975,18.28,22.6825,8.88,20.8768,33.128,16.5941,19.0211,10.4187,209.269,39.4204,36.4829,71.6812,29.02,42.1645,74.1922,53.8487,50.18,3.31775,18.5785,31.9267,38.56,26.006,9.969,8.59258,11.7701,4.62334,6.065,18.398,34.0016,20.0333,44.4852,19.4999,29.7362,29.4703,13.6814,34.515,5.43514,31.527,23.1281,5.39708,31.9636,27.95,21.0308,61.801,4.13177,14.4751,54.197,8.90988,20.2016,26.49,17.2207,46.069,27.3882,60.9627,12.1297,3.54667,9.18896,18.8047,348.34,25.175,14.038,23.1987,147.35,16.7186,25.7357,31.44,103.81,2.3166,27.86,16.8598,56.5929,20.0118,24.38,33.5817,18.6918,11.175,3.44,48.7069,,,,11.8809,,26.9853,,53.79,18.1196,6.75934,32.2126,20.1544,3.60081,,59.2798,19.6337,27.4,,53.3,34.57,,10.347,20.1648,,,59.5447,,,1.63095,5.63,26.586,37.0908,75.5843,,3.32582,77.1538,14.84,,66.8368,,,,27.2829,40.4275,,,18.1563,,29.29,26.107,3.885,19.8685,13.5685,31.0918,23.66,,53.3921,49.2,,80.9306,10.6246,18.1649,,14.1997,,19.0909,64.2623,35.943,29.2,11.471,16.01,,,34.1447,,11.5048,38.6336,124.44,39.3419,55.9663,12.1451,5.8975,,20.8678,41.8902,10.1516,37.5986,,11.1002,16.3138,,,,16.8339,,29.44,14.2534,30.86,,8.12707,15.99,7.63,24.77,39.2731,28.0349,10.6572,48.954,25.5513,66.6215,19.58,,,30.3244,23.895,17.791,3.88768,,,,21.9957,10.14,26.3485,,15.5426,2.06062,2.5,,221.55,20.8824,,30.0084,6.46674,,,,27.9852,647.53,5.4925,14.6525,50.211,33.64,9.88,22.6654,,,,23.368,,,,3.305,,15.659,90.51,11.0165,20.16,,,17.2111,1.36067,39.82,,,,8.9878,11.647,,,33.15,17.52,,,6.6933,14.3364,,,8.83074,70.9576,13.6615,10.4743,,32.7264,7.21,,30.3112,,35.7203,4.871,,9.311,,17.993,3.88,14.14,,44.5522,,22.36,2.28,,,,6.72539,24.445,,,3.9676,,,35.7784,,,,66.386,,39.2595,,,,23.0473,,116.755,6.35091,,8.32667,,,,,11.7178,,,,23.1105,,13.455,9.41155,,,17.9769,12.469,,9.70976,,11.4208,
2010-10-01,6.97308,11.8448,58.8605,47.5039,17.9617,39.3947,132.394,,17.6981,23.22,2.26567,13.7825,57.763,6.21337,54.2137,11.8921,35.7765,4.73341,15.3128,12.6475,42.5622,63.7356,38.8379,12.9013,9.25586,17.8529,41.8227,39.2818,11.33,6.0485,8.2615,31.93,9.9908,31.2704,58.3345,11.521,30.3612,29.248,15.2871,18.35,22.6531,9.29438,20.4473,36.8479,17.3497,20.4704,11.4355,210.721,42.0952,35.7759,73.3217,31.632,42.4536,79.9858,54.2837,51.67,3.307,20.3789,31.0121,39.36,26.67,9.1704,9.89265,12.0416,4.47429,5.83708,19.1007,34.6974,20.0509,47.2476,20.0819,27.1803,28.9255,14.8262,35.875,5.56234,29.217,22.6108,5.86437,33.3822,29.018,22.539,76.324,4.25662,18.5702,55.282,9.17405,21.3698,27.5122,19.4158,44.806,29.5593,64.9331,13.0941,3.9,8.96146,19.3771,376.81,26.575,13.957,22.5617,137.68,17.5951,27.2086,30.79,117.7,2.4796,30.99,16.1256,58.05,21.3382,25.655,35.3307,21.6271,10.652,4.2042,60.6423,,,,13.3513,,26.0077,,58.99,17.6372,8.44546,31.4621,21.8111,3.93993,,60.4447,22.2214,26.11,,57.34,38.3,,12.343,20.9288,,,55.4016,,,1.7886,5.835,33.343,39.382,82.9456,,3.31934,79.6373,18.79,,69.883,,,,29.0367,41.9516,,,20.1324,,28.075,28.9355,4.2675,20.1988,13.7598,32.2189,29.04,,59.1151,54.31,,66.6116,10.7326,18.6426,,15.1132,,20.3808,66.3027,35.921,30.69,11.87,16.03,,,36.4676,,12.281,40.4561,130.56,42.1324,56.1833,12.2061,5.58,,18.9552,47.4116,10.6149,36.3915,,12.4643,17.2053,,,,20.0107,,31.69,15.8816,29.98,,7.86511,16.66,8.47,25.58,38.258,27.232,10.3252,51.3775,27.3053,64.9355,17.02,,,32.7384,22.272,17.1205,4.33142,,,,23.4286,10.67,29.2636,,16.2327,2.11625,3.0,,218.55,21.0286,,30.4887,6.5736,,,,28.8243,627.41,6.06,15.6789,49.2968,35.78,9.49,22.2136,,,,30.761,,,,3.4475,,16.2854,90.62,12.3651,20.41,,,17.2656,1.456,41.57,,,,8.9153,12.3994,,,32.77,17.92,,,7.5025,14.1084,,,9.74562,76.7648,13.4815,10.8011,,34.6402,7.67,,31.3306,,35.6353,4.966,,9.6,,17.28,3.97,15.95,,45.2364,,22.16,2.02,,,,7.14323,23.828,,,3.5829,,,35.195,,,,68.8324,,40.0471,,,,24.9826,,117.224,7.5983,,9.68333,,,,,12.4411,,,,24.2956,,13.63,10.0404,,,18.6166,13.311,,9.66136,,11.6641,
2010-11-01,6.77336,11.5619,60.3796,49.4666,18.229,39.5373,128.287,,17.6199,26.13,2.3443,13.117,58.923,6.44633,55.8207,12.9028,40.4565,4.0371,14.0895,13.2349,44.1062,62.0502,36.2589,13.135,8.90983,18.6514,47.6819,39.3967,11.66,6.24932,8.77,31.53,9.67723,32.9175,56.7163,11.5534,30.2624,33.386,13.8428,19.19,22.4898,9.29535,22.1132,36.6422,16.2632,20.9082,11.8588,197.545,45.1099,40.1685,76.097,37.089,41.594,90.2057,56.7657,52.19,3.353,19.9913,27.6612,41.09,24.257,9.0392,9.82454,12.5766,4.65012,7.04379,20.6446,33.9612,18.3333,46.488,20.4466,28.6646,28.4989,14.0092,36.35,5.55166,28.921,21.341,5.965,32.4572,34.805,22.2559,72.001,4.26098,18.3033,57.941,9.80493,21.2475,26.3322,20.3225,40.199,26.7739,67.7272,14.3982,4.012,9.13375,17.3563,394.05,31.049,16.306,22.2422,122.85,16.6248,28.8547,37.79,131.88,2.9414,32.9,15.6931,53.0785,22.9477,27.475,34.2345,20.651,11.06,5.1698,56.0639,,,,14.521,,30.2972,,67.65,17.7225,7.70373,30.3066,19.2341,3.90645,,66.8479,24.3208,28.82,,52.54,33.13,,12.158,21.7563,,,57.5544,,26.3133,1.89196,7.216,33.939,39.2338,84.6902,,3.56106,78.1425,19.62,,73.4124,,,,29.4814,41.7541,,,22.3531,,28.69,32.7574,4.435,20.0613,13.6349,32.7065,27.68,,60.0374,60.12,,61.3598,10.6129,19.1361,,14.9983,,20.3253,66.3692,37.071,34.95,12.364,16.4,,,37.6937,,13.3173,40.6814,145.18,45.4577,53.0325,12.1313,5.8125,,20.2161,51.0008,10.5262,32.007,,12.601,18.057,,,,19.824,,32.17,16.1397,32.105,,8.29906,14.51,7.86,25.69,38.1507,27.3014,11.544,46.6742,26.3624,64.3283,17.49,,,31.1062,28.369,16.023,4.49239,,,,23.5814,11.06,30.3778,,15.9786,2.2175,3.188,,190.05,21.4646,,31.6625,6.37618,,,,28.9871,619.98,6.2403,15.6978,44.1582,36.44,10.76,21.9251,,,,33.581,,,,2.82,,17.3068,93.35,12.3047,20.41,,,18.17,2.35533,40.22,,,,9.792,11.8263,,,32.65,18.62,,,7.9365,14.164,,,10.0037,77.5488,13.2948,11.8549,,35.2761,8.15,,32.2678,,35.5328,5.274,,10.033,,16.93,4.03,13.57,,45.8006,,26.81,1.58,,,,6.78563,23.144,,,3.813,,,37.7582,,,,69.4334,,44.0942,,,,23.9997,,111.754,7.53794,,12.8167,,,,,12.3487,,,,25.1903,,13.825,9.7765,,,18.6882,13.2326,,9.78652,,11.9895,
2010-12-01,7.42772,11.0415,60.9898,51.1943,21.7922,43.2669,138.166,,18.6301,28.2,2.51174,14.4775,61.76,6.4231,63.1445,15.3166,39.5772,5.25249,13.9869,16.3395,48.6941,65.141,37.0324,14.2809,10.5908,20.0451,52.3205,43.7318,13.14,7.02451,9.0,32.67,10.4803,35.4605,58.271,12.1654,34.1315,38.778,14.7953,20.48,22.89,9.68378,28.2734,40.9293,16.9467,23.4976,12.8567,230.302,46.5574,43.0347,77.6263,42.543,42.4763,91.5697,61.7582,47.05,3.851,21.1353,30.2129,41.16,23.114,10.791,10.7898,12.7998,5.20578,7.62451,22.8734,34.7811,20.4835,48.2529,19.9899,32.3976,31.4936,15.5073,34.745,5.85822,28.639,22.6505,6.59232,33.392,33.0,21.0418,73.952,4.09052,20.4842,66.146,10.2411,21.7807,26.9555,20.5636,44.921,27.5621,71.4804,14.0427,4.028,10.2826,19.6328,399.55,32.775,16.95,23.0266,130.14,15.8417,30.8369,35.81,130.16,2.51,31.88,15.8248,55.8051,27.5198,28.04,38.3217,22.9186,13.473,4.2532,63.293,,,,17.0994,,28.2973,,70.48,19.6707,8.62874,31.9793,20.5842,4.45517,,62.0926,24.2014,32.83,,56.76,35.03,,11.199,22.2405,,,64.8091,,28.36,2.05889,6.855,39.633,41.4354,96.1326,,4.06672,80.5257,22.75,,80.0986,,,,33.1958,43.1022,,,25.1483,,30.695,35.6922,4.356667,20.1521,14.4207,36.5703,23.82,,60.1838,63.34,,64.255,11.5223,19.7428,,15.8135,,21.0519,72.2047,43.066,34.0,12.745,18.82,,,39.6258,,14.0241,42.0857,151.21,46.8804,53.4031,12.2888,6.335,,22.4844,54.6062,11.088,31.402,,13.7991,18.192,,,,19.0538,,33.2,18.3963,34.61,,8.01831,16.56,8.26,26.91,39.8959,29.5964,14.0306,51.2319,27.3441,65.3547,19.54,,30.92,35.5761,31.299,17.0673,4.9256,,,,25.1432,12.27,33.8011,,16.1412,2.33438,3.236,,192.75,22.2708,,33.0611,6.54037,,,,30.7177,691.02,6.9115,17.9574,47.584,37.99,11.42,25.0846,,,,30.811,,,,3.4125,,18.8023,103.85,13.2858,20.76,,,19.3301,1.77533,43.97,,,,10.655,19.6749,,,35.54,19.965,,,7.9456,14.5028,,,10.4701,81.9984,14.532,13.5908,,40.7944,9.88,,34.1062,,42.3187,5.756,,9.783,15.0639,18.57,4.7,15.5,,49.3386,,34.21,1.97,,,,7.49897,23.165,,,3.6157,,,40.5819,,,,74.4187,,45.8536,,,,27.9186,,130.661,8.51221,,13.29,,,,,14.6485,,,,27.2352,,14.64,11.5539,,,20.3753,14.9743,,10.1877,,12.86,
2011-01-01,7.72236,12.0468,62.1837,50.5157,21.9279,45.6544,134.441,,17.6951,28.71,2.4843,14.9836,60.305,6.75614,62.7251,16.8046,38.7065,5.32806,14.8159,16.907,43.3057,70.001,39.1513,13.6368,10.9943,17.395,57.4949,46.8417,13.57,6.28376,8.482,33.65,10.5074,35.3711,63.869,13.2863,33.9734,39.541,14.9548,22.19,25.4291,9.0955,29.5394,39.2509,16.436,26.1911,13.3256,224.444,43.2058,47.7147,79.9621,37.207,41.8329,88.4758,59.3726,48.32,3.547,21.3775,30.7615,42.99,23.177,11.057,10.4162,13.6479,5.04607,8.38529,24.5874,35.7311,20.6525,45.6843,20.475,33.9696,32.6983,15.9446,36.925,6.14137,35.88,23.3903,6.80058,32.6597,32.285,22.2051,82.852,4.12237,20.4675,72.462,9.86624,22.4871,28.4883,20.6361,48.783,28.3961,72.6635,14.4684,3.78867,10.0278,23.3885,428.52,34.648,17.353,24.0562,154.58,15.7219,37.359,33.82,108.38,3.0583,32.65,16.8018,64.0814,25.6315,25.29,40.6758,23.6733,14.048,4.3784,67.174,,,,17.8646,,25.6602,,71.05,19.4885,8.04052,30.7672,20.4757,4.29274,,57.515,25.1435,33.68,,55.55,38.89,,10.371,22.8478,,,64.5422,,28.0774,2.08058,7.4825,37.857,40.17,98.6751,,4.30276,81.7817,26.65,,72.5094,,,,32.9501,46.4564,,,27.9062,,32.83,34.9381,4.72,20.5981,14.375,36.7411,25.4,,58.1754,69.34,,69.9161,12.7325,19.9013,,15.7928,,21.4803,78.3586,46.45,37.04,13.319,19.92,,,42.6361,,14.2735,42.2589,149.19,47.2078,55.1177,12.4148,6.93,,22.9861,52.2689,11.7908,33.1481,,14.3408,19.8907,,,,19.1763,,35.42,20.3848,35.85,,9.01496,14.74,8.68,27.13,39.7588,26.9069,14.0116,53.8767,27.908,64.9385,20.83,,30.0,31.256,34.299,17.8127,4.73618,,,,25.4943,12.47,34.0567,,16.3601,2.453,3.846,,168.15,23.2656,,33.5099,6.74699,,,,29.3296,765.0,6.95115,17.3736,50.684,38.9,10.4,25.7047,,,,31.169,,,,3.5275,,18.2527,108.88,13.6613,20.75,,,20.9058,1.60667,47.31,,,,9.818,24.195,,,38.35,23.04,,,8.0767,12.8761,,,10.8288,88.1543,15.2598,13.5165,,40.9849,11.05,,35.021,,47.4122,5.628,,9.807,17.2658,20.44,4.19,17.03,,51.2596,,34.34,2.22,,,,8.3365,25.163,,,3.74157,,,42.1726,,,,76.1032,,46.5156,,,,28.5799,,135.772,8.98373,,12.2317,,,,,15.3509,,,,28.4601,,15.442,11.1716,,,20.9366,15.5818,,8.62075,,11.6573,
2011-02-01,8.74219,13.2965,67.4531,52.0543,22.931,45.4901,134.844,,19.0778,33.64,2.49268,15.2514,63.004,6.91656,64.3715,18.6736,39.2998,5.73778,15.0474,17.6009,48.0283,72.106,41.4802,15.4855,10.5033,18.3872,61.9004,48.1116,13.23,6.62293,8.6645,35.29,11.2533,41.482,64.9198,14.4063,35.8008,40.346,15.2796,25.04,27.0792,10.1101,30.7421,39.5993,17.1236,26.6824,13.2385,226.94,40.7573,51.9463,83.4779,42.485,44.386,104.619,55.5207,37.53,3.35775,22.744,31.9927,47.82,18.299,16.307,10.9467,13.8127,5.44295,9.19608,25.1496,35.8267,21.1601,50.5973,20.2794,33.9637,34.4457,17.296,39.685,6.37794,36.44,22.4559,7.94929,35.8224,33.068,22.5869,87.552,4.1942,21.4162,82.303,10.9443,23.4577,28.4637,18.5513,50.785,30.2136,78.6815,15.9874,3.70533,10.6919,22.4805,453.88,34.67,19.326,23.721,147.39,16.4737,41.3456,38.38,118.01,2.9524,35.37,16.1885,67.4137,29.515,25.16,40.6867,25.8029,14.173,4.9,71.1541,,,,18.9303,,26.0634,17.6804,76.74,19.9757,7.29253,30.7547,22.5458,4.72386,,59.1341,25.8669,36.27,,58.11,46.67,,9.987,23.7762,,,71.8421,,25.7986,2.46308,8.279,36.927,43.6729,103.417,,4.3718,87.2634,30.98,,77.5128,,,,31.5107,48.3483,,,31.5696,,34.49,36.0816,4.795833,21.2836,15.7621,37.2804,24.04,,57.0291,69.4,,68.3502,13.0791,21.6526,,16.3527,,22.7236,81.0825,50.619,41.73,13.363,20.18,,,44.2327,,15.388,43.0718,171.37,48.3817,57.6908,13.156,7.6175,,23.3488,53.5149,11.5956,35.8387,,15.0219,20.2685,,,,24.573,,37.72,21.5652,38.85,,8.50788,13.68,9.95,27.72,41.0163,27.0023,13.1688,56.0847,29.2947,68.3006,20.85,,31.99,32.418,56.343,17.8353,4.89288,,,,27.5225,16.07,34.0242,,16.6784,2.6255,4.084,,143.85,24.3852,,34.8519,7.15542,,,,28.6465,727.86,6.6483,18.4557,51.635,37.32,10.63,26.9187,,,,31.272,,,,3.6575,,18.7646,114.16,14.0557,22.12,,,21.4045,1.59267,52.37,,,,12.078,30.0339,,,36.44,24.575,,,8.0857,13.5644,,,11.4337,91.9274,15.8659,13.7028,,48.4526,11.15,,37.3871,,46.2028,5.667,,10.057,18.4119,23.35,3.78,17.77,,54.3464,,38.795,2.39,,,,9.43569,27.707,,,4.4583,,,41.6259,,,,76.2894,,48.9171,,,,28.4249,,139.867,9.98546,,14.7033,,,,,16.2411,,,,29.9423,,15.818,11.6446,,,22.8518,18.7532,,9.23596,,13.064,
2011-03-01,8.39253,12.3159,65.6861,52.417,21.4868,46.273,130.601,,19.1522,35.37,2.47532,14.8024,67.674,7.1137,64.6781,19.7526,37.3439,5.45652,16.3956,15.8266,47.9576,71.7629,38.8859,15.9539,10.3364,18.3535,61.7526,46.4114,13.46,6.85128,9.0065,36.21,10.6474,42.3402,64.5409,13.6513,37.9105,42.665,14.616,26.7,27.3712,10.3305,33.7385,38.5392,16.8628,30.2309,12.6896,229.267,42.7651,55.977,83.4543,43.469,42.6253,102.259,57.0963,38.0,3.79075,21.9154,30.3203,50.7,20.943,18.012,10.7532,14.2265,5.67793,10.6674,25.4593,38.2884,21.1211,52.4708,20.8994,35.0916,34.1311,16.4701,42.755,6.03913,37.05,22.9405,7.17908,37.8282,33.395,23.6346,90.552,4.35249,20.7333,83.33,11.1223,23.8432,28.1992,22.6196,51.553,30.3386,80.8655,15.7855,3.83067,12.9273,22.106,506.44,34.824,21.795,24.5638,160.84,16.6057,43.6939,29.83,102.57,3.3969,32.1,17.4427,70.1363,30.3046,27.76,43.4396,25.3551,14.5,5.4474,65.2802,,,,19.665,,28.9254,17.187,93.65,20.3591,8.27265,31.0472,22.4871,4.87543,,64.1129,27.0887,44.94,,61.15,47.93,,8.7103,23.2535,,,78.3657,,23.8743,2.25973,8.506,34.789,47.2088,105.946,,5.02618,88.1823,33.28,,78.2179,,32.2598,,31.9086,48.0785,,,28.4631,,35.085,37.85,5.019167,20.7608,16.5777,40.7003,22.99,,59.7551,70.07,,72.0372,13.8172,21.8993,,16.3851,,22.2557,84.7011,55.994,48.13,14.255,22.2,,,46.1297,,17.2865,42.5561,172.0,50.3838,56.3515,13.0074,8.245,,23.8049,55.38,11.7621,35.8591,,15.3193,20.4929,,,,24.1434,,41.67,21.593,38.61,,9.33875,15.85,9.75,27.65,38.6692,25.6346,12.4239,54.8426,28.1494,68.3204,20.48,,32.66,33.6224,57.095,17.7792,5.064,,,,29.232,15.37,36.4221,,17.1573,2.708,4.416,,142.05,24.5874,,36.8854,7.71245,,,,29.2314,756.0,7.58055,20.8695,51.5743,39.24,10.0,32.1671,,,,28.31,,,,3.88,,20.4304,120.14,15.3589,23.71,,,20.7809,1.85,51.71,,,,13.37,28.1727,,,38.38,25.27,,,8.3773,12.4557,,,11.2832,91.7932,15.8434,14.0117,,51.186,9.86,,36.2182,,47.4681,6.268,,11.02,20.3624,26.67,4.06,20.62,,54.4723,,44.53,2.84,,,,9.64989,31.333,,,4.42647,,,45.2894,,,,77.9824,,49.8066,,,,27.585,,138.803,10.0003,,14.3583,,,,,16.8103,,,,29.1114,,15.68,12.3814,,,22.3877,19.7216,,9.23769,,14.66,
2011-04-01,8.93681,13.6455,70.2117,52.882,22.5923,45.2762,124.318,,19.785,33.91,2.62,14.2649,89.946,7.53907,64.6076,18.7527,42.915,5.5172,14.9933,16.6155,50.6096,75.8896,42.9667,16.543,11.0361,20.2605,59.7418,47.159,12.19,6.57444,9.7905,36.98,11.4601,42.6201,71.1281,13.965,38.6108,43.034,13.5534,26.71,27.7203,11.2433,31.6815,37.8009,18.0619,31.1375,12.8112,229.704,46.2767,54.0476,87.9941,52.431,43.0289,108.16,61.7512,34.43,4.32275,21.3528,31.2586,55.92,23.124,18.27,11.3211,15.3589,5.90309,11.3388,26.8488,41.0153,22.0586,55.1696,21.3797,34.4986,34.656,16.0279,44.045,6.20731,38.857,24.1438,7.53416,40.0238,34.65,25.9184,105.17,4.5913,21.4537,79.581,11.8067,24.5242,29.0449,24.1422,49.527,31.1082,81.0001,16.3498,3.93733,13.1773,21.3688,547.01,34.263,22.587,25.262,139.57,17.6209,42.2006,31.47,101.36,3.3239,34.7,19.6001,79.6985,29.3734,28.75,45.511,25.8549,14.392,5.3358,62.0888,,,,22.124,,30.0692,16.6519,95.78,21.7517,10.2242,31.2736,22.7314,4.15671,,69.4221,28.4248,51.04,,60.04,55.05,,9.225,24.7996,,,86.6796,,24.6916,2.43079,8.5575,33.572,52.3363,105.666,,5.19512,96.3205,29.42,,79.5476,,31.2412,,32.0458,52.7623,,,27.6332,,36.535,35.9803,5.5125,21.2066,17.2337,42.7272,22.82,,59.6087,70.98,,79.5944,14.4287,22.939,,17.5362,,21.7897,86.7087,65.185,53.19,14.809,22.02,,,45.839,,18.6432,44.7653,187.4,59.4684,60.5044,13.3568,9.0575,,25.8995,55.8003,12.3083,37.2175,,16.6336,20.2336,,,,22.3541,,42.91,21.1751,40.715,,9.29324,18.48,10.38,27.39,37.6441,27.2497,11.9589,57.7853,30.4682,70.5978,24.14,,37.51,32.3891,68.755,18.2032,5.23073,,,,29.3016,16.18,41.0307,34.1888,17.6761,2.83625,4.87,,155.7,25.154,,39.8065,7.80904,,,,30.4943,739.33,8.08505,21.0077,56.0447,39.29,11.09,33.8499,,,,31.521,,,,4.1625,,21.6389,125.12,15.4738,24.79,,,26.074,1.84,50.49,,,,13.719,31.3968,,,42.19,23.42,,,9.0442,14.9062,,,11.3051,95.898,17.1974,13.576,,50.6929,10.5,,40.0045,,45.7895,6.801,,11.557,19.8309,28.67,4.46,21.49,,56.811,,50.03,2.65,,,,10.2241,29.622,,,4.70793,,,41.8685,,,,81.6559,,51.0959,,,,28.4051,7.39063,135.289,11.5582,,14.1433,,,,,18.0581,,,,29.1333,,15.328,10.7494,,,22.8957,19.8651,,7.72368,,15.7807,
2011-05-01,8.6031,12.3672,72.8674,52.1975,20.9229,46.9183,116.164,,20.2129,35.1,2.61043,14.3122,87.257,7.50107,65.0838,18.2498,45.6811,5.30743,16.1119,16.6062,45.173,76.5665,44.045,15.8478,10.8393,19.8702,56.5403,46.7019,11.11,5.93789,9.8345,35.02,11.4464,45.0419,73.7287,13.5151,35.4125,40.871,13.1777,26.43,26.9435,11.356,27.0063,36.5201,18.8037,28.5578,12.6669,216.369,45.2561,53.5425,92.4787,56.242,45.6353,104.845,61.7779,33.94,4.70975,21.4072,29.2716,55.79,25.954,14.834,11.1276,14.9224,5.8365,11.8388,27.7613,38.3633,21.3858,58.6075,21.6007,33.0309,36.212,15.978,42.025,6.00149,38.777,24.0664,7.0903,41.3549,38.065,26.9641,104.71,4.82537,23.3263,77.011,11.775,24.4684,29.289,22.2327,50.417,31.1953,78.1701,18.1945,4.00733,14.0769,19.4659,515.19,32.901,24.023,25.4926,124.25,18.3216,39.9138,30.46,113.58,3.8686,29.66,20.0504,75.5257,27.5768,31.87,45.7194,26.4644,14.788,5.7814,58.7663,,,,21.7792,,32.3578,17.0688,105.84,21.9141,9.74838,30.2123,22.6337,4.04327,,65.081,26.8519,60.02,,66.52,53.99,,8.9588,25.7798,,,85.7011,,24.4746,2.45503,8.1475,32.887,52.1084,102.427,,5.31292,97.8428,27.34,,75.0832,,33.2319,,33.1669,57.5443,,,22.3698,,35.91,37.8431,5.970833,21.0441,17.6081,41.197,24.15,,56.5553,72.08,,80.1821,14.5143,23.6021,,17.6522,,21.0085,87.0946,62.475,55.98,15.184,21.5,,,45.1234,,18.6456,45.8969,167.37,59.7123,60.5337,13.8923,8.7,,25.2904,57.8541,12.9766,38.4674,,14.6634,20.6386,,,,21.9343,,39.03,20.1843,39.36,,8.75933,17.73,10.69,27.34,38.2878,27.5141,14.2376,58.0607,30.288,69.3004,24.5,,33.74,34.4937,74.388,17.9251,5.03615,,,,27.0343,16.39,42.805,31.2584,17.6645,2.9375,4.85,,145.2,24.2879,,38.4673,7.92688,,,,30.534,746.0,8.0653,20.7531,55.5299,44.45,11.53,32.0597,,,,27.853,,,,3.9425,,21.2924,124.43,20.7635,25.41,,,26.1831,2.00933,49.1,,,,12.131,26.8204,,,38.68,21.845,,,9.1549,15.1871,,,11.5801,97.4015,18.0971,12.7708,,46.387,11.22,,40.972,,42.5128,6.31,,11.243,19.7825,27.18,4.53,21.08,,56.2446,,45.4,2.42,,,,9.35744,29.021,,,4.61083,,,40.1471,,,,85.3467,,50.2489,,,,29.326,7.4558,141.926,10.6058,,15.1833,,,,,16.0155,,,,28.5448,,16.13,9.17195,,,23.1906,22.0151,,7.64289,,14.232,
2011-06-01,8.63999,12.8048,71.7355,51.8007,20.359,47.543,109.872,,19.9633,36.61,2.49288,13.3169,98.485,7.56671,64.8183,16.9697,46.044,4.66934,15.9869,15.8797,43.0622,74.3984,41.7141,16.1817,10.2558,18.8402,61.025,43.9966,10.28,6.69218,10.2245,33.46,10.9337,46.2206,72.5862,13.2176,34.1542,38.651,12.6137,25.11,25.8205,10.9772,25.9144,37.4563,18.9469,27.4625,12.2307,220.765,43.8609,53.1845,89.8666,49.676,43.0447,109.851,60.9344,31.47,4.4895,22.1221,28.7012,60.2,26.857,13.862,10.8615,14.3103,6.33201,13.3636,26.9102,34.9683,20.6847,56.5116,21.6555,30.0307,35.1948,15.1599,43.305,5.99465,41.347,23.7129,7.02959,38.8447,37.245,28.3128,102.59,4.94912,21.4863,78.504,11.9649,24.4215,27.665,22.0688,55.473,30.7508,78.0096,17.8311,4.36733,14.214,19.9084,511.93,33.018,23.097,24.4213,132.27,19.0408,42.1026,28.15,110.25,3.7527,33.07,19.9078,77.5652,30.7222,33.31,48.133,25.5716,14.53,6.1638,56.171,,,,19.1483,,31.2657,16.7343,117.72,21.8517,9.37438,29.7603,21.9342,3.80991,,64.587,27.7692,56.71,,59.99,51.99,,8.1499,25.3685,,,85.8293,,23.3596,2.76822,9.664,31.739,49.278,98.2962,,5.62668,96.9838,25.4,,70.0969,,31.4316,,33.721,53.0463,,,20.1874,,35.795,38.5017,6.745833,20.1481,16.9751,42.3091,22.63,,53.3164,75.15,,79.8804,14.3254,23.163,,16.6316,,21.1303,86.8437,60.009,64.58,15.391,20.17,,,50.1805,,19.7246,45.1736,168.67,58.4798,59.3195,13.7358,8.8825,,24.8233,52.9329,12.7322,38.5226,,14.7151,19.9937,,,,20.5815,,40.29,18.2315,38.78,,8.93717,18.94,10.56,25.71,37.216,26.4447,12.4799,54.7786,28.7579,63.6766,22.8,,29.64,34.4113,71.972,18.99,5.10208,,,,25.9707,15.28,43.8096,29.4919,17.6918,2.9125,5.458,,109.05,24.2162,,38.8971,7.78741,,,,29.7278,725.48,8.05885,21.7168,54.6068,42.17,11.47,31.176,,,,28.302,,,,3.6225,,20.0429,119.36,21.0302,26.78,,,25.8162,1.942,50.36,,,,12.783,25.1267,,,40.65,19.82,,,9.1187,13.5375,,,11.2572,89.9131,18.5135,12.2074,,48.9091,10.47,,40.8713,,39.9184,5.928,,10.64,18.9562,27.12,4.55,22.17,,52.0854,,55.91,2.15,,,,8.98831,29.96,,,4.4809,,,37.2461,,,,81.9267,,49.8908,,,,29.2647,7.12078,133.368,10.0707,,14.69,,,,,16.3027,,,,27.5504,,15.658,9.38934,,,23.5894,22.5273,,7.09415,,13.2627,
2011-07-01,8.22399,12.995,74.3788,49.1682,18.4944,43.449,111.41,,19.7018,37.61,2.6658,11.9345,93.834,7.31359,63.566,16.6739,46.4902,4.58236,16.3511,15.5078,42.1133,78.0689,41.8838,14.6216,10.5719,18.4528,62.864,41.2674,8.32,5.96556,11.126,31.21,11.2687,46.0937,73.4026,12.8049,32.5401,42.73,15.038,21.8,25.1723,11.2851,20.2304,37.1502,18.4887,27.1142,11.4355,213.157,40.8857,62.4422,93.8968,54.278,43.2095,111.837,55.8947,24.22,3.96875,21.869,28.1803,54.96,29.364,11.514,11.2561,12.7405,5.94216,14.9286,32.5306,30.9378,20.7042,57.606,21.1773,27.1615,35.0172,14.3635,41.77,5.4294,44.507,22.309,6.68771,41.4094,36.178,28.4982,110.16,4.45755,23.5565,76.27,11.6741,23.6055,28.4823,20.9028,58.299,30.9559,76.5403,16.8657,3.96667,13.1908,18.2543,537.65,33.615,21.849,23.2739,118.23,19.331,43.9691,32.54,93.48,3.7999,31.97,19.8567,79.7202,30.277,33.115,47.1162,25.4206,11.892,6.4916,58.6581,,,15.4243,19.6145,,29.024,16.619,125.67,20.0352,8.05883,31.6653,21.6704,3.51734,,70.584,26.2768,53.06,,52.03,51.86,,7.012,25.1946,,,89.7241,,21.2969,2.44976,9.176,25.819,47.4693,101.078,,5.54598,100.584,23.01,,66.2869,,25.4097,,32.4358,52.4992,,,22.2322,,33.23,35.2372,6.385,19.6105,16.8898,40.762,18.12,,50.1118,62.45,,82.6098,14.2855,22.0203,,17.9635,,20.822,86.5014,59.721,63.03,13.741,18.57,,,49.564,,19.0465,47.8217,154.81,56.2606,60.8221,13.4553,8.2025,,23.0805,46.3172,11.9909,38.1678,,14.2536,19.0477,,,,19.2731,,36.91,18.0062,41.47,,8.79189,17.44,10.33,23.97,37.1961,25.8822,14.2726,58.0214,29.3819,63.9684,21.99,,29.64,32.409,59.579,18.1943,4.77844,,,,25.0558,13.49,45.36,28.6161,16.9705,2.7155,4.064,,96.6,24.3448,,35.3244,7.39129,,,,29.7358,680.09,8.0048,22.6378,53.8658,40.0,11.1,30.6047,,,,31.634,,,,3.545,,20.1694,109.0,22.3887,25.49,,,23.1626,1.878,54.23,,,,12.223,18.5926,,,39.55,17.79,,,9.4782,11.844,,,9.56825,80.9214,16.8302,11.741,,45.5031,8.69,,43.0841,,36.1278,5.876,,11.267,19.2847,22.65,4.11,19.66,,51.9831,,60.54,2.3,,,,9.01687,29.517,,,4.452,,,31.985,,,,76.8227,,52.3744,,,,27.4103,7.16268,124.082,9.04003,,16.5417,,,,,14.3495,,,,26.2367,,15.09,9.2355,,,22.4582,21.6389,,7.49613,,13.516,
2011-08-01,7.36713,12.2489,73.0428,48.2517,16.9742,40.2836,96.2378,,19.3571,40.38,2.60633,10.0028,86.769,6.58066,56.584,15.1154,40.4838,3.42084,15.3932,12.8904,35.3332,80.7478,38.7901,14.5803,9.40855,17.8916,51.587,35.0111,6.93,5.81331,10.7615,31.15,10.4851,42.9118,71.3078,10.9015,29.5483,36.488,13.4752,15.16,23.6306,10.6578,14.69,34.3151,18.8304,23.8653,8.53902,188.535,38.9807,62.0613,95.4488,47.358,44.3021,113.549,54.7157,21.94,4.02775,20.9218,27.973,52.36,28.152,9.1472,9.53549,12.5195,5.9119,15.2988,30.766,31.3074,21.3115,53.6514,22.0526,25.7806,32.5326,11.9357,36.79,5.21659,42.373,23.3327,6.58308,40.3305,32.188,30.9894,110.91,4.54233,27.792,70.623,11.1312,24.2894,28.1404,17.8886,41.444,30.3455,72.1592,17.0875,4.32533,13.5682,18.9125,537.26,32.775,14.977,21.7774,99.98,19.8958,36.3503,26.18,81.57,3.3573,28.11,18.9829,83.6983,27.1495,35.715,42.6985,19.4289,12.575,6.2674,59.0381,,,13.1211,17.3248,,33.7654,15.2231,96.61,18.6792,6.81035,31.6896,22.2663,3.19732,,65.7629,24.1645,59.03,,49.55,45.27,,6.6923,23.485,,,85.2272,,18.4876,2.41173,8.8575,21.972,39.8367,84.4472,,5.17398,102.855,16.68,,62.4411,,19.0784,,33.9348,46.2427,,,18.1219,,32.955,32.0321,7.11,20.9545,18.3097,36.2169,18.59,,55.3526,52.1,,74.3614,14.4403,23.6189,,18.2405,,20.8914,82.6656,55.165,59.08,12.978,16.64,,,50.549,,18.7431,48.2882,159.27,42.8533,63.0618,13.85,7.9725,,22.3185,43.7982,12.4936,37.2524,,11.6288,18.1066,,,,21.2303,,35.62,15.9183,39.89,,8.33162,16.07,9.24,25.88,36.8276,26.4626,10.4592,51.5192,27.3111,63.2504,19.1,,28.41,31.5695,57.392,16.4254,5.2534,,,,25.3078,13.22,38.678,25.5901,17.5223,2.69,3.826,,85.95,24.6945,,31.6675,7.41419,,,,27.5107,636.5,6.93965,25.6412,51.7904,35.93,9.25,28.896,,,,31.227,,,,3.0075,,18.4439,100.34,23.1052,25.23,,,22.5836,1.64933,54.59,,,,13.581,15.3123,,,33.12,18.57,,,8.9989,11.089,,,9.25545,77.4881,16.1528,9.56229,,39.2596,7.27,,42.9238,,34.3699,5.118,,11.227,17.0462,19.23,4.45,17.48,,49.0812,,54.73,1.93,,,,7.50571,25.352,,,4.17753,,,27.006,,,,70.703,,52.2567,,,,24.5197,5.4582,115.498,7.97875,,14.8267,,,,,13.2339,,,,21.5366,,13.958,8.50419,,,22.6345,19.8085,,7.13142,,12.0879,
2011-09-01,7.16523,11.7009,68.3617,45.2155,15.176,39.7056,78.2825,,18.6955,32.78,2.16978,9.90539,85.801,6.2543,51.998,11.8335,37.4738,2.51708,14.9777,11.8744,29.1207,73.238,33.6933,14.4939,8.08177,16.2885,40.0293,30.1625,5.74,4.84436,10.8115,28.61,8.89974,38.5917,61.2507,10.1437,29.2016,27.112,12.8295,13.46,20.4325,9.35264,9.3437,31.8285,18.0559,18.2701,7.92145,173.26,34.7379,56.0516,80.4095,45.828,44.2537,107.57,53.145,19.88,3.8885,20.9791,28.4743,53.53,23.923,5.52,8.44092,11.8708,5.87702,12.4811,27.4397,26.6983,20.0441,54.2485,21.8109,20.3022,28.4086,10.1167,31.335,4.5289,40.477,21.741,6.42867,36.7279,28.57,29.8111,82.495,4.61603,18.7668,43.618,10.8909,23.5575,26.2107,15.6021,34.67,27.8717,64.6241,17.5637,4.442,13.2835,18.5181,449.46,27.718,11.689,17.151,63.21,19.4061,25.8876,22.31,71.05,1.6181,23.85,17.1792,85.7984,23.0201,37.57,41.9694,17.4864,11.88,6.059,40.6485,,,9.58258,12.2165,,34.8375,15.2453,81.06,17.4263,6.03788,29.6739,21.3568,3.26799,,57.4561,20.4187,58.2,,42.91,44.46,,6.6655,20.4147,,,84.5798,,15.526,2.39466,8.301,18.323,32.5581,75.6223,,5.27276,86.7583,16.84,,55.7261,,19.2033,,33.8682,37.2801,,,15.7765,,31.005,27.8029,7.274167,19.6398,18.5891,32.5447,19.38,,53.0121,40.92,,70.2434,12.5972,23.9381,,15.1132,,19.7135,73.157,51.803,62.23,12.655,15.21,,,44.9415,,19.7096,40.6776,139.96,34.2655,57.8639,13.2003,7.1675,,19.6646,34.2792,11.7908,34.8091,,9.27149,16.7722,,,,20.5666,,34.87,14.7935,34.485,,6.79177,13.97,9.24,24.36,33.6004,24.6019,8.7772,43.7718,23.3808,62.21,15.17,,26.26,27.695,42.999,16.0122,4.7007,,,,25.1779,12.72,26.766,20.7969,17.5924,2.445,3.36,,72.75,23.896,,26.5367,7.14557,,,,25.0186,603.98,6.2603,22.6258,48.4185,30.94,8.01,25.0905,,,,25.706,,,,3.0,,17.0599,90.77,22.7069,25.28,,,22.8087,1.626,48.86,,,,12.394,13.2728,,,28.62,16.775,,,7.5251,8.93576,,,7.84213,78.4352,15.1586,7.52387,,35.5441,7.18,,35.8097,,29.8018,5.197,,10.893,16.9947,15.44,4.31,15.26,,44.2131,,48.69,1.27,,,,6.55784,21.678,,,3.6014,,,22.4322,,,,66.9109,,50.5834,,,,22.5361,4.31103,103.734,6.48321,,15.5267,,,,,11.4039,,,,19.1087,,12.692,7.40486,,,20.2133,16.1806,,6.72235,,11.2412,
2011-10-01,8.07306,12.6274,79.8408,50.2886,17.2523,44.9842,90.7006,,19.789,38.94,2.41994,11.0425,107.18,6.52673,56.6115,16.3662,47.0523,2.96429,16.0818,14.5378,36.5167,84.9057,37.3936,16.1149,9.93968,18.2998,55.7523,35.7645,6.38,5.7718,10.6755,32.09,10.4744,43.257,68.0469,11.5849,33.8805,34.17,14.7625,17.78,22.0011,11.0462,15.1553,35.5938,18.9163,21.6085,10.3366,181.514,39.0667,66.0095,94.2746,55.383,45.3264,131.694,53.8871,26.94,4.3035,23.0377,30.6568,59.66,24.39,9.122,9.92479,13.8068,6.75308,15.668,32.6533,29.4961,22.7821,57.3202,22.609,25.4329,34.2095,13.0914,35.0,5.2753,48.207,22.0439,6.95996,41.1377,33.293,32.6542,95.534,4.45923,24.6781,58.154,11.9332,24.1954,29.5045,16.1628,35.349,31.3798,76.1724,19.5778,5.07,12.9949,20.5867,507.72,33.04,11.408,18.0442,49.77,21.1092,33.908,27.25,103.95,1.1726,30.06,17.3473,79.7583,29.0886,39.98,48.5883,21.4625,12.57,6.7224,48.6067,,,12.7127,16.4272,,36.5895,17.0154,103.66,19.6796,9.50067,30.1802,23.1134,3.69909,,73.4078,24.4799,55.3,,52.65,39.59,,7.572,23.8281,,,93.474,,19.8893,2.46749,10.551,25.159,38.2707,89.7301,,5.98038,103.199,23.41,,63.6205,,22.3359,,34.2372,44.2325,,,17.401,,34.66,35.5441,7.424167,20.4451,18.5802,38.1235,19.32,,59.3753,30.62,,75.9174,15.2367,24.2136,10.9716,17.1768,,23.1609,77.2784,50.807,67.29,14.961,16.12,,,51.6818,,17.2565,42.6102,153.6,45.2028,62.3168,14.0665,8.7875,,22.3613,44.1756,14.2413,39.3381,,11.5076,18.7787,,,,21.9679,,38.52,17.3102,35.995,,7.91469,13.77,11.07,26.81,37.1167,24.1846,10.8812,47.1188,27.1134,70.4782,23.03,,27.96,30.493,52.324,17.6934,5.47314,,,,28.1515,15.78,35.8814,25.2143,18.1521,2.7225,4.612,,81.3,25.2719,,30.3412,8.37839,,,,26.4811,642.75,7.89725,25.4175,53.9016,35.74,9.39,31.8815,,,,31.483,,,,2.4475,,17.9549,99.55,26.6855,31.57,,,25.4512,1.958,54.47,,,,15.063,16.8909,,,32.28,20.205,,,8.1377,10.9376,,,9.76156,87.6475,15.3338,9.47218,,41.4741,7.57,,39.292,,35.8102,6.153,,11.99,19.4569,21.18,4.97,16.32,,46.8555,,56.48,1.63,,,,8.05335,27.154,,,4.014,,,28.0084,,,,70.9739,,56.5263,,,,28.4683,5.57596,110.607,8.4023,,19.2067,,,,,13.5349,,,,23.6243,,14.718,9.78645,,,23.5067,20.4997,,7.92949,,13.7649,
2011-11-01,7.80513,11.7413,77.8249,51.749,16.6123,47.2856,79.6761,,19.8474,36.11,2.14793,9.07917,105.88,6.27242,54.8369,14.9065,45.2555,3.10598,15.3835,16.1878,37.0608,86.7814,33.8936,16.8513,10.6743,17.6205,56.1424,35.3591,6.59,5.88241,9.6145,33.58,9.45099,52.3335,65.5654,11.5677,31.3667,33.368,14.9309,16.81,20.2379,11.6795,14.0535,32.1957,19.4378,18.8634,10.2505,191.539,37.5095,68.7632,88.0285,35.805,48.5259,117.68,53.1746,28.91,3.89225,21.5921,31.3632,54.23,25.909,9.1888,9.05881,13.4504,7.38392,17.8706,32.0031,28.0228,22.37,56.8895,23.3094,28.2016,33.4206,13.29,38.09,5.03578,48.247,21.2674,7.29194,44.8865,29.605,35.2211,90.453,4.34902,21.3084,58.03,12.1914,24.2228,27.9943,17.6332,32.375,30.2888,80.0033,19.9381,5.14933,12.7593,20.294,485.89,38.6,11.247,17.4883,47.86,22.0044,36.3679,26.98,113.03,0.92186,28.76,15.9378,86.5667,25.068,40.745,46.7034,20.063,11.005,6.4312,43.8299,,20.5731,11.9036,18.9468,,37.4307,17.5467,89.59,20.8107,10.1674,30.879,24.5953,3.50794,,66.9766,26.5354,59.42,,54.56,28.99,,7.2165,24.2595,,,93.4543,,16.3801,2.18613,10.166,23.46,38.5573,91.6287,,6.10008,96.0119,28.14,,69.3747,,23.2246,,38.2591,42.2127,,,14.3238,,32.17,36.5069,7.683333,20.8084,18.6812,41.3309,17.97,,63.1587,27.82,,79.0886,16.299,24.8281,12.5942,16.1867,,23.2224,75.0536,58.472,69.63,15.606,17.61,,,53.0577,,15.2536,39.1375,159.8,46.2541,62.0871,14.5587,9.678,,21.5465,47.9407,14.8996,40.0739,,11.4358,18.7253,,,,22.7343,,37.83,16.9865,37.595,,8.36111,13.77,10.94,27.97,39.8482,22.2582,9.72134,46.743,24.9001,69.1561,24.5,,28.4,30.8194,37.941,17.9458,5.59484,,,,28.9434,13.95,38.3051,27.1371,18.3935,2.80875,4.798,,75.0,25.4467,,31.2099,8.20895,,,,25.8566,669.85,8.38495,25.2484,55.1325,37.86,8.64,32.4049,,,,31.32,,,,2.005,,17.8008,94.3,27.4406,32.05,,,26.6947,2.18267,56.68,,,,16.519,15.8845,,,28.35,21.54,,,8.3886,10.5681,,,9.22396,82.4427,15.1052,9.9941,,42.0912,7.53,,37.4068,,38.3399,6.654,,12.59,19.9408,21.85,6.02,18.58,,47.5968,,49.7,1.55,,,,7.56851,36.104,,,3.99693,,,28.8305,,,15.87,72.5567,,52.8364,,,,25.5491,5.36107,120.597,8.05496,,18.1567,,,,,14.0833,,,,24.149,,14.415,9.32939,,,23.1785,20.675,,7.25804,,13.849,
2011-12-01,8.20303,12.034,80.8525,52.7903,16.9363,46.8065,75.1601,20.3562,20.6734,36.87,2.25959,8.66626,101.37,6.00472,57.3651,14.0911,44.2922,3.25449,15.8,17.2784,36.945,89.0965,34.9929,17.2656,11.3065,18.7061,53.2325,38.2359,6.55,5.54338,8.655,35.72,9.84616,49.8202,68.8399,12.1644,29.9503,29.412,16.0892,15.22,22.3876,12.464,12.3063,31.6592,20.0878,18.521,10.7372,201.055,35.309,59.4389,92.7177,36.499,49.3638,114.679,54.4264,32.28,4.062,21.3894,32.8167,48.51,27.026,7.6284,9.49812,14.1119,7.73149,15.3109,28.278,28.3716,23.9754,58.536,24.5632,27.3359,32.4403,13.1824,37.905,5.04446,51.447,21.5117,6.80949,46.6762,25.365,35.0606,82.896,4.74088,22.098,53.353,11.8571,25.442,29.5771,18.7765,36.233,32.918,81.5823,21.2729,5.33,13.047,21.23,467.71,38.503,11.649,17.8434,33.76,23.0412,37.259,27.56,106.12,0.9899,30.48,14.6728,86.0324,24.2413,41.555,42.9188,20.8352,11.783,6.7548,41.8965,22.419,22.122,11.8692,18.8411,,37.9574,19.1364,79.36,18.2187,9.75523,32.6926,27.0405,3.18551,,69.5418,26.1166,55.43,,59.85,33.21,,7.19,24.5017,,27.25,94.7244,,15.5976,2.11739,8.975,21.056,37.256,92.9654,,5.92446,102.305,29.55,,66.8488,,20.9818,,39.0877,42.8838,,,14.2472,,32.215,36.2426,7.678333,21.5759,19.3183,40.7352,18.87,,63.5874,30.48,,80.1821,16.4802,25.4554,12.8583,17.2956,,25.3094,83.1328,62.973,64.92,16.883,17.51,,,52.6512,,17.5599,42.7066,147.71,43.8378,64.1998,15.2133,9.898,,23.0855,50.5616,14.6798,42.5211,,11.9743,18.3193,,,,21.8386,,34.77,17.7202,38.48,,8.54479,15.01,10.4,27.2,41.8626,21.7046,9.85631,49.5255,25.2092,66.2892,23.725,,29.87,30.0712,33.526,18.0573,5.6,,,,29.2936,13.55,36.4764,26.7356,19.3873,2.993,4.362,,83.85,24.8054,,31.7675,8.29636,,,,25.6431,686.0,8.75615,26.2688,55.5,35.78,8.31,33.213,,,,28.649,,,,2.3275,,17.5298,96.04,28.2878,30.11,,,26.3516,1.904,54.85,,,,18.47,14.4457,,,27.33,21.7,,,8.6056,13.2297,,,10.0057,77.1791,15.2775,10.0446,,36.945,7.72,,40.6808,,37.4532,6.673,,12.41,23.4638,22.33,5.12,18.83,,43.5613,,46.66,2.04,,,,7.72744,35.603,,,4.03267,,,29.5247,,,16.403,72.7682,,55.9633,,,,24.8198,5.31149,125.966,8.05496,,12.595,,,,,14.576,,,,25.2592,,14.685,9.58232,,,24.2758,21.6333,,7.11565,,14.1171,
2012-01-01,9.1985,12.5327,85.1797,54.56,18.8067,46.9619,92.6381,18.3588,20.721,35.76,2.42184,9.76559,108.65,6.59405,59.9216,16.0625,50.8285,3.95003,18.8635,18.9314,39.5036,92.0036,37.1349,15.5926,12.4795,18.9146,57.9227,41.2416,7.71,5.86165,9.722,37.04,11.0677,51.3948,71.9152,12.722,33.4162,28.638,14.4506,19.3,24.0426,13.102,18.0349,31.1178,20.5994,22.6094,11.9329,203.323,38.4897,55.1893,96.5453,34.328,52.2405,126.255,53.6913,32.23,3.93275,20.3058,31.6513,53.56,30.147,11.156,10.8131,14.2146,8.30653,12.871,26.0739,32.2761,24.3278,58.9921,23.8892,30.3272,34.9875,14.8116,40.905,6.04886,51.1,22.865,6.87942,44.4746,29.2,33.4486,86.454,4.66134,27.0379,61.826,11.7137,24.5125,31.2872,22.0491,35.574,34.5383,87.8504,22.7414,5.434,13.0527,21.2898,529.49,37.677,11.864,18.6783,42.28,22.8341,39.3929,26.5,119.74,1.7171,30.43,13.6702,84.5301,28.3818,42.4,46.2312,23.103,13.778,7.3458,46.5393,29.266,22.3072,13.6208,24.9913,,39.3131,19.4999,95.05,20.2748,12.5729,35.3733,28.33,3.66444,,76.1497,29.1502,90.86,,61.16,36.95,,9.3757,26.2948,,30.95,101.11,,18.4816,2.49015,9.952,23.096,39.583,97.3814,,6.82026,104.85,38.24,,73.131,,23.2781,,39.02,47.3188,,,18.9538,,35.445,37.6583,8.71,22.5538,19.1539,46.1611,23.1,,69.9935,51.86,,94.8669,17.9017,26.95,14.0194,18.0893,,25.24,83.2806,63.747,76.15,17.119,20.39,,,57.5207,,17.9706,44.1246,175.5,54.7394,66.8246,14.7773,11.3,,24.3653,55.6736,15.9099,45.1944,,13.9508,20.4298,,,,21.6105,,37.91,20.0295,42.295,,9.08196,17.7,10.56,29.17,44.5545,24.8027,12.3269,51.9892,27.6891,67.3147,23.56,,33.99,29.7518,52.255,19.1931,5.39161,,,,29.8086,15.6,40.1889,32.2059,19.1586,2.94,4.562,,93.75,24.1062,,34.839,8.26774,,,,25.8635,693.25,9.20765,27.1032,55.4133,37.84,10.28,32.6596,,,,32.932,,,,2.7425,,18.7894,101.56,27.2087,35.13,,,29.7666,1.938,56.76,,,,19.146,19.9576,,,33.77,23.415,,,9.2544,14.3872,,,10.1093,78.1003,15.2745,12.1846,,40.6813,8.7,,42.1624,,41.3104,5.667,,12.017,24.0903,30.61,4.76,19.46,,43.6105,,63.13,2.53,,,,8.72031,35.995,,,4.36147,,,31.67,,,20.431,77.3559,,55.2855,,,,27.4666,6.37136,128.61,8.77511,,13.475,,,,,14.6565,,,,27.2122,,15.722,10.6956,,,24.4256,22.7016,,7.24543,,13.2343,
2012-02-01,10.1772,14.1797,85.5479,55.9415,19.0428,46.9352,96.0153,16.1365,20.6883,34.08,2.46774,11.8715,107.28,6.84452,61.3347,16.4951,54.305,4.35877,17.5762,20.5889,42.5711,88.8213,37.5288,15.8528,12.8911,19.7659,64.6177,43.1659,9.09,6.5885,8.9845,36.95,11.1658,51.9366,70.1896,11.6411,33.0449,28.801,15.4002,18.33,26.7153,14.4936,23.1259,37.6128,20.471,23.2047,11.4671,211.487,37.6479,61.0976,92.0558,34.342,51.4796,144.302,51.8657,36.0,3.85975,24.4773,34.0874,66.55,31.71,13.066,11.026,14.027,9.37477,14.075,27.4832,34.3514,23.1375,56.7445,24.1554,32.6379,35.8865,16.3342,43.275,6.21859,56.847,23.2919,7.31799,49.679,35.79,39.5106,89.341,4.56865,28.4155,54.526,11.5901,25.5309,30.0004,23.8105,33.475,33.291,86.09,23.9316,5.76667,13.1474,20.5966,627.02,37.176,13.823,17.7357,32.3,26.4505,39.1833,28.39,124.96,1.5819,30.69,13.8463,91.2055,31.5024,44.26,48.002,24.5249,12.188,7.8044,48.0114,28.661,22.3687,14.8972,25.039,,38.8035,21.1673,121.98,21.197,15.7666,37.803,32.0588,3.58789,,83.8655,29.5242,104.79,,63.51,38.92,,8.7186,26.3996,,43.25,110.736,,20.0217,2.75931,11.155,24.3,42.8123,103.067,,7.22784,101.941,41.68,,76.4736,,25.3998,,42.3693,48.9391,,,23.6908,,37.01,38.7502,9.5315,22.9492,20.2517,46.4084,20.65,,77.9642,51.25,,110.836,17.9348,27.5804,14.6007,17.3939,,25.8211,76.8717,70.128,83.24,15.419,20.73,,,65.3685,,19.7996,43.0491,180.28,56.62,67.4523,14.8609,12.2,,25.1562,59.4606,15.5492,46.2396,,13.9508,21.5214,,,,23.3791,,40.26,20.2429,42.875,,9.65771,16.96,11.77,30.47,45.7335,25.0353,13.0098,51.4739,28.9895,69.25,25.61,,37.03,32.3078,52.096,19.491,5.12425,,,,29.499,15.45,39.2474,30.6689,18.5377,3.11125,5.41,,107.55,23.1055,,35.9366,8.6247,,,,27.1284,692.0,9.40095,29.0028,53.6785,38.44,9.32,35.4968,,,,37.285,,,,2.6975,,19.3071,101.92,32.0427,37.77,,,31.8608,2.22733,59.6,,14.13,,16.767,23.3098,,,35.13,25.145,,,9.618,16.3218,,,10.489,77.5229,16.0882,11.3161,,49.43,9.07,,40.5244,,42.6587,5.998,,12.35,25.8271,33.96,4.03,19.74,,51.4661,,67.02,3.06,,,,8.61233,40.234,,,4.44507,,,34.2322,,,24.365,76.0864,,54.8828,,,,29.5895,6.19738,140.651,9.19016,,12.46,,,,,15.7165,,,,26.2377,,16.575,10.2335,,,24.1228,23.8363,,6.97822,,14.2443,
2012-03-01,10.3823,14.6399,91.9671,58.653,20.4565,49.5799,103.698,16.2946,22.3186,34.31,2.6236,12.988,116.06,7.176,65.8521,17.3544,56.2531,4.99569,18.8635,23.9394,37.4606,92.3325,38.6617,16.0541,13.6327,21.3482,62.3122,44.2295,8.32,6.8309,10.1255,38.35,11.6786,54.9458,72.9504,11.7917,35.8373,27.418,15.9731,19.96,28.0577,15.4055,20.4948,38.3216,20.4433,21.2583,11.9794,200.567,40.0914,55.8229,101.052,37.202,51.8368,144.99,51.3323,36.7,3.7005,24.3813,32.5049,68.15,31.143,11.505,11.4112,14.4663,9.6279,12.5793,24.9932,35.7577,23.1093,61.2935,24.9339,31.8933,37.2579,17.5876,45.085,6.65375,60.193,24.0336,7.19624,53.1678,38.628,39.5605,94.145,4.87068,27.9006,59.494,12.0124,26.395,30.9746,25.1071,31.91,33.6114,93.2762,26.0703,6.09,12.3056,20.5966,717.5,37.169,12.105,19.1629,25.05,26.8268,34.4848,29.11,134.96,1.6434,34.65,12.6913,91.4257,32.0737,47.245,52.0029,26.4576,12.122,8.36,45.9709,31.72,23.985,15.5462,25.4693,,42.6221,23.2107,131.98,26.2117,16.1846,38.9169,32.1818,3.83922,,88.1257,30.1242,116.62,,66.51,41.01,,8.8151,28.2388,,46.59,114.924,,19.7349,2.86924,11.75,25.1,40.2247,108.326,,7.65864,111.14,42.89,,76.2558,,23.5658,,45.7515,50.0705,,,24.285,,37.84,39.0661,10.3485,24.1813,20.874,49.2663,21.5,,80.9421,52.61,,124.483,19.7351,27.3762,16.663,18.5646,,27.3103,75.5317,70.173,92.89,16.106,21.55,,,63.6989,,20.3574,46.2659,184.75,54.5781,68.9636,15.1021,12.242,,23.1511,60.0756,15.2112,47.6629,,14.5253,21.6584,,,,24.1058,,42.64,20.9786,43.725,,9.61022,19.3,11.84,30.66,49.515,26.4139,12.8668,52.8656,30.1339,73.3183,27.55,,38.77,33.6146,51.522,19.275,5.38306,,,,29.8363,15.385,38.1008,34.3955,19.0437,3.25875,5.53,,118.8,23.6545,,36.2247,8.73349,,,,27.336,726.33,10.2985,32.6418,55.6952,41.18,9.4,35.8014,,,,38.771,,,,2.6075,,19.7392,103.69,32.6819,38.41,,,32.8863,2.48267,63.05,,20.52,,16.179,25.0143,,,36.09,27.21,,,9.716,17.2701,7.34,,10.5528,87.8423,15.7549,11.1844,,49.0252,9.01,,43.3528,,40.9518,6.904,,12.413,26.4218,33.63,4.34,19.14,,52.3193,,74.73,4.23,,,,8.91622,43.633,,,4.6965,,,35.4158,,,24.067,77.483,,56.2028,,,,29.7543,6.31467,145.919,9.52364,,10.5083,,,,,15.4403,,,,26.1589,,17.348,9.80139,,,25.353,27.1217,,6.86349,,13.8322,
2012-04-01,10.5569,16.275,98.2551,56.7801,19.1823,46.7778,96.0252,15.1975,23.0554,34.58,2.69704,12.795,123.44,6.34279,65.3876,16.6367,53.2538,5.10982,20.081,24.4699,36.5953,95.7219,39.4207,15.3011,14.6963,19.5474,59.4004,41.9702,6.01,6.33932,11.595,41.11,11.8892,57.978,75.2191,12.3122,34.1502,26.723,15.0664,18.81,28.5217,16.6728,20.6204,35.2119,21.437,20.2457,12.1377,204.367,34.482,63.9966,103.933,37.627,54.1225,143.24,46.8299,32.59,3.85625,23.5972,32.3756,69.78,39.718,11.496,11.5638,13.7555,8.36186,14.1806,25.8304,36.1233,24.279,59.9906,26.1114,31.7328,38.1172,16.3821,44.29,6.47234,64.243,21.5276,6.82665,53.7091,38.933,42.5769,100.52,4.91637,29.4897,53.987,11.8907,26.1533,31.8929,23.5407,30.291,34.6721,95.9826,27.5972,7.034,12.9698,21.8023,760.82,34.648,9.797,17.8256,18.4,27.9593,32.8474,28.96,133.93,1.1449,30.87,13.7666,92.8163,30.0595,50.83,52.9285,26.2773,13.828,8.283,43.9163,33.357,24.1019,14.9187,24.377,,43.7858,21.7538,130.67,23.9822,18.6283,41.303,32.2854,3.58537,,87.6056,31.2583,135.26,,67.02,38.48,,9.743,30.108,,45.67,117.239,,17.6951,2.53886,12.242,23.344,40.9947,110.056,,8.32232,115.857,46.68,,73.7994,,25.6389,,47.6773,53.2237,,,23.84,,38.37,40.3954,10.8335,24.6555,21.5567,50.1213,21.92,,83.8978,44.53,,129.818,20.8052,27.7319,17.1692,18.4517,,28.7003,78.7227,66.877,88.18,15.199,19.12,,,69.3988,,21.9658,47.4635,179.32,55.7539,71.7186,15.9279,9.898,,22.6285,53.2563,16.3239,48.3872,,14.2082,21.3738,,,,22.4242,,43.8,21.0312,43.965,,10.2109,22.66,11.67,30.01,52.4184,29.0597,12.6778,54.1639,30.4576,78.5357,31.71,,39.55,33.4131,47.909,18.7139,5.3761,,,,29.6975,14.105,40.029,33.7194,19.5635,3.30125,5.224,,114.375,24.4981,,37.4125,9.1063,,,,27.1533,783.94,9.60765,30.0321,57.0774,38.79,9.06,36.9458,,,,37.369,,,,2.445,,20.939,107.99,34.0414,39.95,,,32.443,2.20867,64.62,,20.64,,15.871,24.2995,,,35.53,27.07,,,10.168,18.1915,7.28,,11.9697,93.0005,15.0436,9.83264,,48.4765,8.26,,44.6194,,40.4545,7.289,,13.093,28.1794,25.65,4.6,17.86,,49.3054,,74.14,4.17,,,,7.58601,42.638,,,5.69637,,,38.1375,,,23.369,74.3934,,55.8455,,,,29.5145,5.67729,136.409,9.05994,,8.50167,,,,,15.3052,,,,27.723,,17.572,9.50963,,,26.0382,26.6981,,6.09743,,14.3636,
2012-05-01,10.0553,15.5477,93.7818,54.8593,17.148,46.1344,80.1652,13.4589,23.2407,36.02,2.70711,11.7642,120.44,5.69312,62.1618,14.3088,49.3127,4.7679,19.2819,24.0787,31.2147,89.1861,37.9121,16.274,14.9577,17.4535,52.3394,37.3427,5.24,6.22158,10.6455,38.23,10.994,48.0393,71.5187,10.9872,27.1274,22.663,14.4691,16.45,27.7676,16.5718,15.1454,34.1153,20.5806,16.5493,11.1288,188.535,33.2114,55.1525,99.9105,25.282,53.5442,123.717,45.9165,29.34,3.27525,21.7226,26.9549,66.48,42.736,8.6336,10.856,12.1975,7.89759,13.1345,24.1509,31.8139,24.2195,58.0436,27.0425,28.378,34.3484,14.4534,40.625,5.92132,58.123,20.7323,6.07987,50.7082,34.655,38.2695,78.029,4.99859,26.1773,41.432,12.2359,25.851,31.9105,19.0402,25.753,34.3693,95.3427,28.3755,6.386,12.1078,22.2538,625.49,29.663,8.5892,16.2944,12.56,26.2393,28.9978,27.97,103.48,0.90629,28.21,12.4052,91.9992,27.2876,51.59,46.5318,23.4911,14.228,8.2614,39.7417,38.132,21.9834,13.021,23.2616,21.0538,45.1267,20.7214,73.16,22.552,14.1893,39.8392,29.4309,3.20927,,79.9078,31.4912,135.65,,68.1,60.04,29.6,10.755,28.1467,,39.38,114.953,,17.0829,2.43698,12.592,20.173,37.2411,99.8478,,7.74138,110.373,34.55,,60.4281,,24.7551,,46.6558,48.4283,,,23.5925,,37.155,36.1651,12.1,24.11,22.6902,51.9027,25.17,,66.6589,43.06,,128.999,19.4303,27.7091,17.0772,18.1501,,26.5437,76.1586,69.343,89.37,15.422,16.76,,,67.6836,,21.2202,46.9882,156.12,51.8253,70.0244,15.3817,9.035,,20.7088,52.2319,17.7838,45.5997,,13.0248,19.6382,,,,21.5157,,40.68,19.6313,42.42,,9.90117,21.31,10.2,29.55,50.6245,26.4715,10.2322,49.4911,29.9653,81.3174,31.23,,37.9,30.8751,42.366,16.3041,5.39409,,,,28.9691,11.52,32.8873,31.4374,19.5139,3.38875,4.25,,100.5,25.1805,,34.32,9.26648,,,,25.8129,804.8,9.41185,28.3603,54.3995,33.47,9.35,34.5018,,,,31.098,,,,2.69,,22.2812,99.61,27.6488,37.3,,,32.6383,1.96667,59.58,,17.5,,16.31,19.8423,,,33.38,23.583,,,10.387,16.497,6.9,,11.3928,93.7865,15.3126,8.10804,,48.3326,6.74,,42.9315,,32.7818,7.389,,12.743,25.9874,25.51,5.38,18.42,,45.6689,,72.64,3.96,,,,6.79072,40.431,,,5.70037,,,37.6909,,,22.105,70.4914,,52.1972,,,,25.5994,5.27515,121.615,7.62575,,9.27833,,,,,12.8871,,,,25.8617,,16.858,8.20416,,,24.8916,25.5307,,6.09743,,12.9571,
2012-06-01,11.1801,16.6673,98.9322,57.6557,18.3149,48.705,80.2975,12.2024,25.0096,35.28,2.70282,12.7989,132.99,5.60593,63.1201,16.3789,42.7559,5.12473,19.7952,27.2666,33.6712,97.2583,38.8638,15.8194,16.5612,24.4859,50.6185,40.7192,5.66,6.6506,11.4175,43.57,11.6562,48.0134,75.6956,11.3504,27.9442,24.402,14.4496,16.36,29.0538,17.5488,16.2392,35.8124,20.7684,17.3245,11.5937,202.059,33.6461,59.4487,101.858,25.732,57.8796,116.794,46.1301,31.75,3.13525,24.1232,28.1339,72.01,44.767,9.713,11.4631,13.0091,7.19831,15.9082,27.9266,33.4675,26.1793,57.2566,28.2748,31.7879,35.1572,15.018,49.105,6.12514,61.533,20.9934,6.33529,52.8328,34.565,40.4905,78.543,5.34178,29.6627,42.743,12.4455,27.8626,34.6163,18.4879,29.343,36.1243,92.8625,28.0943,5.58467,14.1956,23.7221,664.52,28.919,8.1195,17.7653,15.06,28.1605,27.8323,27.59,99.56,0.9784,25.94,14.0585,104.441,24.9437,53.8,48.9702,24.6268,17.217,7.599,45.6375,39.742,21.8448,16.2128,23.7379,23.3005,50.1807,19.5261,76.54,21.1812,14.9784,42.7996,26.5354,3.24711,,76.7406,31.0455,114.22,,69.83,55.92,31.09,9.733,29.1336,,41.84,123.161,,15.1726,2.65512,11.81,22.297,41.4763,106.026,,7.03814,113.724,34.04,,70.592,,28.9846,,47.9817,51.977,,,23.9962,,39.245,36.4571,11.8665,26.3736,23.6413,54.1481,24.33,,62.3971,40.39,,138.899,21.1217,27.7687,16.8122,18.1119,,27.0654,79.3952,78.379,93.38,16.143,18.04,,,73.9085,,19.8696,47.5806,155.85,51.0956,74.672,16.0432,7.54,,21.0774,48.7933,16.2835,48.8681,,13.3468,20.861,,,,23.5874,,43.05,19.7416,48.065,,10.489,22.7,10.99,29.43,55.5931,26.6603,10.5432,52.9581,32.541,82.4003,33.46,,35.04,31.0705,43.148,17.2803,5.68283,,,,30.2918,9.46,28.5995,34.3955,20.6576,2.96125,4.644,,121.05,26.6496,,33.6752,9.43252,,,,27.2744,850.0,9.35235,23.3956,55.7859,34.36,9.18,37.0722,4.92,,,29.451,,,,3.24,,23.5406,100.01,27.83,40.35,,,35.7173,2.086,61.65,,16.99,,15.854,21.8375,,,32.76,23.005,,,10.079,17.4265,6.22,,12.1422,82.6722,16.7437,9.09685,,46.2382,7.1,,45.0006,,34.9456,8.12,,13.23,25.0176,23.46,5.24,21.37,,48.16,,59.63,4.74,,,,7.37073,42.042,,,5.6865,,,41.1485,,,19.42,78.3886,,52.0083,,,,26.0011,5.6048,122.029,8.36821,,7.335,,,,,14.4836,,,,26.3045,,18.055,9.0446,,,25.0862,26.3021,,6.1454,,12.9821,
2012-07-01,11.3822,17.5759,102.002,55.3507,17.872,47.5083,84.5185,10.8881,25.2305,39.43,2.74284,11.774,134.33,6.04409,65.616,18.6512,36.0654,5.28463,20.974,25.7997,35.9284,100.331,38.6434,12.6107,15.8832,25.5317,56.7964,40.2998,5.04,6.42917,11.665,44.42,12.0573,46.4696,77.4633,11.7517,26.4379,23.387,15.7669,15.58,26.7979,17.3186,17.7616,34.7985,21.355,17.6572,10.7559,184.189,30.8854,60.142,105.91,25.473,59.8662,120.394,41.6513,35.18,2.736,23.278,29.245,67.62,53.073,9.962,11.7689,13.1276,7.73474,17.0422,29.3695,33.3108,27.9926,58.2267,29.1129,33.2378,33.7898,14.7039,49.21,6.56774,53.5,22.9494,6.34483,55.3635,31.09,41.1255,71.378,5.56476,29.9709,35.458,11.4753,28.6317,36.8841,24.1248,18.599,38.5592,93.8185,29.8796,5.716,13.8703,22.6583,661.74,33.261,11.757,17.1391,15.54,29.3984,29.7655,30.55,93.38,0.81214,27.83,16.1265,100.987,25.5177,50.34,49.1419,23.9654,16.867,5.8466,48.6385,33.268,20.8038,17.0719,26.251,26.5004,47.0599,21.9137,71.69,24.3813,18.18,45.1518,26.7561,2.96077,,78.3606,28.9273,134.65,,66.43,48.51,21.71,8.5766,28.8183,,41.29,118.589,,15.1666,2.7289,13.61,21.391,37.5565,108.126,,7.70052,116.289,28.91,,67.2972,,25.2233,,48.9437,51.0085,,,25.4105,,37.405,36.4839,11.07,26.1009,24.5539,49.9882,18.89,,64.1634,41.47,,140.901,22.5977,29.5754,16.7009,18.8082,,27.3797,80.4655,85.07,84.88,15.669,18.52,,,67.88,,18.7558,48.7438,154.8,49.8721,77.9519,16.6042,9.51,,20.8778,55.6556,17.2417,50.8179,,12.194,22.7423,,,,24.2866,,44.39,19.3821,44.085,,10.6463,24.99,12.22,30.29,57.5538,26.9684,8.99426,53.5118,32.7328,80.9792,33.96,,36.92,30.2697,51.304,17.1964,5.98877,,,,30.4734,8.78,31.5008,33.3238,21.0771,2.97,4.802,,127.8,27.2427,,33.1384,8.87742,,,,26.1951,773.98,9.16005,26.5404,58.378,34.54,8.92,37.6235,5.4,,,24.663,,,,2.7525,,23.2898,96.21,30.7376,39.02,,,32.5371,1.828,62.3,,16.04,,20.032,21.2368,,,34.03,22.13,,,8.7978,17.014,5.81,,11.2344,82.6901,15.589,10.0059,,46.2105,6.94,,47.4225,,35.5984,8.253,,12.933,26.0428,24.41,5.41,19.56,,50.484,,56.48,3.6,,,,7.81175,43.047,9.52335,,5.5849,,,38.5377,,,21.619,71.177,,52.1774,,,,26.8972,6.13513,122.363,9.07967,,6.95167,,,,,13.7604,,,,24.94,,17.532,8.84395,,,26.0352,26.8445,,6.09041,,12.984,
2012-08-01,11.7234,18.8346,101.517,54.4391,19.1618,49.1702,88.9374,13.1712,25.4642,40.2,2.6684,12.5745,135.03,6.84127,66.9585,21.3305,42.4973,5.28463,22.2718,28.6449,34.57,98.0412,37.8767,13.1871,17.1427,29.8108,61.8974,43.0756,5.29,7.17744,12.4135,47.68,12.5699,53.1847,78.3217,11.8738,29.9355,24.468,17.0651,17.31,26.8511,17.4282,20.0998,36.6609,22.3211,17.4112,11.2119,191.817,31.7875,62.6312,101.887,27.263,58.2891,132.313,44.6136,37.51,3.302,24.2469,28.6411,76.38,47.831,10.691,11.912,13.8019,7.72872,16.7281,28.2086,37.6114,27.4819,64.8575,27.3368,35.3653,33.7242,15.8478,48.635,6.78978,54.643,21.9327,6.39236,54.0675,36.295,39.8375,78.548,5.47147,31.7546,31.518,11.8106,27.2902,35.9198,25.3671,18.295,36.6488,96.9765,31.1807,5.66333,14.131,23.6542,604.57,34.53,13.058,18.0838,19.99,29.2607,29.2543,37.54,97.49,0.85314,30.59,17.3621,97.4335,26.158,48.17,50.2004,25.3305,17.018,5.7728,48.4698,29.737,21.1594,18.8147,29.0327,29.5993,47.1166,21.8894,84.95,23.6414,19.576,46.3025,27.9627,2.93662,,92.6353,32.0165,148.05,,72.05,53.33,18.06,7.6872,29.6717,,53.95,125.585,,16.4289,2.70429,14.552,23.146,38.4409,113.955,,8.10902,112.299,32.31,,68.7661,,27.1932,,47.2615,52.2066,,,26.7571,,38.405,38.0964,9.8235,26.7903,23.4412,47.7619,18.45,,65.0494,42.08,,156.294,23.5412,30.0829,19.2515,17.8456,,27.5661,81.2045,86.043,94.0,15.083,19.63,,,76.2771,,20.8963,47.8758,165.11,46.8913,77.4132,15.67,10.152,,20.3164,61.6252,18.4185,48.5035,,12.4199,23.6523,,,,24.3596,,49.39,20.2955,47.53,,11.7854,20.01,13.2,33.03,58.257,32.1021,9.31621,53.8206,33.8385,82.9284,33.95,,43.18,32.0319,60.866,19.2376,5.93149,,,,32.432,10.25,31.6745,34.2489,20.0813,3.33875,5.302,,128.7,26.8116,,34.6241,9.05997,,,,29.9363,828.18,9.674,28.6984,60.8029,37.29,8.52,37.1557,6.22,,,28.707,,,,3.325,,22.1518,100.38,31.9078,40.26,,,34.925,1.90133,64.51,,17.5,,18.918,21.9202,,,36.32,24.515,,,8.8814,18.9286,4.96,,11.7206,82.3533,15.5365,9.48406,,53.1524,6.23,,46.1704,,36.4949,8.125,,13.303,26.7622,24.24,5.35,20.97,,49.0595,,65.19,4.45,,,,7.66446,42.47,10.73,,5.85677,,,41.926,,,23.065,74.4442,,46.6738,,,,28.8295,6.09997,127.815,9.33277,,8.25333,,,,,13.3948,,,,26.1699,,17.828,9.36135,,,26.788,29.1565,,6.97844,,15.3273,
2012-09-01,12.4991,19.1895,97.13,52.7875,18.9559,51.718,95.643,12.539,25.7118,43.67,2.61891,12.2663,137.44,6.8964,73.32,21.6157,41.1709,5.47473,25.6045,30.7095,36.1553,94.4401,37.8221,13.4934,18.6259,29.2744,63.0198,44.4704,5.23,7.36992,12.716,48.69,12.5399,54.6194,77.6537,12.3483,32.5501,24.344,18.7944,18.41,26.7811,17.539,20.567,38.5707,22.2351,18.5308,11.8202,197.545,31.5593,67.168,98.6225,25.685,59.3016,126.461,46.4382,38.26,3.6345,23.6616,30.3036,75.41,53.865,11.074,12.1174,13.0011,7.71193,18.1341,30.8431,41.2931,26.6597,65.8982,27.1267,35.4855,35.5114,16.7265,51.805,6.57797,55.07,22.0141,6.54549,54.9584,38.173,42.5311,87.892,5.47869,34.0898,34.411,12.0252,27.6973,34.4635,23.6435,21.564,36.2093,103.672,29.1082,5.57467,14.8104,24.3445,619.07,34.132,15.716,17.8325,22.15,30.6365,30.5196,37.56,104.64,0.77771,28.3,17.4034,102.973,26.2814,48.29,57.0723,26.1665,17.895,6.3508,48.2227,29.284,21.9141,19.8465,30.7109,32.6828,47.5537,21.7354,84.7,24.7598,18.9319,46.7671,29.2532,2.7343,,92.4557,33.1357,152.66,,80.02,55.89,21.66,8.1407,28.506,,53.18,129.506,,17.504,2.59004,13.958,25.976,44.0012,119.143,,8.3988,110.363,32.71,,74.6098,,31.6677,,46.3752,52.0236,,,20.6941,,39.61,40.5057,9.01,26.0941,23.1172,47.3983,19.5,,62.6554,48.19,,162.951,23.2169,30.2385,20.3898,17.5392,,27.9012,80.9337,83.013,96.305,15.766,20.22,,,78.0682,,23.5404,45.9796,170.74,45.2934,76.0553,15.425,9.3525,,20.4048,60.7905,18.0331,45.9283,,12.4029,27.0263,,,,25.1802,,46.09,21.2059,49.675,,12.396,18.05,12.865,32.995,61.2955,34.7321,10.1572,53.9298,33.6525,85.5558,36.97,,44.8,32.6819,56.719,19.0936,5.96112,,,,33.3141,10.44,31.3834,35.9423,20.6867,3.4655,4.824,,160.125,27.4617,,36.2811,9.10823,,,,31.0086,844.5,9.76915,27.8571,63.3882,37.49,8.61,38.1738,7.736,,,31.572,,,,3.7575,,24.8311,106.72,33.9423,44.02,,,36.8654,1.952,63.39,,18.94,,20.094,23.5097,,,39.6,23.83,,,9.747,17.3388,4.14,,11.6459,86.0558,16.2999,8.80215,,52.9173,6.175,,43.259,,37.3178,8.154,,13.88,29.7608,25.15,6.035,21.58,,51.6823,,73.94,5.19,,,,8.1132,44.032,10.2616,,5.46937,,,42.6757,,,23.606,78.2701,,47.0399,,,,27.8762,6.74311,129.219,9.89725,,6.10667,,,,,14.6356,,,,27.0327,,18.508,9.92288,,,26.5983,29.2473,,6.41539,,16.4296,
2012-10-01,13.181,19.1471,97.3779,54.0256,19.3794,47.0609,102.954,12.2024,25.6632,44.4,2.68975,13.7677,127.31,6.97877,80.2098,19.8561,41.1962,4.9578,25.9339,33.1292,40.4063,94.0725,37.4253,14.1591,18.923,31.982,57.9764,45.7899,5.96,7.34135,11.6445,37.07,12.1873,54.6641,74.6223,8.62957,31.0398,28.493,16.9461,18.02,28.1983,16.8466,20.5393,37.6561,21.8222,18.487,10.6511,182.728,31.7875,62.835,98.2978,23.163,62.5336,128.468,47.809,37.99,3.95075,23.2374,30.72,68.31,55.085,11.828,12.1174,12.4464,8.05674,18.9746,31.6923,36.9047,26.5816,65.3686,27.7007,37.6406,34.3018,16.2793,56.26,6.7188,60.247,22.6843,6.68341,54.1172,36.495,43.4472,92.187,5.27163,31.4779,31.895,12.2052,28.4741,35.027,20.8953,24.88,37.266,103.103,27.4685,5.72313,16.8374,25.555,573.77,30.151,13.702,16.4566,24.3,31.6586,30.641,35.75,82.59,1.132,33.75,17.6107,101.858,25.0336,39.87,55.5753,25.6177,14.472,5.0906,44.0205,26.936,21.2247,19.9683,31.7391,33.4213,44.8559,21.461,87.1,23.6236,16.7094,48.7032,26.6322,3.04597,,108.51,33.2313,142.3,,83.47,48.28,21.11,8.5585,28.3927,,54.69,130.511,,19.6215,2.45379,13.065,28.951,39.8277,122.553,,8.16988,111.65,40.66,,74.1057,,27.0602,,49.7941,48.9277,,,20.5469,,36.875,43.1007,7.4415,25.1601,21.7311,53.4638,19.21,,64.9432,47.5,,142.804,24.0834,29.9738,21.4724,17.3123,,27.6056,73.8067,85.612,92.19,17.193,20.62,,,73.3027,,23.919,46.0308,169.37,47.3802,77.8825,16.052,9.495,,20.8539,62.2722,20.3702,40.39,,12.5488,26.2562,,,,25.2434,,46.41,22.0676,48.1,,13.1342,15.96,12.65,32.2,64.6658,34.2769,9.74033,51.6647,33.1631,88.824,26.57,,47.41,24.6021,52.611,18.7909,5.77748,,,,33.4481,11.15,31.5087,36.2258,20.715,3.59875,3.874,14.9297,135.0,27.6002,,37.1281,9.44703,,,,31.1347,903.74,10.8828,27.5279,62.5706,35.93,9.15,38.9411,6.13,,,31.618,,,,3.275,,25.2942,101.35,36.5723,47.81,,,37.289,1.8754,64.03,,17.98,,29.847,22.8056,,,37.32,23.585,,,9.1391,17.0559,3.67,,11.4107,80.817,15.2623,9.89602,,53.3549,6.15,,44.0252,,35.6168,8.29,,14.683,30.3536,25.07,7.81,21.21,,54.7484,,68.84,5.51,,,,8.72667,46.359,9.16335,,5.2422,,,44.3554,,,23.94,71.7187,,45.9347,,,,26.378,6.98694,137.464,9.85761,,4.77167,48.5,,,,14.2154,,,,30.5178,,18.715,9.89698,,,26.8567,26.0853,,6.44727,,17.3562,
2012-11-01,13.0616,20.9575,98.0266,54.3631,19.1022,47.1114,99.4836,14.6329,26.8864,38.94,2.54636,12.7743,137.33,7.19765,75.8394,22.1419,42.51,5.07214,28.9529,33.6371,40.1843,95.4296,35.9724,16.2749,17.606,32.4727,53.7297,47.9639,5.95,7.04549,12.6025,34.15,12.0281,52.3215,72.0461,8.54797,31.3095,25.493,17.396,18.93,30.9655,16.4883,22.0311,37.2123,21.2761,18.0394,10.8183,201.115,32.7371,61.5452,95.5825,34.895,62.2396,131.34,48.9458,36.62,4.58525,23.444,27.9663,59.48,57.738,12.52,12.077,12.2282,7.53561,19.0316,31.5102,38.2963,27.3071,67.9293,27.2489,38.4857,36.9661,16.8508,54.0,6.91828,58.777,22.7806,6.80949,54.9263,39.418,46.063,91.651,5.51807,32.897,25.738,12.8194,28.3176,35.2357,20.4071,24.861,37.3949,105.346,25.7218,6.272,15.379,25.4871,663.19,30.12,14.293,17.2668,26.99,34.2374,33.5142,37.7,93.68,1.1673,36.26,17.2343,91.8063,25.2147,41.74,55.9939,25.3521,14.462,5.2756,45.4669,33.961,22.8252,21.7827,31.5864,37.1131,46.1312,20.9074,86.44,27.121,15.517,49.2649,27.2564,3.02169,,113.031,34.8908,176.55,,85.99,39.79,28.0,8.8873,28.433,,53.15,129.989,,19.9121,2.60759,12.958,30.308,43.4192,124.852,,7.62838,104.594,41.53,,81.4073,,30.2414,,48.5467,48.9782,,,19.8948,,40.385,44.7558,8.675,26.1632,23.2917,54.2752,20.22,,66.97,53.71,,146.877,24.5479,31.3545,22.6411,16.4107,,28.7191,76.8975,78.357,100.28,19.223,19.08,,,74.8507,,23.6598,44.3313,187.09,51.4052,75.1441,16.0943,10.978,,21.4302,63.673,21.3756,42.4349,,12.9291,27.1254,,,,25.8113,,47.88,21.8433,46.735,,13.6043,17.6,12.75,32.86,67.0637,35.4199,9.59136,49.8215,32.6708,87.1747,27.39,,52.19,26.4815,58.501,19.3263,5.85205,,,,34.3143,12.37,34.039,35.0026,20.018,3.76875,3.996,15.7797,97.8,27.1367,,39.2399,9.67897,,,,30.0475,899.84,10.8377,27.2892,64.0385,38.95,8.78,40.2646,6.526,,,31.762,,,,3.27,,25.3688,104.49,37.4553,46.92,,,37.282,2.25467,63.0,,20.57,,28.644,23.0093,,,38.37,27.82,,,11.488,18.575,2.79,,12.0295,82.7368,16.1363,10.1198,,55.3044,6.61,,44.0702,,37.7866,8.686,,15.033,29.8598,27.84,8.26,21.95,,56.6065,,71.78,5.2,,,,8.40302,42.599,9.07,,5.7084,,,46.6077,,,25.881,71.6003,,52.6228,,,,29.023,7.41537,143.91,9.15696,,6.38167,50.1,,,,14.0028,,,,31.1732,,19.248,9.85913,,,27.7943,28.9691,,6.43133,,16.9909,
2012-12-01,13.181,20.2341,101.888,54.8223,20.2233,47.5073,107.785,14.3491,26.5992,39.7,2.74862,13.0166,134.82,7.22137,76.4165,23.422,41.0109,5.42965,28.3524,34.1937,42.1773,99.1344,38.194,16.4704,17.8942,32.0268,53.8687,49.5134,7.51,7.48195,12.5435,38.82,12.1951,53.7632,74.7445,9.31251,34.408,26.101,17.6206,19.9,30.0264,17.8711,25.6055,34.3988,21.0271,19.5823,11.6065,200.111,34.6006,60.4403,99.006,36.475,64.1798,125.341,50.1139,40.91,4.38275,21.9678,28.3657,61.89,57.348,13.088,12.4532,13.1009,8.50846,20.1029,30.9412,39.7834,27.3735,66.226,26.752,40.8811,36.9314,17.5944,55.265,7.24057,54.487,23.6563,7.06193,51.6479,42.025,46.3072,91.715,5.47651,31.2328,34.529,12.9034,28.57,35.8306,26.1098,22.631,38.9186,105.456,24.4366,5.96133,15.2448,26.8966,620.39,31.575,13.34,16.9531,30.86,34.6615,35.9595,39.36,97.15,1.3227,37.54,18.7765,92.2703,27.2383,40.56,54.8233,27.2572,15.028,5.9492,47.6246,37.278,23.7068,23.0503,36.2606,37.6344,40.6769,21.8458,93.1,27.4885,19.0542,52.6511,28.8643,3.10846,,109.508,35.1734,171.07,,90.47,41.9,26.62,10.551,29.3373,,51.03,132.087,,22.1829,2.36309,12.132,29.235,46.5789,126.082,,7.52222,109.989,45.52,,85.2819,,28.7375,,49.6469,50.0201,,,17.8321,,40.21,44.4637,8.8065,25.9625,23.0428,54.5114,23.38,,66.2915,55.59,,163.038,25.5965,30.5041,22.0614,16.9617,,27.2458,74.0963,84.318,98.26,19.375,20.01,,,75.0345,,23.0475,46.0632,193.3,53.5876,75.6564,15.7685,10.25,,22.1079,65.1966,20.594,45.1304,,13.9889,28.6405,,,,25.3629,,46.02,22.3774,46.4,,13.6291,16.61,13.51,31.835,69.1684,35.8334,10.9961,51.2634,32.8588,88.3416,27.75,,53.65,28.2962,66.65,18.8727,5.66513,,,,34.6586,11.01,36.9324,37.1361,20.1942,3.6875,4.204,16.7604,111.15,27.2221,,40.6186,9.18826,,,,30.539,920.0,11.1092,32.5274,65.9913,39.31,9.31,41.6508,6.006,,,33.666,,,,3.3975,,25.7053,105.05,39.2063,48.44,,,37.6667,2.258,65.07,,18.1,,30.119,24.7436,,,37.47,29.89,,,11.101,20.4816,3.65,,11.4107,78.8614,15.5535,10.8358,,57.0475,7.05,,46.1402,,39.2925,8.937,,14.673,31.4916,27.06,8.94,21.22,,56.2418,,76.23,5.58,,,,8.91799,41.832,8.92,,5.34733,,,46.5443,,,29.126,73.3184,,53.0522,,,,30.6139,8.20551,150.954,10.1401,,6.71167,54.5,,,,15.5059,,,,32.842,,19.758,11.0879,,,27.1999,30.7354,,6.3821,,16.4323,
2013-01-01,13.4348,22.2053,103.213,58.9582,21.9883,47.4954,124.936,15.543,26.107,48.5,2.77098,15.2239,143.77,8.35328,79.6913,30.016,37.6788,5.92447,30.459,36.7653,42.1566,105.271,40.634,18.7767,21.4033,29.2834,58.4348,52.4319,9.17,7.60526,13.275,43.41,13.1127,54.7266,74.3636,9.73672,36.4102,25.485,18.8237,21.58,32.0089,18.7374,29.4938,39.2696,22.9611,20.947,12.4393,211.347,37.5313,64.6121,94.8006,38.017,63.2501,139.177,52.4405,40.71,4.05275,24.6147,31.2606,66.66,60.903,14.69,13.1885,13.4466,9.07974,21.3398,31.1697,37.5424,28.4369,68.0595,28.6279,43.6588,38.9359,18.3753,57.705,7.56135,63.82,25.7195,8.00371,54.4395,43.033,48.893,102.08,5.58692,35.2271,33.402,14.378,29.7745,36.6979,28.8815,24.003,39.902,111.087,26.9695,6.17667,16.7979,28.5527,685.47,34.907,13.461,18.2985,28.18,36.1086,41.3075,42.8,104.88,2.3606,39.42,19.6808,89.1504,28.211,39.99,59.2676,29.8063,14.988,6.1402,51.5114,41.156,24.4337,27.1513,40.2801,42.9276,42.641,23.3949,105.58,28.4661,21.2854,51.4528,26.8383,3.53986,24.6571,117.284,38.376,173.94,,101.66,44.78,30.98,12.343,30.0522,,56.13,143.792,,21.6144,2.67057,12.718,31.128,54.5628,139.429,,8.82466,115.375,50.62,,89.3076,,35.8615,,53.7264,52.4554,,,21.0281,,43.17,52.2129,7.9835,28.3224,24.8591,61.414,24.15,,67.3623,50.63,,170.326,28.0249,31.4486,24.7175,17.1974,,29.0582,78.9171,86.231,97.82,20.741,23.84,,,74.5298,,25.2608,46.9991,212.53,52.8877,76.9869,16.6337,10.79,,24.0384,66.3518,21.8537,45.142,,13.9316,28.6104,,,,29.1707,,51.51,25.9206,47.605,26.37,15.0145,18.38,13.93,33.44,67.8761,37.7547,12.0639,53.6141,34.7513,93.0882,31.36,,59.84,30.8105,65.48,19.4416,6.35267,,,,36.6212,12.17,38.8813,37.9577,21.2192,4.48875,4.718,19.6538,128.55,28.9622,,43.7348,10.0241,,,,33.1771,1029.66,12.0828,34.8358,69.4051,43.28,10.26,44.5397,5.544,,,40.292,,,,3.8075,,27.8988,113.79,41.9275,54.05,,,40.7853,2.50067,68.26,,20.72,,32.638,28.2021,,,41.32,31.25,,,10.999,21.4349,3.77,,12.2966,82.8511,16.3138,12.0004,,61.1162,7.855,,46.9358,,44.4042,9.378,,15.473,36.2547,28.71,8.37,23.07,,61.6367,,69.0,6.26,,,,10.582,44.857,9.22665,,5.18903,,,50.9666,,,29.438,75.7562,,54.6779,,,,32.0666,10.5238,172.561,11.2371,,6.65833,53.42,,,,16.405,,,,34.4708,,20.078,11.77,,,28.1853,33.7013,,6.92405,,16.6006,
2013-02-01,14.0405,21.7057,103.099,61.9154,22.4118,46.0394,126.954,17.3222,28.1671,43.77,3.034,15.0949,153.22,8.99419,79.7658,31.4289,35.7052,5.82553,32.9849,34.1528,43.342,103.413,38.5898,19.2872,20.1726,40.0364,53.696,54.6266,8.54,7.48195,13.2135,45.81,13.7449,57.7389,73.3782,9.59847,35.7523,26.142,19.9576,24.17,32.4759,20.2319,29.8848,40.5079,22.8377,22.1435,12.3484,218.388,33.989,73.8759,91.1707,35.608,64.4571,145.048,45.4846,36.96,4.3775,27.4662,34.5038,58.06,59.642,15.458,13.7305,14.8,9.43707,25.052,33.1145,39.0621,29.9621,73.6019,30.2407,44.696,38.6233,18.1815,59.81,7.93151,56.653,25.3591,8.94718,56.6575,42.31,48.8402,96.103,5.40687,30.9275,22.912,15.5421,30.6149,39.1852,28.9782,28.59,41.2293,117.836,26.2773,6.786,16.9435,27.9883,689.11,38.267,13.15,17.877,25.84,36.3567,42.6373,40.52,94.43,2.6869,38.41,19.6808,100.457,28.2998,45.185,61.3074,29.0879,14.322,6.3358,49.4341,40.494,24.1594,30.4521,37.4808,45.057,42.7545,23.1535,102.77,29.926,20.1458,50.9309,24.3374,3.63942,24.815,120.209,39.163,167.0,,106.02,46.82,27.25,12.682,30.5356,,59.28,144.797,31.2263,20.8897,2.55508,12.32,30.084,55.8174,141.669,,8.8701,111.748,53.41,,88.2266,,35.3259,,56.9514,53.2658,,,18.7102,,44.61,51.0774,8.41,29.7151,26.7764,63.5958,26.71,,69.9458,50.13,,167.298,26.3346,32.41,26.0845,17.1738,,30.5335,84.1466,95.543,88.56,23.179,21.82,,,78.3317,,26.4382,49.9236,212.8,56.1402,77.245,17.3041,11.255,,23.5406,65.7078,20.6826,44.5234,,13.7261,31.1046,,,,31.0568,,49.76,25.4818,46.06,30.98,15.5044,22.23,14.16,35.03,69.3065,38.5002,11.8,52.6089,36.5081,100.174,31.44,,69.81,30.2559,59.29,18.9289,6.32334,,,,38.7139,14.64,38.9129,41.2563,21.8918,4.2675,4.835,19.9079,138.975,29.8559,,44.643,10.105,,,,34.4629,1009.2,11.661,36.1157,73.996,44.72,10.59,46.5519,6.494,,,37.552,,,,3.73,,28.4714,123.2,42.8739,56.4,,,40.6911,2.322,73.58,,20.98,,30.24,30.3815,,,40.74,29.715,,,11.268,22.6023,4.93,,13.4924,87.4031,15.5417,12.0499,,57.4305,8.005,,46.7697,,45.0765,10.074,,16.373,36.6407,31.91,7.47,22.57,,57.5502,,67.05,6.05,,,,11.0613,44.151,10.1884,,5.60457,,,52.3502,,,31.868,74.9944,,56.1048,,,,33.2717,11.6606,175.092,12.6137,,6.735,55.29,,,,16.5649,,,,36.5955,,20.56,11.3747,,,29.5007,35.0479,,6.73801,,17.1287,
2013-03-01,14.811,21.5134,102.889,64.3508,24.2998,46.5224,124.749,17.4886,30.7977,43.75,3.14017,15.3854,177.42,9.47082,80.6056,31.3586,37.1546,6.24439,37.784,36.7112,45.3733,105.054,40.2382,21.1183,21.9808,43.1126,55.8705,58.6218,10.0,8.32481,13.3245,47.27,14.1439,57.6783,71.8488,10.3791,35.6842,27.362,19.7832,25.25,34.372,21.7536,31.3509,41.9963,25.3969,22.6318,13.0328,244.94,31.2599,77.996,93.3018,35.285,63.8916,141.882,47.4351,35.32,4.94025,28.9276,36.9833,58.51,56.13,17.16,13.9561,14.9224,9.38174,27.3321,35.5619,37.9524,30.5655,76.5825,31.4045,46.8294,39.6305,19.6532,59.295,8.36627,54.577,26.8077,9.16499,57.7821,44.708,51.0413,102.89,5.87065,29.3167,17.108,17.1661,32.0552,40.9071,31.0645,30.278,43.6543,120.448,27.4646,6.82933,17.9629,28.1681,688.16,40.096,14.629,20.4934,26.96,38.925,39.059,38.74,89.08,2.704,41.7,21.7213,105.39,29.4158,48.43,62.6327,30.0767,13.693,6.5174,50.3358,46.705,24.2088,32.9215,40.4694,50.0736,46.6648,24.1549,96.6,29.6318,22.8999,50.8123,23.7083,3.56713,27.4101,105.387,40.6515,176.4,,113.12,54.97,25.58,14.674,32.7035,,56.79,147.694,31.1843,21.4054,2.69446,12.8,28.66,61.5836,148.807,,8.88116,113.881,54.97,,92.667,,38.6983,,60.0192,56.4083,,,19.3506,,46.275,55.9017,7.9565,29.6402,27.9327,67.9968,32.01,,75.7836,53.98,,171.065,27.798,34.0433,28.258,17.4125,,32.7772,87.906,115.22,81.29,28.759,22.6,,,84.1492,,26.8932,49.652,213.22,54.1281,79.1308,18.2107,11.01,,24.244,66.884,21.2386,44.9907,,13.9133,33.6483,,,,31.9367,,54.41,26.8549,46.195,29.65,15.9438,23.41,13.93,35.88,70.1618,40.1202,12.4239,52.9345,37.2368,104.733,33.51,,76.67,30.9832,66.41,20.6446,6.33308,,,,40.9166,16.15,36.5879,45.7986,23.6614,4.28375,4.736,23.5279,165.0,33.3979,,46.8272,10.8257,,,,36.7713,1080.11,12.3801,34.4877,78.5431,47.13,12.37,48.6059,7.24,,,41.112,,,,4.18,,30.5961,126.0,46.5017,61.26,,,42.8646,2.526,78.44,,23.23,,31.023,28.4739,,,44.27,29.98,,,12.304,22.4041,6.2,,14.4082,83.1869,15.5095,12.6094,,59.7392,8.275,,46.882,,51.9059,10.946,,17.523,40.8188,30.87,7.95,25.86,,57.334,,62.35,5.86,,,,11.5777,45.496,9.43335,,7.0536,,,56.4436,,,33.945,76.3487,,57.8869,,,,34.7648,10.7362,188.928,13.3827,,9.28167,61.63,,,,17.2753,,,,40.2223,,21.965,12.8952,,,30.1633,37.8156,,7.23433,,19.4388,
2013-04-01,14.6393,20.7871,115.582,64.3032,25.7771,46.4156,123.848,17.3999,30.2668,45.51,3.18607,14.9246,201.66,9.32565,78.292,27.7975,43.7486,6.47325,39.0994,36.519,44.2045,113.801,42.1253,20.9593,23.5942,44.6571,51.5008,59.3207,10.03,9.61278,12.6905,46.07,15.1558,62.4696,77.8002,10.2228,30.1764,27.354,20.5396,24.22,36.4822,20.2717,26.05,41.6203,26.0943,25.4859,13.6134,242.93,31.4328,70.7581,97.9635,37.852,69.9964,152.188,47.3761,43.91,6.16425,28.9019,39.0623,51.07,52.225,15.657,14.6946,14.7802,9.00161,27.5116,39.4295,37.835,32.6738,79.7228,32.9078,44.1473,39.5451,21.5417,59.325,8.46506,54.7,27.6844,8.36442,59.5796,41.11,52.2106,112.86,6.10531,28.7238,19.205,17.2155,33.4308,44.4999,34.1489,26.711,48.1899,113.341,29.934,7.15467,18.7293,27.0843,695.99,40.029,15.89,22.7941,46.56,38.6022,37.7223,41.44,76.43,3.0867,46.04,22.9489,106.006,29.7281,47.56,67.8627,31.5586,10.632,7.2638,52.2237,46.758,24.3753,28.7929,38.8124,43.6187,48.0593,24.6522,98.12,30.6629,22.989,56.1821,25.1628,3.9769,31.237,113.881,38.1651,215.14,,110.88,76.82,27.77,15.233,35.5836,,56.94,156.73,30.8975,23.7279,2.39894,14.27,31.517,64.2061,150.846,,9.14052,118.766,52.61,,91.7313,,37.9941,,59.6998,59.4163,,,19.3889,,45.2,57.3423,9.4,33.4348,27.6117,64.8787,32.3,,76.9165,64.69,,169.311,30.8494,34.4061,27.4725,17.8614,,33.6835,88.3246,111.41,87.65,27.714,20.36,,,80.7849,,27.5225,49.9059,208.96,53.03,85.7131,19.5937,11.55,,22.6563,70.4932,23.5027,47.4187,,14.8196,35.6664,,,,32.4492,,57.85,24.1276,43.98,31.01,16.4019,22.15,13.8,35.57,76.9738,41.5546,13.3397,54.2701,39.5917,108.936,33.12,,76.9,31.1409,63.57,20.9286,6.27183,,,,41.0863,15.26,41.0405,45.4286,24.9325,4.40625,3.592,23.0214,162.6,34.7089,,45.8118,10.5937,,,,36.7534,1030.0,12.4767,39.1262,72.6158,46.65,12.63,49.9533,8.192,,,41.292,,,,4.1025,,30.1809,119.75,49.9008,63.24,,,43.7759,3.59933,75.06,,21.5,,31.54,25.8967,,,43.49,28.74,,,13.235,22.1701,7.04,,13.9787,84.5075,14.662,11.9499,,62.9486,7.86,,49.3771,,46.591,10.841,,17.687,39.7876,33.2,8.81,25.24,,56.0765,,76.13,6.19,,,,12.2047,46.382,9.01665,,7.16887,,,55.1184,,,35.33,79.0235,,61.4639,,,,36.103,13.3567,195.986,14.5451,,9.18667,62.65,,,,16.8212,,,,35.5391,,22.778,11.7432,,,30.3835,37.0774,,7.52964,,20.375,
2013-05-01,14.2392,21.4642,108.726,64.7993,27.1918,50.9528,137.823,22.717,29.0625,46.33,3.12271,18.1715,218.75,8.59184,82.5087,28.1461,43.3035,6.9595,42.0612,34.8332,45.2987,104.677,38.7872,21.3147,22.0375,47.9736,55.5102,65.35,10.81,9.44737,13.46,47.04,14.11,61.2024,75.7689,11.3057,30.1083,28.3,21.7018,23.18,38.9495,19.7055,32.6695,46.4518,24.4635,25.8886,13.2553,256.028,34.4069,72.3524,97.7216,38.399,64.8696,146.75,45.2346,46.12,5.9055,30.3711,41.0741,55.75,53.903,17.536,13.9883,14.9431,9.57574,28.4521,41.9424,41.3532,29.3314,78.366,30.1203,46.9447,38.9983,23.0466,62.04,8.73109,55.28,27.7073,8.92771,56.6653,42.33,53.8464,112.52,5.74926,29.4709,16.346,16.6142,31.0023,39.882,39.1164,29.778,44.1759,117.617,29.1409,7.25667,17.7283,27.9583,803.93,41.032,21.43,22.1225,54.39,40.8976,39.8248,41.93,83.21,3.2321,46.77,21.0175,102.924,30.8336,48.04,68.4232,30.3178,11.077,7.22,51.5659,57.349,24.818,30.4531,42.9422,47.8755,48.7133,23.9484,106.2,32.8597,27.2391,51.9873,25.0583,4.02492,28.9568,113.701,40.4524,241.88,,111.17,80.33,24.35,16.007,33.2464,,62.82,161.607,29.9383,26.0753,2.83183,15.5,30.298,66.7131,158.895,,9.57262,118.824,56.84,,99.4308,,37.2025,,57.2916,56.9802,,,20.9564,,48.145,57.2867,9.0985,29.9227,26.3959,67.3872,32.46,,74.7473,70.32,,160.259,29.6517,33.0255,31.9952,17.7111,,34.9346,86.9507,123.87,90.76,25.547,20.75,,,80.3931,,28.1725,49.3559,218.26,57.9372,78.9157,18.0365,12.375,,23.4274,72.5331,23.8941,40.9553,,15.0614,36.7483,,,,34.8282,44.04,56.61,25.6139,41.22,30.75,17.0502,22.17,15.13,36.44,73.3493,41.6747,14.3285,51.0863,36.6012,104.535,35.75,,87.08,32.1827,59.3,22.5555,6.53998,,,,41.7293,16.64,41.0701,47.503,22.6267,4.29875,3.852,29.6026,142.05,33.286,,48.4704,9.99556,,,,40.2345,983.31,13.9546,40.2083,73.1107,45.66,13.61,52.3944,7.352,,,42.502,,,,5.2075,,32.3952,113.68,53.58,69.01,,,46.1181,6.51733,77.22,,23.16,,35.55,29.0007,,,43.31,27.9,,,12.439,22.5835,7.72,,14.5527,88.521,15.2725,12.1916,,64.6463,8.56,,47.27,,52.6188,11.181,,17.07,38.9811,37.8,9.49,29.86,,54.256,,77.81,6.74,,,,12.9999,48.89,8.08665,,8.18953,,,56.8874,,,37.453,84.2121,,58.635,,,,37.0041,12.2071,205.321,13.671,,8.94667,64.23,,,,16.3732,,,,37.7685,,21.79,12.6941,,,31.9857,40.0959,,7.98896,,20.482,
2013-06-01,14.7993,20.5209,103.147,65.2362,27.0446,50.4916,128.611,22.717,29.7607,43.39,3.09896,18.1705,198.22,8.68388,87.9031,24.0861,42.9365,7.29004,39.5856,31.9318,43.5641,106.6,40.5219,21.893,19.2472,47.1661,54.7857,65.1686,11.41,10.782,13.8845,44.66,13.6536,59.3928,75.4525,11.8966,29.1739,22.116,21.9296,23.36,37.3506,19.4006,23.9584,52.5875,23.78,21.6824,12.656,265.097,33.5355,74.4537,100.146,34.699,61.2003,146.317,45.2011,42.55,7.5275,31.5358,42.0431,50.23,56.38,14.948,13.4441,15.2611,8.40282,28.7335,41.6761,40.6289,28.1313,80.0606,30.2524,45.7223,38.3077,21.7247,60.4,8.76773,56.237,27.7718,9.34152,54.5212,38.18,54.319,106.62,5.78933,26.4658,14.722,16.094,31.2666,39.1842,38.5157,29.894,44.0597,117.796,29.5082,7.508,13.294,26.0774,826.67,41.046,24.81,22.7852,44.81,41.9559,40.2801,40.22,68.8,3.0156,46.16,21.9877,107.494,32.764,50.84,60.7607,28.5802,11.2,7.287,45.8676,54.13,23.7582,26.2294,42.6874,42.3618,46.5284,24.055,103.31,32.5468,28.6019,52.8193,26.2911,3.81525,28.0398,123.513,39.7629,224.88,,112.49,80.06,24.88,16.669,31.5638,13.7425,62.02,165.173,28.8995,25.6294,2.8222,14.928,28.854,64.6111,158.835,,10.0487,121.134,49.91,,89.7284,13.8912,34.3438,,58.149,57.9934,,,19.2269,,47.87,56.3817,10.1385,27.7265,26.9042,66.0902,31.29,,74.4822,74.84,,146.079,29.9663,34.0928,29.3144,18.8976,,35.2054,91.3847,136.97,100.12,23.381,19.3,,,86.2679,,29.6825,49.2093,201.2,54.1371,76.4658,18.4578,13.115,14.669,22.6265,72.9634,25.133,41.5468,,14.1995,37.0203,,,,40.4736,42.56,56.99,25.1205,44.845,30.31,15.7766,22.0,14.48,35.75,72.2307,39.186,13.9636,49.5245,36.3841,104.328,37.04,,81.3,30.3819,60.73,22.244,6.74987,,,,41.9029,14.97,37.2817,48.5903,23.2914,3.85,3.5,29.2091,173.25,32.3757,16.9307,47.3808,9.99416,,,,38.0501,922.0,13.4883,43.4405,72.325,43.44,15.5,50.8928,8.078,,,38.859,,,,5.6125,,33.2027,112.2,52.7428,68.55,,,47.1453,7.15733,77.35,,27.18,,37.01,29.1594,,,41.03,25.99,,,11.962,22.1621,7.73,,14.5417,91.9044,15.9204,11.9361,,62.912,8.08,,47.6394,,50.886,12.907,,17.137,38.9257,37.18,8.52,31.41,,55.1603,,65.5,5.98,,,,12.5059,45.668,7.02665,,8.44567,,,57.5985,,,38.897,84.7284,,62.1032,,,,37.9654,12.2345,191.265,13.7968,,8.41833,64.09,,,,15.8844,,,,38.6303,,21.852,13.7447,,,31.9069,39.763,,8.56143,,21.2118,
2013-07-01,16.054,20.5081,104.549,65.478,31.1492,48.2814,139.499,25.8096,30.2748,47.9,3.03141,19.0665,200.92,10.3074,91.909,24.7793,39.7186,7.65739,47.4038,30.0438,48.4467,110.701,41.1457,23.5465,18.1835,47.1373,55.6223,71.3476,12.99,11.4955,15.061,47.84,14.511,59.2887,76.5219,12.4894,33.7147,25.322,22.1139,23.17,37.6299,21.1194,26.8499,50.979,26.0637,22.1844,13.3977,294.433,35.5472,76.1682,100.482,38.242,59.2069,153.3,47.8583,47.2,8.737,32.3634,44.7268,59.12,44.175,17.136,13.7911,16.2819,9.0458,30.6573,45.42,47.0797,27.1606,87.3385,32.0881,47.9798,40.0998,21.9908,58.205,8.8166,43.11,27.745,9.231,56.1317,43.75,57.7183,110.23,5.89162,30.2457,17.676,17.7386,33.0423,37.0831,39.9362,28.848,41.8817,119.471,30.6579,8.35333,13.8887,26.423,875.67,39.291,24.11,25.2225,49.22,40.6397,40.7668,42.56,87.8,3.4926,49.04,22.1842,110.48,36.2936,53.65,61.5048,29.0634,11.897,8.2454,35.0056,66.713,21.9874,27.0688,44.2664,44.2272,50.4406,24.057,109.9,34.604,25.8684,51.2574,29.132,4.23501,31.132,130.09,43.4531,270.06,,118.99,79.8,36.8,18.868,31.7801,14.355,67.34,180.455,27.9502,27.5994,2.76927,16.782,32.966,67.4941,174.732,,10.3563,122.923,57.32,,90.8014,14.5326,37.145,,62.6881,59.608,,,21.1125,,51.915,61.2596,10.165,28.8299,27.6532,68.685,34.85,,75.6899,79.82,,141.808,30.052,35.294,31.2585,18.3632,,35.493,95.9248,139.06,100.9,27.502,22.7,,,92.1778,,31.7542,49.5625,220.6,53.8952,77.6849,19.7414,13.868,14.495,22.6205,83.6985,25.4455,37.6577,,15.4644,40.6712,,,,43.4766,44.85,60.01,25.7578,48.995,30.31,18.021,23.41,14.58,37.04,72.201,41.3726,15.4084,51.6156,37.4064,108.116,43.04,,89.77,32.0072,60.9,24.22,6.60202,,,,42.9477,17.555,39.9926,53.4948,24.2181,4.06375,4.25,33.4701,168.15,34.8798,19.5512,52.7315,10.3631,,,,39.9475,925.6,14.1554,47.9458,74.1344,46.17,16.38,55.3032,8.716,,,40.796,,,,5.445,,34.9472,121.99,56.7591,74.62,,,47.3079,8.952,80.17,,28.95,,43.35,30.6907,,,45.54,28.54,,,11.3,24.0647,6.35,,14.8785,98.422,16.9331,12.4589,,65.5044,8.245,,48.607,,54.6417,15.655,,18.056,41.5699,37.12,8.88,31.89,,59.246,,69.57,5.9,,,,13.5232,49.766,8.15665,,8.40843,,,64.0967,,,41.225,81.8843,,62.5376,,,,42.5515,13.5622,209.97,14.3508,,9.148,68.29,,,,16.5093,,,,39.2827,,24.06,14.1937,,,33.6724,42.9071,,8.83548,,22.457,
2013-08-01,14.9906,19.8339,95.8424,65.0178,29.5511,48.8168,129.816,26.3235,28.7525,46.74,2.86447,18.1607,196.22,9.95009,89.6992,24.7646,39.7156,7.19061,46.5331,28.2144,48.4525,106.177,40.1078,24.7217,16.1446,49.094,59.0809,69.8249,11.8,10.5271,14.049,47.99,12.8913,59.1904,73.3361,12.1901,34.1364,25.589,21.096,21.87,38.7655,20.2241,26.4133,49.2366,25.5599,20.6163,12.7757,309.031,35.7567,72.2021,91.9831,27.226,58.1243,139.276,45.6479,45.98,9.04275,31.8829,43.9996,58.56,43.965,16.676,12.5312,16.044,8.11673,31.6745,45.0271,46.7132,25.5241,82.8101,30.5595,47.2302,39.2733,20.8851,53.755,8.52317,42.947,26.5933,8.50697,52.5213,49.13,57.3604,118.35,5.64163,29.4353,19.026,17.3549,30.4818,35.122,38.4598,28.92,40.8777,117.438,30.6252,8.18067,12.8887,25.7628,938.53,39.537,23.35,24.8575,36.72,40.1187,40.9686,41.93,83.38,4.0559,47.56,21.7124,108.062,36.8279,52.7,61.0027,26.6996,11.73,8.1634,35.6683,65.78,21.9577,26.9284,45.1952,41.2797,49.7925,24.1636,116.14,34.0543,24.6759,50.6509,29.6352,4.0158,29.1666,127.146,40.3479,242.31,,117.49,75.15,41.29,17.625,29.4267,14.1472,74.09,178.563,27.3286,26.2217,2.9077,18.16,31.756,65.4198,168.902,,10.4831,109.243,54.77,,87.9333,14.3078,36.3723,,60.5654,57.3336,,,22.2794,,50.525,55.6375,9.565,26.3521,25.9925,65.9988,28.46,,73.4747,77.84,,137.391,29.4668,33.9135,27.9502,16.8997,,33.5902,92.5115,134.28,99.24,25.541,21.34,,,87.3424,,32.5692,45.2405,220.23,54.2098,71.7664,18.4893,14.288,13.921,23.2853,82.732,28.5396,37.8681,,16.5068,40.103,,,,39.9769,43.26,57.97,24.4463,46.91,31.09,18.3387,33.89,13.47,36.26,73.087,41.2306,16.7112,46.4677,34.3559,111.814,43.55,,103.11,34.2525,53.76,24.9032,6.47257,,,,44.3676,18.36,41.1294,54.5626,22.6694,3.97125,3.96,35.2772,182.7,32.086,19.9417,52.4819,10.0575,,,,36.4645,855.81,14.0722,47.2845,72.2582,45.6,16.86,55.7789,9.376,,,41.369,,,,6.7625,,35.0378,114.01,55.7256,73.89,,,47.0233,11.2667,77.17,,31.98,,39.59,34.939,,,46.05,25.25,,,11.888,28.1448,6.29,,14.0843,92.5822,17.9331,12.2153,,60.6519,7.24,,42.5739,,53.7906,14.851,,17.77,41.5225,33.39,11.64,33.34,,59.301,,70.84,5.68,,,,13.0976,49.903,8.00335,,8.59677,,,61.269,,,42.347,81.021,,57.9017,,,,41.0612,13.5271,195.073,13.6918,,9.78833,72.53,,,,16.8163,,,,35.7735,,24.068,13.9567,,,33.1587,41.5747,,8.11302,,21.5228,
2013-09-01,16.1387,22.1353,97.5396,69.4169,31.12,51.7061,135.01,25.2472,27.4986,52.17,2.90718,18.1607,221.77,9.61649,88.5772,23.8048,41.2695,7.1053,48.5408,31.398,43.35,112.519,41.4707,24.1513,17.5782,51.9446,62.3162,73.819,12.8,12.7,15.632,50.89,12.9865,63.3,76.9535,13.0662,38.2473,27.572,21.8189,23.13,40.6822,20.7707,30.6035,51.4692,26.3017,22.5745,13.3443,335.016,38.8425,73.1161,95.1223,27.275,62.2366,139.04,48.124,51.7,8.9415,32.1854,44.8826,55.44,48.712,16.325,12.7897,16.6561,9.27516,30.2105,46.6027,49.2754,25.6588,81.9469,30.0675,52.9322,40.6664,21.9448,56.9,8.7281,41.807,27.5027,9.18711,55.0792,51.91,63.6765,132.6,5.69861,32.6035,18.689,17.6428,30.9701,35.0769,39.4798,29.449,41.5047,126.2,33.2353,8.506,13.629,27.1143,1010.95,40.854,25.97,27.2612,40.21,43.9589,44.8103,36.77,85.81,4.4173,48.47,22.6069,109.716,38.6608,57.16,62.1764,28.7194,11.605,8.576,36.8419,67.443,24.7476,23.8838,47.5042,41.798,52.09,22.662,116.24,36.792,28.1789,53.2848,33.1929,4.40539,30.6191,117.214,43.3207,312.87,,130.25,75.82,50.23,21.073,29.5093,14.4733,74.52,192.948,29.1793,27.6752,3.2717,19.862,33.337,72.4118,176.941,,11.5089,113.488,58.29,,89.8716,14.8389,40.7168,,63.2729,58.6386,,,21.8187,,51.88,60.0367,8.7085,26.6327,26.2987,66.8519,30.71,,75.9224,80.83,,145.21,32.9953,34.3664,31.5859,17.7307,,35.467,97.7301,149.04,119.46,28.249,20.65,,,88.4197,,32.3392,45.8556,240.09,54.9117,75.3778,18.4656,15.99,13.843,24.9575,89.0421,31.1073,36.7037,,17.0862,43.4819,,,,39.4001,44.88,60.0,24.4355,49.825,30.85,19.7113,38.15,13.51,37.7,78.4072,46.0988,19.3117,48.6158,34.9315,118.726,48.1,,110.16,36.7678,56.35,26.7521,6.93232,,,,46.1209,18.17,44.0968,58.0776,22.5848,3.97375,4.052,37.3799,156.6,33.8673,20.7603,57.6831,10.5091,,,,38.3062,919.19,14.9043,55.8435,77.1349,45.56,18.55,59.9227,10.39,,,49.029,,,,7.055,,38.9927,117.56,61.8229,87.47,,,50.612,12.8913,84.93,,34.5,,42.64,34.9784,,,46.26,29.71,,,12.514,27.8331,8.12,,14.5157,98.6644,18.5224,13.4739,,66.9996,7.31,,42.7635,,53.6967,16.791,,18.043,44.4933,35.6,14.88,36.24,,59.4043,,73.13,5.88,,,,14.9267,55.108,7.63665,,8.4598,,,67.169,,,44.967,83.9159,,56.8914,,,,43.3913,15.0567,202.806,14.7453,,10.9867,80.93,,,,19.129,,,,37.2378,,25.262,15.54,,,35.024,44.9799,,8.5439,,21.4432,
2013-10-01,17.0256,20.9123,101.707,74.6372,34.4959,50.1333,137.245,25.9391,29.3883,48.23,2.91107,18.1351,224.93,8.84105,89.0368,28.6948,38.3561,7.38947,54.9517,31.5708,43.35,117.015,43.9375,23.632,17.1407,59.0951,64.7664,81.4909,14.53,13.7165,18.2015,54.28,13.971,64.2564,74.5062,11.9147,40.4866,29.906,25.6715,23.23,42.706,22.6198,31.8311,51.7016,28.1695,23.4888,14.007,352.497,39.9283,72.9391,93.5969,28.901,66.6173,139.827,48.2451,44.755,9.87275,34.1886,48.5156,44.07,55.44,16.242,13.8017,17.7588,9.23935,28.5875,44.9678,51.4839,26.3325,86.7638,31.3526,58.9396,44.1186,23.2179,56.21,9.05567,41.277,27.5951,10.1378,56.6877,53.36,67.9311,139.52,6.02023,33.3377,23.411,18.2787,32.1999,37.2114,43.3577,34.597,43.1435,120.618,35.3078,8.254,13.3848,29.7753,1053.83,37.266,27.73,28.4007,50.306,45.2362,50.3981,37.88,81.535,4.6069,46.99,23.6969,122.564,39.5126,58.4,62.0573,30.5011,10.865,10.5394,39.2645,73.556,30.7011,26.6074,48.3906,46.5778,53.3075,22.756,126.94,38.1558,31.354,55.4697,34.3339,4.66942,33.4633,123.033,45.0201,287.6,,132.42,71.35,50.205,23.564,30.9594,15.8564,76.95,216.3,29.7421,28.4317,3.4501,20.288,36.609,77.7881,191.297,,12.2255,123.689,64.59,,89.7999,16.1992,44.9008,,66.7416,62.4207,,,22.6624,,56.215,62.6814,9.5385,28.0274,28.5312,68.7793,33.95,,91.0742,93.51,,127.49,33.1696,35.6876,32.687,18.5607,,38.5555,101.673,148.24,128.85,31.873,22.375,,,92.7019,,32.2192,48.7172,247.46,57.747,76.9781,19.6351,14.04,13.134,29.0651,97.374,32.2389,32.9427,,17.5614,47.4329,,,,42.1899,41.99,58.95,26.7665,53.93,32.02,22.5812,39.0,12.97,36.42,85.1586,45.1595,17.9889,50.0862,37.3251,125.52,57.06,,115.35,37.2283,66.27,29.6243,7.2292,,,,48.7543,17.91,46.9369,61.6487,23.2954,4.02875,4.026,45.2805,142.65,35.2018,20.0002,61.353,10.7671,,,,40.295,917.32,15.1992,60.7634,86.4132,48.31,19.44,62.1369,10.922,,,51.831,,,,7.1825,,45.9166,123.52,61.0104,96.71,,,49.0899,10.6627,88.82,,37.47,,49.35,39.6128,,,49.21,28.525,,,13.226,29.2685,7.55,,14.4859,98.5284,20.2191,14.4959,,65.5997,7.055,,44.6819,,56.133,17.699,,19.32,47.6432,31.64,17.779,39.07,,64.2723,,69.09,7.41,,,,15.893,57.101,7.02665,,8.96737,,,69.8848,,,44.028,85.4053,,56.845,,,,43.1496,17.1881,225.458,15.885,,11.465,74.87,,,,19.3724,,,,35.3277,,26.182,17.2219,,,37.0512,48.2249,,10.8794,,20.1241,
2013-11-01,17.8382,20.0458,99.4089,78.2623,36.7966,50.9964,144.615,21.9065,29.3249,49.04,2.63667,18.2474,268.02,8.79489,91.855,32.0305,43.8207,7.46611,57.7585,31.7574,46.8988,107.025,43.3798,27.1076,17.9847,63.7197,65.0215,87.7244,15.11,14.0286,19.681,56.86,13.4079,68.0624,71.6233,11.6688,43.7264,29.256,26.3938,24.24,44.3984,24.5319,33.0832,57.0912,28.0697,23.7534,13.9032,369.025,38.5628,74.8087,88.7533,26.589,65.288,147.901,47.3662,44.72,8.68975,37.8342,54.0814,45.64,60.03,17.254,13.017,18.0441,8.62805,27.8855,44.7233,53.9544,23.3299,81.755,31.3908,60.5598,44.5433,24.1347,59.55,9.58783,41.877,28.7786,11.241,54.4102,52.09,72.074,141.75,6.13608,33.7735,22.923,18.9314,30.8468,32.4152,46.7278,34.25,37.2523,123.338,34.9007,8.33067,14.1811,29.1829,1192.33,35.459,26.01,29.3285,59.82,46.8903,50.3668,39.02,82.26,5.2257,50.35,21.9759,138.693,41.0582,55.65,65.4124,28.9556,10.922,10.4772,41.0214,78.541,30.7526,30.8891,50.457,50.6258,52.532,22.9034,127.27,40.2239,31.5792,54.1614,35.6645,4.4835,33.4633,132.266,46.3314,293.86,,140.02,69.42,47.01,25.886,29.7706,16.1876,81.55,221.029,29.266,29.8005,3.3972,20.175,38.36,79.6455,194.037,,12.5661,116.633,68.73,,88.7606,16.2281,44.2134,,63.4183,59.7158,,,23.3578,,57.0,64.5123,9.8635,25.7698,28.5767,69.0674,39.25,,92.7623,98.0,,127.076,30.236,35.4873,33.1579,17.4085,,37.8189,101.008,149.41,126.94,35.16,22.39,,,99.7815,,32.8512,44.1975,246.57,59.9422,76.9137,19.3644,14.932,14.022,30.8169,99.3539,32.3562,32.6508,,17.3785,46.6567,,,,45.6966,43.19,64.65,28.2527,52.08,34.1,23.6718,46.6,13.25,36.63,82.9962,42.8068,18.1289,48.1682,33.8385,128.041,54.64,,121.78,40.5382,72.52,32.1477,7.35668,,,,50.8627,16.36,47.0365,71.0306,23.1084,4.30375,3.42,43.6033,188.4,35.6369,20.3203,63.2845,10.7611,,,,41.3355,969.98,16.7005,65.5531,92.492,51.84,18.37,65.8069,10.622,,,52.909,,,,8.2725,,47.403,122.62,62.8951,102.61,,,50.5881,8.48533,92.73,,35.47,,53.26,39.9506,,,52.17,31.9,,,14.44,30.699,7.25,,14.3454,102.518,19.7902,14.6841,,65.6264,7.09,,40.3094,,55.1679,18.624,,19.61,49.8125,33.6,17.19,37.02,,62.9236,,69.72,7.05,,,,17.2819,58.827,8.325,,9.98367,,,73.7702,,,45.204,86.2096,,57.7662,,,,44.3901,16.6445,228.128,17.1762,,13.7733,82.35,,,,20.1493,,,,37.8703,,27.472,18.9475,,,38.384,47.7544,,12.862,,22.6874,
2013-12-01,18.6585,21.7687,100.926,80.3165,35.8413,44.8031,151.74,22.6673,29.4497,49.69,2.72049,19.2595,257.52,9.21818,92.6988,35.3084,42.4798,7.612,57.9833,35.1313,46.8653,106.449,43.8053,28.6207,20.1915,63.6929,63.4505,93.2482,15.53,15.0316,19.9395,59.78,12.9884,68.3908,74.3265,12.1654,47.0284,31.279,27.9168,26.3,47.2295,25.2078,38.299,56.4247,29.6679,23.5404,14.7795,363.477,39.2812,81.267,89.31,25.528,67.2637,149.425,47.4173,47.18,8.87225,40.0182,55.2713,45.49,65.655,19.542,12.6272,18.6514,8.80947,31.3743,47.1778,58.3861,23.0448,81.2861,31.0661,67.0046,45.4632,25.2072,63.37,10.0582,42.677,27.5871,11.4257,56.0392,55.19,79.1438,165.94,6.24342,36.2024,24.023,18.9957,32.1138,33.0954,52.435,34.211,35.6409,131.891,34.2028,8.58067,15.4456,31.1058,1162.4,38.489,33.64,28.0406,54.64,51.3208,54.9989,37.1,90.86,5.2596,47.02,23.8522,136.501,42.8395,56.42,69.4193,28.4274,10.96,10.6556,40.4827,73.659,30.7873,34.246,52.4838,56.0949,55.6528,23.1991,119.94,44.1768,36.1631,53.5793,34.246,4.68505,36.4761,134.332,49.5798,275.24,40.5052,148.9,74.3,54.65,24.541,30.7912,16.2393,81.19,239.888,30.7112,31.4471,4.03447,21.825,41.536,78.5103,210.134,,13.3165,111.198,77.95,,91.8705,16.1018,45.4423,,64.0131,61.3102,,23.804,25.0864,,57.13,66.0731,11.295,25.3664,29.0255,71.0048,37.83,,101.705,110.59,,140.31,30.679,35.415,34.7509,17.4675,,38.1312,101.732,151.25,96.52,33.184,22.35,,,102.65,,30.8842,44.5655,242.59,55.496,75.9321,19.4038,14.738,13.023,31.7667,105.904,32.1117,34.5279,,19.8956,48.5041,,,44.8856,45.8575,46.34,71.05,30.6989,53.185,35.47,23.5797,50.63,14.02,40.57,87.5465,41.292,22.2222,48.9649,33.447,127.27,57.14,,117.17,39.9251,77.61,33.4818,7.92271,,,,53.0466,17.37,46.3487,77.7507,23.708,4.58125,3.826,46.3592,170.25,36.4137,21.2847,65.5199,10.6627,,,,43.0463,1026.01,17.1832,62.3468,88.3074,54.08,19.76,70.8324,11.202,,,58.481,,,,8.8525,,46.5907,123.61,63.5511,102.13,,,52.4841,10.0287,91.86,,34.94,,56.64,43.1748,,,53.04,34.7,,,14.33,31.8565,6.34,,14.2398,98.5085,21.9032,15.8378,,67.7823,8.24,,40.028,,58.1376,18.458,,19.897,54.1599,34.75,15.88,37.1,,64.4887,,59.03,7.13,,,,19.0494,62.644,9.57835,,10.007,,,76.3701,,,46.422,77.339,,57.8741,,,,46.3996,17.4277,238.47,17.6182,,14.0767,83.16,,,,20.2189,,,,40.4537,,29.525,17.9189,,,39.1215,51.9772,,14.045,,22.3651,
2014-01-01,19.5509,21.1074,102.718,72.7983,31.6684,43.9331,140.488,26.0874,27.4243,49.39,2.93662,17.9805,287.98,8.37337,88.7889,35.7985,36.246,7.82868,62.2682,35.7045,40.8915,111.463,45.6598,31.9923,21.2403,69.3813,59.8441,85.6159,14.75,12.7414,17.9345,58.75,13.7516,62.4179,80.0474,10.8586,45.1338,30.711,29.4174,26.54,44.6078,24.2668,37.3942,53.7648,27.5334,22.7028,13.9833,344.413,36.2694,83.0799,93.3018,27.441,68.1569,132.766,47.571,47.68,6.3165,37.144,54.4228,41.12,61.243,23.841,12.8715,18.6987,8.19303,32.3793,48.7672,57.9949,24.8376,75.6057,32.0646,61.4799,43.2712,23.0251,64.93,9.79954,45.287,26.6081,10.9506,50.2584,60.53,71.6932,185.79,6.13608,35.8655,17.709,19.1906,33.1803,36.0492,53.8541,34.828,38.5337,130.506,30.9975,8.732,13.4417,30.7202,1144.89,36.449,30.57,27.5313,50.58,49.6519,57.5901,35.82,107.02,5.8476,45.11,23.2329,138.488,41.2428,50.52,67.4451,29.821,10.853,11.0392,38.2467,68.643,29.6829,32.5003,51.4878,53.1541,51.9616,22.1696,111.83,42.4118,34.0366,51.7755,33.3972,4.35464,34.2715,119.39,46.5194,288.59,45.2375,142.18,79.04,62.57,27.343,29.5929,14.3839,79.93,218.655,28.5897,27.7598,4.16919,27.028,43.445,79.2455,193.067,,11.4158,122.687,80.94,,100.207,14.099,47.8784,,62.2006,62.2312,,31.63,26.5714,,57.445,66.9126,11.3165,27.8325,28.2806,68.9343,45.84,,105.504,152.0,,146.433,33.2485,35.9145,34.2691,18.21,,37.563,97.74,151.52,85.71,35.76,21.36,,,106.481,,30.9992,47.9132,246.3,56.1859,81.6199,19.7354,15.15,11.521,32.3053,123.246,26.4214,35.8407,,20.3928,49.5151,,,43.6797,45.9088,47.63,70.33,29.9434,57.13,35.02,20.6435,65.52,14.12,39.86,90.3824,38.2486,23.015,53.9741,34.7813,118.202,59.42,,106.32,39.0122,66.87,30.7406,7.53842,,,,49.9726,19.18,42.435,82.0745,24.4439,4.285,4.24,45.5705,204.0,38.4897,21.5691,64.0917,9.52512,,,,41.1082,1153.41,17.5788,58.4432,88.0993,54.96,21.27,70.3956,12.686,,,56.739,,,,10.115,,45.1489,127.12,64.4282,105.45,,,48.9104,12.094,91.87,,40.9,,48.13,45.4506,,,56.53,32.33,,,11.73,30.0465,7.4,,14.2856,95.9746,21.0237,13.3759,,63.2384,8.36,,43.5053,,56.0314,17.204,,17.937,55.8413,36.0,16.06,43.0,,59.5005,,45.69,8.05,,,,19.8055,54.192,9.90835,,10.1153,,,77.7172,,,47.011,76.0355,,55.5388,,,,47.5798,17.8923,226.418,17.4498,,12.9917,89.54,,,,20.496,,,,40.5944,,28.025,15.7481,,,37.1756,47.8817,,20.4909,,21.0441,
2014-02-01,18.5587,23.318,107.838,73.7314,32.9602,44.3478,142.968,28.2512,28.3721,52.64,3.16582,18.4945,313.8,8.46105,93.375,33.786,36.9419,8.19165,63.9205,39.0103,43.125,119.524,47.8795,33.8086,22.2522,73.3276,61.4608,88.7634,15.54,13.5782,18.105,55.11,14.6411,62.6928,83.2507,11.7984,48.4617,33.027,30.2818,27.95,48.9278,24.93,40.6164,53.0905,28.6001,23.2097,14.9546,395.348,35.0739,82.9437,97.4482,30.74,68.6513,136.296,42.1414,61.13,6.7195,37.1539,54.8727,45.92,74.015,25.927,13.6511,19.1361,8.79971,28.3426,53.7719,61.7375,24.948,78.9349,33.336,69.0276,42.5547,23.9087,68.73,9.92853,49.427,28.3408,11.0198,52.0373,62.37,73.6262,208.36,6.67791,39.1452,18.482,20.04,33.9758,36.0707,54.3672,40.484,39.6344,128.961,33.2353,10.0567,13.8423,34.7037,1348.84,37.036,30.5,27.1178,57.07,52.1661,65.0562,37.44,112.34,6.3661,48.43,24.2533,146.366,47.1948,54.77,70.3746,31.6899,11.627,11.3042,41.8428,89.141,35.1342,31.5155,57.98,54.7343,55.2666,20.762,114.91,46.1082,33.9025,55.3792,39.7831,4.45129,35.4435,124.94,50.1151,332.5,49.8206,141.53,80.86,68.46,29.725,31.7608,16.5197,98.03,260.125,29.2112,27.8534,4.70738,28.288,46.586,77.6149,182.209,,12.1353,129.556,88.34,,112.519,16.1565,48.7681,,62.0595,65.9199,,34.815,31.1503,,59.52,80.3735,12.3335,30.4437,29.9133,66.1965,44.96,,117.025,171.49,,150.219,35.7518,37.8254,35.642,19.3101,,37.8348,93.4212,140.2,89.69,39.307,21.78,,,113.56,,31.9768,50.2139,245.76,57.7709,83.3483,20.6027,15.92,12.681,34.3859,136.805,27.2227,38.0699,,21.8282,55.8689,,,45.1148,47.8433,54.15,69.56,31.0434,62.95,34.27,21.7964,64.26,15.33,40.4,92.7425,38.8192,26.0295,55.7611,37.0247,121.861,52.33,,129.93,39.9152,71.77,31.989,7.84069,,,,52.2737,19.77,44.8991,87.5184,25.2158,4.55375,4.63,56.3965,192.45,37.2661,23.8883,66.8116,10.135,,,,41.5352,1192.0,17.2541,55.1453,96.2812,68.99,22.69,75.7396,13.612,,,63.214,,,,11.275,,43.3706,129.72,72.1348,93.78,,,52.7717,16.3207,97.98,,41.93,,56.97,52.8571,,,59.41,38.15,,,12.85,32.9442,8.07,,13.6977,95.8483,20.626,14.1364,,66.9152,9.34,,46.9367,,55.9785,20.104,,18.707,59.8442,37.68,19.23,47.41,,62.7761,,50.31,8.61,,,,20.5449,53.583,11.8584,,13.6215,,,82.491,,,51.6,79.1758,,57.4455,,,,49.5398,18.3725,229.718,17.8214,,12.3917,109.92,,,,23.3145,,,,44.6731,,29.025,15.1855,,,39.1709,54.6997,,19.4151,,22.4801,
2014-03-01,18.0498,21.9165,109.679,74.9696,33.6256,48.4675,140.734,28.6654,30.6541,53.23,3.20054,20.6122,281.74,7.8668,97.1907,37.3912,37.8476,8.57779,54.7086,35.2227,45.6591,120.183,49.0084,37.7174,19.6139,76.8913,62.3301,89.6347,17.73,12.2639,16.818,53.91,14.3906,60.9058,85.3191,11.6259,47.1291,32.903,27.7624,27.43,47.2344,25.1699,40.4501,53.5611,29.1582,23.3147,15.4975,387.124,35.1806,80.0129,100.078,30.015,68.9869,136.591,42.8598,58.21,7.4665,35.3088,54.3123,49.19,68.47,26.355,13.663,20.0621,9.19422,27.4331,50.9702,61.5336,24.9626,76.7461,35.301,66.7287,43.2384,25.7903,68.85,10.3609,48.667,28.6008,10.6391,53.2798,57.09,70.7642,190.92,7.03346,40.6672,18.878,20.8096,34.7801,35.4003,57.5778,40.849,40.2146,126.977,32.7619,9.89267,14.1704,36.3668,1191.89,38.549,33.03,21.4776,69.79,49.8395,70.8595,36.47,106.63,5.029,46.8,26.5277,137.675,47.2105,52.18,67.3102,31.6693,12.362,11.361,43.0393,80.559,32.5146,32.6563,58.5446,56.3404,51.1892,21.1809,116.57,45.2704,36.4803,54.0866,41.314,4.7324,35.7838,123.303,48.5252,300.28,47.8902,135.98,70.72,60.24,31.013,32.9207,15.5184,93.27,248.569,27.25,26.7195,4.93525,28.66,48.023,79.3441,193.847,27.8485,12.1472,132.701,94.94,,118.376,15.0835,50.0041,,58.4047,67.1218,,34.504,32.9546,,59.685,89.0645,11.575,28.1335,30.3949,66.2421,44.63,,116.287,148.66,,146.176,35.6136,38.2991,32.0854,19.3259,,38.967,100.89,136.25,97.44,42.332,21.5,,,118.071,,34.2585,50.6824,235.68,58.3932,86.4923,21.5772,15.562,12.792,34.7674,128.568,25.7185,37.9002,,21.9392,54.2372,,,44.8656,50.1175,50.77,69.44,32.9982,60.7,32.27,20.1843,53.52,15.54,38.41,88.6392,39.4086,24.4318,56.3985,37.2368,125.588,51.79,,115.1,39.2851,71.08,31.6389,7.93832,,,,50.1424,21.93,46.6784,88.4945,26.1755,4.54875,4.406,59.0103,181.8,38.0988,25.0479,64.8702,10.2523,,,,42.9778,1147.0,18.3891,55.3104,101.229,69.41,21.75,73.9522,11.984,,,60.259,,,,10.34,,41.9119,128.12,70.4492,83.68,,,55.5303,13.8967,97.33,,32.9,,58.97,55.2826,,,60.34,38.87,,,12.32,35.6388,7.36,,13.9977,98.1398,19.82,14.5147,,64.4716,9.4,,47.8652,,58.6068,18.674,,19.18,61.391,37.56,18.29,47.42,,62.6955,,52.59,9.1,,,,20.4833,55.169,11.4334,,12.9844,,,81.8413,,,52.596,83.1286,,55.2133,,,,50.9166,18.1485,238.47,16.8621,,13.2883,91.43,,,,22.776,,,,44.6831,,28.345,14.134,,,40.0981,50.4826,,24.5623,,25.7218,
2014-04-01,18.6667,20.5653,115.79,75.8305,34.2471,47.0579,137.274,27.9634,30.5858,52.99,3.2654,19.2673,264.47,7.98924,97.7169,40.2609,34.0295,7.82732,60.6003,34.3459,46.0756,125.178,51.0192,35.9667,20.1875,72.2518,62.859,90.8888,17.85,11.8549,15.2065,47.18,15.2295,66.09,87.2625,11.2779,44.6193,36.658,26.6474,26.64,47.2187,24.5202,39.5265,50.9356,30.0867,21.2486,16.4223,370.676,36.6103,87.2249,104.061,28.659,70.6597,128.448,48.187,53.07,7.208,36.4835,56.3606,45.46,67.045,26.631,14.2379,19.9723,9.38593,31.811,57.2881,61.8401,26.939,76.3056,36.7651,62.2235,41.9167,24.5457,69.3,10.778,40.19,29.3793,10.6285,55.5962,51.65,69.7833,175.2,7.15752,38.254,16.349,20.227,36.1225,38.6188,55.2331,43.395,42.5712,132.351,31.1648,9.91933,14.6146,34.7737,1157.75,41.798,29.29,22.813,67.49,46.781,71.5851,35.655,105.17,4.6006,43.78,27.4152,128.955,47.8241,52.07,68.5463,31.5153,13.578,9.97,43.074,71.8,33.5634,34.8733,61.3548,60.8476,52.0721,21.5637,106.65,42.5287,34.158,53.3178,42.6894,4.95694,36.5821,124.091,49.6803,296.89,45.3028,132.41,67.7,59.78,32.964,34.2843,15.3384,91.2,220.724,28.5668,26.7633,4.86552,24.445,46.762,79.0755,192.047,26.333,11.5641,135.226,93.83,,114.677,14.9383,49.528,,58.5291,69.8488,,33.062,36.0601,,57.115,85.3797,11.16,30.0463,30.3692,70.0921,40.87,,111.495,135.85,,148.524,38.4158,38.4101,30.3861,19.5448,,36.871,93.7009,149.89,87.71,42.682,20.99,,,113.385,,32.9012,52.2607,233.12,58.9347,88.6254,22.4021,16.6,13.706,32.6769,120.94,28.4223,38.1309,,22.5295,51.3556,,,44.0394,47.2479,47.13,68.94,29.3199,63.22,32.77,20.5742,48.56,15.56,37.62,87.468,43.9579,23.836,57.3751,38.2321,129.682,50.39,,114.13,37.0208,64.63,32.6614,7.89845,,,,49.6045,20.38,51.6589,89.14,26.7098,4.53375,4.396,63.068,176.55,41.2599,25.7347,66.6313,10.8987,,,,43.2468,1077.0,19.649,50.2741,96.3779,69.44,20.88,71.1409,9.944,,,59.027,,,15.305,8.11,,41.3734,123.21,68.0818,81.65,,,53.443,13.8593,92.86,,31.13,,58.88,56.0418,,,53.72,38.43,,,11.16,34.1007,7.55,,13.5522,96.9722,20.7347,14.9079,,68.0026,9.41,,48.6813,,53.2563,16.089,,19.107,67.1872,37.4,16.15,37.63,,62.8027,,45.93,7.85,,,,18.3892,57.043,10.5966,,13.1857,,,75.4679,,,51.808,83.5434,,57.2199,,,,49.8753,15.4823,228.247,16.766,,13.1583,73.07,,,,23.6562,,,,43.9988,,30.39,13.9119,,,40.3154,47.1837,,16.5847,,24.3748,
2014-05-01,18.8279,20.1267,112.138,80.496,34.2002,50.3887,137.715,34.7123,31.0612,57.17,3.36209,19.2555,294.18,8.66172,97.7561,39.6515,31.0252,7.86482,62.701,36.3993,45.0256,122.936,53.6155,36.4557,21.4897,76.1325,65.5326,92.2083,16.99,13.5083,15.6275,50.08,15.2295,69.9645,89.8974,11.4896,45.2782,36.43,28.4793,29.84,47.852,25.534,35.1164,52.0992,31.7501,21.3576,16.898,373.848,40.6842,89.6356,108.113,29.632,75.8309,130.248,48.9743,54.34,6.876,35.0547,56.9269,41.99,69.368,22.668,14.3534,20.15,9.13655,29.3645,56.2005,65.3296,27.2182,81.4515,34.809,62.8115,44.4143,25.763,70.59,10.8297,41.083,29.6384,10.9153,57.6196,52.63,72.5326,185.88,7.45183,38.1166,14.603,20.8718,35.007,39.0411,55.0895,40.697,43.2051,134.932,31.3312,9.86333,16.0035,33.4611,1278.63,42.8,34.33,23.3658,61.78,49.694,72.8601,33.52,108.55,5.969,44.31,29.8597,123.114,48.4014,53.03,69.5968,32.1946,13.533,10.9418,43.0323,86.411,33.4198,33.6961,66.0446,62.3664,49.6173,22.0455,104.76,42.7317,35.2095,56.2511,44.0423,5.33798,38.1611,130.09,50.0196,306.96,48.0957,135.66,72.26,63.3,35.778,35.2194,15.3742,94.38,233.622,28.9791,26.8429,5.41503,25.395,48.901,86.6465,182.739,27.9945,11.2101,141.241,101.05,10.544,113.603,14.9831,50.4723,,57.6537,73.041,,37.859,38.1433,,59.825,89.4202,11.5635,30.0667,30.606,71.7158,44.37,,114.116,158.25,,157.162,38.4293,41.2813,30.5776,20.7972,,37.5323,95.8663,158.31,84.9,44.784,24.44,,,120.308,,32.1793,54.2889,245.02,60.8272,90.1025,22.3392,18.63,14.244,33.5294,121.858,27.0748,41.0591,,23.5323,53.3039,,,45.634,45.0329,50.98,71.09,28.5545,64.24,33.75,21.7252,49.55,16.69,38.49,98.9128,44.3664,24.3279,59.1417,39.2844,131.305,54.61,,126.41,39.4121,63.1,34.944,8.0808,,,,52.35,20.63,52.9438,86.5756,26.8384,4.44625,4.494,66.1712,175.965,40.8013,26.8844,68.5173,10.9802,,,,48.1705,1113.64,20.7269,49.9726,100.979,74.3,23.72,75.1782,10.462,,,57.079,,,13.2591,8.44,,40.1396,120.73,66.3149,78.13,,,52.4762,13.8513,94.77,,42.07,,48.68,58.3748,,,53.58,36.07,,,11.66,36.116,8.45,,13.7864,97.8874,20.4523,14.0879,,74.758,8.69,,49.9254,,50.8299,15.855,,18.977,71.5307,43.09,13.27,36.63,,61.5139,,44.63,7.18,,,,19.3526,58.76,12.485,,16.5446,,,76.4504,,,53.73,86.8276,,60.4774,,,,50.5277,14.659,231.234,17.1048,,12.8817,78.37,,12.8324,,22.3141,,,,42.5874,,30.055,15.3569,,,41.0992,48.6955,,9.5935,,25.9673,
2014-06-01,19.4409,19.8616,112.006,79.5571,37.1586,49.382,144.321,35.4442,30.7522,59.68,3.44641,21.0611,290.44,9.08345,99.9116,35.4411,26.2761,8.23402,64.0124,37.3612,48.5361,123.208,53.4458,32.2308,22.3079,79.7549,73.5742,98.2614,17.4,14.6436,16.239,48.81,15.2713,67.8084,88.5204,12.4151,45.5567,37.997,29.1279,32.04,48.5906,26.1526,37.5754,51.6907,31.8627,21.8847,16.9703,396.581,39.4768,83.8875,109.244,33.893,76.4181,136.787,52.4935,61.06,7.41625,33.8307,55.0286,40.2,74.532,27.536,14.7499,20.6624,9.27474,27.662,56.2105,64.0623,26.9771,84.5927,35.8819,63.4636,44.5294,26.4998,72.32,10.9134,45.757,32.0114,11.1685,55.4453,58.08,69.7065,179.45,7.61922,37.6827,14.016,20.9302,36.4502,37.8857,58.1347,40.971,42.8221,139.089,30.3578,10.04,18.3818,34.0804,1203.0,45.019,33.62,23.4826,71.06,48.7423,76.9458,33.86,111.44,6.2943,52.01,31.165,129.856,50.1704,54.46,69.077,32.1231,14.307,11.8502,42.7804,96.629,35.0154,29.4281,64.7701,59.1579,52.9193,23.9426,104.52,41.2886,37.2332,54.7019,45.8956,5.83099,39.642,115.238,49.351,282.47,52.1049,138.34,94.68,67.29,34.71,35.597,16.1706,88.65,256.608,30.4633,28.4128,5.54495,29.745,49.175,92.6326,199.006,28.764,10.4138,145.31,104.73,11.9293,122.185,15.7587,53.6999,,58.4604,73.3088,,40.5,41.3609,,59.33,93.1975,11.8385,30.9687,30.921,68.1349,41.07,,124.076,178.54,,166.115,39.4391,41.9959,30.5387,21.635,,38.4663,99.6794,175.16,91.41,43.235,25.35,,,122.291,,33.801,54.8134,253.18,63.0982,91.7733,23.3156,18.902,14.629,35.6309,134.239,26.0507,42.2458,,23.3996,55.4105,,,47.0073,43.7294,53.29,70.52,30.0248,66.785,31.7,21.8152,56.44,17.49,38.82,99.6876,44.8722,24.9407,60.9169,40.9618,132.323,56.04,,131.8,41.8669,68.8,35.6501,7.9057,3.8995,,,53.6528,22.24,54.277,82.0322,28.7101,4.495,5.026,77.848,192.3,43.487,29.141,72.1445,11.4348,,,,48.3255,1150.6,20.6386,50.638,100.034,82.32,24.69,78.8523,12.392,,,57.247,,,14.4906,9.915,,40.2272,119.71,67.1304,91.21,,,51.4142,16.004,97.17,,43.75,,48.74,62.2096,,,53.52,36.95,,,12.14,39.0685,8.55,,14.0205,109.891,21.5656,14.7396,,73.5218,9.14,,51.0484,,49.1751,15.817,,19.147,86.8391,44.63,13.3,39.67,,59.8712,,40.48,7.48,,,,20.8217,63.608,13.975,,16.0562,,,80.9103,,,53.481,86.6748,,60.1054,,,,52.5598,16.3658,243.885,18.3039,,14.3883,89.86,,12.953,,20.8855,,,,42.5973,,30.16,14.7056,,,42.3674,50.8645,,10.2555,,27.8535,
2014-07-01,19.4594,20.9605,113.303,75.2387,36.5722,51.6922,148.976,33.1999,28.4019,53.32,3.65066,19.2201,308.01,9.38323,97.8737,35.9372,26.562,7.86229,70.6838,32.2767,45.3605,123.417,53.0817,31.9471,18.7869,75.3458,72.4061,97.9333,13.1,15.0038,15.6495,54.05,15.0169,67.0792,89.4579,12.5076,45.686,32.018,28.8728,30.84,50.0636,26.0925,31.5499,53.8692,30.5144,20.6261,16.7616,380.073,38.5994,72.9262,113.778,30.83,80.1663,132.657,55.5128,59.02,7.691,34.4249,53.1914,42.16,75.157,22.257,14.6719,19.0571,8.35915,26.6982,49.3273,57.7387,27.0718,79.0943,33.3293,63.2005,43.6552,26.4137,70.44,10.8943,50.84,31.9766,12.2007,53.9312,54.25,70.4521,184.34,7.64256,39.2194,16.251,19.2786,33.8506,37.5328,62.914,38.678,43.4815,137.434,29.5647,10.0,17.378,33.0086,1242.45,44.821,32.94,22.8238,63.11,48.8136,70.4198,35.73,112.59,6.0389,48.81,26.0549,134.035,47.9087,54.47,67.7418,31.9054,15.042,13.45,39.8925,84.339,31.6182,31.4684,70.4742,59.6596,50.9542,24.0298,98.0,36.8325,38.4001,54.6387,41.4653,6.03974,37.0421,108.88,45.9612,316.22,47.2786,124.77,88.91,72.65,33.583,34.6687,15.9072,81.48,239.326,31.0649,26.4715,5.33784,33.375,52.756,103.099,193.077,28.58,10.7188,148.985,105.9,11.583,114.924,15.5439,62.2056,,58.4793,72.2308,19.6784,36.72,44.708,,58.125,85.9241,10.66,30.1331,28.3726,71.533,46.39,,111.379,159.91,,169.645,38.3154,40.5667,28.901,22.1782,,37.1457,93.7871,170.89,92.33,40.003,26.07,,,122.768,,40.1322,52.9959,257.14,54.1281,92.6356,21.8332,18.022,14.613,33.8772,104.266,25.5283,46.6429,,23.2211,51.2798,,,48.841,43.0728,54.93,68.42,30.1529,62.24,32.78,20.6129,47.57,16.83,37.77,104.207,45.8562,25.3587,61.6654,39.9889,128.545,54.21,,132.79,41.3201,67.35,34.5664,7.45978,4.1325,,,52.6756,22.38,49.1514,78.8469,27.0905,4.1725,4.91,72.0877,158.25,39.3498,28.2391,67.9893,11.0159,,,,45.9733,1126.46,20.5733,52.6699,102.056,80.07,23.21,77.0302,11.76,,,55.465,,,12.6929,9.42,,38.9589,114.99,66.1296,90.73,,,49.777,14.8867,91.2,,38.66,,43.4,58.6082,,,54.21,30.9,,,10.48,38.0445,10.3,,14.0545,109.753,21.7407,17.4183,,68.9173,8.56,,51.9142,,46.8973,14.373,,17.817,79.7376,40.85,12.06,35.34,,62.4084,,38.47,5.94,,,,20.6671,57.013,13.4766,,17.0446,,,77.0694,,,51.971,87.7677,,58.9704,,,,52.5982,15.5028,232.528,17.7322,,14.7517,83.84,,13.1234,,18.979,,,,39.2268,,30.835,13.8701,,,41.7325,46.517,,10.7283,,26.1483,
2014-08-01,19.8208,22.022,115.448,75.9524,39.9638,53.4789,154.855,37.3898,30.0915,54.25,3.68898,21.0847,315.98,9.69129,100.157,38.4974,28.3071,7.87056,83.0484,34.9011,45.8763,125.953,53.3835,32.7414,19.7393,78.8153,77.2234,103.476,14.19,13.1211,16.952,57.075,15.7665,70.3365,90.9278,12.5076,42.5944,33.274,29.0128,31.78,50.3754,28.0793,34.2503,55.771,30.6606,20.807,17.5913,398.42,36.9206,75.8221,118.41,32.907,83.7388,144.016,56.1712,60.42,7.793,33.8495,56.2668,45.67,81.457,24.653,15.2408,20.8303,8.53263,27.1928,52.1004,60.3738,28.6263,81.9547,34.9841,64.7785,44.8648,28.8501,74.68,11.6686,52.223,33.1582,12.5706,56.2787,59.09,72.0302,167.83,8.18361,40.6138,14.155,21.5868,35.3818,38.8795,64.8824,41.541,46.7562,143.594,34.6236,10.3987,18.6569,35.8174,1244.31,45.587,30.08,23.261,69.68,49.2542,70.0829,39.79,124.19,6.8234,52.4,25.9045,132.626,47.9612,53.625,69.2665,32.0055,16.543,13.573,41.3201,88.118,33.3861,34.5022,76.3245,64.3978,59.0394,26.8895,101.29,39.1333,41.3187,58.5663,40.9456,6.2044,39.1242,115.418,49.9717,350.45,47.2786,146.02,93.57,74.82,35.57,35.153,15.8853,80.12,241.464,33.5261,27.2401,6.31583,34.18,56.389,110.809,204.584,28.58,11.5732,152.032,117.65,12.0845,121.559,15.5887,66.4995,,62.524,73.2667,22.0671,36.745,50.0068,,59.845,99.518,14.735,31.4362,30.3097,69.9472,47.61,,125.473,179.36,,172.613,39.033,43.2645,33.1402,22.8196,,38.9859,96.6152,173.49,97.31,42.275,24.87,,,137.44,,40.6692,54.8134,270.48,56.1082,94.6944,22.6029,19.532,14.679,35.5773,120.391,27.7205,47.2645,,24.3497,52.6997,,,51.0814,47.3021,56.12,74.59,32.337,61.985,33.31,21.6629,54.2,17.63,40.9,107.475,47.2697,23.121,62.0273,42.3854,135.676,54.46,,143.69,42.1367,68.68,36.4231,7.86664,5.2405,,,52.1904,23.51,53.0326,88.715,27.7601,4.30375,5.162,75.6992,213.9,41.4788,30.2411,68.9937,11.9399,,,,51.0797,1173.19,21.6061,55.3502,103.977,78.03,21.96,79.6475,12.226,,,49.951,,,17.7978,11.05,,41.5216,120.26,69.2987,89.06,,,51.7028,17.98,97.07,,37.65,,46.52,64.4125,,,59.1,33.26,,,11.29,44.0761,14.08,,14.9433,116.758,22.3248,19.081,,74.5209,9.76,,53.695,,49.7577,14.475,,18.527,87.2814,47.84,15.67,36.11,,67.2844,,39.93,6.9,,,,21.2041,58.032,14.165,,20.1131,,,75.6629,,,54.333,90.7636,,61.6212,,,,53.518,14.6864,253.681,18.1771,,15.3733,91.07,,12.1995,,18.9761,,,,41.4023,,32.235,14.2017,,,43.6499,48.5296,,12.4989,,25.6413,
2014-09-01,19.5601,22.4685,111.633,76.7013,38.865,51.3369,158.707,35.1873,28.8832,50.31,3.42525,20.1712,304.71,9.38126,99.8818,32.9033,27.6191,7.82479,82.1922,34.5909,41.7951,120.239,50.4048,33.8706,18.6835,78.8739,68.3769,101.513,13.1,11.2872,16.122,55.12,14.7043,68.4057,87.202,11.5697,41.7005,31.276,29.3143,29.74,50.1835,28.1881,29.0881,58.613,29.1533,19.9451,16.6023,387.75,36.2744,65.4575,109.214,28.609,79.8209,140.584,54.8575,59.8,7.608,35.0547,54.2017,41.92,83.091,19.651,14.1279,20.147,8.46101,26.5037,48.1436,56.5313,26.2349,79.0748,33.1835,60.3274,42.9447,27.8893,73.14,11.3383,51.313,33.1333,12.3105,55.4891,57.53,70.2339,162.79,8.41946,44.0102,9.75,21.8905,34.4562,37.0291,61.2955,41.425,43.1514,139.568,34.7888,10.024,19.1269,35.7675,1158.58,40.037,28.87,21.2095,65.81,49.4525,65.2952,36.7,118.74,6.4454,46.45,25.6499,133.888,40.5749,56.07,69.4877,29.722,17.025,13.3318,38.6247,81.298,31.9045,32.0976,72.5305,60.1702,56.3795,25.607,93.9,37.6516,37.8108,59.583,39.533,6.46154,40.8778,119.77,47.4766,360.52,43.8642,134.82,112.31,79.04,32.487,34.3659,14.7339,71.39,226.508,34.9544,25.2192,6.71815,34.55,59.774,101.169,194.147,28.868,10.6327,141.496,111.1,12.034,119.669,14.5674,67.1701,,59.307,68.2312,21.0065,33.533,51.2355,,58.235,96.1531,15.2785,28.7997,31.1619,68.5599,46.79,,119.885,163.92,,167.999,38.5345,41.2327,31.5269,20.7834,,37.7287,96.0011,167.41,118.17,39.721,24.33,18.1956,,134.757,,38.8498,49.7603,256.13,52.1977,90.5718,21.4118,20.678,14.3,34.1862,114.44,25.953,45.7577,,24.0117,49.756,,,49.6862,47.7495,55.78,73.47,31.8039,58.915,36.02,20.8692,49.05,17.21,39.695,108.081,43.9032,21.5233,58.4306,39.9289,134.182,51.68,,142.12,42.9385,68.78,35.8689,7.74295,5.5205,,,50.4371,23.07,49.6231,90.5423,25.8952,3.9145,5.053,65.5565,181.05,39.1299,28.4206,64.8949,11.8311,,,,48.9649,1130.02,22.8938,58.113,99.8141,70.97,24.02,77.4292,11.756,,,47.098,,,16.4471,9.9975,,42.7911,113.4,70.916,88.4,,,49.2069,16.1787,94.01,,43.79,4.21,40.54,64.3239,,,59.74,30.5,,,11.21,40.7749,14.99,,14.731,111.362,21.8638,18.6592,,69.9362,8.94,,49.6508,,45.0592,15.554,,18.24,85.1577,42.3,15.44,36.85,,66.9532,,42.01,5.45,,,,19.9091,54.988,16.35,,19.2973,,,69.7055,,,47.896,86.125,,61.5639,,,,47.2058,14.3483,251.997,17.2555,,16.1967,82.5,,11.9396,,18.6254,,,,38.2991,,32.318,12.6592,,,43.0215,43.9021,,11.9343,,25.9542,
2014-10-01,20.1293,20.8305,121.674,81.8648,38.7919,53.9846,164.245,40.4825,30.7017,57.26,3.85252,21.4845,295.75,9.90686,98.9913,35.6199,26.6664,7.73871,86.4596,38.4165,39.208,133.634,55.2045,34.7091,20.7482,82.84,65.2676,103.813,13.99,13.288,15.273,59.76,16.9182,68.8274,95.4827,12.2321,45.4984,30.399,28.2909,32.0,52.0471,26.9441,26.3401,61.4392,30.0008,19.8964,18.1423,435.941,38.136,66.0283,120.74,26.355,83.117,140.672,57.2478,60.3,7.896,37.4317,57.5071,42.32,80.577,17.464,15.3173,18.3887,8.34885,25.2157,49.4599,59.2581,29.0511,83.0862,38.323,58.1625,47.8179,28.5869,78.07,11.4875,55.09,32.6062,12.5541,59.2223,63.99,79.6901,165.35,9.06586,40.9804,10.549,23.0516,38.3816,40.9522,62.2143,46.845,49.1997,151.211,37.1555,11.7253,21.1288,33.5899,1206.21,41.312,29.19,22.806,58.9,55.9537,57.924,30.36,122.98,5.611,55.91,25.3511,143.948,43.9735,60.57,70.2566,32.8375,20.153,12.76,38.5353,78.843,32.8047,34.459,61.1571,58.0932,57.8189,26.1401,101.66,38.7243,41.4861,57.7955,42.1891,6.73496,45.2471,113.031,49.3111,393.72,48.8821,142.04,112.64,74.99,36.155,37.9551,13.9513,78.59,258.509,35.1507,24.7932,6.66011,32.79,60.382,100.392,193.607,27.954,12.6566,159.727,110.06,13.4386,108.521,13.5938,66.7207,,60.7294,77.9326,23.1199,39.179,51.4015,,60.015,101.436,16.8135,32.6302,32.1597,73.8567,52.81,,135.195,192.58,,171.667,43.4622,45.6283,33.1697,23.2792,,39.676,93.9747,175.17,120.81,48.561,26.19,18.3473,,136.74,,40.8868,54.1433,258.47,51.7397,100.743,24.1257,23.168,14.345,39.3817,135.677,27.8861,50.6036,,22.6195,56.1953,,,50.918,52.5794,58.54,80.71,33.3168,70.835,39.0,23.6143,67.06,17.95,40.98,109.472,46.5321,21.9673,65.7589,45.025,141.353,52.62,,150.56,42.7807,73.41,37.8509,8.42869,5.078,,,54.2084,26.45,50.0208,91.9672,28.6954,4.18,5.21,59.9986,206.85,43.4793,28.2303,67.4584,12.7569,,,,56.0789,1227.58,23.6149,60.7346,108.419,73.75,26.0,82.4548,13.586,,,47.136,,,17.629,11.2375,,49.1197,112.82,81.8184,111.92,,,54.4781,16.1133,103.63,,47.74,4.12,45.34,64.5396,,,63.16,26.86,,,13.09,40.9025,15.02,,14.6473,120.483,21.2806,18.9889,,70.3787,8.29,,55.548,,43.7928,16.109,,18.773,80.8895,48.64,18.84,43.17,,70.4666,,41.65,5.93,,,,19.3213,62.171,17.6166,,16.3698,,,80.634,,,53.862,92.507,,68.9238,,,,52.1927,13.6898,261.785,17.0237,,14.5767,95.48,,10.8366,,18.2955,,,,42.3759,,34.74,14.3491,,,44.9387,44.4923,,10.7036,,25.4828,
2014-11-01,20.744,21.7736,123.629,86.304,39.4583,55.5545,163.391,43.4088,32.2725,59.44,4.03862,21.7759,283.42,10.4776,102.656,34.7595,28.7902,7.84895,77.4549,42.1281,35.7918,136.019,56.6249,36.5136,23.2622,87.2382,60.238,108.928,9.09,13.5504,16.932,60.1,17.2571,68.0951,97.6703,13.4026,50.289,32.376,27.3548,33.74,54.5439,29.0406,26.3242,62.0476,33.3502,19.3527,18.0869,493.728,42.1515,63.372,124.606,22.866,89.5208,157.794,60.9965,64.61,7.03525,40.6145,57.2022,45.14,82.778,16.94,15.4786,19.4174,8.56847,26.8039,47.8665,61.4312,29.965,82.4382,38.4258,50.3606,51.7801,28.6887,76.53,12.1794,57.53,33.6347,13.0315,57.8376,59.87,83.0605,157.62,9.68714,42.5032,8.6876,22.6975,39.3875,42.7672,65.3161,47.28,51.5349,150.752,42.1052,12.1827,22.4155,30.0609,1160.19,35.216,29.19,25.1978,48.8,59.953,46.7728,32.32,129.19,4.9513,56.98,26.4334,142.901,43.7188,68.36,74.7694,33.3353,21.613,13.2724,39.8062,65.495,34.5904,34.3382,53.0501,54.4071,61.5759,27.9296,111.72,37.3753,44.0229,61.4742,43.5695,7.14803,49.3407,125.758,48.1849,416.11,49.5835,153.59,117.88,77.7,42.033,42.979,13.9861,76.71,260.824,42.5872,26.3949,7.21227,36.245,65.505,101.387,197.266,27.0915,13.3277,160.237,113.31,14.2417,111.772,13.5938,66.3766,,60.3703,78.2071,24.8238,45.981,59.6743,,68.6,110.745,18.6915,33.0646,34.2136,76.5995,61.23,,135.309,190.89,,186.665,44.2908,45.6214,34.5383,23.6996,,39.8832,99.0246,187.68,126.49,53.967,26.8,19.2126,,144.606,,42.134,56.4439,293.26,52.3251,101.427,24.4998,24.692,17.49,42.2613,134.479,28.3542,51.5451,,22.2847,57.9104,,,52.8972,53.633,57.82,85.48,33.4192,74.675,43.89,23.8677,75.55,18.87,43.39,118.561,47.6602,21.5533,68.0752,45.9591,145.288,56.9,,151.89,44.3444,72.09,39.0223,8.65737,4.742,35.2,,55.8953,27.66,51.1606,95.0522,29.6669,4.5425,5.512,49.4426,250.05,44.3777,32.1748,69.17,12.9575,,,,58.0607,1258.67,26.263,61.7481,113.547,73.15,26.8,84.6073,12.792,,,48.217,,,28.5542,12.865,,49.8444,118.79,86.4829,108.58,,,54.4127,16.3013,106.91,,51.03,4.14,43.38,73.1406,,,64.75,28.125,,,14.2,44.5512,10.51,,14.8028,125.949,21.4878,18.5987,,71.8481,9.03,,55.555,,42.8732,17.026,,19.107,71.785,51.12,21.48,46.59,,72.4289,,48.19,6.16,,,,21.5054,71.634,20.5,,14.8111,,,84.9413,,,57.166,88.571,,70.8385,,,,55.0674,15.1803,275.62,17.5944,,16.12,87.05,,11.2192,,19.1141,,,,41.6237,,35.745,13.4798,,,46.7726,45.0336,,9.97553,,29.2162,
2014-12-01,21.097,22.2674,124.526,87.2791,38.7207,57.0462,168.115,46.4556,32.426,60.41,4.02764,22.8097,312.67,10.3044,102.332,35.3961,29.4149,8.2683,72.7759,39.9588,37.3447,135.01,59.7396,34.5706,23.0803,88.8394,59.2923,109.324,8.5,15.4669,15.5175,57.0,17.2065,69.9912,100.757,13.0089,49.0503,27.974,26.4372,34.25,55.6639,29.8778,25.5728,66.7726,31.0319,18.8118,18.6991,480.492,40.1615,51.5943,127.448,22.703,84.5875,158.423,62.2728,62.96,6.289,39.5179,57.9135,43.68,81.115,18.589,15.6358,19.3986,9.01555,24.0228,39.8254,61.5563,29.4505,81.1638,41.0234,51.3218,50.2322,28.0917,75.74,12.2495,58.77,34.4142,13.9628,54.8523,59.31,81.9838,131.28,9.43981,43.2009,6.8015,22.2772,41.9432,43.3248,70.264,46.104,52.9433,149.307,43.4816,12.8413,23.0815,27.9783,1140.21,34.53,26.94,27.1336,44.595,60.887,45.344,35.13,130.47,4.8801,66.58,22.7877,149.135,42.4769,70.38,77.3496,34.1948,21.23,13.6902,39.9262,66.393,34.3459,34.403,53.406,53.423,65.2293,28.5781,110.74,38.3608,44.2833,58.8666,40.5255,6.87752,46.6593,126.767,49.8504,410.25,51.1396,155.36,118.8,78.02,44.3,45.3296,14.1393,75.1,260.993,40.7853,27.8096,7.79567,33.95,73.493,107.835,205.644,26.32,13.655,164.572,102.01,14.7888,102.723,13.6187,69.9009,,62.3886,80.5538,25.4552,50.815,64.3111,,68.075,111.251,18.0585,34.0854,35.15,78.1982,66.89,,146.61,184.58,,186.301,44.1671,45.8345,34.8074,23.7281,,39.4588,104.589,184.27,127.84,54.637,26.74,19.3917,,143.556,,40.4345,57.2253,302.46,53.5406,102.688,25.8818,25.962,17.852,39.505,136.305,27.4464,49.2269,,21.0762,61.1708,,,52.6351,56.7792,58.87,84.21,34.1141,74.135,46.76,24.9691,73.11,18.97,43.47,107.942,50.2266,20.1996,70.8921,47.68,141.837,55.91,,148.71,43.4981,74.92,40.0301,8.8083,3.7975,33.77,,56.5135,28.03,51.0678,98.0604,31.5825,4.56125,6.132,52.4057,232.5,46.0678,32.257,70.0981,12.968,,,,59.0624,1275.33,25.1618,67.5313,109.434,77.41,26.11,83.0767,13.57,,,44.436,,,26.1506,13.7625,,51.0253,120.56,87.0052,109.44,,,58.1065,14.8273,102.74,,47.75,4.05,46.76,71.8161,,,63.64,26.54,,,13.73,46.178,14.29,,15.1296,129.347,21.6721,16.3894,,71.8819,10.13,,53.9843,,41.2466,18.363,,19.7,66.6953,53.53,26.48,46.06,,72.5407,,55.79,6.87,,,,21.7001,72.174,20.4283,,11.8312,,,86.4824,,,56.985,91.3305,,73.712,,,,54.2493,14.6434,275.905,18.3269,,15.1733,81.61,,11.8695,,19.6029,,,,42.718,,35.485,16.0598,,,47.3108,45.5402,,10.8077,,29.6553,
2015-01-01,19.4084,21.0305,135.835,77.609,34.9847,60.748,149.534,54.2092,31.1572,59.62,4.32141,21.894,358.46,9.94522,92.197,37.8129,29.1251,6.81314,80.9302,40.0793,33.192,146.699,62.2304,33.6672,22.3785,99.9517,49.246,103.248,6.98,13.6541,17.7265,54.48,18.9244,64.8399,108.696,12.3483,50.4173,23.952,26.7804,32.34,55.8675,29.1902,20.6184,64.2488,30.1025,19.0191,18.0058,521.811,39.3256,44.6666,134.962,20.23,82.966,142.776,59.224,58.15,6.5585,37.0798,53.7499,44.56,81.655,15.729,16.6912,19.3938,8.46939,21.5136,39.1644,57.5395,31.6319,82.912,43.3804,46.7387,47.1778,26.1064,75.06,12.2274,54.943,33.9287,13.2761,54.0373,56.45,78.2027,130.58,10.1758,48.4057,6.1157,22.0101,43.5585,48.3582,61.7103,41.19,57.3362,147.642,42.3073,12.4907,23.7861,26.0974,1009.48,27.629,30.18,26.0109,42.32,59.1918,40.0568,34.86,111.62,6.3114,62.1,20.9753,135.355,41.7495,71.1,72.7774,35.8706,20.892,14.1968,42.5859,59.59,30.7665,35.2906,53.2065,52.3933,61.8705,28.0324,97.8,35.8816,37.5827,64.7089,40.167,6.6261,43.3542,109.03,45.3742,416.66,49.8019,165.04,110.14,75.91,42.608,46.7451,13.4214,70.79,263.505,40.5752,25.9847,7.9737,36.04,67.359,99.358,199.126,26.726,14.0617,180.021,82.85,13.5065,100.297,13.0419,67.4339,,62.6781,85.2862,26.4053,46.505,73.459,,69.035,102.528,19.4915,38.9307,36.0902,73.8904,69.37,,146.37,195.19,,178.194,49.7112,48.2795,34.4387,25.8201,,37.2349,101.068,167.13,131.94,62.053,30.365,18.6449,,150.265,,39.3322,61.3671,303.95,42.9718,110.607,26.9479,27.29,16.434,42.7252,145.981,25.1922,54.1553,,20.8667,59.444,,,52.3909,57.7174,60.5,84.22,31.3313,79.21,43.76,26.2972,79.71,17.99,42.99,113.723,55.9646,18.4039,77.9048,51.2529,142.717,53.05,,140.5,49.3482,74.64,41.6017,8.79538,3.945,33.39,,55.8109,29.72,45.7882,101.691,32.7125,4.575,5.979,60.4814,219.6,47.0322,31.4245,65.3991,12.3939,,,,59.4,1254.23,22.7242,71.5453,104.376,83.46,23.77,79.7869,14.58,,,41.54,,,25.9917,14.945,,47.3592,114.47,91.519,106.08,,,56.98,13.5733,95.04,,48.93,3.965,43.74,74.5794,,,69.35,23.84,,,14.97,44.0901,12.39,,14.18,131.951,21.8177,14.1464,,67.1831,10.01,,56.3329,,35.1648,18.451,,19.323,55.096,50.91,27.01,29.39,,71.4378,,66.24,5.92,,,,23.9555,71.224,21.065,,11.5861,,,89.429,,,53.861,97.1541,,70.9088,,,,56.9445,15.4482,262.764,18.962,,11.0083,79.46,,13.1516,,19.7112,,,,38.8339,,36.265,15.6187,,,44.6616,45.1045,,10.6063,,30.7926,
2015-02-01,21.6799,22.9759,131.124,80.4433,38.149,59.9513,165.136,56.4993,32.8975,61.5,4.11525,22.981,377.28,10.1637,99.1382,44.4381,34.1026,7.52621,79.9413,44.8135,37.878,144.06,62.0168,35.7095,24.9839,103.796,49.1746,110.941,7.75,15.9586,19.008,64.02,17.9863,76.1596,107.603,14.1794,58.2008,26.694,28.03,34.26,60.4854,31.8705,25.1414,72.2587,31.5486,19.9101,16.5192,550.301,43.4854,47.8202,131.342,19.775,84.8392,117.571,61.7836,69.51,6.8785,42.4199,52.0853,44.52,87.186,18.614,16.132,22.2035,7.92551,23.5422,42.0036,66.5802,28.6918,93.2225,39.968,53.2928,49.9881,28.8031,74.6,12.8527,55.557,34.9851,14.6033,55.8707,69.38,85.9275,126.99,10.3756,48.7862,6.5157,25.1393,40.8796,45.1222,67.8913,35.499,54.501,160.322,48.8088,13.8753,21.9406,28.3659,1237.48,29.436,33.03,28.2859,59.74,63.1171,45.5762,38.96,118.12,6.7844,67.11,20.3992,137.909,47.6082,79.68,77.9747,33.939,22.17,13.2994,46.582,79.368,32.3373,40.2184,58.2486,58.856,66.9992,28.0052,86.01,38.5866,41.0671,64.5592,38.0725,7.14775,43.4611,105.367,50.3349,413.84,53.2321,184.35,119.43,78.97,40.178,45.812,15.5691,67.41,254.105,43.7675,29.7229,9.88824,38.505,68.404,109.953,209.694,27.92,15.2948,177.161,93.06,14.6444,132.896,15.1929,68.1371,,69.9448,85.8962,27.3378,45.476,77.7363,,70.025,101.485,23.52,36.0138,38.1314,79.5647,65.18,,142.611,195.46,69.4,184.22,49.5457,46.768,35.7213,24.7918,,39.3815,111.384,199.73,140.76,58.382,32.38,19.4602,,158.55,,40.9118,56.0631,314.17,50.3688,109.239,24.9792,30.73,19.529,44.9609,154.338,23.9867,49.2898,,22.7535,64.9392,,,57.035,53.9214,64.98,83.11,34.0168,78.415,49.32,27.9845,85.85,18.355,46.41,121.52,57.9166,20.5295,76.6193,49.4195,147.761,57.35,,153.43,51.6096,95.9,46.1385,8.95814,4.3255,37.54,,59.7947,26.49,48.8534,123.252,29.7487,4.6775,6.722,62.4279,196.05,44.1558,34.5741,69.8397,12.6267,,,,58.9671,1332.0,25.3163,75.1415,116.267,91.05,25.59,90.789,15.252,,,43.474,,,31.6628,15.185,,52.5587,127.18,93.8041,119.37,,,63.355,13.556,100.83,,61.68,4.6,49.29,79.7988,,,76.67,26.14,,,16.29,48.9582,13.78,,14.8277,143.308,22.9545,15.1278,,71.1337,12.75,,53.219,,40.9228,19.916,,19.72,63.1881,63.69,23.48,31.73,,65.4962,,68.44,6.03,,,,24.5463,84.97,23.7034,,13.9459,,,94.8416,,,61.981,104.137,,71.1146,,,,62.118,15.0215,286.604,18.3059,,12.3733,85.5,,14.059,,23.1148,,,,42.3649,,39.035,17.5405,,,47.2586,48.636,,14.3988,,31.6579,
2015-03-01,20.7104,22.8864,134.747,76.6603,38.5695,65.6882,163.529,58.1153,33.6541,64.33,4.29836,23.6504,388.93,9.43736,104.076,45.8276,32.702,7.43933,75.7639,46.2409,34.685,145.087,63.1093,33.1076,26.0545,105.166,45.6425,108.611,7.31,19.682,18.605,66.97,18.3766,76.6071,110.523,15.2384,58.1118,23.12,27.6348,38.71,61.1471,31.6656,24.4444,71.7074,30.9589,18.7506,16.0346,585.583,43.3758,50.2726,136.909,17.617,80.5669,112.959,61.1962,71.045,7.12775,42.158,52.2048,44.14,89.622,18.135,16.0069,21.1777,7.90364,23.976,43.6149,67.9254,29.2669,93.5123,38.8082,48.6092,48.057,28.3883,81.28,13.4426,56.113,34.9205,14.8755,51.3743,66.81,82.3597,112.19,10.3994,45.193,4.5819,24.4283,39.909,44.588,58.0758,32.4,54.6777,164.548,48.7079,14.416,22.0613,28.1181,1164.15,27.283,31.69,26.363,59.79,60.8686,46.2597,45.65,114.94,5.9527,69.01,21.4244,147.795,46.8497,81.145,81.1413,34.9102,23.743,13.0108,40.4718,73.961,31.7222,39.2218,59.5323,58.9617,69.5456,28.7226,82.45,36.5077,34.9598,62.3384,36.8105,6.10202,42.0508,105.397,49.8514,451.48,56.5003,185.75,117.97,82.215,40.572,46.1829,14.4296,65.75,270.314,43.9578,30.1191,9.86746,40.375,73.265,114.171,208.104,27.4,14.7641,184.266,91.16,14.0264,130.529,14.3327,71.6525,,69.5469,87.2927,25.9692,50.109,87.0747,,69.81,117.51,23.0665,37.2614,38.2552,79.4654,67.25,,137.826,185.64,79.7,192.808,51.2719,46.88,36.6165,26.4164,,39.4895,113.16,213.57,150.85,60.699,33.025,18.9033,,159.901,,46.7652,59.7798,328.65,47.3025,113.94,24.7459,35.345,20.969,44.8724,163.793,24.9477,49.6273,,22.3704,61.7146,,,59.7547,51.5663,66.97,83.85,33.9146,77.24,54.01,29.1552,91.66,18.44,46.32,114.12,64.5949,19.8686,78.9188,51.2345,145.683,53.785,,150.92,56.3891,92.7,47.9321,9.90786,4.408,37.15,,63.8004,25.455,47.7826,122.563,29.9638,4.69625,6.99,67.3637,165.0,46.0374,34.2174,68.5451,12.8044,,,,64.2195,1328.66,25.0522,78.2644,115.45,90.715,25.23,90.9045,15.756,,,42.556,,,31.8415,15.585,,57.8328,135.18,93.1927,120.53,,,64.1007,12.5847,106.73,,61.29,5.03,48.69,94.3399,,,79.29,25.2,,21.93,15.66,49.0708,13.19,,15.2761,146.677,23.6044,16.8004,,72.4374,12.11,,57.6396,,41.683,19.783,,20.533,60.7844,67.29,24.11,33.35,,65.9651,,64.02,6.67,,,,25.4833,88.582,24.3466,,14.5554,,,101.866,,,62.687,106.728,,71.3995,,,,61.6788,13.9138,283.934,18.2752,,12.145,84.41,,12.9998,,21.7746,,,,44.7109,,39.7,19.799,,,46.5904,50.0167,,12.359,,31.3664,
2015-04-01,21.1852,23.1159,125.002,79.5004,38.3811,61.3529,170.889,57.3995,33.0351,61.55,4.12064,24.0109,344.43,10.0652,98.0599,40.9883,30.1606,7.73871,77.6071,40.9131,35.4372,138.3,58.3154,34.1484,23.2364,104.918,49.6757,104.537,8.79,16.7233,21.089,63.51,16.6415,74.8867,104.096,14.8486,54.5244,26.927,27.3394,38.34,56.1428,29.8932,25.2433,68.829,32.9166,19.9947,16.0009,572.129,41.2622,61.4069,129.149,17.969,81.2479,114.581,53.8162,73.78,7.237,40.5828,52.2491,43.99,89.72,16.596,14.6591,20.6367,8.18419,27.4564,47.337,69.2015,27.2885,93.6816,38.5099,50.3634,48.1602,29.628,81.1,12.6319,55.11,34.9821,14.201,56.9273,72.82,86.1607,98.989,9.88203,45.7949,5.6583,23.4571,38.5225,42.0723,62.3707,29.371,50.9031,161.119,45.7175,14.522,20.8576,28.4927,1237.81,32.511,34.04,26.361,59.67,61.4636,52.9865,40.04,122.02,7.95,68.11,21.5925,163.649,45.8564,76.41,81.1015,32.2161,21.108,12.4268,38.6633,71.578,33.5337,37.755,70.191,59.4946,67.279,29.6522,83.98,36.267,39.8169,63.0857,35.0089,6.56624,46.8339,102.212,49.738,457.46,56.4804,173.5,123.28,78.77,40.282,44.7761,14.2218,61.86,271.259,42.2565,28.16,9.08538,38.775,60.922,113.445,219.121,26.867,14.9373,177.888,96.58,13.4813,133.194,14.0622,70.491,,73.0931,83.1807,26.653,45.932,81.7248,,68.55,113.735,22.8515,34.0522,36.3519,81.1466,59.74,,131.674,184.25,65.91,211.938,50.0256,47.1496,34.394,25.6541,,40.4026,114.25,206.88,151.09,58.757,33.74,20.4057,,155.088,,44.4332,58.3166,317.01,53.4471,103.45,23.9623,30.995,20.661,49.0804,162.754,26.4214,47.7114,,23.778,54.6112,,,58.4252,50.5471,65.88,82.98,33.7636,62.685,48.51,28.4536,97.16,18.65,46.88,112.859,57.538,19.9836,74.362,47.2731,149.787,58.84,,160.89,56.2818,88.58,46.9854,9.9367,4.00075,33.46,,60.7175,23.7,57.0233,115.065,29.1053,4.44625,7.548,72.387,142.8,44.9562,35.2104,68.0913,12.4207,,,,60.779,1326.49,23.0519,81.05,117.501,92.08,25.06,89.982,14.972,,,40.886,,,31.3946,16.8925,,51.2764,134.45,99.9383,121.95,22.24,,59.6265,15.07,104.97,,64.71,7.05,41.69,90.3546,,,69.16,25.43,,25.0,16.08,48.3077,12.57,,14.7898,145.017,22.5858,18.4967,,73.6498,11.52,,55.3897,,39.5582,20.443,,20.227,67.1278,59.23,30.19,29.85,,69.1729,,63.64,12.76,,,,27.4238,88.324,24.62,,15.1483,,,96.6601,25.07,,65.252,101.201,,68.243,,,,57.3097,14.7263,282.492,18.3992,,12.3333,91.21,,12.6981,,23.236,,,,43.0162,,38.8,19.4694,,,46.8809,51.252,,11.8388,,29.0671,
2015-05-01,21.4401,24.346,125.956,79.049,38.8114,64.6282,179.945,62.0146,34.4386,62.41,4.17522,24.4637,365.67,9.9481,99.6474,42.9637,27.9206,7.9442,86.6737,41.6533,32.6007,142.448,56.6411,36.7827,23.9541,106.964,44.9121,103.991,7.94,16.8241,21.4615,63.19,16.5452,80.7603,102.299,16.0724,60.281,23.123,27.1675,38.24,56.3335,29.8691,22.7359,71.3216,35.6784,20.7184,15.8279,599.019,41.5873,53.5316,130.831,16.509,79.7508,111.955,51.594,76.27,8.1505,42.7946,56.2333,38.94,102.3,15.864,14.5475,21.4344,7.97013,27.5863,44.7856,68.7285,26.6079,96.353,38.1871,47.3239,49.1317,28.6818,83.78,13.0137,54.193,34.6902,15.1112,56.6527,72.75,88.1185,90.128,10.1551,50.5718,5.0582,24.6973,39.2426,40.62,62.1282,30.895,50.2389,167.628,44.6956,14.6353,22.0545,28.8973,1172.04,30.808,38.88,26.9051,49.71,64.0199,50.0544,34.38,125.69,8.9151,71.04,21.5572,170.029,46.6943,74.99,84.0688,31.7281,21.787,12.3104,40.2883,67.816,33.2524,39.8198,69.0801,59.7654,67.1704,28.6431,71.01,37.3664,37.7295,61.589,35.2308,7.14562,48.2324,103.54,51.0125,512.56,57.672,186.64,128.29,79.19,38.812,45.3286,13.655,46.5,271.929,47.3493,28.8877,11.5092,39.205,68.286,125.782,216.721,26.6055,15.1593,178.438,88.91,13.2931,139.489,13.5024,77.9413,,70.6957,80.7006,27.6278,40.31,96.9946,,70.835,109.681,21.2135,33.1698,37.7588,78.374,54.59,,141.1,206.08,82.15,223.377,53.1375,46.0158,35.4715,25.4901,,40.9291,111.503,197.99,152.62,59.463,35.77,21.1075,,165.269,,45.3532,59.7061,324.68,53.8493,104.076,24.2901,37.67,21.542,51.0974,172.02,27.8861,49.6864,,24.2775,54.6044,,,58.4252,52.7572,69.71,87.48,34.7177,67.8,54.56,31.7847,110.15,19.79,49.89,108.965,53.1955,18.9438,74.6443,47.8962,151.982,60.67,,152.14,57.2404,94.84,47.2104,9.97642,4.3695,32.86,,59.637,27.37,59.1618,108.796,28.3529,4.325,8.012,68.2127,172.5,45.2969,34.1501,70.1338,12.4226,,,,61.0779,1360.6,22.0413,83.7025,123.347,109.64,28.6,96.0206,15.322,,,39.301,,,34.5233,17.93,,52.1066,144.37,100.721,121.48,16.76,,61.1377,16.72,101.33,,71.91,8.16,41.78,105.529,,,72.34,23.44,,37.44,16.63,50.8887,9.47,,14.9941,152.589,23.9128,18.2304,,75.0129,13.26,,55.3155,,39.9281,20.891,,21.297,58.8041,72.74,31.58,28.27,,74.4086,,59.79,12.28,,,,29.3252,87.606,28.2484,,15.1138,,,102.698,26.93,,68.581,99.8365,,67.0724,,,,59.7079,14.5188,283.898,18.7589,,11.3583,78.92,,13.8439,,23.3125,,,,43.7274,,40.075,21.1811,,,48.6092,50.9143,,12.6148,,31.0743,
2015-06-01,22.1477,23.9025,120.178,77.2073,38.787,62.2982,182.228,65.7107,35.5122,62.98,4.06526,23.5441,372.07,9.45114,102.97,45.3999,27.58,8.20295,90.7097,45.5921,31.1823,136.923,53.8273,36.9377,25.0912,105.276,44.5122,104.279,7.57,16.4075,21.7045,61.72,15.5646,80.0519,95.7034,14.9924,56.9008,18.057,26.9045,37.0,55.7484,28.8125,21.4253,70.8265,35.4245,20.4772,15.913,601.275,41.8284,47.7426,126.622,17.348,80.56,114.07,52.4719,69.82,8.13275,40.6728,57.216,37.0,104.27,16.486,13.4322,20.69,8.10001,25.6204,42.8221,66.7251,25.0631,88.1158,35.7342,45.4652,48.7457,26.9939,79.47,13.2533,53.833,33.9644,14.3251,55.3391,69.63,89.2848,88.321,9.72176,51.4562,4.1247,24.3283,36.1831,38.3708,50.348,29.279,46.928,165.226,45.1688,15.0653,19.0295,28.4058,1151.37,30.587,38.77,25.5559,46.98,62.5982,48.2917,35.0,120.35,9.3849,66.21,19.5756,165.146,44.1244,78.99,84.7176,30.0042,23.738,12.0998,41.4202,77.491,33.707,40.2675,70.74,60.8524,72.1348,26.5037,69.36,40.116,32.2107,61.2498,34.4131,7.09303,48.665,114.001,52.0641,510.13,55.6387,190.9,123.48,85.765,37.147,41.184,13.1499,42.09,266.382,45.8741,27.0479,10.36,41.72,70.721,137.939,211.833,26.0255,15.6466,171.48,87.62,12.6664,132.478,12.8619,86.4081,,70.8699,75.1255,28.1774,37.993,92.341,,71.06,108.738,22.3365,32.448,36.4827,76.5726,53.01,,146.716,218.36,80.27,211.672,49.9301,42.325,35.442,25.0786,,40.2639,110.908,189.39,154.45,59.27,38.06,21.4765,,164.267,,44.4082,56.9075,341.46,49.7147,99.785,22.8726,40.2,27.625,50.6443,175.435,29.5213,50.8344,,24.0478,49.7278,,,55.582,51.583,72.61,85.78,35.6926,64.14,56.04,32.0509,104.21,19.66,50.65,112.025,50.977,17.2401,71.017,44.741,153.169,62.71,,156.06,56.778,85.175,43.8046,11.4669,5.10875,31.19,,59.2887,27.57,61.7661,98.769,26.7274,4.435,8.266,66.0827,187.65,42.999,31.5534,71.3323,13.1967,,,,59.0981,1340.0,22.2331,87.7911,129.81,111.05,27.49,90.2218,14.862,,,41.153,,,33.9173,19.995,,55.8952,150.61,105.429,129.38,14.05,,64.7352,17.884,105.51,,71.23,7.82,39.75,92.3084,,,70.34,23.46,,36.35,18.35,47.4381,7.61,,15.2113,150.125,23.2522,17.4253,,72.2141,11.69,,55.3174,,37.4901,20.126,,22.32,57.0565,70.3,33.31,30.985,,70.5845,,65.3,12.84,,,,27.3622,90.661,29.1166,,15.1203,,,98.5459,28.19,,67.091,102.605,,67.683,,,,55.6409,14.4876,270.195,18.6776,,11.995,76.39,,13.1381,,23.3711,,,,46.0416,,41.415,21.655,,,47.3307,45.8965,,14.6658,,32.5221,
2015-07-01,22.9848,26.5104,130.027,81.5421,41.9756,63.7452,178.964,70.7001,36.1609,62.34,4.30175,23.6968,293.63,9.24151,108.105,47.8732,24.8619,8.22671,91.3149,47.4137,24.5966,152.401,55.3146,38.4292,27.2295,108.892,38.8414,105.429,7.01,15.7752,26.8075,70.94,17.2464,82.313,97.5042,14.9267,58.7726,13.721,32.7563,37.97,59.0231,29.0271,20.4195,73.0915,38.8589,19.8362,15.5519,640.696,42.524,38.0344,136.476,16.204,82.1321,108.474,58.9937,76.71,8.6795,41.4806,63.7043,37.11,115.81,14.863,14.1615,18.6889,8.09533,21.2518,40.4589,71.957,26.5513,90.7812,38.9343,40.57,53.8114,27.7952,79.03,12.8963,59.24,36.8775,14.9762,59.0402,73.3,93.1856,92.421,10.6982,47.3878,2.4005,25.6664,39.6145,41.4569,55.2535,29.67,49.6051,160.501,49.393,16.0207,18.4454,27.2222,1243.57,24.151,40.66,26.0366,44.3,70.2317,39.5966,32.62,134.14,11.431,64.51,19.3318,171.722,38.5893,78.03,90.2483,32.8433,25.36,14.8446,37.9609,70.591,31.3983,42.0858,64.1108,60.0507,74.5767,24.2499,68.75,35.6708,34.3146,62.4783,32.8305,6.70245,51.0875,114.838,50.4195,553.66,58.4899,201.59,135.0,94.01,40.094,43.7018,13.2742,41.99,250.952,46.5973,25.5706,9.75332,49.665,80.751,141.013,201.436,31.2805,16.0957,181.475,66.99,10.9205,146.818,12.8878,88.5883,,76.0813,78.7181,29.3989,38.15,84.8677,58.5709,73.99,102.995,25.5915,35.4382,38.8189,78.668,56.39,38.7,160.447,219.3,57.95,232.41,56.2834,45.1842,36.9363,26.6923,,40.3739,109.946,205.55,166.03,69.683,41.66,20.5779,,165.463,,44.1735,63.4307,337.6,48.756,106.569,24.6002,35.065,23.097,54.8732,196.222,30.7061,48.9961,,22.1157,56.3313,,,54.1658,55.8756,76.72,88.57,35.3471,72.73,62.42,32.0677,104.28,20.97,50.84,117.617,52.4073,18.5359,75.2817,48.5241,154.118,62.7,,154.82,62.8792,92.22,47.5338,11.6528,5.2795,30.54,,64.0207,31.58,56.9049,103.011,29.408,4.50375,9.548,59.0008,189.15,46.3722,33.0737,69.2978,14.1592,,,,63.3993,1490.04,23.7066,92.55,128.406,107.63,26.22,96.8853,16.1,,,43.866,,,31.782,21.1625,,57.7244,150.74,105.834,139.54,20.84,,64.9534,17.7433,103.67,,74.11,8.45,35.07,91.173,,,77.62,23.1,,30.87,19.08,48.3735,5.91,,15.4863,153.046,25.8254,16.8489,,68.707,10.62,,59.302,,38.8741,20.129,,23.787,57.1129,75.43,27.22,33.89,,64.1897,,62.86,15.04,,,,26.7548,90.571,30.9716,,13.1397,,,108.046,28.44,,61.563,107.742,,71.7558,,,,52.7167,13.4541,262.671,19.8737,,12.1467,84.33,,13.4779,,24.7014,,,,46.1742,,43.43,26.0823,,,48.6283,44.2171,,17.3949,,33.6103,
2015-08-01,20.7431,25.5572,125.547,78.3539,38.0767,58.5556,165.186,65.3641,34.9566,59.84,3.99611,21.9532,273.85,8.38802,98.0109,43.3055,24.1044,7.59302,81.4115,45.5023,23.4965,149.488,49.4407,36.7227,27.9134,116.42,39.024,94.527,5.18,12.5797,25.6445,68.94,16.0889,73.9143,89.6563,13.5979,58.6254,12.658,32.274,32.02,62.2977,27.0577,21.5609,71.8768,36.4735,18.1008,14.2266,614.651,44.426,37.3393,130.723,16.188,79.6096,95.8389,56.7086,71.31,8.042,41.5449,63.7508,29.23,109.92,14.366,13.2868,18.5407,7.4519,19.2429,40.9864,66.6462,25.8463,96.2561,38.0384,38.9615,49.5584,24.7375,75.64,11.9706,56.773,35.5322,15.0231,55.085,69.36,88.3737,67.514,10.2342,46.1734,3.7817,26.4844,37.6429,38.8275,52.6224,25.549,45.8498,155.517,45.1778,16.0047,17.3944,23.8899,1248.64,25.639,39.61,26.8547,47.84,66.5721,40.9236,30.86,121.41,11.503,61.0,17.1546,163.59,33.9792,76.26,82.5202,30.7314,23.48,14.2002,36.0959,62.16,29.6364,36.6288,58.8867,60.1265,69.1215,22.6882,61.58,32.4329,35.2271,63.6067,29.4612,6.3448,45.5373,117.803,51.1498,513.5,55.1476,196.97,127.52,89.43,39.705,42.3929,12.2848,43.46,234.666,42.7595,23.8892,9.82125,47.765,79.231,133.214,180.639,30.9125,14.8734,173.181,69.33,8.89718,157.461,12.491,82.501,,71.1812,70.7601,28.1942,37.171,77.7049,53.5506,68.405,117.212,23.0765,32.9302,38.9448,68.0633,56.97,35.0,161.413,197.61,55.51,226.197,56.257,45.5084,37.1244,25.4999,,37.217,101.921,200.85,158.09,69.038,38.81,19.5933,,168.03,,40.5318,62.0491,296.55,40.665,100.567,22.661,30.86,26.188,54.5413,190.072,29.272,48.2718,,20.5654,53.404,,,50.2263,57.0281,74.51,85.51,31.7463,71.47,57.6,28.8039,116.19,20.02,46.93,115.193,47.2269,19.3017,69.8259,45.3369,148.75,56.6,,149.16,56.0249,84.42,46.2391,11.2521,4.6745,32.04,,62.2763,29.13,52.3468,99.1526,28.5476,4.3775,8.428,59.8686,165.75,46.2573,36.6525,65.4705,13.7935,,,,58.9651,1519.95,21.5481,85.7414,125.657,82.88,24.62,91.7504,14.192,,,36.188,,,38.2774,23.535,,53.8442,139.33,98.4675,138.04,14.33,,64.5131,16.604,97.91,,70.61,9.42,30.92,79.5722,,,68.89,18.9,,25.12,18.16,44.9896,4.6,,14.8905,146.31,22.3774,16.3874,,61.8792,9.56,,53.6412,,37.2996,17.704,,22.76,42.6556,74.59,23.4,29.71,,58.5333,,64.01,14.81,,,,23.3472,85.458,27.37,,11.9341,,,108.016,25.08,,59.734,99.7199,,68.147,,,,51.6084,12.401,237.878,15.875,,10.7317,70.26,,12.4391,,24.75,,,,44.4955,,42.635,26.2157,,,45.0983,37.4111,,17.8301,,30.1831,
2015-09-01,20.947,23.0401,128.588,79.1866,36.0814,53.0869,152.181,66.9454,36.2362,58.18,4.10587,20.4675,268.79,7.97073,101.097,43.8611,23.3159,7.17872,76.3828,43.0292,18.3438,158.537,51.2712,37.4336,26.9839,113.887,35.1049,91.562,4.62,12.6887,25.5945,70.56,17.0551,74.7548,94.1603,13.6543,58.3163,8.145,31.8032,32.0,60.7381,25.434,16.5768,70.9663,36.1939,17.0892,12.8449,536.13,42.6871,31.0898,139.486,17.275,76.3658,102.299,57.3315,69.06,7.86975,42.8827,67.7438,28.96,112.46,12.617,13.5124,18.9494,7.07873,17.7695,34.114,63.8751,25.981,93.2882,41.6885,35.6736,47.8844,22.6484,72.33,11.6832,51.063,35.9859,15.726,55.4618,69.43,86.2185,47.785,10.6111,36.1333,2.3243,27.4437,40.7025,40.1201,51.3726,26.574,49.0151,150.353,45.1501,16.6667,19.3634,23.8609,1236.86,22.853,39.81,26.363,42.75,65.04,32.7759,29.38,115.8,10.326,59.32,12.7886,140.611,32.3809,66.66,86.0122,31.7957,23.695,14.405,27.6913,56.042,30.0009,35.8708,57.4936,58.4299,67.4272,19.3769,55.88,29.9409,30.7009,60.7968,28.5048,5.72019,39.7019,100.905,49.8106,465.14,53.4336,181.79,104.14,89.9,40.695,42.7514,11.4615,42.24,236.281,39.2434,24.6608,9.77408,48.39,80.382,121.235,165.673,30.421,14.7008,181.475,60.05,7.92018,142.582,11.6666,73.682,,71.989,74.3486,26.7803,37.03,74.9125,52.0175,66.36,115.662,22.5235,35.0642,37.8698,66.7685,53.05,31.04,174.647,175.82,45.05,229.254,59.5587,48.2577,36.8292,27.2208,,35.4483,97.6101,194.48,163.35,73.274,39.13,18.8377,,155.302,,37.1452,64.6351,284.74,39.9422,107.029,23.3914,27.115,23.61,56.1747,171.241,27.681,50.4922,,20.1253,48.2749,,,46.4064,60.6956,69.57,83.93,29.8451,74.25,57.3,29.1078,110.33,20.68,46.18,102.052,46.3363,17.432,69.3587,47.5027,146.672,56.76,,137.62,55.0417,75.97,48.7623,10.8306,3.8245,30.84,,64.0346,28.73,51.0796,94.377,30.3288,4.1125,8.496,56.6317,164.4,49.1188,37.6803,64.988,13.8476,,,,59.812,1525.22,19.7689,88.0706,119.334,76.55,24.04,84.3625,13.89,,,30.132,,,35.6652,21.465,,52.1794,134.31,100.582,149.31,13.69,,66.9395,16.56,90.3,,74.52,9.02,30.09,81.8471,,,63.52,16.42,,22.92,16.78,48.0865,3.7,,14.3842,148.028,21.8994,14.5653,,58.5497,9.4,,55.5715,,34.5465,17.306,,24.49,33.267,68.85,22.02,25.91,,59.2224,,50.65,12.68,,,,21.5914,84.409,28.6666,,14.0926,,,104.065,25.21,,60.144,91.8137,,68.9545,,,,52.1334,11.4659,233.94,13.9524,,9.67667,68.86,,12.6055,,22.2127,,,,42.717,,43.305,25.7825,,,43.8273,33.1118,,15.114,,30.311,
2015-10-01,23.1608,26.3003,141.022,82.6633,38.2338,59.0465,164.205,71.2149,37.2108,63.19,4.34645,21.7631,267.59,8.4329,99.9116,48.1086,25.1468,7.44947,84.1225,44.7958,21.5448,171.885,57.0159,38.5294,27.0575,122.628,35.096,97.3553,4.68,15.8391,31.295,80.6,18.8718,74.5523,100.092,14.3167,63.4388,5.5356,36.7363,37.28,66.0238,28.7784,18.5338,72.2902,39.9029,16.8742,14.0783,514.362,45.1711,29.4638,139.496,17.275,88.7354,95.9166,58.6836,60.82,8.7975,46.0555,69.9046,28.11,130.27,12.87,14.7589,21.236,7.62729,17.6508,34.797,69.0971,25.944,96.0055,41.1584,40.2006,57.6188,24.0584,77.51,12.4298,55.177,38.204,17.0714,61.8055,77.71,94.8693,62.928,11.9951,40.8558,2.629,29.3921,40.9618,38.4404,43.2126,23.009,46.9534,178.813,47.1136,18.4173,19.1269,19.8215,1454.24,24.94,37.89,33.7817,57.07,72.435,39.0247,28.6,110.2,10.838,59.01,11.2257,141.022,33.3388,65.49,94.8385,34.9289,26.192,12.8046,30.0741,74.504,33.2505,40.1055,64.0804,67.716,63.085,19.5038,54.41,32.9954,26.0828,65.8742,28.1795,6.70615,43.8514,90.0351,52.1905,557.39,60.3938,195.5,124.74,101.97,46.109,47.1583,13.9851,38.64,271.259,40.9865,28.6766,9.62499,47.54,88.736,118.618,174.652,35.5405,16.1073,179.058,74.86,9.29469,145.586,14.0881,65.5206,,69.7507,81.5432,26.3195,44.075,68.7111,57.4644,75.855,128.419,22.72,36.7325,38.8596,71.4209,60.31,36.01,182.827,143.28,43.93,258.776,61.1633,50.2557,40.6016,27.4241,,37.5523,106.315,211.17,173.96,70.32,38.86,19.1851,,160.747,,38.02,67.8785,310.99,48.4763,112.562,23.8206,29.74,25.26,66.7915,213.335,28.9003,57.1717,,24.5263,54.9297,,,50.5492,60.6591,63.65,90.67,33.1382,68.62,63.62,34.3894,117.53,22.22,49.98,115.987,52.3844,21.9113,73.5113,51.9448,150.587,65.46,,144.86,62.0189,82.62,52.4866,10.8086,4.032,33.08,,71.1419,33.2,61.5973,105.647,31.3226,4.52625,6.872,64.7329,178.05,53.1893,41.2076,70.2576,14.2195,,,,69.2523,1637.76,20.0732,96.0766,127.768,76.9,27.28,79.4007,16.33,,,39.289,,,37.751,20.83,,57.9812,139.48,99.3929,170.36,10.9,,75.495,13.7953,89.23,,77.35,9.9,31.56,73.6477,,,65.24,22.75,,18.49,17.86,58.6277,3.6,,14.9881,162.228,20.8898,15.6615,,66.2713,11.0,,55.4894,,37.0466,20.307,,24.963,37.5244,62.0,23.41,29.9,,58.9462,,49.17,11.82,,,,22.8679,92.272,26.8334,,15.0509,,,121.922,27.48,,65.802,103.891,,73.3132,,,,56.0959,12.1925,276.83,14.2617,,9.27667,78.97,,11.6738,,22.8962,,,,46.691,,48.255,30.1968,,,47.0583,38.6069,,15.9459,,29.4174,
2015-11-01,22.5093,27.8961,131.468,83.2328,39.2261,59.3673,166.989,66.9851,38.0695,63.92,4.26213,22.3627,264.23,8.07584,104.498,52.8161,25.6036,8.07888,82.4236,45.8183,21.9249,179.821,55.2141,43.5554,29.7644,127.902,34.8202,95.3072,5.05,15.7549,33.24,89.44,18.3912,78.2193,99.3991,14.0269,60.1536,6.5576,38.0047,37.47,57.6502,27.0053,18.9783,74.7246,37.7407,14.9121,13.4868,503.921,44.3628,27.6618,145.022,21.001,86.2572,107.54,57.0343,57.61,6.6895,47.413,73.7585,29.91,117.9,14.286,14.9815,21.3989,7.9041,15.323,30.1514,73.0429,25.1715,99.6796,39.7422,40.0941,57.4393,24.6377,73.04,12.6195,57.78,38.3698,17.2871,61.0976,79.69,93.8415,56.853,12.0456,37.3657,2.134,32.6023,40.9676,38.1719,40.3609,23.195,46.3234,185.662,48.4474,17.5913,17.6435,21.7324,1248.85,25.079,35.5,37.2289,56.51,73.9067,40.8775,22.4,103.0,12.333,57.3,10.7648,133.692,33.3379,75.46,94.8573,34.9436,27.167,11.591,28.1624,73.25,34.2131,45.4956,66.6322,70.0278,60.887,16.808,38.47,33.455,25.0206,66.2231,30.0708,6.84713,42.8227,90.4125,53.7525,544.5,62.2828,190.72,129.36,104.24,42.245,46.0552,13.0346,43.02,261.721,44.5883,29.7379,10.1996,43.11,83.558,118.151,171.702,37.13,15.6119,187.489,78.67,8.39297,148.072,13.1613,64.8262,12.2354,73.0057,81.1467,27.2351,39.429,74.1082,54.7454,78.24,111.788,25.7685,36.9944,38.8726,73.3711,55.73,35.26,149.96,183.9,58.07,258.599,64.6471,50.9049,42.7566,29.3728,,37.568,110.303,207.21,167.0,73.722,40.35,21.1094,,171.55,,36.4955,70.565,342.78,48.5111,114.958,24.2901,28.875,24.238,69.3917,225.346,28.784,55.7434,,24.744,54.5587,,,47.115,65.3369,67.99,93.3,35.3154,70.82,57.44,35.7055,114.24,22.3,50.08,102.469,54.4488,21.4863,75.4361,51.8895,157.025,66.74,,153.71,65.1226,91.19,48.434,11.0165,4.595,30.81,,73.2524,35.37,61.3398,115.764,33.6753,4.93375,7.204,68.3972,234.9,52.9644,39.9053,72.1276,14.2073,,,,70.5718,1682.48,20.6486,101.473,126.822,80.2,25.39,76.8431,17.402,,,34.964,,,43.3029,21.255,,60.9194,139.72,100.157,178.44,9.31,,76.1971,15.3507,92.51,,78.73,9.69,32.1,87.8542,,13.781,76.57,22.9,,19.63,15.95,64.1782,1.67,,15.1346,157.469,21.6808,14.7445,,67.4698,10.96,,57.4352,,40.7393,20.924,,24.157,25.8023,60.26,18.7,36.59,,54.1085,,47.82,13.46,,,,21.6042,95.167,31.2234,,15.0927,,,124.764,31.07,,69.719,102.876,,80.7484,,,,58.6904,11.1307,286.07,14.3261,,8.15667,83.71,,10.2417,,24.5354,,,,48.7398,,48.12,30.0803,,,46.687,41.8896,,15.1945,,25.2614,12.04
2015-12-01,20.8699,25.9023,137.256,77.7572,34.5408,61.8191,158.373,67.9042,38.0983,59.66,4.47637,20.4557,282.18,8.66172,101.03,51.9704,26.6664,7.69624,79.0589,43.7591,17.2221,186.863,57.0398,46.4597,29.5099,129.839,31.6117,89.8052,3.73,13.6421,33.7945,87.36,18.8292,81.8824,102.944,13.4341,55.9072,6.5742,38.76,34.58,55.1044,25.8409,17.1251,71.8816,38.9082,14.7196,12.6223,451.513,41.2188,23.8579,147.905,22.178,84.5894,96.9453,52.835,52.63,5.41075,46.9068,69.4615,26.42,119.04,12.976,14.9523,20.6268,7.95109,14.3957,27.4684,76.356,27.0952,101.441,41.3442,36.6536,57.6883,24.486,69.71,12.0053,60.683,38.6806,17.2304,62.1901,78.4,93.3043,62.665,12.5758,33.0492,1.5051,34.4122,41.404,40.9199,39.1595,24.906,49.8717,182.092,50.2317,16.8947,17.153,19.9584,1274.95,21.386,39.12,36.3614,65.99,72.5347,37.5792,22.75,96.96,11.438,53.97,10.2488,129.484,33.7609,77.22,92.4674,35.4199,26.327,9.597,24.7705,75.811,33.4614,40.3774,60.4316,62.5839,67.1047,10.6399,36.56,29.2258,25.5227,67.3341,29.9398,6.98085,43.6249,72.9415,51.0981,542.87,61.1821,189.39,125.83,104.66,46.095,47.5515,12.1347,40.06,252.351,45.7517,28.2326,11.3837,40.305,91.67,116.171,154.785,37.944,14.9396,195.606,72.54,8.17539,128.489,12.7058,64.4164,12.5652,74.8847,78.1528,26.0186,40.469,68.5796,54.5009,79.095,105.231,24.8265,38.6386,38.4673,68.7952,57.3,36.2,138.755,191.945,50.9,265.246,68.566,52.6582,43.1684,29.8963,,35.4562,116.542,202.5,185.0,74.447,38.69,20.76,,167.019,,33.4888,72.3579,339.13,51.0319,115.319,25.2027,32.905,22.365,63.1827,228.162,28.92,59.17,,24.6526,51.0438,,,43.4176,58.9142,68.66,90.7,34.9739,72.92,58.6,34.2943,108.45,20.8,45.61,102.379,49.0747,21.4663,74.6462,52.4603,155.898,65.85,,142.93,66.99,89.16,47.6058,10.5104,4.865,28.33,,72.0329,34.84,58.3733,112.132,33.7511,4.75125,6.234,58.6489,252.75,53.585,38.8597,70.1238,13.9753,,,,69.6128,1643.0,19.1434,106.028,126.573,69.65,24.57,68.2113,17.312,,,35.338,,,37.3736,20.475,,58.1853,138.66,103.982,174.32,8.26,,75.0231,16.0007,88.7,,78.62,11.0,29.77,79.1951,,12.896,80.39,21.45,,28.17,16.02,60.0233,3.51,,14.9652,150.999,21.3939,15.2674,,59.8999,9.8,,58.268,,38.7185,20.669,,23.25,17.7647,60.13,17.29,37.81,,55.4691,,52.47,11.08,,85.1824,,20.228,94.098,29.3566,,13.1546,,,114.989,32.06,,68.015,104.654,,80.7711,,,,56.5172,10.3485,269.408,13.2072,,7.86667,79.68,,9.41423,,24.1192,,,,46.4586,,45.73,26.9336,,,46.8113,39.2312,,16.0742,,23.299,13.09
2016-01-01,20.6528,22.1146,131.506,75.3079,29.1812,57.3847,141.978,63.764,39.1719,43.25,4.37818,18.0553,251.52,8.1839,91.8746,49.8847,30.185,6.51006,64.8464,37.7464,15.0436,191.284,50.8294,46.4872,25.3447,139.047,30.7205,76.4976,2.78,13.6286,29.2805,75.6,19.3506,79.2701,93.8176,13.3826,58.9692,6.6075,37.8592,27.97,54.3128,23.0879,20.7551,71.2783,37.2953,14.0172,11.3801,452.389,41.2099,28.6582,137.735,21.553,82.3157,97.8382,55.1752,45.62,5.057,48.2871,70.1257,24.34,96.753,13.306,15.1913,19.8598,7.96178,16.9001,32.5326,76.4192,25.4645,105.552,44.5032,33.6554,55.8039,21.8881,67.12,11.3932,60.09,38.4264,18.3643,63.6779,68.06,85.4938,60.991,12.664,24.2937,1.5337,35.1223,43.6172,40.1152,31.2889,19.582,45.6135,168.825,52.5189,17.3933,17.4919,18.4291,1064.97,18.541,40.15,29.8063,68.66,69.6747,35.651,22.88,93.78,9.184,44.18,9.40445,129.366,22.9286,81.32,93.3811,32.5709,26.07,9.0594,21.6377,59.315,32.9573,32.5484,54.2199,61.3211,70.0841,11.8351,32.6,28.0085,20.2261,67.1386,28.3133,6.31006,40.8533,72.6761,44.8628,420.09,56.2088,166.41,90.75,112.15,40.274,45.9504,11.7787,39.9,182.298,41.1917,24.604,10.4864,42.715,74.237,109.526,130.011,37.1475,15.4196,174.153,47.91,6.82609,118.128,12.1479,66.2714,11.3729,71.1135,66.829,24.3176,37.259,61.5227,58.4682,75.72,98.8623,22.5085,41.9003,38.068,68.1736,48.28,36.14,140.152,157.95,39.6,272.237,70.4929,57.2073,37.7935,28.536,,32.5948,103.706,189.52,181.17,65.097,33.94,16.8448,,164.306,,32.7365,75.4399,312.85,47.9585,119.103,26.6172,31.03,21.473,57.7357,197.69,26.7436,62.6595,,20.1127,41.1519,,,36.1344,60.4942,60.83,87.89,26.4299,70.15,45.37,31.2691,70.53,19.555,42.89,96.7376,51.8268,18.9698,65.4117,55.7463,152.358,66.15,,122.84,63.9328,80.83,47.4549,11.1785,3.752,23.4,,74.9153,34.7,55.1997,113.047,34.6632,4.18875,5.628,66.2417,204.6,58.8368,35.5405,66.666,12.7999,,,,63.9792,1651.0,17.7696,110.424,130.705,60.4,22.7,61.3358,12.442,,,36.358,,,29.9446,17.82,,55.4043,127.61,106.498,157.06,7.76,,78.4818,12.7407,81.25,,74.9,10.32,28.42,70.2947,,11.935,74.23,19.28,,28.27,14.13,58.9325,2.43,,14.1043,139.97,19.6575,15.6784,,56.3966,8.555,,57.9181,,36.209,17.537,,22.513,15.344,54.91,15.39,33.18,,50.3739,,62.07,8.03,,76.2455,,18.1721,95.487,24.915,,12.2511,,,110.324,30.49,,51.52,95.0973,,81.068,,,,50.0026,9.25838,248.644,11.5502,,8.24333,63.01,,8.56121,,22.5287,,,,44.2761,,47.28,26.8579,,,45.2946,39.5385,,16.1283,,20.7489,8.77
2016-02-01,21.4451,22.4369,135.138,78.6386,29.0368,58.139,131.981,63.4882,41.5282,51.47,4.13142,18.8854,238.95,8.02564,86.0716,44.5933,31.7232,6.02926,68.1656,37.5587,13.4603,188.202,49.6209,56.5363,24.6916,129.204,27.63,71.4507,2.12,12.3932,27.626,84.49,19.0369,85.2003,92.1475,13.6971,53.0724,7.1917,35.7319,25.41,52.9674,25.9108,20.7383,72.5471,35.1706,12.2332,12.5986,455.571,41.8403,23.0076,137.863,23.861,80.4455,78.9324,59.4867,53.97,5.94625,43.6479,61.7586,24.95,99.69,13.398,14.8532,19.8854,8.89087,16.3962,29.3854,68.5551,21.292,105.484,45.8001,36.5985,57.7945,19.7559,65.97,12.198,62.563,40.1838,18.7452,64.3984,67.75,83.4672,75.182,12.3483,29.8385,2.0577,37.1309,44.3862,40.3671,28.3873,17.968,47.3959,161.388,51.3229,17.3547,18.6587,19.9974,1265.21,18.084,37.1,27.9328,71.89,67.9842,37.7124,26.49,96.17,9.341,46.26,9.52634,113.111,25.6237,80.26,88.7056,31.7389,29.0,10.1832,23.9302,55.669,34.4419,26.9559,56.3385,61.1959,69.3266,13.0158,46.91,28.3561,22.2674,67.371,32.6371,6.44299,40.6375,78.4295,44.254,384.02,58.4722,179.73,85.49,106.93,44.005,47.0267,9.82787,56.65,191.717,39.2882,24.4397,10.5082,41.845,67.707,107.416,134.35,34.8885,14.8126,170.989,51.57,7.73986,134.527,10.3838,65.9183,10.968,70.9484,60.9968,23.0607,39.289,59.578,57.6808,82.725,92.4026,20.9165,44.1092,41.2941,71.7505,57.26,38.14,136.832,150.24,45.08,266.38,63.8565,57.4224,39.1833,27.5233,,34.5113,102.646,198.58,165.19,68.595,34.63,15.316,,156.148,,35.6855,72.3225,314.91,51.225,116.893,27.6823,28.48,24.851,59.7061,204.539,26.9389,61.8683,,23.278,39.2628,,,42.1579,56.7269,62.71,82.4,26.4498,73.16,49.13,31.6154,73.5,21.55,44.75,92.4762,52.29,17.8819,65.395,54.7414,158.469,66.03,,127.69,65.707,82.46,49.7287,11.2143,4.28375,26.09,,76.1487,35.99,52.5915,115.882,34.5863,4.71875,5.68,62.4627,167.7,59.3572,36.6852,69.1027,13.1453,,,,59.6591,1637.0,20.9242,112.86,137.538,61.78,21.99,67.8052,10.998,,,38.921,,,31.6628,16.265,,60.0522,134.64,124.365,120.32,7.94,,74.562,12.7953,85.18,,68.38,10.01,34.74,66.968,,10.365,73.43,23.26,,24.47,13.84,55.6433,2.33,,15.1267,140.179,20.4871,15.5407,,67.1742,8.39,,56.7365,,35.674,17.705,,22.647,18.3545,62.04,19.38,30.64,,40.7114,,62.76,7.93,,84.3245,,18.3902,99.434,24.1316,,13.6644,,,118.96,31.35,,53.162,92.973,,79.3957,,,,50.0777,10.8151,246.822,11.0181,,9.42667,60.45,,8.66294,,21.3812,,,,44.4417,,47.815,26.5841,,,48.4546,40.2693,,15.0649,,20.9297,10.44
2016-03-01,22.6913,22.4932,147.926,85.9053,30.5892,62.4347,138.538,65.3253,44.2993,46.68,4.71944,20.817,239.78,9.48854,93.1515,47.6067,32.9451,6.3409,72.1134,43.3086,19.7366,209.467,54.2614,58.2035,27.9382,138.034,29.7935,80.0109,2.73,11.194,29.682,88.54,20.4828,87.9785,103.11,14.5922,58.4033,9.4083,38.0072,28.82,57.8106,27.3713,23.1298,76.6944,34.9652,13.7448,13.9121,448.033,44.6079,31.411,153.864,26.082,89.3137,84.1516,63.6241,55.57,6.192,43.195,67.0117,26.24,103.49,17.32,15.971,21.545,9.6204,18.4996,35.458,68.8468,23.452,107.373,48.8231,38.8374,58.504,22.7354,73.38,13.3238,66.783,42.1576,19.7385,70.1355,73.83,90.7463,85.164,12.1357,25.6475,2.8578,37.7698,47.6875,46.2316,31.1279,16.994,51.5281,175.643,54.1686,18.244,21.8895,22.2338,1288.96,20.169,38.3,32.7451,68.47,71.8245,41.8059,33.09,105.85,10.223,51.1,11.498,114.579,30.1077,82.46,102.081,36.8242,29.403,9.4194,24.4949,59.137,37.6538,29.2612,60.1115,66.7455,80.1604,12.8481,44.42,32.2497,24.4624,68.0785,32.6069,7.28962,42.5069,98.1572,47.7472,360.44,59.2447,190.9,79.49,114.1,44.406,47.1209,11.7052,56.96,200.733,42.4159,26.4187,12.1584,42.415,74.792,121.355,157.355,37.2475,15.8422,192.432,62.19,8.67466,150.489,12.1619,74.3406,14.7078,77.846,67.5298,24.5209,39.298,69.8456,59.2799,86.315,105.707,22.23,47.2531,41.9421,79.229,59.86,38.6,147.856,162.11,50.41,291.732,73.1539,61.0647,43.7279,30.8912,,38.8818,107.923,223.88,193.74,76.128,34.5,16.6873,,161.088,41.426,38.43,82.1886,344.76,58.5395,123.952,30.2613,30.785,24.285,63.9666,213.035,31.1655,69.9614,,24.574,49.3996,,,45.8453,59.5204,65.1,89.35,28.8464,78.32,55.29,34.2805,72.47,23.58,48.44,97.6175,53.1289,20.2566,75.7547,58.0506,169.091,72.69,,148.75,69.0231,96.08,52.8268,11.0463,3.94375,27.74,,78.3048,37.67,57.0855,121.53,39.8297,5.09625,6.126,67.662,206.25,63.5062,38.4663,76.2007,14.3781,,,,65.9034,1732.4,22.5628,118.917,151.599,68.99,22.31,76.1485,12.236,,,42.221,,,35.3576,16.9775,,67.1192,136.72,123.613,128.61,8.7,,81.749,15.318,88.14,,74.67,11.44,37.24,76.2073,,10.526,75.94,24.8,,25.14,16.69,60.1568,2.33,,16.7589,141.142,22.5533,19.3553,,71.2716,9.59,,64.4213,,40.1927,18.817,,23.7,20.391,64.49,19.63,33.16,,46.4043,,67.71,11.27,,89.9044,,19.8603,106.01,27.19,,14.6517,,,124.784,32.33,,59.812,99.1441,,78.5328,,,,54.4803,11.9081,271.369,12.6037,,9.985,76.84,,11.3857,,24.0099,,,,47.0869,,51.29,30.1708,,,51.6333,45.9899,,16.0221,,21.9865,15.28
2016-04-01,22.6727,23.0303,143.282,85.5776,33.0939,66.0516,144.839,61.1164,41.9411,50.65,4.52067,22.8019,253.34,8.59333,99.3039,43.696,33.0905,7.57655,69.2495,40.6137,27.9989,185.911,55.0052,57.4681,27.7772,142.593,34.5244,81.6198,3.43,10.9008,32.9795,86.4,20.1905,89.4359,104.565,15.1297,54.3683,12.542,35.2661,29.63,60.0822,25.4106,22.2093,73.3877,37.4404,14.1777,13.1791,445.965,45.34,42.792,143.045,22.105,91.9526,81.4865,60.8399,50.99,6.40075,44.0969,73.4595,25.3,111.11,22.8,15.7095,21.7197,9.24725,19.0596,36.9574,70.7478,24.3513,104.995,47.3131,42.6837,56.5769,22.9116,73.9,12.8651,69.59,41.6423,18.3488,70.1423,75.8,93.3251,80.487,12.3355,27.0666,5.0202,33.798,46.1357,45.6152,26.9267,17.073,51.5896,169.523,53.1299,17.512,23.5816,23.3785,1343.66,22.476,39.28,32.2821,55.84,72.5356,47.0755,30.32,104.745,9.003,52.95,13.3734,86.599,28.1609,79.71,100.881,37.8513,35.403,8.4194,25.3956,57.438,38.462,30.7585,58.0682,63.2904,76.705,12.8656,40.5,34.7258,15.4601,68.3778,34.7834,6.74264,45.8315,94.7256,45.9433,376.71,60.86,192.63,84.34,117.58,38.012,45.2432,11.383,51.66,185.509,45.0963,26.7284,11.4706,43.94,70.466,130.089,165.003,34.6505,16.5782,181.396,66.93,9.90582,159.669,11.8944,76.7866,13.8179,75.5631,73.2459,26.1577,33.243,59.911,58.9123,84.35,92.7513,24.0365,44.8973,42.1819,77.9222,45.81,39.18,143.95,134.99,45.03,291.416,66.4912,64.4582,43.2351,28.2167,,40.2499,113.596,234.73,208.28,65.373,33.59,18.2015,,166.601,40.5124,38.2075,77.5852,357.95,60.5813,120.784,28.9757,30.98,26.527,70.7084,238.286,31.2828,69.5591,,25.4203,53.064,,,44.8836,56.4504,69.07,87.17,31.6093,84.35,48.89,34.7941,72.28,23.19,47.52,100.422,51.2742,20.1236,77.472,57.16,158.361,72.19,,154.68,70.7545,86.67,53.303,10.9459,4.16375,26.08,,75.0274,34.18,61.9308,128.478,41.4348,5.35375,6.502,75.8846,235.2,62.041,35.6853,75.6083,14.3271,,,,65.5489,1661.29,21.406,116.929,150.394,62.56,21.48,79.6445,14.296,,,36.889,,,37.9496,16.095,,69.057,141.85,113.316,146.41,8.78,,81.4386,16.0507,92.95,,72.93,13.11,38.12,80.1749,,10.85,79.27,23.95,,26.79,16.13,59.0022,2.51,,16.437,140.417,22.2342,21.6756,,71.9156,9.47,,61.845,,41.1471,19.731,,23.497,28.2922,51.76,18.27,33.27,,51.179,,65.57,11.09,,89.7606,,19.6196,106.63,25.145,,15.2544,,,124.576,30.37,,58.705,106.076,,80.3436,,,,52.3297,11.76,283.906,11.6692,,9.635,74.98,,10.7266,,24.8037,,,,47.0481,,48.86,28.009,,,53.9131,46.6736,,15.0968,,23.7534,14.89
2016-05-01,23.6162,23.0588,141.88,84.6075,34.5525,67.8114,141.341,75.838,43.412,50.44,4.85135,23.5126,266.87,8.96112,100.893,41.0371,32.3946,7.94089,68.3458,40.8448,24.4994,192.661,55.2524,55.8167,28.319,140.288,31.568,87.2279,3.7,12.1068,36.1395,85.48,20.2342,85.8988,101.889,14.7132,57.2258,12.8,37.3072,29.85,67.8164,24.3162,19.689,78.165,38.7719,15.3819,12.8281,466.002,44.7363,41.3142,145.534,16.449,92.7578,82.465,64.2579,54.58,5.67875,49.8039,76.3436,28.34,107.0,22.8,15.4515,23.2726,9.09653,19.5392,38.6329,70.0934,24.0505,107.353,49.2896,42.0897,59.0081,23.4214,77.32,13.5314,70.523,42.7156,19.6278,70.5386,83.71,92.2764,88.142,12.4057,22.8639,4.0771,30.1664,45.5261,48.7052,30.6662,17.811,51.8113,164.678,49.9683,17.6287,23.7185,23.6841,1264.33,20.073,42.76,32.1476,49.65,74.2672,44.0435,28.53,110.2,10.257,53.66,14.5048,85.9824,26.7854,90.54,106.257,39.6152,32.833,8.8392,23.1387,60.231,41.262,27.6638,57.7565,62.446,84.189,13.0962,27.87,36.0144,16.539,71.4695,34.6934,7.30823,47.2801,92.9867,45.6797,398.93,62.8953,196.69,93.15,118.84,39.774,45.7861,10.9614,42.72,202.742,45.4668,26.2923,12.1386,37.73,70.797,131.324,168.112,36.7775,16.8743,186.979,69.67,9.93493,178.703,11.3256,74.3129,15.3196,77.3189,70.6504,26.6974,30.667,60.0946,63.2062,86.865,84.5581,25.0035,45.7268,44.9741,78.0056,45.09,37.79,141.855,144.83,50.97,320.959,72.7713,65.9785,45.9057,29.1115,,42.2518,116.453,218.86,233.01,61.893,34.41,18.8553,,192.679,34.7235,40.6392,83.4846,375.32,71.8802,121.654,30.4473,31.175,22.982,76.1146,253.103,32.2784,75.4648,,24.8178,55.8009,,,42.4369,57.9919,67.89,101.62,33.9732,87.57,46.41,37.0831,84.41,24.73,51.67,96.8637,54.5502,21.5903,80.7668,59.794,154.405,78.83,,148.89,74.5557,86.38,57.1762,11.618,4.5805,30.63,,78.4318,38.91,61.7375,136.557,45.2241,6.18875,6.842,79.7324,231.6,62.7078,39.5564,76.9346,14.5906,,,,64.4001,1733.0,20.8553,133.577,155.851,53.11,24.15,74.3892,14.326,,,37.776,,,40.1645,16.1225,,72.8186,148.85,113.316,153.29,9.25,,85.6113,14.882,98.13,,76.51,14.9,37.91,88.8203,,13.325,85.93,25.58,,21.85,15.67,64.5895,2.09,,16.9392,148.645,26.2989,21.228,,81.7456,9.77,,65.2765,,46.7853,20.659,,24.22,29.9498,48.43,22.37,30.02,,55.2645,,65.03,11.75,,90.7328,,18.7266,111.37,21.7434,,17.1174,,,126.795,32.53,,54.406,108.302,,83.3893,,,,53.1233,11.5964,289.905,11.7336,,8.765,75.84,,10.5396,,26.0813,,,,46.1444,,52.665,30.4606,,,56.4055,46.0823,,15.9404,,21.4347,9.53
2016-06-01,24.3248,22.0703,155.725,88.4022,32.1601,71.5371,131.668,74.8601,47.7094,46.98,5.02318,20.9381,222.74,10.6509,99.8143,38.2602,33.7689,6.91977,65.8575,41.3168,25.1643,195.573,57.9129,58.4509,29.171,151.502,32.2805,77.0805,2.58,11.3737,35.781,86.46,22.5326,85.1884,107.573,14.6312,53.3154,13.408,35.0494,26.48,67.5175,25.7011,18.9426,78.2625,39.8278,14.7818,13.6895,458.107,45.1899,41.8692,147.088,14.879,100.089,78.7958,64.0049,55.93,5.25475,47.1738,75.3983,25.07,102.26,21.8,16.4634,22.8591,8.77228,20.9836,40.8379,74.2482,25.8892,126.686,53.5167,39.6549,58.9654,19.0485,77.32,13.2411,73.49,45.6714,19.3239,73.4577,79.41,84.7302,83.064,13.1883,19.921,5.4011,32.09,49.3644,54.0629,31.4989,17.732,57.2727,164.17,53.1794,18.0733,26.0553,22.7882,1248.41,19.662,43.27,31.3603,48.48,69.7802,48.3486,27.5,113.84,9.148,49.03,13.2762,81.3456,23.235,94.24,101.218,41.2254,33.243,8.0552,24.0077,57.18,41.254,30.1478,52.8295,61.6521,88.2704,13.5606,28.53,34.8506,17.8578,80.5881,35.0363,7.44565,46.5152,93.414,44.248,349.23,64.6756,189.76,86.02,114.28,33.337,51.2271,10.4016,49.48,178.75,45.6012,24.0903,12.265,40.13,61.43,130.587,136.38,34.605,16.0102,189.082,67.1,8.7605,181.507,10.711,73.3507,15.1996,78.9751,74.7632,21.63,27.208,56.9615,67.2258,88.4,70.4098,26.785,52.9341,46.9894,76.3106,41.04,36.51,149.107,140.38,55.26,343.767,73.0779,75.2463,45.3555,29.8324,,41.9435,113.546,228.64,243.64,54.332,34.6,15.9992,,192.786,36.4,42.8265,86.2586,364.92,72.9035,132.3,32.6257,35.685,22.677,69.9342,242.29,30.9406,86.9186,,24.2423,55.1784,,,46.0087,60.9188,65.32,97.41,29.997,92.86,39.84,39.6997,79.98,24.3,54.08,105.17,58.4007,21.3813,86.9779,65.3591,157.49,80.55,,143.13,72.0612,80.0,58.3446,11.9679,4.02375,29.09,,81.0781,37.92,57.3322,149.625,45.3379,6.12625,6.318,79.9602,213.45,69.9531,37.2433,75.7916,15.3644,,,,63.997,1780.34,19.5459,138.768,171.556,50.1,23.5,67.5157,13.28,,,36.085,,,42.9156,19.8325,,73.5934,143.02,123.533,166.71,9.59,,87.9098,14.152,99.05,,64.31,15.195,34.96,73.638,,14.348,82.44,24.36,,19.6,13.95,64.7849,1.99,,17.6019,150.851,26.9972,21.1933,,78.5787,8.82,,68.3365,,45.9729,21.866,,24.0,29.4689,49.9,24.88,30.24,,48.739,,73.86,11.25,,90.0403,,17.5461,112.95,20.44,,16.9793,,,132.034,31.19,,50.118,110.265,,84.5579,,,,50.5632,10.7002,274.629,10.7178,,9.58667,74.67,,10.5319,,25.2031,,,,47.8031,,54.365,31.0033,,,58.4463,45.5768,,16.8172,,21.0669,9.05
2016-07-01,25.1993,29.3735,163.021,88.7221,36.4776,76.2595,140.724,75.4138,45.9167,53.35,5.22883,22.9652,267.06,10.5928,96.7047,39.2209,35.7296,7.45637,62.7399,41.9833,21.7413,182.819,62.1164,64.4106,30.4692,150.797,31.0311,82.2206,2.86,12.1782,37.9405,86.61,23.2367,86.9456,115.913,15.2575,53.5485,16.15,39.424,28.45,72.8759,25.6273,22.5141,82.1548,38.4846,15.5755,14.9803,472.068,45.5476,39.1243,151.376,17.302,101.994,86.2434,60.0123,50.53,6.119,48.6934,72.5163,28.38,112.2,22.28,17.9159,25.0577,8.50936,20.1123,38.427,77.0765,28.7044,128.106,53.1999,42.006,60.8646,21.7628,77.54,13.7472,77.307,45.6278,21.1438,72.3954,81.8,91.8398,89.764,13.4465,20.3983,7.535,32.8772,48.2059,56.5443,31.6637,22.135,59.644,164.279,58.0006,19.3713,26.9597,25.2334,1350.81,18.709,46.34,32.7589,46.68,73.4288,44.6321,29.9,123.42,9.124,58.26,12.2814,81.9916,26.1157,96.29,100.802,45.808,38.173,8.4798,24.7577,62.223,44.1728,31.2837,53.4272,59.1016,88.9632,14.8188,31.6,38.3668,23.4844,77.0951,44.8689,7.95147,50.1969,100.165,45.0131,425.08,67.433,208.94,97.0,123.94,35.461,53.5391,11.8871,51.72,211.335,48.4948,26.8479,12.785,39.46,66.272,126.129,142.188,38.4395,16.0932,193.897,79.67,10.4112,191.552,12.3468,73.4637,17.4886,83.0665,82.7364,23.8559,34.116,59.4297,65.6383,90.49,75.3285,26.7715,54.7067,44.8661,78.3919,46.89,37.24,156.696,166.35,63.23,330.593,67.9283,73.5238,49.5026,30.3216,29.2696,43.3434,112.932,234.87,261.21,62.657,38.49,17.8785,,204.366,35.7,45.5558,86.5931,411.21,77.3677,135.634,33.3216,35.275,23.444,73.1456,256.547,33.5567,83.3059,,26.1741,61.5729,,,47.3551,62.9096,77.64,100.25,33.4052,93.79,42.59,41.9619,90.21,24.05,54.16,112.055,63.6239,22.6572,94.3555,66.2961,162.959,89.15,,151.68,80.3949,84.29,60.5652,11.5225,4.4545,29.24,,82.9198,40.18,55.8608,153.65,44.9195,6.305,6.938,76.9623,259.35,68.6391,39.8924,83.2213,14.9201,,,,66.0423,1705.0,22.5756,154.313,174.434,53.01,27.42,65.8518,14.984,,,42.026,,,46.8884,23.0575,,77.9842,145.09,138.506,163.02,10.06,,95.6214,15.6527,105.0,,70.24,14.45,37.79,79.0453,,14.99,87.93,26.44,,17.88,15.02,68.9577,1.8,,17.2193,160.698,26.9097,23.1987,,82.9887,10.03,,69.2416,,49.3974,20.79,,24.207,26.7068,56.81,28.97,35.39,,54.2521,,77.65,12.9,,92.0636,,19.4475,126.58,21.815,,16.1098,,,145.197,29.92,,54.297,118.128,,83.7684,,,,53.37,12.1097,293.667,12.5423,,11.0017,83.34,,12.9687,,26.2094,,,,54.1401,,55.18,28.9173,,,56.4169,43.7172,,18.0414,,22.0056,10.07
2016-08-01,24.4558,30.3176,155.879,90.2664,38.709,73.1327,150.721,80.2659,45.781,47.35,5.17784,23.685,281.52,12.5523,100.499,41.9882,31.6461,8.10604,61.8769,42.4291,21.372,171.357,60.1201,66.2683,29.7803,150.628,32.1773,87.4062,4.73,12.2,38.458,74.45,21.753,83.7904,114.263,16.4194,53.5021,15.2,39.3498,29.89,72.6901,25.7225,22.7121,87.0719,39.3972,16.3343,15.0485,459.976,46.672,37.4337,142.701,14.983,99.8916,91.0967,60.2151,54.9,5.613,51.9781,78.6839,31.73,105.2,19.6,17.162,28.0471,8.57917,20.0965,37.7263,82.7349,29.2073,118.445,49.4667,42.4611,58.4127,23.484,64.63,14.3912,76.27,44.9685,21.2796,72.1569,79.42,93.1806,82.267,12.7896,21.7947,5.4297,33.6774,44.4782,53.9512,31.1053,22.9,58.3548,171.227,58.5115,18.6633,25.1258,25.3593,1416.73,20.789,46.34,36.0518,37.82,76.2432,44.0348,35.85,122.73,9.745,58.95,10.7471,81.7635,27.1737,82.7,102.736,44.6487,38.387,8.2746,27.5761,54.246,47.1352,34.0574,56.631,61.4512,68.9334,15.9268,28.56,38.5035,24.7376,75.299,40.5354,8.26557,48.5826,106.864,46.6617,392.55,66.3432,212.78,94.51,126.12,33.816,49.5349,12.8854,48.95,186.673,49.0974,27.1704,13.9256,39.63,65.053,117.465,137.639,38.356,14.7824,188.256,82.31,10.6614,173.412,13.2448,71.959,17.873,80.893,82.6716,23.9239,34.989,67.6711,68.4505,81.895,70.2458,25.6485,50.4614,45.5646,75.0682,50.41,37.15,145.194,168.34,57.43,328.444,63.6081,66.1847,49.852,29.4661,32.0197,43.8748,113.268,257.21,247.21,63.207,38.42,19.9407,,208.509,35.65,46.418,76.7704,403.07,73.5049,127.051,31.4159,34.145,23.75,74.4184,268.928,35.2254,79.0212,,26.1583,64.8246,,,48.8869,63.041,77.3,91.0,35.3928,112.68,35.89,43.5819,81.11,25.44,59.29,111.22,61.8844,22.5722,92.5134,63.264,166.697,92.9,,164.2,84.4838,86.98,62.0157,11.6926,4.98,30.43,,81.0781,43.47,56.751,147.479,44.4083,6.3775,7.228,83.502,267.75,63.7527,41.5882,86.6039,15.2243,,,,66.0573,1686.8,23.0519,161.116,177.452,69.96,26.72,73.7513,14.534,,,41.66,,,50.9901,22.7725,,79.4888,148.81,140.627,163.95,13.46,,94.5981,14.134,107.14,,68.21,13.96,37.3,82.7402,,15.409,83.21,27.4,,17.02,14.18,72.75,1.82,,17.6607,166.829,25.2991,21.2972,,93.0668,10.8,,67.8342,,48.6294,20.725,,26.98,31.2403,53.81,27.08,42.34,,52.9996,,76.51,13.74,,92.9944,,19.8641,127.88,22.195,,17.7929,,,149.149,32.38,,56.817,115.902,,87.6264,,,,56.616,13.4161,300.754,13.1697,,10.8917,84.79,,13.8809,,28.7994,,,,55.6533,,51.525,27.089,,,58.0325,42.7212,,18.973,,21.4204,12.19
2016-09-01,24.8598,31.0145,149.747,90.3747,40.634,75.0896,143.468,84.3861,44.8659,48.71,5.26106,21.7257,288.34,13.0562,98.6086,40.2062,30.5705,8.078,62.8424,37.982,24.3157,172.149,58.8991,65.4759,28.0536,152.883,35.2976,86.2741,4.96,11.4165,41.8655,78.24,20.9567,83.1594,111.675,16.0076,44.4405,16.0,40.0578,27.98,70.8256,24.4658,23.7664,84.4447,38.5873,16.2945,13.3196,451.573,47.4733,37.6286,146.065,13.42,100.366,89.3806,61.1175,52.99,5.527,49.7939,81.0569,31.0,112.53,19.16,15.9941,28.1508,8.31588,21.0499,38.3192,81.9782,28.184,113.227,49.4667,42.5241,56.5571,23.5427,66.07,15.0275,80.537,45.1889,20.2733,70.928,71.33,98.138,89.728,12.5333,20.4091,5.5727,33.3837,45.0261,52.9928,39.303,22.92,56.8478,175.982,60.4473,18.6733,24.8565,27.5868,1471.49,21.871,46.72,38.8086,39.49,77.9385,49.0154,34.52,124.64,9.855,53.35,9.94804,82.9683,27.7985,78.92,109.135,45.3797,40.187,8.47,22.6427,56.184,48.6089,32.519,57.899,63.0973,65.9569,16.8614,27.77,38.6183,28.7625,75.5808,40.1631,8.41666,47.8019,109.578,45.817,402.02,64.3071,200.34,87.21,128.27,36.218,48.9179,12.9103,46.79,195.727,49.9759,27.3685,13.6606,38.68,69.032,120.111,140.189,38.8645,11.8594,185.927,78.49,10.7264,169.702,13.1583,72.0354,18.9297,79.1671,76.4094,24.073,35.29,68.833,68.4671,81.525,63.8646,24.4685,51.5344,43.9218,76.7236,52.47,40.98,137.615,181.65,55.74,320.939,63.3364,66.942,45.5715,29.3099,30.944,45.1696,121.74,269.97,237.98,61.645,38.84,19.8908,,211.377,33.86,44.7558,76.7704,419.83,78.8919,123.776,31.7152,33.48,20.708,75.2133,258.653,34.6115,78.167,,25.5001,67.5217,,,46.9634,59.5147,81.06,88.45,35.5427,112.73,37.7,44.6259,94.29,25.53,59.35,109.302,60.1232,24.5927,92.0511,60.8676,164.759,93.75,,173.73,78.6873,82.35,60.9527,12.0127,5.3175,31.69,,79.7326,45.08,58.626,137.019,46.1877,6.695,7.384,84.6672,257.7,64.4205,42.606,86.7228,14.9761,,,,68.3199,1639.87,22.2351,158.291,162.901,69.61,27.48,78.6035,15.83,,,48.349,,,49.7884,21.9125,,72.3687,163.81,143.145,171.23,14.28,,88.6426,13.602,107.93,,69.31,14.06,36.3,95.896,,16.932,83.34,28.56,,17.23,13.56,76.5303,1.18,,17.7753,151.904,26.2889,21.741,,93.9161,12.32,,68.6121,,47.7359,21.653,,26.42,35.2027,58.32,28.61,40.94,,49.1234,,60.98,11.51,,92.5206,,18.4967,124.55,26.555,,24.0983,,,145.811,34.53,,57.35,116.368,,87.5265,,,,57.3363,12.9407,292.401,12.5263,,9.925,91.69,,13.2199,,28.5242,,,,57.9475,,49.735,27.9673,,,57.703,45.9852,,19.5744,2.922,20.7852,11.66
2016-10-01,23.2616,26.8779,134.539,89.073,43.0694,72.2617,158.57,77.5884,43.2426,43.87,5.05002,19.7999,258.08,13.0208,104.253,44.9401,30.0092,8.76614,58.4782,37.4323,20.6923,164.872,53.9921,62.1269,26.7842,153.449,30.8405,76.4351,4.14,9.5218,39.491,84.02,19.4331,81.818,98.7249,15.432,47.8274,14.125,40.3488,25.76,67.9669,23.923,22.337,80.887,39.4989,15.9753,13.2425,446.751,47.4269,32.8103,140.636,12.339,103.76,86.6938,59.0902,69.47,4.8175,49.9848,70.7502,26.96,124.6,16.16,14.0303,27.4301,7.8194,17.0366,34.8247,79.8318,25.4332,109.664,49.3347,37.3313,54.7869,21.1473,58.62,15.2617,74.677,47.1419,19.2041,70.3594,75.16,103.414,87.084,12.0515,20.1265,5.2583,34.0175,45.7579,50.8308,39.2834,22.562,52.1043,167.399,58.7967,17.6293,22.3373,28.3369,1474.23,23.788,49.73,37.2784,40.49,77.7617,45.9649,33.45,138.21,12.487,49.94,9.4595,74.7535,28.3163,75.55,106.02,44.2115,31.74,7.2152,21.7785,57.34,44.7889,34.9204,57.1018,63.5671,65.1108,14.9817,27.27,33.3323,25.5952,73.0003,40.3701,8.60762,42.6648,106.084,42.288,345.02,59.5738,184.3,75.86,130.99,38.437,42.8148,11.1921,50.78,186.563,45.9279,27.2202,13.484,31.1,70.797,117.643,128.522,39.227,11.0281,178.694,75.66,9.47415,175.63,11.4668,72.8934,18.7384,79.4347,69.4208,24.5771,39.134,69.5509,68.0403,74.6,69.8524,24.0565,45.7708,44.2329,77.1675,56.23,41.66,129.301,136.14,55.65,318.297,58.3436,66.2303,42.8503,28.7324,31.0355,42.8279,115.431,249.89,243.34,67.598,36.01,21.2993,,217.746,25.86,43.951,76.4909,404.08,77.1028,116.785,31.7487,31.24,20.26,71.0601,218.667,31.5075,75.1982,,26.4745,68.5512,,,46.2878,58.0097,71.74,86.04,36.7073,107.14,38.87,40.9189,86.97,25.58,59.31,110.405,55.4636,24.7257,91.2377,56.6116,176.508,85.92,,175.3,75.1738,97.01,58.1395,12.646,5.297,32.8,,75.5116,44.39,64.5558,144.124,46.653,6.55875,6.412,80.0298,186.0,64.3487,41.832,80.4291,14.8055,,,,62.4492,1523.0,24.2026,144.108,138.733,65.84,27.67,74.4259,17.582,,,48.635,,,51.3775,19.56,,73.9875,158.08,159.525,160.4,12.98,,86.825,13.182,107.68,,64.37,12.1,38.09,93.9963,,17.189,75.88,27.64,,13.7,12.93,74.9256,1.0,,17.4385,144.997,24.9676,23.885,,94.3893,11.67,,66.724,,47.6054,18.712,,25.99,32.1071,54.41,22.38,37.12,,51.4286,,57.25,9.67,,89.7606,,18.1368,120.64,25.6384,,26.7096,,,135.461,35.79,,52.323,106.093,,88.4309,,,,55.9923,13.1715,275.295,12.4669,,8.69833,86.68,,12.7194,,27.6917,,,,58.8452,,49.24,27.5271,,,54.6727,47.5638,,16.2477,2.518,18.9566,11.2
2016-11-01,26.1545,26.2195,131.144,96.5063,45.5077,77.6017,195.705,78.2993,41.1349,44.66,4.86353,21.1773,270.87,12.7284,122.851,47.138,30.428,11.0827,58.5372,38.1997,27.3762,161.46,57.2967,50.0099,25.8408,139.146,35.9455,99.6399,4.28,12.2932,37.5285,78.85,18.6534,73.2833,101.528,16.1696,51.3043,17.15,38.6538,29.04,70.9741,26.3352,28.6317,91.231,36.2453,18.843,15.2601,460.623,48.9703,34.1618,135.11,12.301,90.5483,92.4549,64.924,66.7,5.01975,51.2048,76.3357,26.85,119.84,23.84,13.9658,30.145,9.50923,18.0649,36.996,93.1464,22.2012,105.816,46.6588,41.8307,55.3693,23.7952,63.35,15.7985,71.527,49.7054,19.2408,64.4052,72.0,98.7401,94.496,11.9061,24.5369,8.3923,30.2535,42.898,45.3289,42.791,29.85,48.3608,174.925,63.5446,18.3,21.8557,33.2344,1502.63,25.256,54.21,45.9127,30.32,73.0202,55.7225,31.6,140.75,11.7,57.79,10.0915,77.71,28.2412,88.16,108.917,43.1423,27.617,7.9266,26.5552,42.934,47.9572,37.9778,65.4773,65.574,72.8665,16.2807,33.42,34.7416,29.9177,66.9579,43.5431,9.42269,46.5064,105.087,45.4081,379.24,62.4398,197.44,81.61,118.42,44.537,41.4915,10.674,46.49,209.285,48.5047,29.7448,13.5002,30.8,74.575,120.012,143.498,37.902,13.2674,180.237,101.11,12.8944,208.319,11.0491,67.5203,19.8498,80.9229,74.4689,29.8458,44.876,69.7365,62.9065,74.48,78.4759,22.375,42.991,40.2993,90.4214,68.95,39.28,156.638,133.14,53.41,303.535,55.9601,65.1708,43.376,27.9662,33.4743,45.0428,114.022,275.31,259.5,77.295,38.28,27.1005,15.0199,200.953,25.78,41.0668,75.563,412.02,81.0075,112.924,29.9699,28.815,16.487,67.18,245.884,32.0436,74.313,,27.4146,70.4276,,,51.504,63.4626,76.83,102.82,43.9258,117.65,39.81,44.052,102.29,26.28,60.48,96.4335,57.3799,27.1264,92.7494,52.8886,183.706,93.05,,149.34,74.1269,95.92,58.2095,13.2715,5.9255,36.83,30.7705,80.8211,49.23,70.2222,160.183,46.36,6.84,6.02,94.5464,184.275,61.9075,47.8855,87.1021,16.1972,,,,61.5794,1595.0,28.2926,158.689,143.702,79.07,27.68,81.6148,16.63,,,52.661,,,44.5644,16.3225,,78.9678,173.5,158.415,148.9,12.4,,94.6824,12.6267,124.87,,65.9,13.75,40.98,93.2025,,17.113,71.1,28.19,,13.2,13.28,77.9916,1.12,,20.5066,150.562,25.3815,30.8685,,100.592,11.78,,64.4888,,57.2304,19.111,,27.573,38.9762,52.86,27.23,33.65,,57.0252,,56.99,11.06,,97.0279,,18.9711,113.67,22.395,,29.9359,,,138.066,35.34,,51.688,106.523,,92.558,,,,60.5755,14.134,299.1,13.5947,,9.91333,84.32,,13.1419,,28.3871,,,,67.5154,,52.31,30.8013,,,59.7758,51.0096,,17.2588,2.658,22.4673,12.94
2016-12-01,26.085,27.9867,129.684,95.4309,45.9848,81.5412,213.688,77.8264,42.3106,48.65,5.25089,21.7858,261.21,12.4657,133.542,52.3122,29.5456,11.8082,57.2452,38.5474,25.1319,174.035,61.1724,54.2957,25.4789,141.123,36.0219,96.7645,3.81,13.8797,37.4935,76.07,18.5777,72.1372,103.696,16.8245,52.1874,15.192,39.4795,31.49,69.7891,27.9395,29.579,96.2593,39.1286,19.9471,16.3313,481.486,49.1719,33.3822,146.655,10.271,94.0961,80.2631,63.9232,66.68,5.1355,52.2984,82.1018,27.17,109.46,23.92,14.184,29.2219,9.42406,19.0764,34.5258,92.1767,22.3436,107.569,48.8622,42.5192,55.0131,23.0574,64.2,15.5922,70.463,51.3924,20.2446,67.5172,68.46,99.736,80.153,12.5204,26.6902,8.0112,30.7549,46.2776,47.5183,46.0031,31.2,51.5583,176.849,61.7949,18.5607,21.8634,34.3481,1466.06,26.191,57.51,46.1501,32.09,73.6821,57.0103,28.48,144.72,12.38,64.39,10.9112,74.9091,31.2866,77.18,106.823,45.1112,31.233,7.5464,27.4244,41.236,46.0417,40.6691,62.1851,68.2041,70.0285,15.1853,25.86,33.9008,28.9446,70.3752,40.8967,9.4386,47.898,89.52,46.6905,367.09,59.8346,199.68,73.67,115.05,45.472,43.2943,10.5826,42.98,209.029,51.5327,30.3361,14.0767,29.05,75.994,103.775,140.769,38.591,13.3976,195.45,105.58,12.2959,210.298,10.9099,70.5009,19.3492,79.0617,76.5754,31.3217,45.116,67.7507,67.2733,75.855,81.0291,22.17,44.7305,40.6669,92.0332,72.88,39.47,156.141,128.04,52.73,320.141,62.2656,65.0727,42.0478,29.9739,32.6463,46.4853,112.544,287.92,254.94,83.365,40.12,28.8134,14.4438,198.97,25.17,43.6735,80.7509,418.56,79.7033,115.114,31.6138,28.255,16.244,68.0225,225.795,29.9166,79.8115,,28.3731,70.9948,,,55.8781,68.0555,76.05,101.07,42.4297,117.27,42.53,42.8931,100.27,25.22,58.86,100.631,57.9107,27.2394,94.7715,54.5534,188.829,96.13,,141.52,74.1082,98.71,59.9115,13.9536,6.048,36.57,34.7849,83.0069,49.29,69.7081,165.045,46.1712,6.92625,6.024,88.5922,184.05,64.5432,48.6685,83.7968,17.4332,,,,63.2494,1669.0,27.8038,140.697,156.558,85.76,26.6,80.0247,14.868,,,45.453,,,45.1801,14.925,,82.5503,182.28,150.477,142.77,11.78,,98.1886,14.246,123.0,,64.31,16.95,40.74,92.1321,,16.275,76.19,30.15,,12.4,13.79,78.0733,1.01,,21.2241,153.643,24.7665,31.0646,,105.881,12.76,,69.524,,52.609,18.849,,28.763,41.0068,54.26,24.24,37.68,,60.285,,64.99,10.97,,100.863,,19.9209,119.2,20.8416,,29.8812,,,142.632,34.95,,54.394,108.666,,97.1286,,,,62.043,14.2082,308.868,13.676,,9.23167,66.09,,14.758,,29.4759,,,,68.8719,,53.14,31.8508,,,58.2943,53.6029,,17.0119,2.767,19.8467,13.63
2017-01-01,28.491,30.0062,134.166,90.8338,45.3701,81.9569,204.642,82.4385,43.3169,53.12,5.09113,20.0343,255.37,14.376,138.765,50.3543,31.5123,11.8492,57.9136,40.1252,23.3393,167.408,62.723,55.2717,27.8816,137.845,36.3782,97.9333,3.36,13.9872,41.174,80.21,18.3805,76.5872,107.905,15.1669,48.9841,14.117,40.8614,30.36,73.2781,28.9212,29.8344,101.049,39.0841,20.4627,15.6637,489.859,48.3665,31.42,143.469,9.937,92.146,78.5833,66.3678,68.59,4.97925,54.098,85.8748,29.36,117.49,27.32,14.0992,30.6781,10.0303,17.5573,32.0061,92.3926,22.7929,114.128,49.1918,43.5022,54.0316,21.98,63.75,15.6591,76.98,51.6863,21.2759,70.9398,79.1,102.946,93.971,12.5956,29.9215,8.3541,32.2295,46.3519,46.8725,53.978,33.5,51.0758,185.682,62.2653,17.4847,24.0978,35.3709,1575.13,24.784,62.27,43.6099,31.19,78.1133,52.4127,26.54,134.03,14.071,66.71,14.7465,68.5362,32.3896,77.19,103.847,41.7439,32.08,8.4288,29.332,47.043,45.8495,38.8144,67.6153,64.424,69.7945,16.4726,25.57,35.6519,34.2363,71.2343,40.7268,10.2506,47.2145,93.0625,49.0933,358.98,61.3945,215.84,85.87,130.34,43.67,41.9797,11.3502,42.81,208.91,52.9979,31.8762,15.8854,21.49,86.73,109.863,147.618,39.8395,13.0201,188.56,126.51,11.258,217.976,11.6975,76.4623,18.9629,80.4931,77.5886,30.935,42.761,83.5015,68.79,79.93,66.9792,21.3,46.5694,41.6172,93.9378,70.47,39.78,151.653,160.1,64.21,344.843,58.0847,66.043,43.3616,28.9485,33.6675,48.154,115.173,323.95,272.28,88.148,40.53,29.3644,17.7543,172.94,19.22,46.098,79.0081,426.63,85.7772,113.736,31.6837,31.635,17.032,75.734,202.802,31.1457,87.4179,,29.5687,77.1514,,,55.9528,73.3367,78.49,99.36,45.8945,122.33,47.0,44.2885,121.21,26.03,62.89,102.569,63.0375,27.2114,94.4962,55.1755,191.884,91.69,,147.49,77.8429,114.95,60.1205,14.563,5.875,37.07,34.5116,83.9238,53.65,74.7173,173.803,44.8103,7.0925,6.652,92.1914,181.575,66.3118,48.1274,84.2039,17.6175,,,,66.4793,1858.0,28.6102,179.345,162.971,83.67,28.62,83.5166,18.124,,,44.745,,,45.925,19.7875,,82.4808,190.08,164.925,146.02,12.61,,99.328,16.7953,122.87,,64.36,15.5,40.26,91.9903,,16.532,80.8,29.62,,12.95,13.78,83.1317,1.49,,19.9306,162.675,24.5121,29.5128,,107.299,13.32,,69.1076,,54.0397,20.21,,29.45,42.8079,56.72,24.98,41.6,,57.7576,,67.51,10.76,,105.483,,22.5735,123.28,24.5934,,31.9702,,,146.019,35.73,,56.584,113.6,,97.4957,,,,66.5867,15.5865,303.528,15.4271,,9.6,83.09,,15.1028,,29.5951,,,,67.9113,,53.71,32.3795,,,58.9617,54.3377,,18.1026,2.966,19.9253,14.62
2017-02-01,28.2703,31.9597,135.92,88.7034,49.7022,86.8773,221.958,85.4724,44.6163,45.9,5.41802,21.1291,288.6,14.9538,142.509,52.5759,32.138,12.5562,56.3396,43.8462,23.0427,177.089,64.8287,55.2668,29.9333,146.585,38.889,115.412,4.09,16.5368,42.252,82.47,17.9086,78.4516,114.615,15.2136,55.2069,12.975,42.094,35.62,75.9086,30.4536,29.3078,101.354,38.767,22.8391,15.5925,507.471,52.3397,26.8334,152.133,10.237,102.202,70.4974,70.1233,62.59,4.96925,52.956,88.003,31.1,115.01,24.32,13.4299,33.1996,10.101,17.9005,31.6289,98.8523,24.9528,119.707,50.6639,41.1028,60.5293,24.6787,69.41,16.0586,81.89,55.8067,21.4475,80.6952,81.35,106.923,89.538,12.9063,26.8631,10.154,31.2968,49.5514,49.4421,52.0497,32.15,54.9386,202.458,64.6041,18.114,24.4685,36.7844,1724.29,23.825,62.53,48.1017,36.19,83.211,50.8712,26.03,143.27,14.213,64.54,14.7652,67.2963,33.5813,76.68,111.714,43.6216,31.347,8.3748,29.4204,36.869,44.9107,40.3548,66.1439,62.2063,69.0369,15.7155,18.91,35.3062,36.542,75.8568,43.5285,10.5805,47.7783,90.9055,51.8502,373.5,67.8647,226.36,90.62,135.54,46.338,41.6203,11.8394,36.5,222.773,51.4251,32.0793,16.7977,20.62,89.018,122.598,162.914,41.1605,12.5737,197.287,128.03,11.5326,204.998,12.1827,83.0932,19.0809,80.7666,80.2335,31.4096,44.899,86.2948,70.5025,85.78,54.8367,20.72,48.0206,46.0482,93.2943,74.09,42.0,144.582,167.4,66.1,338.65,63.8399,70.5069,45.6289,30.2322,35.1352,50.947,118.209,323.06,273.42,92.192,40.58,30.3364,22.4874,203.17,18.56,49.7272,85.4792,476.22,93.9837,113.98,33.2242,35.25,16.773,78.1047,206.805,30.8244,87.7184,,30.8725,77.3632,,,55.585,71.8899,77.39,103.21,48.1184,144.94,50.7,45.7492,133.1,30.9,71.435,112.809,67.5479,24.8387,101.738,56.0709,205.145,102.76,,170.0,89.2464,118.3,62.6506,15.1487,7.437,37.6,36.2047,87.9572,56.98,79.2617,195.787,44.2283,7.3925,7.47,88.4152,196.2,68.5498,55.18,86.1026,18.6157,,,,66.089,1934.97,29.7378,187.242,185.737,90.71,28.41,77.3178,17.384,,,45.062,,,53.4634,19.54,,80.3769,194.64,179.333,151.65,12.12,,107.934,16.666,131.41,,73.63,16.25,39.04,96.7576,,15.38,86.97,31.03,,14.65,14.47,83.829,1.79,,20.4548,167.712,25.6757,31.9538,,113.688,15.14,,70.001,,52.2005,20.318,19.5514,31.523,41.9776,48.51,25.67,43.56,,68.7295,,65.26,12.94,,103.079,,22.1021,130.05,25.3166,,30.0578,,,153.269,36.85,,61.735,120.415,,103.126,,,,67.0189,17.0224,314.45,16.1634,,8.805,82.93,,16.6028,,28.9524,,,,59.9105,,57.7,36.4911,,,63.6933,55.5417,,19.3973,4.212,20.0823,17.32
2017-03-01,28.4003,31.6472,126.814,89.9944,50.5111,87.5484,205.524,88.4565,44.2231,42.29,5.16467,20.4833,273.42,16.0501,132.631,51.2919,35.1821,11.9982,54.7106,46.0033,23.2863,172.017,59.1866,54.5157,31.1571,149.615,38.6251,113.825,4.12,16.8316,44.327,87.11,16.3103,80.292,109.78,15.8998,55.439,13.983,42.2369,34.79,73.7226,31.0537,29.5325,99.6804,38.2001,22.3614,16.3541,565.277,52.4523,28.2923,153.175,10.385,108.202,72.9816,67.8174,59.7,4.65525,55.6809,85.0431,31.12,122.18,22.8,11.8101,33.7772,10.3983,19.543,32.2703,100.597,23.8045,110.711,50.9661,43.0265,59.5845,23.483,67.97,16.55,85.163,56.872,21.0425,84.0847,82.49,108.897,106.72,13.6067,25.0912,7.8207,30.746,49.6521,50.0311,56.2215,35.45,55.2813,199.846,62.1979,17.9893,24.4049,36.5766,1779.97,23.959,64.59,46.4351,27.1,84.0887,49.5325,23.76,142.57,14.781,59.22,16.673,59.8831,33.2621,78.46,109.333,44.7339,31.357,8.9104,27.5256,38.381,46.8678,41.1177,66.7114,63.0254,65.9241,16.0306,17.45,38.1746,35.3015,77.4227,43.5295,11.4993,50.343,102.67,52.0462,387.51,70.9254,229.49,109.35,142.05,42.654,39.7792,12.1019,38.11,228.291,51.4839,31.1046,17.5127,19.78,91.333,121.475,159.045,41.48,12.2298,196.098,125.05,11.163,207.574,12.5805,84.7596,19.8761,79.0328,76.4838,29.7293,40.968,89.1804,70.422,84.985,59.7336,23.085,46.8159,46.0759,87.1851,70.64,43.02,136.917,170.64,68.56,360.56,60.6034,70.2988,48.01,30.0328,36.7013,50.9302,120.966,327.32,285.23,86.913,42.55,28.049,20.5746,175.955,18.3,49.912,84.6605,478.91,98.1063,108.975,33.3354,35.63,16.193,79.0745,199.656,28.5691,87.2056,,31.7324,77.2155,,,56.9573,74.9098,80.53,107.99,46.8486,154.61,50.73,46.4766,133.67,31.4,72.13,117.278,67.4922,25.9996,94.9604,52.9129,205.075,114.71,,151.43,91.6983,120.7,61.7021,15.3832,8.267,36.14,38.8531,87.3321,59.27,79.8646,179.923,44.7949,7.74125,7.67,90.9376,351.975,69.1596,54.064,87.3338,18.5466,,,,65.4576,2106.88,27.7612,179.873,188.555,91.25,30.37,75.2728,17.494,,,49.194,,,57.1181,21.1825,,79.5365,199.34,174.558,154.56,10.63,,112.576,18.5533,126.46,,75.52,18.925,37.28,97.3032,,15.542,89.95,32.01,,15.6,18.43,87.955,1.37,,19.8012,155.432,24.5558,30.4842,,116.358,15.49,,67.1598,,51.1542,20.722,19.5879,31.593,44.5021,45.6,22.79,43.09,,66.554,,51.87,14.9,,104.302,,22.2253,128.95,18.78,,28.2954,,,156.171,37.9,,65.273,121.439,,106.708,,,,67.09,18.204,313.23,16.3408,,9.955,83.28,,14.7775,,30.5787,,,,61.341,,57.66,35.1239,,,64.0481,58.5954,,20.666,3.725,22.1603,17.28
2017-04-01,29.7337,31.4964,121.837,90.1222,52.1287,94.5029,200.241,93.6949,45.5008,42.0,5.09303,20.8564,271.21,16.548,133.229,49.9931,33.5327,11.3564,55.2161,45.4192,21.3238,164.524,56.7848,56.77,30.7624,159.25,33.6888,112.21,4.04,15.9992,46.2495,88.92,15.1675,82.5144,104.956,15.5177,56.1018,12.65,46.059,35.81,77.9531,35.1139,32.8981,97.5174,39.9197,21.8332,15.7319,568.519,52.0788,25.7534,158.349,10.439,112.692,72.1761,63.7933,60.94,4.68425,55.9885,85.5502,29.18,129.51,23.88,10.1889,34.6006,9.08399,18.996,30.7076,101.119,23.8552,107.031,50.875,45.2013,60.3476,25.2551,69.01,16.8146,92.873,57.035,20.8059,82.5453,86.12,112.845,114.55,12.7352,22.8609,6.4015,31.3008,50.1766,49.2373,60.6781,37.85,55.7648,212.017,61.3791,16.5433,23.7812,34.9295,1846.82,22.212,67.27,47.8139,29.55,86.3115,45.1198,22.88,129.13,15.22,58.5,15.0975,66.6925,33.6538,82.77,111.774,46.9125,36.557,9.4894,25.4036,40.026,47.9791,41.4437,62.0068,63.2943,69.0001,15.3045,17.25,39.4434,32.3829,77.5441,43.298,12.9783,51.4532,100.255,55.0458,388.49,73.6818,234.79,118.3,150.25,42.172,38.5625,11.8434,37.33,228.882,54.2341,30.4735,17.6609,21.49,99.235,117.892,160.665,45.298,10.9774,207.075,109.66,11.4957,209.403,12.1141,80.2057,15.6269,80.6602,75.2733,24.0966,41.276,90.7824,70.0973,86.9,57.0433,22.69,46.0512,45.7617,85.2091,70.21,47.72,131.272,184.86,68.03,376.161,61.5294,72.0967,50.2907,31.1967,38.5533,50.2708,122.553,345.16,281.44,80.192,45.15,29.802,21.3483,197.191,19.41,50.0218,83.2592,513.42,101.141,106.833,33.3522,37.2,15.941,80.1357,172.489,30.4912,94.1187,,31.3613,83.2478,61.697,,57.4556,76.1511,84.28,114.09,45.7774,167.73,53.93,49.0783,124.28,32.57,73.7,123.249,63.76,29.1391,96.6865,50.3556,220.78,134.62,,141.14,94.6472,126.32,63.5075,16.0892,8.7275,37.43,38.7407,90.915,62.85,77.7706,180.504,42.9455,7.725,7.8,87.5238,284.55,70.9389,55.3574,97.865,17.8515,,,,69.5481,2111.25,28.7182,184.706,201.373,94.27,32.16,80.956,18.896,,,50.848,,,59.8394,19.49,,89.8418,218.26,171.822,163.59,10.76,,112.853,20.938,134.83,,77.0,19.125,35.17,99.3939,,17.731,89.7,35.43,,16.15,18.48,87.3792,1.19,,20.3602,153.901,25.8675,31.6963,,118.59,14.18,,68.7236,,50.824,24.089,19.3361,32.323,41.6333,49.79,24.58,43.41,,66.3613,,52.0,16.01,,98.3222,,23.7355,135.48,18.0684,,31.062,,,154.388,38.92,,65.197,118.628,,108.37,,,,69.6284,20.0363,314.098,17.0127,,9.93167,87.4,,15.3646,,31.5771,11.1,,,64.1398,,59.57,35.1717,,,64.5561,56.2293,,19.9313,3.735,22.4963,18.24
2017-05-01,31.6288,32.3353,114.99,89.581,50.3529,97.4278,189.657,111.997,47.4302,39.52,5.04064,20.8524,247.77,15.8572,134.777,48.0686,39.338,11.4284,52.2708,46.1472,20.0676,169.199,54.8135,50.8534,30.672,169.172,31.4757,106.708,3.66,12.3346,49.731,90.16,13.1127,89.4696,100.581,14.861,62.4648,12.092,49.1762,34.88,79.5098,37.431,30.8302,98.4003,41.3016,20.9743,15.7656,565.754,49.9593,22.4208,159.548,11.657,117.379,60.6236,59.1954,47.14,4.571,55.9785,87.561,27.26,139.51,22.64,8.08704,38.3097,8.77643,18.1762,29.2053,101.848,24.1434,108.616,53.2135,43.0944,60.6136,24.5213,66.26,17.3477,101.63,57.5969,20.4967,89.2267,89.64,119.205,120.35,12.8974,23.2492,5.6108,30.0091,52.8358,51.1454,61.3529,37.4,57.3362,220.232,60.3553,16.1387,23.8904,30.2188,1877.09,21.341,67.42,50.4461,38.51,90.27,39.6592,18.87,128.13,16.307,62.83,14.3455,65.8537,33.9541,77.7,114.7,47.8886,38.357,9.547,21.4869,34.246,48.8278,42.6307,58.9051,61.0853,69.6471,13.9164,10.77,40.4923,33.4873,83.3202,44.3197,13.9009,51.516,105.177,58.7201,459.06,73.6729,239.3,123.6,151.46,45.783,35.8536,12.4569,33.18,221.521,60.1954,29.8473,19.1568,19.16,103.01,111.048,149.437,48.243,9.82512,217.611,108.73,11.032,213.54,12.7675,78.0186,15.7771,78.789,72.4708,23.3744,46.984,97.131,71.9843,91.985,41.672,25.28,43.5181,47.909,81.3471,79.67,52.21,123.436,177.36,77.95,399.017,63.1116,71.043,49.9305,32.2566,38.1039,51.4537,135.498,345.55,304.84,82.338,43.31,27.7887,21.505,214.255,17.83,54.6158,85.5481,582.81,105.501,100.166,35.1752,36.315,17.028,89.7876,159.56,30.7357,96.852,,30.943,86.0916,63.484,,64.9191,80.0398,86.44,119.6,44.3984,168.39,49.97,49.9808,129.33,35.14,74.87,134.661,67.0012,30.0978,100.253,48.9359,224.478,145.2,,144.29,96.2625,139.04,68.91,17.8958,9.21125,38.64,43.0644,99.9578,76.74,77.3324,176.489,43.7027,7.7975,7.868,81.3183,298.2,73.3518,56.5378,101.666,18.1166,,,,73.0908,2282.38,28.9776,183.135,195.038,104.34,34.49,78.9896,20.93,,,50.968,,,64.9941,16.71,,94.7127,223.48,200.531,170.88,13.41,22.8846,112.744,22.734,131.51,,83.88,20.75,34.65,103.304,,18.54,92.05,36.04,,18.6,19.33,93.7764,0.76,,20.6791,156.743,27.1564,29.8089,,109.997,15.49,,69.5387,,48.6458,26.157,19.3618,32.417,34.6842,64.57,24.01,41.97,,67.5548,,48.27,13.66,,101.336,,25.3063,132.66,19.765,,28.6592,,,165.333,41.14,,71.575,117.654,13.2033,103.047,,,,71.3377,20.6005,334.235,16.6619,,11.56,99.98,,14.2781,,31.4032,10.05,,,61.4876,,62.64,33.0855,,,67.542,51.6256,,18.9825,5.5,20.2533,22.99
2017-06-01,29.6481,32.9196,120.578,93.4839,51.6585,99.5854,199.222,104.469,44.4123,42.16,5.04633,22.1795,271.36,14.8179,139.491,52.7525,40.5941,12.1519,57.4719,47.9559,21.0694,165.447,55.8217,55.5447,32.4324,179.323,31.7803,112.438,3.77,12.788,48.4,92.96,13.7186,91.2168,102.631,15.0211,61.9897,12.45,46.3126,36.4,79.3416,37.2164,35.3521,105.685,38.4568,22.5521,16.1829,566.57,52.8624,22.5452,161.515,10.995,118.998,66.4437,60.6718,49.81,4.5375,61.4966,92.6631,29.49,144.53,24.04,8.72935,35.496,8.85044,20.5433,30.9599,99.0496,24.6188,100.541,52.0419,41.4278,61.9523,27.221,64.76,17.2014,103.93,57.9921,21.7759,88.2258,86.6,117.799,125.43,12.74,24.1642,6.5918,30.4374,51.6804,54.0737,60.6895,37.95,59.1626,224.458,54.6499,14.5827,23.8904,32.4442,1870.52,20.051,60.61,47.2046,39.88,88.8943,40.9256,18.54,127.06,14.941,63.06,15.3776,68.2671,33.8307,69.92,113.956,50.9531,39.413,8.322,21.6754,33.97,51.909,42.8693,62.4353,66.366,68.4128,14.2139,10.35,40.6875,30.2379,82.8916,43.885,12.7085,56.5797,113.671,58.3739,491.21,76.1586,241.69,128.87,150.98,50.079,36.2601,12.7442,36.25,235.818,60.3956,31.0708,18.7218,21.76,102.13,119.295,161.135,45.4365,9.65784,219.39,112.71,12.7306,212.099,13.1881,83.0545,13.9663,82.1802,76.4533,25.9644,48.839,87.5706,66.8651,91.51,54.7891,24.84,43.8803,48.114,87.065,75.25,53.67,107.733,173.52,63.32,388.299,64.2069,70.8309,51.6239,32.5571,38.6523,51.9237,134.932,336.84,287.34,84.901,45.38,29.0767,17.7304,214.887,20.16,59.7792,88.4186,588.54,98.2945,103.96,34.0728,39.94,16.867,88.5357,199.088,32.1609,93.3373,,31.7296,94.4354,62.977,,60.4066,84.7018,89.5,123.51,49.4139,161.42,54.29,51.3079,125.94,33.49,72.93,131.453,73.3804,29.7919,104.256,50.3672,224.418,150.12,,144.21,97.4671,145.1,68.9159,16.9165,9.362,38.93,40.8653,97.7287,73.38,84.8313,167.78,44.093,7.9475,7.488,77.848,293.25,73.0356,58.7271,105.914,18.3323,,,,77.0753,2410.61,30.9327,193.259,202.567,100.52,34.85,88.4087,21.2,,,55.686,,,67.944,18.2925,,92.2702,226.31,200.808,175.67,15.0,21.5672,111.246,24.1073,127.65,,84.09,20.0,36.13,102.88,,16.542,101.15,35.67,,20.0,21.4,92.2503,0.865,,20.5046,157.2,28.4677,31.5538,,115.167,14.04,,71.9967,,50.4762,26.36,19.4625,31.093,34.1339,69.18,25.14,51.31,,63.0189,,59.67,15.32,,98.9525,,25.6672,139.41,22.3016,,29.7128,,,171.899,42.42,,71.314,130.47,15.008,109.469,,,,71.1817,20.1601,347.125,16.8284,,11.3767,97.0,,14.2391,,30.8389,20.47,,,63.7907,,61.17,35.6317,,,67.8943,54.0415,,19.0557,5.011,20.1871,23.46
2017-07-01,30.8162,33.6824,118.136,93.2499,53.8188,97.408,202.27,115.342,43.6169,42.38,5.34947,22.6344,289.59,16.2519,140.539,53.932,40.4233,12.1198,61.7838,47.1998,21.8503,163.101,58.9681,56.1926,33.4852,178.995,31.561,127.981,3.43,14.109,49.389,101.17,15.3122,94.0823,100.864,15.572,64.7178,13.967,47.1042,37.99,84.7482,38.6828,37.1141,103.47,39.1937,22.4402,16.5291,560.902,55.1072,20.5422,161.653,8.6968,122.6,68.1076,57.9485,47.14,4.55425,62.2353,94.0612,31.82,151.85,22.84,9.80878,36.811,8.80066,20.3721,33.6597,103.948,24.3815,103.576,53.3905,36.698,59.274,26.896,64.78,17.8553,104.25,58.4399,22.6532,87.6795,90.8,124.189,120.96,12.748,25.3669,7.3538,30.651,51.7439,52.4165,58.304,32.5,58.0082,225.684,52.3675,13.62,25.3295,33.2443,2028.5,21.039,61.66,48.803,49.3,94.3731,38.1237,19.59,120.75,18.166,66.25,22.0171,67.7239,37.3327,72.08,118.688,52.8386,38.393,6.8754,22.9204,34.7,53.1252,45.8667,66.6525,67.2162,71.5923,15.2463,11.25,38.764,25.7206,83.2201,43.1719,14.326,55.0418,118.442,59.3469,491.62,76.2731,248.99,151.82,169.25,45.998,35.8391,13.3219,36.44,221.778,60.5331,32.0046,19.8199,20.02,105.71,108.302,180.509,46.525,9.99638,223.183,118.96,11.2774,215.728,13.7002,76.5208,14.738,84.9944,74.627,26.3985,48.957,95.7166,68.2848,91.105,53.2551,26.375,45.5409,49.4794,86.4245,67.68,58.55,103.514,173.85,68.56,407.814,65.4405,73.6943,51.9647,32.9156,39.5003,53.3236,138.097,391.91,251.21,80.616,44.21,28.7352,19.4066,225.495,18.11,60.8968,87.6392,573.08,107.87,109.121,34.6516,39.71,18.412,92.5072,198.598,33.7321,95.3026,66.0,32.544,92.8096,64.34,31.2883,61.0702,87.6011,90.55,128.32,51.2436,166.46,55.07,48.9051,133.29,36.89,76.57,134.037,72.6746,31.3526,104.925,53.2452,231.282,167.23,,152.06,103.082,152.64,69.19,18.039,9.3305,41.59,40.8086,100.979,79.48,86.3442,185.739,42.2057,7.8725,7.382,84.0564,327.45,76.3901,59.5914,109.589,18.2796,,,,77.4058,2610.44,31.1504,194.96,202.04,101.72,37.27,72.8128,22.09,,,53.7,,,69.6125,16.6525,,86.7093,235.63,177.065,171.81,14.37,22.9146,102.322,21.5647,136.34,,85.93,20.4,35.97,103.707,,17.37,98.2,37.43,,22.95,20.17,97.9224,0.9353,,21.2361,158.154,28.0815,31.2023,,120.573,14.95,,75.5268,,48.9249,27.555,19.1802,32.42,35.7322,66.8,24.59,50.32,,66.2217,,61.64,15.68,,103.868,,26.1523,142.55,21.9633,,33.5807,,,160.044,42.98,,73.569,134.507,14.6865,112.269,,,,72.7322,21.4159,350.51,17.531,,10.81,102.11,,14.6334,,30.4912,19.52,,,65.9383,,64.25,31.9822,,,68.235,55.7787,,19.7947,5.331,19.4955,26.35
2017-08-01,30.9361,34.058,118.242,97.3926,50.7891,97.4476,201.564,120.072,43.5407,45.37,5.36584,21.6391,316.56,15.7627,128.016,53.8032,35.758,11.7118,67.97,46.5884,18.8084,162.911,55.7785,56.3457,34.01,185.73,29.591,123.064,3.43,12.8391,49.03,103.75,14.8849,102.015,100.601,14.9172,66.2123,12.125,47.5895,36.08,86.3275,37.1649,36.4162,106.138,36.2029,20.414,16.0524,555.989,52.5046,16.8934,157.769,11.442,133.13,79.1291,62.7846,47.15,3.8845,60.3309,85.0736,31.92,144.26,32.92,9.31697,40.0926,8.74248,20.9714,32.9591,111.625,23.2499,89.5821,55.7487,35.0492,54.0594,25.5741,58.56,18.8616,111.6,59.3682,22.9605,87.8275,95.49,129.532,130.49,12.7322,25.3018,7.9636,27.5723,53.6284,53.2641,60.4635,34.2,58.5707,223.95,55.3321,13.0753,27.4076,35.4099,1852.08,19.042,64.71,53.2592,46.96,98.2818,32.3832,20.44,119.38,17.471,67.15,22.2766,71.521,37.1825,79.64,120.503,55.0525,37.887,6.3342,18.971,37.999,58.2982,43.2984,67.0212,67.8306,69.1156,14.4243,8.285,38.137,24.6015,89.7232,44.2954,14.9119,59.2836,125.04,60.9597,496.9,73.8962,253.12,160.57,171.97,44.254,33.3829,12.4469,42.22,207.639,60.7074,32.5013,20.2491,16.15,116.36,105.745,171.802,46.9665,10.6551,226.799,118.06,10.2133,202.403,12.7675,74.9209,15.2035,78.9473,69.6448,26.9411,43.52,96.4543,63.5039,86.84,54.9192,27.91,46.1106,46.7071,94.462,61.96,61.68,90.4628,204.46,73.22,425.702,63.9012,73.8866,49.6207,32.6907,39.6809,52.8705,137.73,398.54,221.01,70.885,38.6,27.1387,19.9876,226.332,15.1,62.6362,90.1268,605.09,108.278,104.409,36.5386,44.425,15.017,93.607,173.257,33.8199,97.7731,57.07,33.7641,95.2968,69.774,28.8924,62.9817,93.7473,96.03,120.59,48.2434,155.43,59.46,50.8556,137.41,39.29,80.42,149.64,73.4589,31.3816,104.973,52.1435,222.58,176.74,,143.77,108.808,175.79,71.2607,18.5023,11.0095,40.86,42.3843,96.9636,97.79,87.105,193.386,42.67,8.1725,7.64,79.5941,315.6,77.9132,59.738,110.57,17.6625,,,,82.7297,2720.85,32.4469,185.741,206.779,103.09,39.96,68.2987,23.238,,,54.221,,,74.1016,18.6525,,85.0882,217.82,173.02,172.8,16.37,23.4439,94.6625,23.7267,150.06,,81.33,23.0,40.38,106.179,,20.701,108.8,38.68,,26.75,22.19,96.9511,0.92,,21.4752,149.221,30.0732,30.3575,,104.025,17.08,,75.3421,,50.7111,28.662,20.8959,32.447,34.319,64.0,21.71,58.06,,63.4318,,57.57,16.28,,99.2576,,25.589,140.76,22.115,,40.865,,,155.151,44.82,,78.68,132.78,15.8219,106.421,,,,72.3847,22.9189,346.415,17.3517,,10.65,109.69,,14.6081,,30.3512,17.85,,,64.5149,,61.855,32.7688,,,68.3326,54.2793,,20.3933,5.297,19.3148,26.11
2017-09-01,29.3077,36.2567,121.37,102.287,52.2673,84.2176,213.658,116.646,46.9765,47.46,5.18792,23.5304,313.12,17.2518,139.402,60.7799,34.8249,12.7256,66.1975,47.524,22.0439,171.376,57.5688,62.7111,37.5658,185.154,34.5244,131.927,3.85,13.7226,48.0675,106.39,14.8314,102.819,103.12,15.2736,67.8687,14.117,48.4922,37.88,87.0375,39.3003,42.5278,115.085,36.3994,21.8614,16.5578,554.01,56.0252,19.0655,151.15,12.967,123.528,79.9366,67.6492,48.73,4.42475,64.2859,85.8186,33.79,139.96,36.0,9.00006,41.4679,9.33704,21.9558,34.4911,120.148,21.706,89.726,53.6604,38.1745,57.2378,27.3393,59.39,19.7687,116.21,60.4236,23.7472,84.1782,93.42,137.218,139.79,12.4512,30.6855,6.8109,28.8293,51.837,51.2601,59.516,35.85,56.2229,236.341,61.2909,14.358,27.427,36.8312,1830.13,20.582,61.66,54.3908,45.88,99.9139,39.8581,23.9,120.56,18.126,75.81,22.886,76.6756,41.0444,86.82,124.462,55.5161,36.437,6.1566,20.6565,36.042,58.8272,46.2938,74.0154,74.1449,77.2008,14.3129,9.33,41.768,26.3785,83.4807,46.8813,16.6712,69.96,125.21,63.7335,447.12,81.3395,247.51,152.04,170.87,45.22,34.7744,12.438,47.85,204.003,61.7313,36.2823,19.5604,16.48,111.41,108.501,184.599,47.9555,11.3323,218.151,138.74,11.6237,196.902,12.7675,75.8056,12.449,81.0303,73.7816,27.169,46.184,93.2888,60.9662,81.99,57.9483,27.625,45.983,45.1049,106.095,60.88,64.02,91.723,199.2,70.68,405.614,66.4552,73.8954,53.3502,32.0218,43.2381,56.2019,143.543,363.42,226.06,72.413,36.69,31.0196,19.5224,221.975,15.02,59.2095,90.4812,626.16,127.294,102.992,35.5384,48.385,14.97,93.164,167.836,35.1289,98.5291,60.8,35.0693,97.7444,70.645,31.2079,67.9926,100.004,95.07,124.41,52.0815,155.44,54.02,54.2729,116.74,39.47,80.53,140.384,72.8685,31.1306,103.695,50.2955,202.337,186.27,,154.77,111.001,185.06,74.0482,19.2261,11.8505,41.66,43.6987,97.0033,102.23,93.6212,204.682,41.5788,8.5925,7.168,85.8786,360.0,74.1973,62.1672,114.225,17.7271,,,,83.9073,2855.0,35.7978,177.585,236.306,108.58,43.55,73.3104,23.506,,,56.562,,,74.4494,12.2312,,94.0992,222.22,188.946,174.32,16.88,27.4651,102.729,22.7347,159.18,,87.93,25.65,45.93,106.307,,22.071,108.02,39.26,,28.55,23.39,102.144,1.52,,23.0168,170.963,29.3678,30.506,,112.746,18.455,,77.6349,,54.23,26.825,20.4546,32.837,36.42,68.76,22.67,55.08,,59.0356,,62.25,17.99,,102.075,,26.0897,140.5,24.0166,,40.8753,,,168.027,43.51,,80.309,127.787,16.7062,106.214,,,,75.53,23.3621,369.64,18.5577,,11.4017,105.39,,15.0121,,33.1358,14.68,,,67.7736,,64.48,34.3572,,,73.3455,49.2868,,22.1509,6.151,20.9364,28.81
2017-10-01,27.5626,35.487,117.097,100.103,53.4948,84.7511,218.431,118.18,45.7722,47.4,5.20568,24.6163,311.66,17.0894,144.37,62.3296,35.4047,12.935,61.2473,50.1412,22.2029,165.974,56.0546,64.9026,41.5938,203.341,33.0348,139.075,3.31,12.4519,55.264,107.52,13.974,106.6,101.703,15.7998,70.7964,13.442,51.4654,39.32,86.4485,39.8353,44.5026,116.356,37.0889,21.9061,17.5142,528.085,54.6379,17.6423,153.618,12.061,129.834,80.9692,69.8083,52.25,4.003,61.8527,90.4304,33.45,121.23,38.08,7.53685,43.788,9.68523,22.7364,33.062,127.116,20.1505,90.6814,57.6019,39.4993,58.4435,27.9205,60.74,20.3207,125.12,59.5201,22.242,79.3457,102.34,144.784,138.44,12.0555,33.1509,5.6774,28.1064,53.7243,49.3873,61.4934,36.95,53.5634,251.014,60.2651,14.0633,28.2011,37.1848,1911.96,20.191,59.77,57.4226,54.82,104.408,41.5395,24.52,121.27,19.643,75.1,22.3847,73.3609,42.2414,91.25,132.438,56.4961,34.077,5.438,21.3748,33.348,62.4877,49.3129,77.36,73.7149,77.2486,13.6032,7.88,43.5142,29.4008,89.4162,49.177,18.7894,71.5499,125.948,65.1333,402.62,78.4408,261.76,146.23,180.06,46.918,34.5389,12.8128,48.81,205.993,61.7901,38.6207,21.2871,12.52,116.33,100.412,181.369,50.832,10.7892,225.355,141.48,9.64293,207.057,13.0499,72.0523,11.7797,82.8417,69.6744,28.5424,45.534,104.237,60.81,78.6,57.3672,28.965,43.3223,42.0531,101.617,58.48,72.56,75.5787,205.19,75.81,421.233,67.8426,80.1552,52.4212,32.9294,44.135,57.8259,149.92,334.17,201.79,62.689,37.85,31.2829,19.7121,240.956,11.53,59.9968,87.3469,682.63,131.574,99.9511,37.2562,46.835,13.947,101.895,164.002,36.7869,98.6065,62.18,36.6323,99.1039,75.286,26.7881,70.7652,105.05,108.1,125.31,52.3585,166.17,55.75,54.1916,113.25,43.16,86.52,153.158,79.7048,29.9459,108.062,49.8973,210.356,238.98,,165.27,111.436,212.91,78.722,18.2975,12.493,44.67,47.5193,103.946,110.65,94.0554,210.469,44.8308,9.0725,7.882,93.944,361.35,77.2072,65.9363,120.922,18.2157,,,,88.5867,3281.37,39.384,167.49,231.417,115.99,43.78,74.0368,25.274,,,55.874,,,81.6399,11.2425,,99.2788,219.79,174.141,177.29,16.7,28.7926,114.707,22.102,169.96,,91.15,25.7,52.09,110.02,,25.45,116.29,40.88,,32.85,26.09,116.638,1.53,,23.8768,180.244,31.8259,32.9313,,120.563,21.32,,77.4582,,54.3138,29.575,20.4536,33.213,32.6594,67.83,22.97,58.81,,58.4566,,61.51,18.02,,110.714,,26.3715,145.16,24.5334,,41.188,,,179.436,46.7,,81.112,130.105,17.3764,107.084,,,,82.7217,24.5117,389.248,18.299,,11.3733,110.99,,14.7717,,32.8378,14.18,,,78.7399,,64.715,42.635,,,71.1481,47.6903,,24.954,6.592,21.8294,37.19
2017-11-01,28.7207,32.6752,123.382,104.218,57.5059,88.9806,223.801,105.086,46.9904,55.37,5.26106,26.801,322.12,15.2716,146.898,68.2214,36.0449,13.8612,61.0991,56.5467,23.3943,170.669,58.5972,73.4827,48.095,202.447,32.4175,145.786,3.39,10.8195,58.8375,115.1,14.2499,119.369,105.229,15.6645,67.7582,13.95,51.6213,43.36,87.9146,42.1204,44.2462,126.781,38.443,22.7797,17.7219,553.384,61.0258,17.5558,153.618,15.77,130.061,86.149,77.019,55.78,4.0955,66.8556,91.1446,38.01,119.4,40.18,7.49489,40.3385,10.8033,23.803,31.5251,132.388,20.9082,100.531,59.8543,38.1656,64.1323,28.4529,61.06,21.159,132.96,59.399,24.2346,77.9124,104.32,146.449,148.88,12.6926,32.9701,6.3441,32.8782,55.6185,50.3781,54.3301,41.45,54.6631,259.806,72.3196,15.742,28.814,37.3536,1739.71,21.216,61.06,58.3869,62.1,107.085,45.3402,31.11,134.2,18.758,68.91,24.7565,79.1398,44.7518,102.76,137.726,57.9386,39.067,6.0878,23.2399,30.787,65.3035,52.0316,78.2308,79.5614,84.1691,12.9431,7.07,43.945,30.6647,94.3555,53.9363,17.3271,76.839,133.664,70.1507,361.86,79.1472,282.61,144.29,177.18,49.932,41.4828,15.1574,58.44,220.832,70.0962,38.7203,22.4203,13.29,116.42,106.063,193.427,51.0705,12.2708,212.108,159.48,9.88055,199.388,15.3271,80.9596,11.8061,93.9163,74.4459,31.5467,49.21,96.1891,64.496,71.45,45.7483,31.335,44.8065,44.0229,106.394,63.32,75.73,93.3888,230.03,76.58,423.886,70.9768,84.0057,54.443,33.3891,45.6392,60.4642,149.653,326.22,221.71,65.97,41.72,33.4969,19.3577,246.42,11.93,60.2268,87.4266,629.21,125.452,109.629,38.8489,51.045,15.714,98.5781,168.106,38.4763,97.1816,58.79,36.6522,101.095,79.085,25.4833,76.09,114.934,102.01,120.89,54.5337,156.41,54.16,58.0552,98.99,43.91,90.39,165.415,81.2036,32.5895,110.767,55.4071,195.691,260.88,,181.87,122.559,228.98,82.6967,19.406,14.57,43.5,50.8577,109.126,111.55,96.699,219.117,47.9554,10.79,8.412,95.8263,809.55,82.1161,66.1543,127.874,18.5363,,,,85.6884,3475.0,42.0173,188.207,259.639,110.32,45.38,74.5433,24.6,,,61.083,,,81.4413,14.6075,,97.828,271.3,177.173,182.92,16.46,32.3464,119.685,20.5967,186.24,,101.44,30.6,49.17,106.593,,27.982,104.2,41.99,,36.35,28.76,113.46,2.9,,24.5524,190.27,32.8182,34.0721,,122.151,20.08,,77.4933,,61.2372,30.497,21.342,31.563,34.1517,78.24,24.88,71.73,,57.271,,66.96,20.4,,111.363,,25.1273,157.06,24.2916,,41.2437,,,196.907,48.65,,85.681,133.966,16.8928,109.855,,,,86.2381,24.6276,414.358,18.3376,,12.455,103.0,,15.1795,,30.3343,16.21,,,78.9903,,65.705,41.4032,,,73.7856,47.6373,,26.7974,4.914,21.6419,39.22
2017-12-01,30.6393,35.5748,130.991,102.239,57.7196,89.0084,230.211,103.822,47.1033,51.33,5.21606,28.8143,318.57,14.7904,148.692,73.2316,38.5542,14.5175,58.9343,56.9617,25.9884,168.972,59.0199,72.4303,48.1606,212.687,34.8579,151.347,3.11,11.2226,58.4735,114.44,14.1809,121.671,109.809,15.2575,66.5788,14.63,52.4798,43.31,87.9609,43.4294,45.6281,127.43,38.5112,23.0248,17.8198,529.855,60.9418,16.6399,152.359,15.834,129.567,94.3538,79.625,65.04,3.921,66.213,91.116,38.46,116.75,39.34,9.02924,40.7502,11.2776,23.5161,30.1078,129.776,20.6251,107.06,57.2185,37.7588,63.0884,28.7434,72.25,20.5517,121.65,62.1542,23.6366,80.9133,102.23,147.326,158.78,13.7442,37.4288,6.868,32.8228,54.5824,47.8554,55.1243,42.05,51.6717,251.841,76.3357,16.036,27.0138,38.5453,1737.74,23.195,63.51,59.6027,67.52,108.462,50.027,35.06,131.22,19.196,64.13,25.5015,79.0948,41.0591,107.31,142.428,56.8126,37.57,5.7806,24.5811,30.644,64.2329,54.8141,83.157,82.4915,88.8776,13.5751,7.77,43.6133,33.7693,93.5586,52.1848,16.6284,76.6723,136.299,70.0263,375.96,74.9859,275.9,149.86,176.46,52.838,42.0777,15.232,62.95,233.936,69.8511,37.1683,20.8596,14.43,112.63,110.958,199.826,52.32,13.4415,208.796,171.91,10.4383,211.492,15.5847,83.6644,12.212,93.5074,74.0933,33.9384,50.722,87.1817,61.6343,69.88,49.4758,31.645,46.3757,46.9022,110.068,67.4,73.62,92.2301,218.49,66.6,413.611,73.3681,83.9403,54.4598,32.7005,44.234,58.1243,140.745,336.24,223.66,70.11,42.75,34.552,21.4362,238.457,13.32,54.4058,85.8197,619.52,119.738,110.969,36.697,50.44,18.142,98.2741,172.629,39.6955,95.5983,58.64,36.274,103.31,78.216,27.1217,78.3462,116.022,97.9,123.15,55.1532,156.38,53.25,56.0947,94.71,41.82,85.25,159.176,80.5307,32.0005,114.622,56.5284,197.175,222.19,,192.43,120.525,214.13,83.3248,19.4806,14.7238,41.6,52.8022,110.683,109.78,96.553,213.696,44.5759,10.7975,8.74,110.67,895.8,76.4235,65.6628,124.467,19.2139,,,,83.3174,3508.22,42.8018,194.542,243.297,103.8,42.57,78.9359,26.078,,,61.887,,,79.7826,14.3475,,96.5974,238.67,180.275,177.05,20.45,33.8625,123.483,20.7567,181.15,,107.43,33.15,49.52,110.06,,29.8,109.45,40.64,,37.55,31.33,107.931,2.41,,24.654,183.502,31.5567,38.3047,,139.613,20.94,,78.7902,,61.5441,29.701,21.3608,30.257,38.1043,76.68,26.5,69.0,,57.4126,,78.59,21.79,,119.825,,25.3679,153.2,24.1566,,45.1743,,,195.996,50.28,,82.906,135.014,16.3749,107.876,,,,86.7847,26.3285,426.833,19.3872,,13.375,101.74,,16.4569,,31.587,19.12,,,79.9478,,65.565,42.0734,,,71.552,50.2949,,28.8719,4.573,21.8705,34.67
2018-01-01,32.6681,38.2547,124.602,109.239,55.2977,96.0489,242.079,125.449,50.2786,60.22,4.99275,27.6949,347.81,14.3523,165.899,76.4666,41.004,16.1566,68.9395,56.47,26.8684,158.284,54.5901,67.9993,46.2539,204.215,35.495,150.654,3.06,11.4962,72.5445,114.92,12.4281,129.062,104.467,16.6873,73.1038,14.01,58.8975,45.69,95.6951,46.5272,44.4937,133.897,39.9523,23.5267,18.6348,564.144,61.1869,13.8991,145.514,18.814,134.147,103.999,81.7419,66.99,3.67175,69.2909,82.6592,40.5,124.79,40.08,8.18152,44.1543,11.4087,21.7099,28.7144,146.007,19.0441,109.33,55.3857,40.8024,58.2768,28.4235,78.04,21.7144,143.89,63.2484,24.8919,82.1353,113.91,164.761,155.96,16.9021,37.3409,6.5251,31.1317,54.5052,44.6321,61.6748,46.0,48.5932,273.213,78.3705,17.646,25.0814,37.935,1912.05,24.046,65.1,61.4771,67.17,118.156,55.7491,34.11,144.54,27.03,71.37,23.3156,82.2313,45.2161,115.0,149.511,57.3389,42.193,6.4952,26.1535,30.831,68.0559,57.5465,90.3324,83.5076,98.8284,13.5955,7.96,44.368,44.5515,95.0631,55.135,17.3021,89.6153,154.056,73.7285,366.65,81.1596,281.06,166.87,186.89,53.565,41.3656,16.0483,66.0,236.843,74.5255,38.4555,20.1398,13.86,126.12,118.938,194.347,58.497,13.7112,201.533,181.11,11.1649,218.324,16.3792,96.3451,13.9459,97.4585,73.7968,34.8776,52.945,89.2609,62.1346,75.68,46.2818,34.115,43.4391,45.6697,115.658,67.82,85.32,108.231,232.64,71.77,415.397,70.0392,76.3058,56.4418,31.2684,46.4775,62.7536,149.891,377.25,222.1,62.687,42.7,37.9572,23.6445,275.172,12.85,61.1042,82.2004,675.26,104.465,100.919,34.5285,53.62,17.884,109.595,151.592,41.0233,93.9781,64.26,38.4959,107.642,82.049,27.5593,84.0268,125.156,102.19,138.74,59.6962,187.04,60.74,61.2931,90.29,44.86,92.61,170.063,95.8433,34.929,113.836,51.4041,204.76,262.0,,212.5,132.621,251.95,88.6898,20.6589,17.2388,46.72,54.8115,117.956,126.67,97.5438,215.359,43.6151,11.0175,9.208,110.02,1254.15,73.7623,70.6697,135.698,19.5704,,,,86.6019,3178.17,47.6486,189.212,271.61,123.16,45.06,78.5548,29.774,,,69.042,,,91.0156,14.55,,98.2362,258.53,206.892,201.51,18.76,34.5118,128.798,23.6207,190.92,,117.48,34.55,48.93,113.102,,33.255,105.44,44.1,,35.9,31.91,114.406,2.2,,25.1423,191.054,34.1667,40.3199,,137.053,24.74,,74.0842,,64.8092,34.611,20.3796,30.313,38.5041,91.36,26.46,76.53,,67.9882,,78.21,21.42,,120.386,,28.9545,172.66,26.3116,,54.32,,,205.079,55.23,,92.73,147.704,17.4302,106.045,,,,93.628,28.121,466.8,22.1689,,14.285,119.89,,19.2151,,32.7245,19.09,,,79.5688,,70.42,41.0657,,,73.7571,49.1113,,33.3757,4.848,21.827,46.91
2018-02-01,27.8141,40.4042,118.557,90.3385,50.9862,93.5506,238.276,122.223,49.3576,50.21,4.65867,26.2142,288.99,13.8927,165.066,72.7033,44.378,16.3076,64.7679,50.99,21.4161,157.199,50.6224,66.7218,39.6206,200.977,33.9587,140.433,2.72,9.9203,75.6225,116.02,11.6873,132.774,100.385,15.9065,77.0805,16.07,54.9966,46.75,90.849,43.3944,39.2878,144.953,39.5019,20.8498,16.6616,551.782,61.1948,12.9632,133.251,18.74,126.528,96.2972,83.4404,67.46,3.427,68.5771,77.724,36.82,102.53,29.72,7.85993,41.4155,11.357,19.9067,26.6262,143.051,17.3949,109.556,52.08,38.1271,53.7221,25.8295,72.02,21.3911,142.15,61.7601,24.8424,79.3028,116.25,171.341,158.23,16.4608,36.5621,6.6967,29.4365,49.2421,38.5344,60.3298,46.05,43.2196,267.87,74.2811,16.2793,22.5264,33.9415,2034.04,21.35,60.61,58.4394,62.85,117.15,50.5049,35.29,148.52,29.138,61.92,23.1799,73.9237,39.5808,102.64,149.799,53.4403,44.557,6.3682,25.2438,35.642,70.4448,53.5829,81.5772,74.2584,90.6337,12.2471,13.38,42.6228,43.0976,92.7693,51.8936,17.333,92.491,143.366,73.1872,320.44,79.2745,239.88,166.03,178.32,51.146,38.2252,15.1306,62.93,222.881,78.5367,35.6811,20.0114,16.58,119.54,111.873,184.629,55.2365,11.7237,193.621,175.09,10.1541,195.093,15.3967,94.8592,15.8075,99.5445,71.1497,32.1071,52.977,100.622,53.1453,66.19,44.2501,31.685,40.3459,46.1948,113.742,67.79,79.41,105.724,228.02,80.71,359.93,71.3585,73.1898,48.4226,28.7756,46.9956,63.4773,147.46,341.93,203.35,61.814,38.83,35.9645,19.2239,250.339,15.05,57.57,73.9668,616.22,94.0235,95.2057,33.5737,50.71,17.724,111.165,139.931,38.5344,84.482,54.27,35.9882,102.154,84.511,22.7579,79.259,104.319,98.33,113.41,57.4178,187.23,56.9,58.9171,85.16,38.77,84.67,153.247,90.9263,32.8023,106.479,47.9437,214.074,262.52,,199.93,135.15,245.64,92.3451,21.1093,16.8588,47.01,50.7593,111.358,111.87,91.3534,238.178,41.1399,11.7025,10.094,109.286,1298.4,72.0467,69.1148,129.379,18.3369,,,,87.2582,2843.17,45.1957,195.606,244.293,138.14,44.8,78.9787,32.202,,,64.844,,,98.2461,14.035,,85.5095,270.04,212.194,203.11,25.31,31.9467,131.495,22.8707,185.95,,113.12,34.1,44.48,117.169,,38.118,106.61,37.93,,50.05,26.61,112.424,3.32,,25.2917,193.946,34.5059,41.0754,,128.123,23.92,,68.2203,15.2658,57.1077,34.213,19.8149,29.413,35.8153,72.3,34.83,75.09,,64.9615,,81.1,19.18,,116.683,,27.6244,169.94,28.895,,54.526,,,192.599,59.81,,89.463,146.181,16.9387,103.264,,,,94.5013,26.311,456.496,19.9084,,15.7633,126.67,,20.0785,,28.9702,20.04,,,74.7011,,71.695,39.568,,,73.3139,45.1535,,36.0193,5.626,22.0523,46.05
2018-03-01,26.2451,37.9354,119.195,90.551,50.2437,91.0543,228.232,119.813,49.1743,46.78,4.91072,26.8729,273.82,13.6625,160.941,74.5937,46.169,15.6794,62.4589,53.12,21.8316,163.657,51.2521,65.6526,41.4526,212.598,35.6697,132.8,2.83,8.63759,72.367,118.56,11.2513,143.569,104.78,15.5806,75.6531,15.43,51.6698,47.22,90.3161,43.1303,35.4927,141.694,37.7507,19.8362,16.9188,572.884,59.6337,14.2014,141.748,22.179,132.005,102.181,84.1678,70.98,2.82375,68.2686,83.1259,39.67,107.92,28.46,7.58705,42.548,11.3311,19.7599,25.1456,148.303,18.6741,107.54,54.4957,39.186,48.3012,25.4107,65.94,20.2009,137.61,61.203,26.6449,76.9513,116.3,170.753,172.26,16.8457,33.4504,6.6205,31.1218,51.3615,40.1261,64.3036,47.55,44.8068,273.313,74.3979,16.492,23.9522,33.8547,2080.39,21.913,61.04,60.6492,70.98,113.975,52.0777,36.96,144.61,29.535,61.94,27.3681,75.8026,40.5075,94.9,142.815,55.8972,46.507,6.4622,23.2854,36.362,72.6525,61.1517,80.3973,78.8189,89.6392,11.3863,12.7,42.2751,47.7286,93.2865,52.0558,18.3994,75.5769,150.472,73.5433,344.36,80.5827,232.22,162.98,159.79,52.008,36.3322,14.9118,62.08,196.889,81.1105,33.2858,19.2735,16.35,111.75,116.002,184.839,51.5895,11.3787,209.867,172.73,10.4073,198.781,15.2038,92.7078,14.9693,101.316,71.6798,29.5853,50.741,92.3322,49.8317,67.21,33.9009,28.605,42.6162,47.2936,112.391,69.47,75.87,109.734,236.42,70.45,383.852,73.9494,75.7469,47.0093,30.4886,47.4373,63.5061,142.699,311.22,204.27,59.38,37.36,34.7155,18.1596,266.518,14.35,57.1425,78.6382,575.03,87.1073,97.8491,35.4941,53.435,16.789,109.348,136.625,37.0412,89.3038,51.4,32.6177,97.1131,82.999,23.9362,77.4114,106.512,98.11,117.62,55.5314,191.39,52.97,58.3669,83.33,36.77,83.24,166.556,93.9787,33.6732,110.442,48.6608,230.036,251.13,,202.5,142.702,233.38,101.246,21.4304,15.9562,52.39,54.6355,114.822,97.78,90.7662,234.322,44.7616,12.7325,10.716,110.915,1593.9,75.4042,66.634,134.787,19.5332,,,,89.2242,2800.0,47.8652,210.146,249.681,139.19,42.14,79.0365,33.09,,,64.68,,,106.659,18.54,,86.559,250.08,223.392,210.96,28.06,30.6183,139.636,17.742,187.17,,114.52,33.0,45.91,109.97,,42.296,106.74,35.88,,52.6,26.26,111.468,4.57,,24.4448,190.35,36.8768,39.4445,,130.296,24.46,,72.7258,14.4321,55.3196,36.268,20.7971,28.53,35.2937,81.18,39.31,86.68,,63.6766,,89.12,19.84,,108.448,,25.9606,169.37,30.2534,,51.5157,,,192.847,61.42,,83.235,136.911,18.6183,105.035,,,,91.5822,23.7598,452.504,18.8312,,15.005,127.11,,17.6106,,30.3005,22.93,,,76.2872,,71.31,39.8309,,,72.9332,43.9595,,34.1082,4.962,22.4788,49.2
2018-04-01,24.2484,35.7118,120.731,98.2214,48.8504,92.348,215.982,116.568,48.9674,46.19,4.89296,21.2984,273.6,14.686,159.118,89.1955,47.187,15.7816,59.8399,47.6987,25.4364,164.787,51.8098,62.8819,41.7339,217.464,37.4709,125.85,2.76,8.01805,78.3065,117.42,11.563,142.02,103.218,16.0009,76.8908,14.86,50.745,45.31,89.0681,43.0468,34.6462,138.131,35.7366,20.9791,17.7535,574.834,60.1593,13.5261,140.488,23.469,124.505,100.4,82.66,71.65,3.05425,68.2142,84.4086,40.92,112.54,24.65,7.50388,38.9632,10.4538,19.7001,26.5628,143.829,18.7776,98.9449,55.8699,40.1641,48.3299,22.9957,62.79,19.6342,146.93,59.7693,27.294,63.4812,120.99,174.032,175.87,17.0712,34.398,7.0682,33.0523,52.5228,41.6598,54.9082,47.6,43.9932,257.633,77.1387,17.0713,24.7387,32.0308,2178.0,24.525,60.51,59.564,70.91,120.904,54.4162,40.27,163.09,31.246,62.5,27.8143,71.0749,39.4669,95.89,141.892,57.5985,42.453,8.4666,25.8489,33.277,68.8561,62.6579,80.4359,91.465,92.777,12.1104,14.95,41.9632,47.2135,85.8288,51.8272,16.7586,77.8934,158.657,67.5689,303.68,72.923,209.88,153.16,172.0,49.55,37.37,15.0799,68.42,187.815,81.2062,33.6532,18.7631,17.76,102.67,111.873,160.755,50.8665,12.2784,209.012,150.0,10.5178,186.759,15.345,91.5026,14.5517,103.663,72.3519,29.2656,41.924,79.9058,45.1033,76.0,34.2158,27.5,41.7911,43.3868,112.65,67.54,74.61,105.953,240.93,67.4,386.257,75.8364,79.851,43.6545,31.2213,43.0232,64.671,139.257,271.29,250.91,62.227,38.79,34.3112,14.0375,278.352,15.35,57.1175,79.6261,559.93,91.0716,97.6341,37.6076,54.29,15.917,110.848,117.686,30.2773,89.5723,50.78,32.3772,99.6675,85.089,31.1254,77.4902,99.6776,95.76,121.29,55.7439,194.49,53.47,56.4728,61.94,40.06,85.51,156.147,90.324,30.2138,110.138,48.5552,208.408,249.85,,207.28,143.059,213.03,98.9486,20.3755,16.5345,51.68,61.2984,113.392,99.71,98.9205,221.107,46.1166,12.77,11.072,112.6,1254.9,77.7757,67.5597,126.398,20.0336,,,,90.3371,3100.0,43.6004,191.966,262.318,134.83,39.47,86.2303,33.228,,,65.967,,,113.432,18.295,,86.6168,253.71,231.181,218.92,29.94,31.5673,132.547,19.5933,187.09,,114.35,40.5,45.01,98.5962,,44.847,104.19,34.6,,52.65,30.31,112.753,4.15,31.58,26.1647,180.522,36.8443,39.9713,,122.895,22.08,,73.7813,14.3188,54.3305,36.666,21.0815,26.71,38.4151,83.25,41.98,86.0,,62.2059,,99.8,18.23,,92.4812,,25.4305,173.18,32.085,,55.538,,,182.467,64.56,,82.853,144.53,20.4269,105.006,,,,84.1102,23.1362,435.6,19.4239,,15.5433,124.84,,18.183,,31.4926,26.21,,,72.1137,,70.86,40.748,,,72.3106,42.0857,,37.6883,5.117,20.5435,47.34
2018-05-01,24.0857,35.557,125.327,101.273,46.0286,97.2129,205.386,129.352,46.9161,45.66,4.9685,19.7399,293.96,10.9795,150.917,98.1329,38.3668,15.3921,55.8399,46.6622,26.1917,173.026,53.5771,60.7817,40.0231,208.744,40.1375,125.315,3.44,8.9985,81.481,130.44,12.3194,143.667,103.539,16.1143,70.999,16.16,54.8013,46.19,95.8642,40.8716,37.5497,142.699,35.5272,19.0979,19.6308,553.682,70.5865,15.4704,142.672,21.847,126.331,122.99,78.5455,75.38,2.9535,66.7351,85.3835,39.87,118.61,24.49,7.86297,45.5276,11.1306,18.8764,27.2942,138.872,19.5754,93.8726,55.379,37.3894,42.0586,21.9204,66.84,20.3893,153.22,62.3091,28.3879,61.5756,129.33,185.596,185.89,16.9762,36.751,8.0589,32.724,50.202,44.2823,58.1989,47.75,48.2036,268.947,75.2574,17.9607,24.2667,35.4898,2108.92,23.266,55.7,55.6955,67.61,124.744,52.442,41.54,173.11,35.16,68.92,30.7129,66.712,39.4738,82.59,146.178,57.1036,45.77,8.6036,26.3638,46.367,66.6901,66.4929,85.295,96.3535,84.0785,12.7696,21.88,40.529,45.9585,88.6211,53.0826,17.9471,79.8196,159.027,70.695,300.32,72.2127,204.04,154.0,191.78,51.588,36.5377,14.184,57.39,195.54,81.4183,39.1115,20.6153,20.9,99.63,112.729,155.575,54.2495,13.4737,208.412,159.57,11.0796,214.147,14.5923,98.9032,13.0101,103.464,72.1926,30.6992,42.618,91.1143,46.4705,69.2,38.2156,25.58,44.2806,44.2973,123.136,69.59,82.07,119.034,272.44,80.25,366.447,81.4748,77.1056,44.9943,31.4993,44.5215,61.6193,141.717,261.04,246.91,58.601,37.89,33.9608,13.9607,290.117,18.92,56.5175,81.4535,550.74,87.7933,100.176,36.2679,58.58,12.265,109.008,116.188,31.0097,91.0994,47.11,33.0172,101.221,76.049,29.9658,79.4714,91.3249,98.93,132.74,59.9742,208.21,52.34,58.0582,68.27,42.45,88.07,154.042,98.4792,30.2428,110.462,48.3855,202.93,331.95,,199.35,155.62,241.27,106.56,20.9601,15.7225,58.74,60.002,119.087,112.08,102.799,201.622,48.6066,13.7075,12.236,105.955,1204.05,80.3014,76.0633,131.569,20.5476,,,,99.2283,2990.54,50.786,206.894,261.95,153.51,42.63,94.7996,35.522,,,72.516,,,104.751,21.9975,,91.3194,287.13,240.526,231.62,32.34,32.8047,136.89,18.982,201.46,,123.18,45.2,50.09,107.154,,39.165,107.52,33.06,,55.85,34.08,126.918,5.73,34.52,26.7635,192.476,36.7771,44.0948,,120.326,25.13,,76.0283,15.257,60.7512,38.122,20.1437,26.15,39.7757,84.93,63.68,93.79,,60.289,,105.05,19.58,,96.5709,,26.2365,184.03,34.6816,,72.03,,,191.827,71.59,,95.735,152.859,21.9267,101.632,,,,85.7287,25.4459,446.247,20.7775,,18.86,130.96,,18.3077,,32.9461,28.85,,,74.4069,,72.6,45.3156,,,71.3073,43.0882,,54.8325,8.553,23.7979,58.25
2018-06-01,25.3455,34.1841,133.099,92.6347,44.0891,100.308,200.575,139.339,53.9264,48.58,5.14771,18.966,290.24,10.9471,149.231,89.7365,41.2997,15.0756,59.1619,47.3483,28.7651,187.014,56.8107,62.0247,38.876,204.831,42.1045,126.436,4.5,9.68195,84.99,137.42,13.537,137.159,107.309,16.6196,74.4284,17.78,56.2556,47.74,99.7343,37.2901,40.1224,144.175,37.2923,19.9325,19.3074,558.674,69.2783,16.3584,149.419,22.604,132.37,115.467,75.5291,73.23,3.3475,69.461,94.6493,40.15,117.8,25.86,9.52176,42.5223,10.0638,19.6608,29.2211,133.403,21.086,93.8519,56.6924,36.7079,42.1052,21.3117,69.44,20.492,159.49,63.4827,28.3365,63.3896,136.4,191.826,158.7,17.361,39.6641,8.0303,33.9276,51.5454,46.7824,54.2999,48.1,52.4187,269.067,81.0747,18.238,25.9598,32.9197,2027.09,23.707,59.75,54.9991,52.66,126.395,50.3717,44.55,172.45,39.143,72.87,27.545,66.483,34.9257,85.0,153.538,58.7236,48.523,8.6274,26.9293,49.542,63.8257,59.032,84.2927,92.8771,94.7669,13.5286,26.87,39.0809,46.5527,92.6954,54.3496,15.737,74.7461,148.805,69.9826,344.99,73.2827,214.27,169.96,194.32,47.283,37.3247,14.6275,66.6,216.3,82.8655,36.4037,19.9784,22.48,98.888,109.276,145.218,55.7825,13.8691,210.161,147.62,10.4539,214.574,14.9691,98.3934,12.5573,104.847,75.0245,29.5912,37.156,89.3051,50.7849,72.64,49.5464,28.65,44.8689,50.1551,116.849,69.73,83.27,125.666,279.29,80.17,396.938,85.2458,79.182,43.0072,32.4226,47.232,60.6893,142.719,293.21,233.46,58.196,39.75,32.3429,13.4546,299.685,21.08,58.8022,87.6392,578.63,88.9223,107.547,37.0564,61.605,13.052,109.328,113.851,31.1358,95.4558,40.07,33.9492,96.948,77.119,28.6158,77.9455,97.4198,99.82,132.9,55.6804,217.94,47.25,54.4479,67.0,43.31,85.57,160.914,99.1949,28.0232,112.4,51.7161,207.627,342.14,,210.65,158.33,220.63,106.57,22.1414,16.093,59.03,64.4827,124.108,118.36,101.101,197.735,48.1354,14.14,12.486,115.451,732.45,81.1381,76.767,129.479,19.6191,,,,100.658,2970.35,48.551,191.608,262.986,143.25,48.57,95.8395,34.494,,,69.333,,,98.1567,23.745,,97.4975,288.54,270.413,222.1,42.19,29.3319,145.12,22.8633,199.06,,124.33,39.1,51.73,102.703,,36.871,112.26,32.84,,47.85,33.59,128.989,6.73,33.19,26.7157,189.704,36.1988,41.1596,,122.994,22.235,,79.405,16.4665,59.5205,41.263,21.1051,26.46,40.4754,97.94,63.18,85.7,,60.4296,,124.85,18.29,,94.8354,,26.434,193.32,34.245,,70.875,,,189.489,70.6,,89.971,151.961,21.149,105.451,,,,82.9456,25.894,419.097,23.2254,,18.815,121.12,,17.3409,,31.4837,41.6,,,74.6483,,74.09,44.3,,,72.7292,48.2616,,69.1083,9.38,26.3821,61.64
2018-07-01,27.8005,31.5329,137.828,104.559,48.3605,98.7244,215.922,127.231,54.8406,48.53,5.19002,19.6818,334.37,10.7218,152.023,95.8208,41.6598,15.7796,65.0003,47.1753,28.329,179.558,55.2754,51.9353,41.4347,196.735,47.1698,131.659,4.6,9.47368,88.872,145.23,13.5226,129.718,107.417,16.4823,76.794,16.28,61.1394,49.8,97.003,38.8527,41.9576,139.942,39.4575,21.2583,19.1877,534.101,72.1872,15.0874,153.736,21.874,136.091,123.983,83.2663,75.26,3.311,69.8001,100.887,38.29,131.16,26.49,8.82601,43.6804,11.9873,19.414,26.3085,152.244,21.1533,97.0519,58.2004,40.2803,46.2818,21.6562,70.28,21.9888,169.4,67.3102,28.3774,67.7528,137.15,193.521,158.17,21.9058,39.6838,10.277,32.9633,53.4015,46.3138,49.207,54.55,52.3426,294.825,83.6382,20.4,26.0332,33.5799,2028.72,24.311,60.0,63.7809,52.35,130.487,48.4689,44.4,171.38,33.745,74.68,28.4444,73.4236,37.2396,91.28,149.551,58.658,47.483,8.6732,28.9085,51.569,72.5246,68.0098,85.008,102.022,94.6106,13.7661,26.2,41.6294,43.3796,95.3031,55.6421,17.3591,75.1678,152.589,75.4527,368.01,77.2414,188.36,175.05,172.58,52.296,38.7903,14.2218,66.73,208.595,84.2501,35.027,18.2572,19.97,107.63,119.732,156.305,60.863,14.1499,211.351,148.8,10.5985,191.572,14.4491,119.129,13.2715,107.761,76.9526,25.6565,38.702,87.3919,48.7067,79.41,51.3149,30.01,46.5227,52.7412,115.241,80.4,82.14,130.774,324.36,81.76,405.624,80.2568,81.8431,46.4607,33.5206,50.274,66.3318,150.079,304.58,244.39,60.549,42.91,33.2982,17.1544,326.084,18.74,65.068,88.5524,592.51,88.7998,106.628,37.9255,65.165,12.413,110.381,136.745,32.7169,103.901,43.43,35.417,97.8804,81.071,29.9579,77.4542,90.921,121.94,135.43,57.0763,244.93,50.03,54.9665,66.54,44.09,89.43,154.219,101.332,30.2818,113.52,53.0078,196.69,356.65,,217.0,159.064,164.04,104.609,23.1366,15.983,58.0,66.14,128.266,113.02,108.009,212.564,48.0837,14.3475,12.582,115.78,789.0,82.6945,79.9017,146.149,20.5418,,,,109.723,2759.43,47.8488,187.64,267.397,137.93,49.28,107.247,35.192,,,65.283,,,105.526,23.7825,,107.831,306.65,251.714,224.99,40.86,28.5528,146.796,19.876,219.42,,130.21,42.85,53.75,89.6219,,34.378,124.3,35.3,,53.25,32.05,128.043,5.95,32.76,28.1836,192.804,39.2973,42.1826,,128.45,22.05,,80.6754,16.2362,63.4008,41.585,21.1526,30.56,42.512,104.09,67.93,83.16,,59.9253,,119.95,17.93,,110.547,,29.1629,201.46,33.0433,,75.4353,,,205.505,73.62,,96.293,148.413,20.2022,112.536,,,,86.1767,28.8428,422.249,25.5899,,18.805,124.02,,17.8842,,30.5409,43.0,,,75.4821,,75.48,53.7299,,,74.316,45.2157,,75.0777,8.432,25.3161,64.65
2018-08-01,28.7382,32.6259,144.818,107.982,45.9546,100.813,216.97,112.077,58.2675,45.35,5.37661,19.0576,353.49,10.7276,156.247,96.1147,44.8182,16.4984,63.2464,46.6334,26.4815,175.213,59.7042,56.8524,42.3184,195.524,45.6653,129.142,4.65,10.6075,100.636,158.61,13.8643,135.055,111.625,15.4681,74.0995,15.94,61.3676,48.81,101.759,37.2329,36.9438,153.695,38.8559,20.3556,19.7287,537.602,69.4492,16.0561,159.342,20.009,136.92,121.987,86.7413,75.14,3.049,71.9921,94.5546,41.47,128.2,23.19,9.01341,40.3958,12.288,19.7346,27.0339,149.988,22.3925,90.9702,59.7497,47.3573,38.4039,19.571,69.29,22.2396,186.67,68.1264,29.6314,61.1501,152.68,210.697,141.41,20.8048,46.7,9.573,35.8779,54.9043,49.1785,44.3597,47.85,56.5442,291.396,91.626,22.3613,26.7677,34.0894,1951.55,22.984,66.04,65.9709,52.08,140.417,52.4037,46.48,189.12,36.768,78.05,31.7843,69.9435,35.5557,80.51,158.667,60.0535,48.08,9.5036,30.0235,48.297,72.1067,69.6377,86.53,98.703,103.847,13.704,22.67,40.5378,44.1374,98.0479,60.7121,15.7601,78.222,142.328,74.6387,406.75,82.6207,191.59,184.4,175.73,56.196,39.0786,12.3336,72.62,221.837,88.2632,33.3077,18.033,20.45,117.0,127.732,142.978,60.9095,16.0628,216.461,155.87,10.9447,191.373,12.8431,128.938,14.2053,115.987,77.9182,28.2741,39.726,84.6977,47.6062,77.68,57.4189,30.445,49.0422,53.5933,116.314,87.42,92.33,151.932,354.83,80.09,404.825,78.7554,81.6023,42.5971,34.8201,51.4804,67.0685,138.622,310.4,260.0,65.359,39.76,34.4522,17.7493,303.905,18.97,63.8885,91.0066,584.46,90.0422,110.988,37.8114,73.24,11.547,122.164,150.304,33.6937,106.344,41.51,36.3102,95.3065,87.145,28.712,76.5772,94.6528,127.09,149.76,57.9786,254.04,53.61,53.6266,73.91,47.04,102.14,151.27,107.077,27.9852,114.366,55.4992,200.903,386.49,,213.74,173.123,175.48,125.108,25.3647,18.6862,64.89,63.8008,150.868,133.56,106.855,223.615,49.3033,16.0775,16.752,106.339,997.35,83.4546,83.4033,145.803,21.2051,,,,110.011,2668.45,49.6712,184.249,242.929,171.74,49.68,105.436,39.272,,,59.4,,,154.064,36.095,,115.101,325.3,286.12,246.95,48.69,27.9047,157.793,20.1107,237.26,,142.93,48.05,55.49,87.5539,,47.636,123.51,42.1,,47.95,34.46,144.639,4.89,38.5,29.4331,220.299,47.1008,40.9616,,133.512,21.34,,82.8285,16.6814,68.3003,44.216,21.493,30.57,45.8382,138.0,68.26,104.27,,56.7735,,154.93,15.62,,114.043,,30.8256,230.98,38.525,,85.0683,,,210.922,81.46,,86.611,146.323,21.0395,111.903,,,,84.8425,28.4103,402.333,24.5286,,20.3067,154.54,,17.8452,,29.4988,64.74,,,78.5753,,80.07,55.6109,,,75.4486,45.5146,,82.9547,14.188,30.3965,88.64
2018-09-01,27.513,31.1279,139.83,102.599,49.2533,98.9125,204.592,119.066,61.4717,41.55,5.41712,19.8482,353.31,11.3231,145.105,92.7518,44.747,15.6706,64.983,42.1411,28.6354,167.803,56.5999,53.8843,40.1027,202.487,41.8414,134.336,4.17,11.9692,100.15,160.12,13.5632,140.066,106.148,15.7379,72.8894,14.31,60.136,44.1,102.891,36.8949,38.0495,150.318,39.3103,19.3527,19.519,553.503,69.6863,16.6359,158.791,19.675,134.137,126.904,88.8266,73.15,3.58975,70.9441,99.2688,37.71,128.18,23.99,8.75938,37.0519,12.217,18.6511,23.4365,156.837,21.8037,90.2907,59.0239,49.8611,36.3926,18.5808,71.63,22.1614,191.33,67.8295,26.7671,64.9242,159.03,217.585,121.14,21.1421,48.9374,12.059,36.1074,54.4835,45.3319,41.4135,48.2,54.5186,289.282,95.0243,23.1547,26.0176,32.9007,1984.0,23.449,70.18,64.7621,48.42,143.457,54.9587,40.9,199.42,37.413,74.67,33.5918,64.7253,34.7516,81.55,159.739,61.0336,58.033,9.0904,31.215,45.415,75.8684,67.6741,79.3554,93.8972,105.371,13.7273,23.28,40.419,39.5545,96.6201,62.9013,13.9086,77.0823,143.566,76.8674,404.04,85.9947,175.35,192.74,164.46,55.57,36.7828,12.5473,68.56,219.601,89.1985,31.4491,20.4653,21.22,124.69,125.444,133.8,59.6735,16.5358,218.554,163.6,10.9427,175.252,12.9435,133.769,14.1117,117.421,73.4069,27.7472,40.56,84.1517,45.0267,85.03,58.9667,29.14,47.8229,56.2389,114.546,89.06,87.84,155.94,367.06,76.89,401.808,74.7089,82.0116,42.0977,35.2198,51.6155,69.5928,133.256,325.88,282.12,66.688,40.98,32.2842,17.4568,323.274,19.46,69.227,88.0269,608.98,94.3819,108.339,37.5721,72.39,11.734,124.927,154.608,30.9112,97.0459,44.24,33.2988,95.7951,89.658,29.4605,79.6945,90.1044,129.74,158.5,57.5478,249.66,57.43,49.2772,69.08,45.32,98.61,156.534,110.854,27.0624,112.921,54.3576,207.023,391.22,,227.84,170.395,156.07,122.594,25.6222,16.6162,66.28,62.8573,152.774,137.99,104.259,234.223,47.4658,12.8825,18.454,118.745,914.4,84.9767,84.6987,143.385,21.8345,,,,109.991,2470.8,52.6045,173.259,261.273,176.83,54.47,102.072,39.126,,,54.538,,,154.351,35.76,,121.403,312.99,283.058,245.06,51.38,28.2831,160.301,17.6513,246.68,,137.7,48.6,56.41,80.5865,,55.116,134.54,43.46,,37.65,32.92,121.439,4.85,42.03,28.5542,214.824,50.02,40.6486,,133.392,18.43,,82.2157,17.4897,72.0192,42.084,21.0705,29.81,46.8713,148.7,68.43,105.95,,60.0304,,162.49,14.68,,120.515,,31.8037,228.55,37.5433,,87.918,,,207.357,83.39,,82.566,147.009,22.2374,115.504,,,,81.3715,28.4269,398.425,25.6493,,19.7633,145.98,,19.6969,,29.3468,59.09,,,73.6768,,82.38,54.6431,,,73.7475,49.4821,,91.9279,15.091,28.4461,99.01
2018-10-01,29.7922,27.3669,145.18,93.6146,39.5685,86.6685,205.622,89.8983,67.4489,40.48,5.28361,20.3021,304.27,9.6588,145.899,74.2686,37.6621,14.4904,57.3827,38.8287,27.3664,170.989,52.7846,54.2359,34.189,187.09,35.7421,115.728,4.28,12.2015,79.9005,142.54,13.2584,132.495,104.136,14.8972,65.2178,15.65,54.332,40.29,98.2293,30.5323,31.832,161.835,38.4144,18.9208,17.6784,556.466,63.6679,15.519,153.726,18.352,143.828,119.578,80.7627,72.25,3.432,72.9809,89.3913,36.4,123.22,18.28,8.13135,30.8874,10.9094,20.0684,18.0012,137.837,22.8241,95.3203,60.4744,41.8485,33.3938,17.6316,67.34,21.0958,173.73,67.8484,27.051,70.1237,137.24,193.431,95.91,23.8825,43.1752,10.251,40.178,56.0971,48.3857,30.4705,50.63,56.0041,276.683,94.9293,21.3833,23.0728,30.7502,1874.58,19.735,68.55,60.662,41.8,131.748,49.7812,39.46,175.28,30.178,67.91,32.5293,64.2664,32.0142,84.3,149.293,58.0435,49.2,9.2066,29.7368,46.367,62.4936,59.6172,69.1077,85.6486,107.661,13.3386,21.71,37.5981,33.6068,94.3944,59.4089,12.9946,64.1276,120.079,65.1711,339.24,81.3996,124.73,169.46,151.79,52.594,34.3429,12.5473,55.41,191.717,87.8259,34.1738,18.5366,22.11,100.5,119.285,111.235,53.8385,16.7192,222.151,120.07,9.40139,164.958,12.6959,128.403,13.1954,116.734,68.685,25.7838,34.427,80.4844,44.9113,83.0,50.1306,26.425,50.846,56.2389,106.542,85.51,84.19,147.997,311.15,73.51,351.547,77.6571,82.5329,36.046,34.4155,45.5152,69.1912,135.369,320.37,274.52,59.482,38.99,31.4982,16.123,286.753,19.83,64.5205,86.6896,546.82,93.8543,106.257,38.2327,65.16,9.856,112.01,123.706,26.6165,89.0982,39.63,27.9197,80.17,69.822,23.2425,70.214,105.968,122.93,147.52,47.9456,212.12,44.07,42.2598,64.82,44.57,89.53,158.024,101.82,25.8686,109.724,53.2559,197.413,221.2,,200.03,144.438,133.55,108.651,24.9949,14.397,57.08,73.7653,142.98,128.87,89.1528,199.84,48.3894,12.2275,16.436,98.6785,580.2,84.2255,85.7364,121.069,20.7347,,,,105.087,2239.03,42.5456,203.493,236.385,166.3,52.3,79.8236,36.208,,,46.907,,,124.347,33.1925,,104.277,272.85,258.085,211.66,42.52,27.0067,140.003,22.488,221.28,,119.47,36.5,50.73,70.6816,,49.225,121.82,37.38,,38.73,24.28,114.287,4.54,37.97,27.2917,214.873,41.1099,35.6219,,117.826,17.0,,79.317,17.4653,70.692,36.142,20.1239,28.37,43.7906,126.77,61.72,88.21,,53.9965,,140.73,12.38,,91.7621,,27.5638,192.71,30.5066,,77.478,,,200.216,73.17,,75.579,135.895,20.2295,118.255,,,,69.7951,24.2059,347.801,22.2423,,21.195,133.02,,16.6468,,26.7111,38.75,,,69.7068,,79.3,51.8121,,,75.9306,49.3961,,68.9861,12.355,25.8993,73.45
2018-11-01,30.4716,28.1414,148.47,102.161,41.917,81.5679,174.691,83.0718,70.2607,37.13,5.82933,22.029,333.72,11.7994,149.966,65.7705,34.6531,14.0471,60.5461,38.6016,27.6159,177.493,56.3153,53.7165,35.5379,184.508,31.1859,118.842,4.66,12.7887,84.5085,156.06,13.472,137.943,113.16,15.4653,67.4865,13.84,55.2821,43.68,101.848,35.2877,31.6171,167.85,41.1593,19.3644,17.5795,631.118,72.542,14.2461,167.052,19.48,151.842,102.78,83.7554,68.75,3.21125,77.4154,89.9705,37.63,118.97,19.75,8.13798,35.3883,12.5755,20.8938,18.2615,133.126,24.5641,92.6509,64.5841,44.2271,36.4302,16.7578,66.06,20.7277,176.96,72.2001,28.4892,68.8978,142.76,196.761,105.07,24.7985,38.1561,8.8401,41.5132,60.6007,52.929,32.111,57.74,62.0906,291.057,83.9967,23.1187,25.6046,34.5939,1891.88,17.42,68.45,58.9953,44.45,135.686,48.9596,38.09,171.97,28.613,66.07,34.5453,57.1077,32.2895,86.77,155.81,60.6297,54.003,9.4642,34.5979,56.967,69.5494,55.5426,72.2352,78.5471,107.272,13.3764,19.33,39.9862,35.9976,99.7296,59.8574,14.3909,77.6532,109.907,71.3377,365.65,86.9648,128.06,180.79,140.61,58.706,33.9498,12.3465,43.75,186.84,91.578,35.4451,19.6935,23.88,108.5,135.502,109.036,54.7215,17.3698,232.538,117.13,9.33543,184.094,12.7526,138.788,12.9789,120.125,72.5738,23.3596,39.521,67.8715,42.263,89.2,47.4482,29.84,54.2548,62.9082,102.679,96.7,85.81,164.627,337.5,65.81,359.713,82.761,89.4042,35.3769,37.4258,46.676,72.0526,150.754,329.2,297.79,71.284,44.41,30.6634,17.0874,314.037,22.33,69.6468,91.8785,636.66,91.1106,113.139,40.3766,71.125,7.903,109.645,127.999,27.1734,99.2667,40.26,30.1548,85.4185,60.437,20.0286,74.6788,101.337,125.07,153.19,49.8458,203.76,51.32,43.9758,64.25,45.04,91.94,166.447,107.832,26.1415,111.77,53.9729,202.544,229.89,148.166,193.4,151.472,142.15,98.3668,27.0182,14.905,61.82,72.5663,133.683,109.67,92.8227,197.912,51.7154,12.795,14.768,97.0501,605.85,87.0409,88.5768,131.172,21.7016,,,,114.827,2450.0,44.6014,211.768,270.783,179.8,55.68,92.2012,37.054,,,50.503,,,131.865,32.3975,,107.881,274.46,266.28,192.76,54.04,24.7005,156.583,23.3653,224.58,,130.25,43.98,56.92,78.5806,,38.327,134.85,38.03,,38.93,22.11,127.755,5.4,40.12,28.1048,225.774,39.6314,31.6637,,115.613,19.18,,83.6123,17.6098,61.8226,36.939,19.8386,28.62,37.8242,139.71,43.47,83.93,,50.2873,,132.55,13.53,,100.174,,28.7306,198.63,28.825,,59.0347,,,214.478,65.26,,70.963,123.276,20.9886,124.786,,,,71.618,23.5805,361.822,21.6645,,22.2067,164.0,,19.0543,,24.8106,43.29,,,71.5511,,79.13,51.095,,,79.4671,46.6642,,70.2885,14.245,24.6989,69.84
2018-12-01,26.7457,26.463,134.328,86.4112,37.5402,76.6851,153.033,77.9718,65.4829,35.7,5.43169,22.0861,300.92,10.0839,126.987,61.7125,30.3119,11.5307,53.0891,35.3684,20.2503,170.028,48.5455,48.6609,33.0925,151.581,25.0012,95.6116,4.66,11.4444,75.0985,148.29,12.3,125.789,97.8948,14.2291,60.1456,11.42,52.0592,40.04,97.0324,30.8304,26.3678,168.352,36.8695,15.3839,15.4678,613.487,64.9149,9.38413,153.864,18.879,146.848,96.0415,76.7337,61.08,3.0515,71.5819,82.754,38.36,110.95,14.77,7.35846,33.9362,11.0956,18.5586,18.4366,125.401,23.4471,82.8826,61.7145,34.664,35.9669,13.7861,51.46,19.1491,159.64,67.6538,25.5754,53.974,136.97,184.599,94.978,23.5491,39.3508,7.3255,39.2938,58.0989,49.5019,26.5133,47.32,59.5825,260.673,80.0033,22.9553,24.8614,29.7053,1722.42,14.771,63.61,49.6389,42.455,126.327,38.7309,33.2,162.03,26.766,62.73,35.596,35.5305,28.3413,90.32,133.559,53.262,51.057,8.6358,28.098,47.968,63.5831,50.3026,65.115,72.358,104.475,12.0522,15.73,35.3775,32.7903,95.2167,57.3164,12.5696,75.9388,92.4418,65.8994,373.5,75.8681,116.96,165.71,131.09,48.253,29.2171,10.7973,37.92,139.94,83.4512,31.5706,21.3144,17.67,94.466,114.46,95.6148,51.7805,15.2351,218.868,102.53,7.25863,165.924,10.9914,119.952,11.5182,106.209,60.1609,21.0972,31.599,62.5098,35.5835,78.52,28.6046,24.61,53.5527,62.4999,89.8058,83.73,84.09,145.94,299.93,60.73,329.183,78.7145,85.0552,30.6839,34.7936,41.5144,69.2745,144.147,284.97,244.84,59.207,41.1,25.0735,13.4126,295.27,16.17,63.5685,84.9075,565.58,73.1813,101.975,37.582,57.65,6.2162,101.14,113.162,23.1617,92.7467,30.48,27.8742,73.5016,51.126,18.8699,70.9813,92.1297,116.17,127.84,46.5189,186.02,42.39,39.6314,63.59,43.48,84.24,157.756,109.83,23.627,104.335,49.7509,198.599,209.43,146.13,185.72,142.145,113.29,89.8564,23.0172,13.1688,62.08,69.5938,121.072,102.94,82.7442,174.766,49.4523,11.945,14.086,81.5103,493.05,84.3571,77.4627,120.525,20.3592,,,,103.031,2436.99,40.3258,205.512,254.133,159.23,49.25,68.47,35.61,,,48.51,,,121.615,29.95,,96.5218,232.22,238.642,185.82,47.57,20.4096,143.225,22.1867,207.07,,116.01,36.21,49.7,69.2862,,42.77,113.18,32.91,15.27,35.1,18.83,112.753,4.73,34.49,26.6918,192.704,35.5304,27.1945,,114.978,16.51,,78.02,15.4327,55.0357,33.734,18.5632,26.72,30.5277,116.22,43.75,79.32,,47.0865,,121.61,10.91,,90.3408,,25.3914,187.0,31.3916,,55.207,,,208.396,65.62,24.1623,60.768,106.957,20.4601,121.56,,,,70.407,20.5265,334.642,18.5547,,21.325,159.68,,15.2887,,23.6354,32.71,,,58.6188,,73.49,42.384,,,71.4506,37.7903,,71.126,11.606,22.0046,56.09
2019-01-01,28.7264,31.724,145.628,93.3805,42.5543,80.9483,181.404,91.145,58.1467,38.75,6.13007,21.7375,333.78,11.2188,145.987,72.2913,34.7664,13.0703,59.4205,42.8777,23.6772,178.53,55.2668,56.4234,36.71,163.68,28.678,115.966,4.84,13.6624,85.9365,169.27,14.2828,131.91,114.693,15.2251,66.0197,12.14,56.0912,45.75,98.9074,36.2491,29.3691,163.125,42.6054,18.4442,16.7576,636.876,66.069,10.8161,170.544,20.404,160.437,107.826,79.1772,65.1,2.742,72.9414,89.1831,44.38,117.46,15.22,8.68901,37.9236,12.9224,20.7769,19.0027,142.667,26.4771,92.9857,65.0731,40.3512,40.5503,15.0034,56.13,20.7794,174.55,71.9946,27.6048,62.0275,151.97,206.968,118.13,25.1507,39.4763,10.267,39.1524,62.0028,54.4863,32.2659,48.9,66.5187,277.52,88.5792,22.9773,28.536,34.8785,1832.81,17.321,69.62,54.6113,50.59,129.287,45.2363,32.3,160.95,33.95,58.78,36.7991,42.5905,33.3682,96.83,145.433,62.7319,56.807,10.5922,31.0493,51.027,67.9073,56.4822,68.1007,80.135,111.881,14.3439,16.96,38.7461,37.6238,102.606,62.62,15.6523,66.9482,108.53,70.9635,429.27,81.7187,128.79,190.91,166.69,47.798,31.1602,12.2033,42.48,165.588,84.2192,36.8278,22.4862,20.74,115.97,130.139,102.957,55.8185,15.5926,242.062,125.26,9.39266,170.579,12.3051,134.394,13.5926,114.367,70.3176,27.0131,35.2,68.1228,39.731,77.7,22.2691,28.62,58.5509,61.4061,103.306,87.27,88.76,147.54,279.79,65.36,367.858,85.7881,89.648,36.5878,38.7322,46.0132,70.2253,154.533,331.05,291.92,62.224,44.4,28.8702,14.9709,339.512,18.94,69.6368,90.7547,638.16,76.6568,114.518,39.8824,65.285,7.3534,110.112,119.172,25.5924,94.2951,37.34,28.0461,83.0653,61.657,20.6878,73.6314,87.834,129.01,135.89,50.5576,212.78,51.43,44.6259,80.59,48.03,93.35,177.87,91.792,28.6701,119.265,55.1077,199.766,248.95,152.636,201.81,164.163,133.0,94.1317,23.7451,13.4238,74.02,68.5906,127.789,105.55,88.0682,189.616,49.9293,12.6575,15.314,90.6741,635.1,88.8232,79.5826,132.035,21.181,,,,109.991,2660.0,44.3849,208.883,268.911,173.6,53.51,67.4072,44.004,,,54.39,,,147.231,35.2575,,106.766,249.87,273.038,189.19,54.65,24.6206,144.435,20.468,224.22,,141.48,46.62,52.93,82.2863,,53.49,123.19,37.66,16.6,43.79,24.24,122.754,7.23,41.21,26.3032,210.531,42.8324,33.1214,,124.879,20.04,,85.9072,17.6918,61.0025,39.074,20.7883,29.35,37.2285,132.98,51.01,81.19,,48.5257,,147.81,13.22,,99.425,,28.7052,225.2,35.8034,,70.8793,,,218.311,68.63,24.0238,78.096,117.95,22.4445,134.395,,,,75.3583,24.4923,353.606,21.2186,,21.4083,181.53,,17.9367,,25.8667,37.15,,,64.1388,,82.93,46.5484,,,79.4056,42.7496,,78.3794,14.268,23.94,71.35
2019-02-01,30.376,35.153,146.496,98.5136,44.7368,80.2079,180.924,94.6438,63.9438,35.26,5.92213,24.9954,328.01,12.0396,153.552,67.8699,31.3806,14.1299,55.1851,43.3864,25.2379,177.673,53.2111,56.5372,37.2765,160.124,27.3759,121.409,3.87,15.3872,81.9915,178.04,14.7703,152.17,115.415,14.9067,67.4331,10.6,56.124,49.76,102.35,38.7361,32.122,162.79,43.437,18.0687,18.1957,656.178,71.456,10.4929,172.068,20.668,163.487,116.204,82.9317,69.66,2.829,73.3092,95.8657,48.37,121.46,17.99,8.87493,41.1539,13.453,20.503,17.7132,153.595,26.1421,94.6645,68.5099,40.6911,40.3697,16.1952,56.9,22.2083,182.54,73.6051,28.7117,70.2912,163.65,220.337,122.23,23.2384,38.4358,10.63,40.1168,62.3608,53.0182,36.0735,48.2,64.5283,317.065,91.1864,24.7973,27.1693,35.1721,1697.04,16.817,72.21,60.8153,52.55,142.067,44.3393,30.85,168.14,35.81,62.1,37.494,44.8355,33.2681,96.33,152.864,63.5473,56.43,12.1506,30.0781,47.283,72.2345,53.2923,66.9642,81.615,114.828,15.1843,15.64,40.0139,39.5594,104.083,76.0083,16.256,66.0704,114.249,77.4654,430.74,85.6212,136.12,188.75,161.45,48.279,29.9417,12.3853,45.6,161.893,92.1069,37.2628,23.0819,22.55,114.45,136.418,107.866,55.996,17.4655,249.776,134.59,10.1968,181.299,12.667,134.404,14.2815,123.14,69.0148,29.529,35.158,76.5173,27.4386,59.3,25.7006,31.915,59.1489,62.7585,104.19,87.81,98.07,149.941,312.77,70.14,397.696,83.464,95.6758,38.234,39.3274,50.0935,75.8639,163.282,344.91,312.49,60.353,47.15,31.4385,14.7564,376.918,20.08,71.444,92.8103,680.91,86.6852,115.388,41.1356,60.89,10.537,127.878,128.239,27.0374,98.4518,38.72,27.9346,84.1851,63.33,23.3308,82.3007,90.6209,140.1,142.3,51.865,211.03,55.53,48.4222,86.23,57.25,101.68,175.953,99.1749,26.0505,123.041,55.8083,206.203,258.97,162.237,233.28,178.68,155.03,94.5301,25.3558,17.828,84.41,65.7553,127.293,87.26,94.5941,193.07,48.7019,14.6675,17.358,90.6111,608.1,90.417,90.0089,137.988,23.0451,,,,116.972,2620.0,49.2356,237.735,285.312,200.51,56.56,71.5181,47.888,,,57.252,,,180.492,34.8325,,103.271,270.9,241.477,204.79,71.27,26.797,153.707,21.3253,236.04,,161.78,48.21,51.56,86.3416,,55.38,142.17,40.01,22.6,42.26,24.85,130.075,9.07,49.02,28.7685,227.075,47.6917,33.7869,,131.11,21.48,,86.9158,17.5103,69.6324,45.753,21.3835,32.67,34.8286,134.63,53.83,93.91,,47.2183,,150.42,13.93,,108.133,,28.9272,247.82,41.045,,75.796,,,233.543,74.65,27.5972,82.257,125.474,23.2761,163.625,,,,76.8288,24.9734,377.577,21.1185,,24.6583,197.93,,20.3092,,28.4686,44.86,,,70.9247,,84.69,52.0281,,,83.7527,43.3984,,79.6739,19.754,25.5812,81.24
2019-03-01,31.4069,35.1431,147.335,99.8688,43.0997,83.3308,176.583,100.406,70.8402,35.72,6.08647,24.6251,236.38,12.3073,140.137,70.5903,29.4705,12.3019,55.7101,44.3891,25.5867,184.62,53.3136,63.6595,39.6633,165.954,25.9638,118.177,3.83,15.3113,89.0375,181.56,15.5335,160.534,117.29,15.5777,68.8309,10.77,58.6319,49.45,107.364,35.2159,30.8272,147.936,46.2195,16.7506,17.7239,655.662,72.3601,11.0429,178.805,26.012,182.908,120.984,79.8229,71.71,2.54,72.6259,88.3544,43.65,117.51,16.41,9.19105,39.3019,13.7458,21.7332,20.2734,149.387,26.5952,104.113,71.0234,41.5401,48.0233,16.161,54.29,22.3746,190.19,75.7934,27.5751,72.3662,158.37,230.814,115.26,25.8443,37.2342,9.577,41.4113,63.8735,54.5725,34.8509,46.32,67.3879,335.017,90.0337,25.8867,27.6798,37.2438,1744.91,17.845,69.1,60.6522,52.84,149.836,45.4538,29.64,156.93,35.656,69.8,38.2144,44.3384,31.4654,105.04,166.703,65.7445,63.777,14.2062,26.2953,45.753,75.5712,51.4366,66.6148,80.6096,115.644,15.858,13.72,41.8681,41.2306,113.201,78.6616,16.6274,67.1973,121.316,80.9058,410.62,86.5982,126.15,183.95,166.69,50.294,29.7687,11.9239,45.75,163.765,98.4159,35.3635,25.4311,21.14,111.37,131.453,105.396,58.6655,17.9073,259.888,114.25,9.65553,194.714,11.9769,126.022,13.5457,129.785,69.0644,28.8867,31.34,77.2865,27.3261,60.11,24.8303,27.29,63.1079,67.9387,98.0073,79.78,103.84,158.102,310.69,71.73,425.542,89.4276,98.1546,38.6322,40.2457,51.5175,73.8046,167.339,346.91,348.73,54.894,48.4,27.6574,15.2525,394.196,18.87,73.9882,97.9717,723.0,78.179,120.012,42.2696,53.1,11.015,133.909,118.284,27.7007,104.541,36.29,27.9763,88.2118,62.022,24.516,82.3107,90.1725,143.85,151.68,50.7174,223.6,54.96,49.7166,86.01,63.51,115.15,194.578,100.676,25.1107,129.946,57.7251,198.184,284.33,165.619,246.59,192.363,151.78,97.2545,26.6076,19.6538,87.2,71.093,133.167,94.37,91.1856,191.033,50.9931,15.1475,16.794,89.3706,504.0,94.1467,92.3856,145.317,23.3793,,34.7897,33.9286,123.782,2767.0,47.2016,239.873,297.442,209.53,63.54,71.9699,49.298,,,57.551,,,187.841,29.775,,108.668,305.68,249.028,204.4,67.22,27.7548,159.379,18.6573,237.01,,169.13,46.69,51.23,83.7979,,56.61,145.25,40.4,20.35,37.68,20.1,131.819,9.23,51.3,28.6609,239.745,48.8308,32.1509,,127.985,20.57,,90.6522,18.218,70.9605,46.642,22.6214,32.32,35.9638,141.96,54.41,95.09,,47.2094,,163.87,13.34,,108.074,,30.2975,271.63,40.48,,79.5117,,,252.392,75.19,29.0164,78.674,129.487,23.3747,163.901,,,,75.5745,24.0792,366.83,22.3176,,24.4983,192.85,,20.2255,,28.3414,58.06,,,71.8593,,88.28,50.9357,,,84.5461,41.2324,,82.7193,19.795,24.7487,74.92
2019-04-01,34.3717,36.6678,140.47,94.9278,49.0835,89.8408,189.413,93.5256,72.6894,41.93,5.97401,25.8194,229.24,12.9607,151.789,75.4433,29.2715,13.5008,55.7362,47.0802,23.7882,187.522,54.6592,68.7759,42.4716,200.351,25.4755,135.377,3.79,16.6158,96.326,197.45,14.8256,166.596,120.552,16.3955,69.3168,8.96,59.7314,52.07,110.05,37.8836,31.9795,160.801,47.0809,18.3352,18.0423,714.89,75.7176,8.88112,178.992,28.365,182.109,122.754,74.3264,80.06,2.1625,77.5953,88.4382,45.47,128.21,17.86,8.93555,47.3214,15.172,21.5594,19.9914,157.616,25.3024,109.605,70.4435,45.1205,49.5187,18.388,55.24,23.5873,170.21,78.0948,29.0595,70.8677,165.35,249.554,139.53,27.0077,40.7867,9.623,37.1389,64.5123,52.2646,37.0686,49.32,64.7207,352.851,94.4431,25.238,25.3546,40.1075,1854.99,18.657,72.99,69.5367,61.53,157.721,47.8735,29.73,156.9,37.054,77.86,37.0615,44.1171,34.2181,111.28,174.451,70.0566,58.69,13.7608,25.1406,47.336,79.7379,52.3134,69.9032,79.8438,122.522,15.9433,13.07,36.8395,41.5987,111.237,78.1048,19.266,67.0757,128.334,85.9769,343.14,94.7311,136.25,168.98,193.4,56.76,27.5643,11.906,44.08,149.822,99.6949,37.1264,26.9283,23.09,117.51,124.667,109.156,59.424,18.9534,253.855,140.92,11.2745,214.774,11.9769,122.967,13.8814,137.742,67.8509,31.3948,33.728,82.6254,27.8188,64.06,21.1911,29.8,60.263,71.4889,91.4145,88.86,112.77,154.198,312.0,75.61,426.992,90.9835,101.885,42.8275,40.0925,53.0211,79.0227,175.621,371.19,348.98,60.549,46.38,31.0842,17.1434,418.981,20.72,72.4262,98.9066,745.26,71.5794,116.492,42.6751,51.56,10.364,143.269,144.363,29.3794,103.417,41.79,30.0131,88.0166,63.4,21.2431,86.1535,96.0166,138.9,158.97,57.7563,232.0,56.39,49.2129,76.8,69.38,121.08,198.541,101.203,26.0595,129.798,57.4518,216.122,324.68,169.683,260.95,218.021,174.73,110.811,24.7224,19.518,87.03,66.4572,143.06,96.83,100.332,205.224,50.7926,16.83,18.684,93.671,480.3,93.6154,101.23,150.022,25.3736,,36.9499,36.4049,126.662,3152.48,48.8054,271.321,281.698,211.14,65.34,72.3113,54.302,,46.4739,63.3,,,201.15,30.2675,,122.209,300.93,261.078,231.91,67.54,33.6827,177.525,15.9127,248.51,,179.36,49.37,54.99,100.132,,60.4,140.47,40.82,26.03,44.3,21.67,151.483,10.04,53.15,30.8372,266.386,50.3168,28.879,,140.942,23.06,,89.8957,18.9873,73.5561,49.625,23.113,33.78,35.5293,129.63,63.5,86.25,,46.6235,,176.35,13.78,,116.86,,34.5053,279.75,41.4716,,82.462,,,259.126,81.5,33.3279,84.819,135.362,24.471,174.707,,,,89.5194,27.8638,416.517,23.2284,,26.3683,205.63,,21.3052,,30.7634,71.56,,,82.8196,,87.24,52.5958,,,85.2695,44.4782,,79.9262,22.148,25.355,72.82
2019-05-01,32.3744,34.1309,132.611,83.8412,44.7301,89.4024,168.606,91.9744,73.662,39.47,6.09285,25.8706,219.29,10.0269,143.322,59.2391,25.9071,12.0235,53.3449,44.9378,21.8985,201.672,52.8708,69.9335,41.1276,167.623,20.3188,128.369,2.91,11.0977,88.7535,194.98,14.8333,156.546,114.625,16.3594,59.0344,7.72,55.1252,45.7,114.199,34.5963,25.6837,172.663,47.0809,15.8508,16.9831,654.418,66.8209,7.68255,180.84,16.418,194.672,98.0694,73.0678,75.36,1.895,78.415,93.6153,34.34,113.87,13.65,8.61622,38.0825,13.1576,20.9078,17.9151,175.739,27.2729,109.4,72.8865,42.7438,52.1681,16.5954,43.42,20.6112,154.95,79.7649,28.5678,63.1472,151.41,246.883,104.54,26.1895,36.9219,8.3803,36.7205,66.9663,54.991,26.9901,43.96,71.3335,337.371,89.9268,24.758,23.9261,34.3401,1656.22,15.873,73.44,71.2886,58.04,154.987,40.5054,22.47,132.08,34.328,78.28,30.6431,38.8658,29.2016,101.59,170.066,67.3155,56.9,13.1994,20.6714,37.59,71.1946,39.9375,58.8269,69.1408,123.698,16.0073,9.79,32.8993,36.0299,114.959,69.6674,16.2172,64.8091,84.7858,79.8532,301.72,92.6504,135.55,166.18,177.47,50.45,25.3973,10.9176,32.48,129.23,98.9139,31.7796,21.2823,22.8,118.32,117.575,82.7886,55.1815,18.5248,262.149,110.1,10.8835,204.192,11.1714,117.304,12.0461,136.629,66.0552,30.641,26.947,62.772,23.4676,64.46,17.5202,30.93,60.5232,71.1926,82.6123,77.65,109.75,143.692,306.91,61.18,458.508,94.0321,106.92,39.1663,39.9433,46.8064,79.568,167.2,376.8,333.38,57.25,44.01,27.9746,17.4948,382.878,20.23,74.3932,103.226,723.09,60.3653,113.814,42.8818,57.75,11.82,151.098,121.998,25.0365,103.426,35.49,23.9123,79.0686,45.849,19.0838,88.7207,102.858,135.85,151.3,52.0865,249.77,54.71,37.9134,78.63,63.57,116.44,210.898,110.874,24.2889,133.467,56.9227,228.562,284.35,170.78,258.21,213.387,125.17,117.121,24.0871,15.287,75.13,56.3704,126.321,108.15,88.2853,189.892,51.4847,17.87,14.496,86.48,469.8,93.5958,94.6274,146.724,25.7472,,33.5975,33.0317,129.263,3201.57,43.2981,290.813,284.127,171.44,60.82,61.0004,52.386,,38.8661,51.924,,,210.655,30.325,,113.148,286.93,269.68,213.35,62.31,33.9024,174.223,12.344,235.8,,172.59,49.17,55.15,83.5783,,68.65,125.45,39.9,20.78,53.58,18.85,113.291,15.17,49.18,30.7396,269.307,48.7836,22.9254,,121.655,17.76,,92.3185,18.4709,71.2135,50.964,23.9531,34.43,34.035,142.26,66.78,109.79,40.41,46.9547,,165.59,14.08,,105.651,,33.0949,295.9,33.3566,,75.747,,,252.104,74.4,29.442,63.557,137.639,21.1558,196.268,,,,79.2448,25.4235,356.72,21.2751,,25.35,204.12,,22.3858,,28.6603,57.88,,,79.2965,,85.86,45.9589,,,86.4541,41.8849,,69.3359,19.881,25.9447,61.95
2019-06-01,33.3841,37.5213,130.686,93.1845,50.236,94.8959,189.029,100.049,73.1687,41.94,6.11351,27.5383,233.87,11.6921,152.738,72.0374,29.1104,13.1181,58.4473,43.85,21.7207,203.566,51.1706,74.4028,41.4835,187.09,21.7172,134.793,3.71,11.185,94.6815,209.16,15.7559,178.007,113.862,16.9417,60.4271,7.31,53.9444,51.3,116.796,38.5826,30.2442,175.124,50.1428,17.2516,17.2798,663.557,72.8413,6.87821,182.375,15.41,191.475,106.606,77.8802,80.14,1.3675,82.2424,99.6439,35.85,131.72,17.8,9.072,41.2566,14.0174,19.1858,15.4775,177.562,27.5063,103.663,75.4382,48.6713,56.6067,17.3781,56.26,22.7852,174.85,82.0574,30.4613,65.266,151.73,259.672,120.77,26.8503,42.8589,10.277,37.6976,68.7059,59.1306,34.8766,45.05,71.6051,359.281,96.1056,24.6213,24.9067,37.7672,1874.71,19.796,74.14,75.8714,65.68,166.721,41.9205,22.75,145.63,36.732,86.83,31.6162,44.0447,34.5514,107.39,176.445,73.6875,61.58,14.6576,24.1526,41.165,80.2291,48.5256,69.1427,80.0438,131.322,16.7537,11.5,35.1477,41.1523,116.233,73.2105,17.5473,61.4402,94.1904,88.7239,313.0,105.829,147.47,183.38,193.0,55.593,23.4129,12.9311,34.68,131.703,111.12,37.1196,24.5801,25.35,118.45,128.239,91.0068,54.0455,19.998,264.115,132.63,11.5306,223.217,13.387,131.081,13.2267,143.184,62.3913,31.5891,32.272,72.795,26.3447,69.9,16.6091,31.915,59.7616,69.9025,88.6945,87.55,114.46,142.945,368.15,66.61,476.001,93.8724,109.735,46.5594,40.0425,50.1083,83.1799,183.14,395.18,346.89,62.866,48.02,30.3619,20.6255,420.08,22.2,84.158,106.434,840.0,67.4916,112.944,44.3475,52.44,12.955,157.08,136.047,25.9728,104.434,36.69,27.7966,85.3136,53.428,21.9573,96.9555,98.1979,160.9,160.94,53.5498,275.33,53.63,44.147,84.96,70.81,128.69,219.113,118.556,28.0982,129.552,57.5942,228.108,273.7,189.932,280.85,231.605,154.25,120.198,22.9934,16.2262,89.81,60.2824,128.92,113.53,100.242,208.058,53.265,18.685,15.366,96.0993,533.7,97.0563,106.691,165.385,27.5467,28.1214,34.9416,34.7639,144.305,3370.25,48.8603,313.867,326.362,209.49,66.25,70.1727,54.914,42.3975,40.984,56.548,,,225.175,37.46,,123.563,312.59,269.124,216.02,61.37,34.5318,185.102,14.8973,273.87,,173.1,46.07,69.41,92.7879,,67.27,141.9,45.11,14.64,62.46,19.26,132.506,18.23,50.2,32.619,277.405,51.3563,27.7481,,136.844,20.21,,93.9575,18.6037,79.8212,55.406,24.9826,37.08,34.7436,143.14,64.21,119.38,46.38,50.0269,,180.21,16.86,,120.298,,38.8432,314.02,33.96,,80.884,,,263.256,70.15,25.1156,80.221,146.349,20.4327,234.66,68.29,,,90.1087,29.6524,405.92,24.1282,,29.3283,205.58,,23.0888,,29.9399,62.59,,,86.7178,,91.16,49.6711,,,90.2071,43.4513,,68.9442,22.778,28.8281,72.53
2019-07-01,34.256,39.1268,132.688,107.796,50.3422,95.6541,203.397,91.4018,75.1099,48.68,6.04286,29.4464,237.82,11.5858,147.486,71.7338,28.3764,13.9868,56.6834,43.0833,21.1834,207.525,51.3451,73.257,44.1744,186.982,23.2703,135.109,3.99,11.215,93.339,211.09,16.6288,179.058,117.329,17.8883,62.0944,8.22,60.69,53.01,126.876,41.36,29.3305,175.41,49.7626,19.1347,16.4935,715.576,73.3126,5.60705,187.41,18.186,198.185,97.8186,77.3094,88.13,1.005,84.0795,106.146,36.62,131.43,17.95,9.76525,44.9302,13.3395,16.0102,14.7917,194.897,27.4613,100.061,77.3307,46.2148,52.8132,16.2979,59.85,22.1644,173.17,83.9608,30.5244,69.4869,154.5,267.607,126.69,26.2756,45.4737,10.325,38.3108,68.7998,58.2123,39.5267,47.37,72.9997,357.177,102.81,25.384,23.4029,37.005,1886.61,21.017,79.73,78.0109,64.49,170.981,41.1439,23.81,146.72,32.299,87.76,30.7601,49.9528,31.1115,101.75,183.925,74.156,70.95,15.9106,24.3073,39.262,77.0152,48.9683,67.184,87.7654,130.536,16.744,11.04,36.8454,40.4434,118.828,72.1027,19.4891,57.1445,88.499,87.523,304.76,99.1019,124.69,166.62,194.23,60.178,23.1054,12.614,35.59,147.477,112.634,38.8637,24.7612,23.07,113.7,148.375,84.7342,60.834,19.9998,273.431,126.55,11.9544,240.343,12.9077,129.474,12.7135,148.337,62.9478,32.6913,30.193,80.3438,27.1671,66.54,16.8536,32.235,60.1706,72.1805,99.3429,91.91,110.4,139.712,299.38,73.29,473.93,99.4298,108.585,44.7749,41.3861,46.7465,85.8758,186.622,385.38,349.25,62.327,51.25,32.3019,20.0035,421.509,20.34,84.293,107.369,756.75,69.9358,115.788,45.075,52.09,10.547,164.712,132.552,26.2853,101.39,39.17,26.829,90.366,54.029,22.6343,95.7757,103.579,159.17,139.33,51.0927,282.05,49.44,42.7606,84.92,73.91,132.76,239.147,125.027,29.5219,134.382,57.5612,227.613,209.08,180.925,284.17,220.393,131.01,119.665,21.4941,17.0905,89.52,63.8594,134.477,122.52,104.9,211.343,53.5657,19.3825,16.062,91.22,426.9,100.253,113.589,162.097,28.9932,28.18,35.5908,35.4009,144.285,3344.14,54.662,329.113,334.806,210.89,72.06,75.9604,55.478,39.1131,40.2636,57.841,,,239.109,39.2175,,135.69,314.9,236.492,233.35,67.02,32.9047,183.515,16.1073,291.28,,193.79,45.12,72.3,98.2909,,75.29,134.54,42.26,13.1,65.23,19.52,144.58,28.15,53.31,34.9855,268.462,51.7652,28.9522,,137.181,21.51,,93.3398,18.0129,78.1964,61.54,25.6717,38.69,35.2522,132.78,70.22,122.94,42.14,52.4697,,191.09,17.18,,119.815,,42.3632,347.42,37.7566,,81.933,,,245.528,73.38,28.5477,86.99,141.795,19.3668,206.281,89.07,,,86.9279,28.5282,404.515,25.5424,,26.0467,199.98,,25.8069,,30.4982,63.56,,,83.1458,,105.43,40.9122,,,89.7531,44.8527,,69.4886,26.331,29.7761,80.41
2019-08-01,35.1216,38.4064,123.553,107.982,46.1604,95.9054,189.589,92.5678,77.1612,47.46,6.27057,27.372,219.75,12.5306,132.21,64.0471,18.9444,12.8356,54.971,46.1895,16.2851,226.311,48.7794,86.0955,47.7321,194.898,19.9596,120.616,4.43,9.04211,88.8145,203.85,15.9102,192.879,113.335,18.8424,58.7095,7.97,59.3115,52.27,129.697,38.9701,24.0168,196.043,51.3717,16.8343,15.2127,678.315,68.2714,3.50807,190.794,14.045,215.574,82.9085,78.0101,89.13,0.9925,89.4583,115.747,30.87,129.16,12.5,9.49843,41.2497,13.2617,14.3817,9.9798,198.473,30.1945,95.3682,87.2313,39.4234,50.5835,13.5963,56.37,20.7907,170.45,84.5287,31.6225,59.9146,156.07,276.549,108.33,25.4732,44.4914,7.6903,39.823,72.6696,63.4898,42.0059,42.72,79.4427,360.217,102.791,25.584,25.3439,33.526,1966.41,19.061,78.05,83.0072,62.07,173.971,31.6389,23.41,128.73,29.375,83.28,32.7967,43.4624,26.9942,101.53,189.252,76.9245,73.947,16.7684,17.7449,33.784,73.724,43.2129,62.1181,85.175,152.039,16.4619,12.8,34.1008,43.8495,129.47,74.8361,19.6647,56.3884,75.484,83.9293,290.05,92.1436,118.89,180.02,185.67,57.043,20.4599,13.1807,26.38,115.545,123.939,35.7317,24.1317,18.61,101.92,142.387,75.9871,59.405,18.7925,290.639,112.56,10.7633,246.727,13.5779,116.967,12.2247,157.917,62.2769,29.384,26.128,71.3384,22.0023,61.62,11.608,29.335,64.3664,76.556,105.102,84.31,109.05,127.952,281.34,71.43,527.406,107.882,120.954,41.7989,43.2916,43.623,86.1434,189.271,409.59,237.73,59.088,49.37,29.2499,20.6575,494.97,16.92,77.3872,115.419,656.79,59.1697,113.324,47.7249,46.62,9.2329,162.822,123.836,25.6407,109.602,35.26,25.2566,90.0163,32.183,19.4822,91.7763,113.257,155.15,133.67,49.7257,289.74,50.75,43.7679,81.82,68.48,141.81,256.093,135.712,27.5953,137.569,56.1678,217.684,183.11,179.521,298.4,228.29,123.73,121.864,21.0963,14.1638,96.86,67.171,139.537,131.97,106.016,194.301,57.9789,18.8475,15.836,86.6673,263.55,101.834,111.3,158.719,29.7698,28.0112,31.6329,31.2121,149.637,3599.0,53.6065,388.855,358.956,205.03,69.51,67.7883,52.368,36.2348,36.025,53.084,,,248.416,42.9025,,143.775,337.71,219.378,256.54,52.79,28.6228,190.842,15.0407,308.59,,191.33,38.51,77.99,97.0974,,84.8,131.2,37.52,15.73,81.92,19.17,146.92,29.67,57.77,36.0,264.1,47.2701,24.8069,,132.043,17.8,,97.4408,18.7042,84.2163,61.487,27.0043,39.5,32.7247,130.28,59.97,154.17,32.57,48.4029,,184.67,19.45,,121.795,,43.9351,352.72,33.9366,,67.3403,,,242.933,63.34,25.4763,82.768,141.83,22.5169,203.086,81.28,,,86.2558,33.1331,365.479,24.7902,,24.575,177.28,,25.6745,,30.7376,81.16,,,86.1502,,106.94,37.7537,,,90.7433,36.6236,,68.1995,24.577,29.3828,61.84
2019-09-01,35.7723,37.1566,129.122,109.025,50.0856,100.279,192.675,96.6582,74.0452,50.7,6.41066,27.6871,232.82,12.7344,142.832,72.5198,24.283,14.0364,55.344,50.5815,19.7494,211.343,51.3604,79.7116,50.8575,197.689,20.7535,137.538,4.4,9.74962,86.7955,188.63,18.0755,193.822,115.268,19.9033,57.6338,7.26,60.8365,53.01,126.747,40.823,25.1185,191.308,51.7233,16.6184,16.5954,639.184,71.3344,3.78037,194.648,15.193,207.995,90.2617,78.7541,91.38,1.38,88.5733,118.401,31.0,133.43,12.5,10.497,44.3932,14.1505,14.7594,10.441,196.572,30.9962,99.767,86.621,43.318,51.8049,14.6716,57.07,22.979,179.98,82.3642,31.619,64.1472,148.44,266.909,106.92,25.5108,45.4243,6.993,40.8714,78.0196,63.8632,43.7438,38.09,80.4096,350.25,106.771,26.5673,26.2435,37.4226,1962.61,18.523,78.77,81.9249,58.01,165.47,33.7286,28.09,140.42,26.762,88.0,35.6805,51.9267,30.3468,114.16,183.697,78.8846,73.303,16.8094,19.8371,34.397,76.6211,53.3463,72.8108,88.434,154.796,16.7372,12.51,35.8856,47.5454,124.97,78.218,21.6995,64.9494,87.8621,89.8233,277.4,99.467,124.07,169.42,178.08,56.786,22.6528,13.4383,33.16,121.042,122.155,36.4704,23.7893,19.94,106.61,146.514,82.6497,60.95,16.6808,297.272,124.64,10.9514,266.488,13.8017,117.164,13.5213,154.853,64.1252,31.2547,26.784,75.111,24.0843,63.5,15.8948,29.03,67.0729,72.2003,107.625,88.41,103.59,153.452,304.22,74.14,546.85,104.163,118.01,44.7775,43.5617,42.184,85.4692,185.104,412.12,250.65,64.223,50.49,30.6652,20.7852,478.741,18.13,74.2032,118.45,704.4,66.9959,120.344,49.0725,43.26,10.285,155.977,133.121,30.6963,116.069,40.47,26.5136,95.6709,28.761,20.8399,92.5118,109.217,149.38,142.99,52.438,271.93,51.77,44.8882,74.23,66.08,137.25,235.323,131.637,27.3874,142.349,60.5042,247.035,180.92,184.099,286.78,211.869,135.6,117.654,21.9077,14.9325,97.25,69.3939,140.897,125.34,114.365,196.899,59.3708,20.0825,15.352,79.4481,273.225,105.222,118.742,157.916,30.2254,26.7495,30.2838,30.227,140.393,3717.35,55.697,320.282,335.125,206.37,66.34,70.3826,50.77,36.4211,40.2675,55.999,,,208.062,37.31,,140.201,332.74,237.176,262.5,56.5,28.2332,196.018,16.058,321.99,,182.32,39.87,78.34,104.091,,71.44,132.37,38.81,15.92,83.72,18.625,152.259,22.23,49.37,35.1898,235.84,48.2773,27.6085,,142.033,19.21,,100.618,19.373,86.717,59.32,27.8029,41.98,36.3932,109.72,56.78,164.93,30.47,51.3108,,192.53,20.575,,122.041,,43.1223,303.52,33.9716,,66.7617,,,233.336,65.98,25.6395,86.998,142.202,24.2336,171.886,58.31,,,88.1092,33.21,388.528,25.7594,,24.56,169.96,,23.9046,,31.6188,66.0,,33.91,84.8495,,103.59,43.1926,,12.9772,90.8904,35.2978,,68.0459,18.755,30.3568,61.95
2019-10-01,35.7322,33.6017,124.984,104.821,46.7868,95.3472,198.399,95.2562,76.3817,50.85,6.74733,27.2854,298.71,12.33,141.528,82.5088,24.1054,14.2838,55.6306,54.0145,18.4284,192.047,52.9407,76.6119,50.5295,181.499,22.1439,141.097,4.28,9.86241,88.833,190.02,18.9175,181.45,121.968,21.5275,58.2798,8.43,62.7126,53.55,125.774,41.1686,26.645,186.258,49.0415,16.8596,15.7299,607.949,70.0371,3.98812,196.763,15.768,205.113,90.8184,70.2639,86.5,1.36,90.5439,118.648,29.93,135.67,12.76,10.7883,45.0527,15.6573,15.6586,10.539,194.363,32.7256,95.8469,85.9834,45.2938,53.2329,14.564,58.6,23.8945,184.32,83.2777,31.7533,68.8015,156.49,272.373,119.34,26.4418,41.8698,7.0651,38.4136,76.4394,56.9275,38.2195,29.78,80.4457,331.399,106.603,29.034,26.5766,41.6298,2048.77,15.139,82.66,82.2583,51.79,172.056,31.5654,28.7,144.08,28.741,93.17,36.1729,49.2619,34.4822,110.4,177.844,81.2366,79.46,15.5632,19.2379,35.927,74.0112,56.1563,73.0002,100.877,156.478,16.4309,10.88,39.5583,51.2913,124.766,86.5871,25.448,69.2304,86.7951,89.6562,306.28,111.382,143.38,195.48,191.65,54.702,19.7208,13.2344,31.07,94.4662,125.572,36.1599,25.2329,20.65,107.1,135.372,79.2094,63.0055,17.5252,297.705,133.57,11.7808,254.623,13.6316,129.921,14.6259,141.692,65.5767,32.4268,29.853,86.3037,27.875,62.585,15.5571,28.065,71.7442,67.1132,114.357,90.84,104.1,150.743,295.52,80.86,537.355,100.121,117.109,49.1576,45.4682,42.4554,87.0438,179.272,467.86,233.15,68.695,48.31,30.7905,21.9613,483.904,18.5,72.7035,127.542,704.94,58.5335,120.217,48.8687,53.08,11.441,165.952,123.356,33.1762,113.597,37.76,24.506,98.6865,26.977,19.222,96.3366,109.435,144.42,154.08,53.0932,285.01,50.76,46.9714,83.92,65.35,135.75,234.846,144.12,28.1582,146.696,58.5438,238.688,252.29,188.498,294.22,228.222,134.28,118.383,24.5047,15.2855,100.91,74.663,136.64,120.35,113.861,209.799,57.0065,20.66,16.312,75.7801,256.875,103.925,123.272,150.35,29.2499,25.2,30.7692,29.9382,137.534,3636.59,59.6585,360.471,342.703,237.87,70.5,67.9435,49.452,35.5623,42.6676,59.954,,,210.089,38.56,,142.341,331.62,263.367,268.52,44.49,31.767,201.562,20.9947,329.6,,175.96,44.77,96.58,108.454,,72.99,129.98,39.84,16.75,84.96,21.315,146.661,19.43,48.25,36.7712,246.065,51.3636,28.1273,,152.303,20.4,,103.686,20.1393,88.8618,54.952,28.9105,41.76,36.04,117.64,51.13,145.32,31.5,48.9386,,204.27,22.61,,131.566,,46.9388,304.04,37.8984,,58.4827,,,237.545,65.03,26.1495,89.117,139.467,24.5062,171.461,49.91,,,84.6303,36.1432,402.538,27.6572,,25.4833,162.16,,26.3676,,33.5869,81.08,,33.59,86.4964,,106.14,49.2261,,11.4782,94.5834,31.5105,,53.595,20.08,30.0321,61.43
2019-11-01,35.1962,33.99,127.148,109.805,48.2952,100.338,206.945,99.8092,80.4524,51.09,6.65932,28.8655,299.81,13.4913,149.936,81.9728,25.0668,14.7639,58.7136,54.0603,20.7719,181.537,52.6168,83.5741,53.5803,178.131,22.0765,154.212,3.96,10.9534,90.04,190.74,18.9699,190.885,123.15,23.0916,61.5047,6.91,64.9689,57.02,131.881,43.0225,27.2567,183.521,49.1255,19.0035,16.7863,609.828,72.2623,3.45377,193.823,15.554,201.304,101.481,71.3869,87.12,1.585,90.3995,125.643,26.56,101.28,16.0,10.0651,45.3537,15.4751,13.4617,8.59075,190.156,30.6437,96.1122,81.2966,45.1639,54.9436,15.4711,71.77,24.7643,197.63,84.3639,33.3561,70.0614,162.89,287.555,119.84,29.0525,42.938,7.8076,41.8346,75.4356,50.9915,37.2432,33.73,75.8085,354.436,112.89,29.4853,26.0235,41.2253,1904.03,14.55,78.55,86.6561,55.24,177.792,33.8658,25.66,145.71,31.466,97.26,35.823,47.7978,34.9284,91.46,192.933,84.7451,81.647,16.2784,18.4343,28.4,74.8016,53.6899,76.1572,99.8288,153.561,16.1256,7.49,42.3058,52.7501,120.15,90.2251,25.053,76.3487,96.5931,96.8543,369.0,115.206,139.37,221.75,201.64,56.917,19.8227,12.432,37.14,101.583,118.311,35.0309,27.2484,18.89,118.12,137.382,84.9652,65.248,17.4818,284.104,153.05,12.2794,261.455,12.7148,135.286,14.1087,144.418,66.9359,34.5126,28.634,93.1661,26.6153,68.9,17.8172,29.91,67.4158,67.6285,112.718,92.8,108.01,145.759,320.76,104.21,539.81,94.5482,115.473,51.9623,43.4772,44.4487,89.0,188.437,470.01,233.86,68.621,51.32,33.678,24.7686,521.437,17.3,78.2222,124.905,719.41,63.0065,116.747,48.5576,60.47,11.415,177.667,129.287,34.4359,108.128,41.16,24.208,100.891,36.395,20.3042,104.483,113.345,145.98,160.46,57.1189,251.58,53.64,45.7601,94.16,70.25,141.04,231.111,146.139,31.5666,150.197,57.1416,251.841,277.34,195.973,306.92,252.859,142.09,116.963,23.1187,12.1955,107.03,80.3457,147.048,121.35,118.026,234.952,56.8927,22.25,21.022,68.5111,304.35,99.349,130.497,157.312,28.5012,24.9826,34.341,33.5238,147.204,3791.89,62.785,395.469,348.878,250.94,69.81,77.0731,56.608,38.7862,45.6793,60.836,,,274.925,56.8275,,145.508,369.38,285.367,290.17,43.39,33.8026,201.175,21.996,341.99,,211.85,53.51,98.5,110.247,,70.48,145.25,40.53,20.36,81.61,23.03,157.201,21.87,60.36,36.9187,252.723,53.934,31.2497,,161.063,21.47,,101.125,21.1507,87.4466,61.286,28.794,41.97,33.8608,135.5,73.8,185.7,29.6,48.8148,,225.69,25.41,,137.358,,48.3169,367.75,37.87,,69.3723,,,245.716,66.38,23.9737,93.642,145.833,24.0529,157.539,58.0,,,88.1062,38.9087,431.49,28.4083,,28.03,179.12,,29.5054,,35.2429,95.32,,40.77,87.6983,,116.24,49.9997,,11.7073,98.6545,35.3074,,59.3141,26.334,31.2055,69.12
2019-12-01,35.8514,34.5566,125.279,107.347,48.6942,100.545,214.981,106.242,80.9695,48.63,6.39669,28.0651,296.73,13.8269,154.494,80.3919,25.4767,15.3697,57.2713,50.56,24.192,185.279,55.6147,84.6414,51.0633,181.658,24.5774,156.78,4.4,11.5729,92.392,192.68,18.4204,201.701,123.433,23.1755,59.5015,8.85,66.7276,61.29,133.11,46.2728,28.9158,184.633,51.7657,19.4325,17.9939,616.958,75.4133,4.82329,190.95,17.04,217.114,111.474,73.1209,86.38,1.52,89.1142,123.965,26.77,107.74,17.5,9.88064,50.2349,16.0982,14.7033,10.7261,187.11,30.2834,95.2342,84.578,46.332,55.0875,15.839,75.03,25.8322,197.05,85.6814,34.2406,72.8764,162.64,293.805,137.71,27.1827,44.359,8.2083,42.3786,78.1536,51.1934,46.9666,34.97,73.3103,348.396,113.395,29.2173,26.3189,40.3533,2053.73,16.558,78.42,93.7305,55.96,181.086,38.9228,27.77,139.65,32.357,87.67,35.8398,48.198,36.034,94.05,201.95,83.0174,77.763,16.7422,20.9968,30.38,76.0377,53.3453,77.7527,96.9368,152.227,17.4081,7.88,43.7559,53.1652,128.945,90.6343,27.571,77.0538,104.757,97.7139,375.48,119.78,136.38,218.95,205.25,58.079,19.816,13.651,38.15,106.608,129.925,35.9965,27.5069,21.6,132.2,141.49,84.3373,66.851,17.2965,275.593,166.77,11.8409,272.415,14.0085,144.223,14.2443,146.467,72.7702,33.2201,28.574,115.08,28.0398,66.72,21.0869,31.775,64.977,67.7257,113.842,88.09,108.17,148.64,331.74,116.23,555.864,95.0195,117.207,53.6709,42.2544,47.0471,91.2942,194.35,485.08,253.14,67.368,52.21,35.5611,24.6179,544.51,19.18,80.269,121.019,793.28,70.785,114.732,50.1326,62.87,11.128,179.297,136.415,34.8451,108.041,39.23,23.9795,101.697,36.862,23.2121,110.363,114.382,154.51,154.1,57.1249,261.13,58.41,45.0426,87.32,69.36,139.2,235.532,151.386,33.0013,150.286,55.4284,258.506,279.04,203.192,287.72,251.885,144.92,117.347,21.3837,12.7125,102.63,82.3062,140.975,122.43,115.717,234.194,58.5309,22.735,21.352,82.2586,323.775,103.906,138.02,166.267,28.9613,28.3835,35.5988,34.884,148.446,3808.41,62.25,371.272,371.693,255.44,71.47,76.3178,56.464,40.9778,46.8437,67.69,,,262.956,54.685,,148.765,370.03,285.495,300.02,44.3,36.6072,206.945,27.8887,346.54,,212.16,59.64,100.59,121.748,,82.11,152.76,41.69,19.56,95.09,25.56,174.553,26.13,67.88,38.6207,261.119,54.2455,31.7558,,158.513,24.38,,96.9159,22.1123,85.3003,59.83,28.2649,42.89,37.848,135.69,73.28,171.2,29.74,52.6289,,231.67,25.41,,138.115,,49.8516,374.68,38.5416,,80.2903,,,235.049,67.92,25.4075,94.729,143.192,20.9535,154.481,49.87,,,91.0827,42.3797,441.248,28.0992,,28.1433,164.45,,32.1253,,37.1107,92.05,,37.78,85.1049,,115.63,48.7769,,11.2721,101.672,36.9046,,62.1587,25.978,33.0224,62.56
2020-01-01,34.5958,32.1155,111.987,94.9366,46.8786,104.723,222.292,106.65,77.9396,42.44,6.52801,31.1989,268.85,15.3966,153.366,72.3732,24.3445,13.944,55.7042,60.2546,18.9213,194.659,55.538,76.8231,57.307,180.297,20.2226,155.64,4.1,8.94211,100.436,208.14,16.9434,190.588,128.345,23.2794,58.8863,7.23,71.3803,61.05,137.496,43.443,24.6137,199.714,53.9289,19.6757,15.8506,530.283,70.6003,2.98347,197.333,16.123,218.93,107.934,67.5282,93.35,0.96,96.0363,123.452,24.34,108.05,14.45,8.95879,46.7645,15.303,11.9772,5.95348,209.293,31.6192,94.7496,91.6041,43.4559,54.5149,15.2411,79.87,23.7424,186.59,90.8603,37.2334,70.8306,182.31,311.3,125.11,26.9285,37.4268,6.9092,44.6325,84.9254,51.2983,48.8534,34.51,76.1152,375.888,109.286,27.0733,26.1037,38.8051,1830.55,12.75,79.19,96.1985,49.58,191.726,34.7412,25.6,122.12,34.509,97.04,33.5329,53.2175,28.4821,87.07,197.585,86.5003,73.287,17.3352,19.2508,27.32,78.8068,48.2555,64.075,79.5022,150.027,17.3645,6.73,41.1203,50.9212,135.924,90.0678,28.1183,71.4607,86.8401,95.1749,337.94,124.394,131.68,227.05,201.91,55.358,16.4238,13.1479,29.96,97.6714,131.927,32.8399,26.5622,20.18,115.93,135.233,79.4714,71.7115,17.2058,283.75,135.69,12.4463,256.991,13.4874,135.426,12.5096,159.359,72.8971,29.901,26.741,107.704,25.4817,68.94,23.9153,33.3,69.4017,71.4621,105.221,74.8,113.89,122.296,290.07,105.86,561.593,99.5565,129.953,56.4376,43.6757,46.1477,98.3297,203.326,517.46,267.91,64.226,53.52,32.9831,23.9599,625.487,17.96,86.6675,126.873,757.18,77.7997,111.428,54.7374,62.81,10.149,191.936,116.646,31.9028,110.998,38.9,19.1171,86.9433,31.262,19.7754,107.263,117.443,155.25,160.78,58.3827,271.01,53.85,40.5814,73.07,72.11,147.51,243.905,155.292,30.8118,151.791,54.5068,258.239,257.1,193.848,315.23,278.815,127.67,113.158,24.4728,13.9588,92.99,87.5783,144.717,124.64,97.2832,243.66,64.8869,25.365,23.072,65.9067,298.35,108.717,126.057,158.847,30.8181,27.768,35.6087,34.8155,146.767,3816.97,64.357,346.866,366.833,239.02,68.16,72.4535,67.646,40.0354,39.4306,64.033,,,315.992,60.1875,,154.49,360.92,273.802,323.68,48.81,35.2398,213.688,43.37,365.06,,228.14,59.78,103.59,121.364,,78.22,154.58,42.52,20.51,97.86,29.83,167.83,31.52,73.29,43.922,278.469,51.8896,27.8768,,164.376,23.15,,102.679,23.1931,88.0406,65.299,29.6805,44.16,34.6614,122.97,76.81,194.04,36.29,47.9476,,239.39,24.795,,133.822,,54.4213,402.38,39.13,,77.6687,,2.796,224.452,67.21,24.1122,84.575,148.465,20.5236,155.836,61.09,,,87.6029,42.0357,462.901,30.7293,,31.8183,184.63,,32.4581,,34.5902,79.25,,46.21,81.1079,,118.61,45.4002,,11.3639,102.518,30.0102,,46.8367,26.918,31.7128,74.69
2020-02-01,32.3854,33.302,105.082,83.808,39.7773,100.367,188.853,100.159,69.7428,42.73,5.97032,25.0259,308.39,17.9486,128.731,57.539,22.1525,12.1082,61.1339,54.7875,17.2084,181.924,45.2438,63.4366,51.7154,165.636,18.3578,133.702,3.9,8.76617,94.1875,189.75,15.4325,179.753,115.445,19.3761,58.6394,5.31,66.7206,56.14,133.719,35.718,21.3717,182.881,49.6243,18.0367,14.0456,486.846,68.0669,2.75475,182.66,12.94,214.262,100.341,64.4232,86.51,0.9,85.9077,114.553,19.94,98.255,12.47,8.11325,43.6617,15.013,11.8408,5.80938,186.983,28.0756,94.9502,85.2059,37.414,47.9321,12.8986,77.62,21.8826,177.99,86.2821,32.7854,70.1199,170.4,285.98,107.98,26.3151,34.4988,5.7183,39.286,79.4304,47.6731,41.4399,30.87,67.7404,346.392,105.969,24.5813,25.1143,37.7942,1695.66,11.461,90.16,98.2807,45.77,175.417,32.1266,23.51,119.95,36.903,87.31,30.188,47.4719,26.3953,83.03,173.866,78.4906,68.28,15.4716,16.5236,23.45,74.869,42.4078,59.6932,65.7944,146.991,15.9501,4.59,37.7289,42.8451,129.976,82.1159,27.6688,75.5994,73.829,84.2517,444.57,110.602,121.15,224.03,192.47,46.13,15.5282,11.6564,25.82,82.0949,130.951,29.9967,23.7289,14.19,79.62,122.239,75.1523,66.9665,16.4423,259.574,132.48,9.71955,222.183,12.0097,124.355,11.485,152.137,62.1263,27.025,19.05,95.7462,21.6163,60.94,22.9407,31.205,64.2767,67.1489,94.2457,61.59,107.99,123.436,265.67,100.58,547.729,90.2825,118.417,50.91,41.005,42.6381,93.4606,182.118,493.17,257.09,50.46,47.12,28.0382,23.4968,542.381,12.48,81.0965,119.523,701.7,79.321,103.686,48.0596,53.02,9.23,180.668,101.79,28.8707,108.39,35.84,16.1268,82.2834,23.643,14.6896,96.8688,108.99,139.49,129.39,53.4029,254.51,37.26,37.5967,75.41,66.14,137.93,259.092,155.631,24.3618,141.267,50.9351,231.46,218.35,182.299,265.79,288.806,127.64,99.1161,24.2163,12.07,94.76,83.3372,147.267,107.48,88.6011,192.776,58.7635,21.12,20.412,54.9226,312.15,96.3552,110.676,143.494,28.1403,26.1162,29.5204,29.1822,154.829,3667.18,63.554,318.194,331.151,210.97,60.77,67.4897,65.218,35.2335,35.159,57.169,,,280.724,69.0,,149.142,352.02,329.87,313.35,57.81,32.7249,205.578,44.5333,337.32,,223.2,50.18,102.99,108.779,,65.0,155.57,39.48,25.93,124.72,29.57,155.547,48.97,70.73,42.1513,259.529,46.7542,24.8436,,141.766,18.66,,96.7996,21.6877,87.8599,66.759,27.1879,40.43,30.7693,122.55,77.37,189.97,33.87,43.3293,,217.41,22.71,,125.33,,48.4393,376.03,30.77,,71.511,,2.538,219.776,69.98,20.003,78.11,148.709,17.5259,133.771,59.64,,,79.1441,37.7154,406.417,27.6523,,28.9667,173.25,,31.1352,,31.1757,82.91,,45.15,75.9271,,109.36,41.3107,,12.3779,95.8365,21.6399,,44.8152,28.725,28.2326,83.33
2020-03-01,27.7169,28.8974,46.8428,86.5205,28.0826,75.9923,145.428,98.989,67.3657,28.06,4.38666,16.5234,316.38,17.6475,94.8615,39.3967,12.405,8.11987,66.5065,34.6852,5.59626,174.543,30.5766,54.1229,33.0081,137.756,9.691,96.9578,3.32,5.58955,97.486,180.09,8.60076,156.011,83.446,15.8504,44.7239,5.32,57.8877,37.71,116.736,19.8017,14.0228,159.688,47.3486,12.5095,10.9024,330.292,64.4901,2.26744,135.346,9.09,205.725,64.1778,62.3496,91.49,0.875,78.0334,98.8643,20.49,56.27,8.5,3.7374,32.6349,13.7099,14.6125,6.99698,171.107,21.1631,102.331,81.3289,22.4337,37.9058,8.13272,76.06,17.4499,165.07,72.1326,30.5003,63.6088,143.98,238.041,60.19,22.908,25.4568,3.8876,44.047,72.2919,24.4329,31.0425,26.79,41.448,307.106,84.9799,20.07,20.1221,31.4524,1345.32,5.3149,83.9,88.1062,36.06,155.494,13.6288,14.24,106.63,37.55,53.83,24.7791,45.038,20.356,73.47,157.199,75.4741,62.873,13.088,10.5297,17.39,63.0493,21.1229,41.458,47.1523,147.659,11.5811,3.29,28.5047,44.3097,132.007,70.188,22.766,67.2022,37.5398,70.7178,488.29,88.7609,76.24,237.95,166.8,28.53,4.28128,8.74983,10.79,32.1676,115.701,20.6867,20.9888,9.21,32.17,97.8765,59.0869,58.1405,15.7066,203.597,102.9,6.65605,184.779,8.76301,87.9734,8.81484,136.967,34.3481,14.9426,12.19,85.4246,21.9606,50.52,6.34503,28.13,44.4647,61.9897,90.1315,31.55,95.74,86.8612,273.12,80.63,597.22,87.785,114.492,35.6572,33.3124,34.0249,78.4744,164.105,436.31,175.7,28.47,35.1,16.6422,12.8575,311.333,8.06,68.8772,95.2636,690.51,54.9315,67.1727,44.5286,59.41,5.16,141.808,84.7689,20.0193,126.337,24.17,12.8186,79.5805,13.05,9.58702,68.0075,85.3258,107.86,99.57,40.589,242.24,10.96,35.944,73.23,66.04,128.79,264.287,144.22,11.79,128.392,34.0788,180.877,173.95,165.886,186.54,282.466,110.28,90.5682,23.3762,12.6595,83.68,54.7638,150.66,118.61,69.3686,170.91,49.8523,17.13,20.234,23.3528,267.75,92.6069,90.3885,133.886,21.9062,22.6716,22.8563,22.0866,136.64,2569.11,64.6485,326.289,289.475,183.6,45.46,47.2834,57.316,31.0783,25.4392,42.47,,,200.634,67.3175,,150.826,350.56,315.66,296.56,38.44,24.7503,192.22,34.9333,297.27,,185.66,14.4,93.17,79.6707,,66.04,126.21,31.83,29.95,81.88,12.65,164.712,32.29,50.07,35.4967,254.343,46.936,21.2904,,131.774,12.44,,73.0806,14.6712,75.4243,58.721,20.2513,28.46,6.56236,139.71,70.77,165.68,27.92,37.8654,,189.55,12.23,,107.936,,40.9998,307.69,27.3266,,39.6603,,2.128,175.851,57.11,19.554,49.24,106.982,14.6738,138.739,55.68,,,60.1491,30.3285,389.129,22.6912,,22.3333,130.22,,28.1922,,25.2954,55.09,,35.98,60.528,,94.99,35.8518,,10.4574,79.2413,12.5036,,32.6127,19.3,19.2414,52.38
2020-04-01,30.3384,38.2901,57.0116,87.6719,32.6245,105.0,172.536,112.903,75.1387,37.24,4.70088,19.7507,296.83,20.0616,102.783,55.0218,14.2537,9.73097,74.7256,45.5968,10.8279,162.95,37.0026,58.1632,45.8434,158.286,12.4609,108.76,3.63,5.98241,123.7,209.49,9.99278,172.709,87.9247,16.672,55.8381,10.6,67.0918,42.93,126.57,23.3326,14.8336,164.582,48.6346,12.5561,12.1565,379.079,69.2121,5.79789,149.881,10.58,225.799,70.8525,66.7752,97.71,1.4325,86.4396,100.907,24.59,70.98,9.22,4.34724,42.2271,16.0017,18.3773,14.4393,183.997,23.1942,105.944,83.5637,26.4544,41.4325,7.72096,79.01,21.1334,170.29,75.285,35.2338,65.0382,161.95,271.355,85.53,25.1339,25.7385,4.38,44.4624,74.5922,29.4918,34.8192,31.77,46.3811,336.453,89.2683,25.756,20.4426,36.1001,1480.57,7.026,87.8,94.9877,44.01,172.468,17.2159,17.34,139.26,41.985,73.65,30.7453,49.9175,23.8634,79.67,179.094,83.7935,72.5,17.571,11.2013,19.97,69.6039,28.6898,48.4072,64.3075,171.808,12.6717,3.96,33.3351,45.3534,145.74,75.9917,24.2155,73.584,49.0986,82.3544,525.88,96.9877,87.72,251.2,204.71,25.91,6.56866,9.66083,15.25,47.8633,127.335,22.1899,24.044,10.42,46.77,104.402,69.8974,67.433,18.841,225.65,128.5,6.69097,185.753,9.96219,107.592,9.13233,150.178,42.5301,18.3781,12.01,99.2766,26.9227,54.56,9.89518,30.905,49.1854,67.6028,98.8265,29.58,123.0,112.528,319.03,98.03,645.646,80.8915,116.533,39.7385,34.5068,39.4563,75.5733,172.269,495.23,217.92,32.52,50.1,20.16,13.0153,353.037,9.27,71.634,104.427,719.94,59.8616,74.9691,45.1064,66.58,5.45,163.24,85.8212,25.5233,135.985,25.71,17.6756,88.5809,18.13,12.7372,75.4521,95.0103,142.59,118.81,42.3363,277.6,16.4,40.5112,97.66,81.13,157.12,283.815,152.082,16.8171,147.168,38.9365,162.741,214.85,176.416,241.25,319.665,129.33,110.791,25.8728,13.7062,96.77,58.8518,158.718,121.05,79.1453,179.531,52.9136,20.0275,21.548,38.8068,288.0,95.169,107.365,148.932,22.6743,25.2664,25.0234,24.674,139.092,3100.0,71.558,446.41,331.521,229.66,44.87,55.4256,70.308,34.3309,31.922,48.02,17.1563,49.2614,259.242,83.8,,187.666,440.1,352.543,320.69,64.87,29.0223,206.768,52.1267,325.67,,220.89,21.44,97.44,95.6566,,76.96,144.67,34.63,45.99,111.59,17.82,196.627,46.83,58.97,35.1928,268.344,55.6915,22.9244,,156.995,16.045,,81.2258,15.3595,78.7345,64.826,22.4121,24.03,12.4078,163.97,72.71,199.72,30.27,36.6111,,223.48,18.35,,117.047,,46.9995,352.94,32.7516,,59.453,,2.29,180.575,69.43,21.1068,69.55,139.196,17.9637,167.671,67.66,,,70.1593,36.6565,444.03,24.376,,24.7933,153.9,,30.5802,,28.3871,80.11,,45.12,62.7943,,103.06,32.6644,,9.93165,89.6706,15.4064,,42.7436,29.258,28.2401,65.14
2020-05-01,31.9261,43.9384,49.2677,93.3152,35.0872,112.79,185.992,121.426,83.913,39.48,4.65678,19.4436,307.09,21.4858,97.8834,58.788,13.0278,10.2383,69.2369,55.0568,11.0312,178.134,31.1209,57.848,53.8854,166.749,12.2942,133.672,3.05,6.42722,122.118,219.01,10.1744,193.346,77.7924,17.5022,51.2194,10.19,71.4171,43.98,133.217,29.0183,15.3493,168.617,49.2786,13.5649,11.7916,348.202,74.3294,5.95701,143.498,11.62,244.914,72.5145,76.4099,105.8,1.015,93.9788,98.0404,21.41,79.48,9.35,4.06743,46.411,18.2278,16.9535,13.2022,189.466,22.207,105.826,85.286,24.512,45.4146,7.28572,80.96,23.1203,193.34,82.128,38.0518,63.9563,174.79,296.935,83.28,26.5219,27.8285,5.22,46.3415,77.9207,31.8624,33.527,33.46,46.5726,388.498,94.7411,27.816,21.7803,36.6664,1639.42,5.8353,100.04,101.22,46.62,188.756,18.3275,16.94,144.92,41.973,88.05,33.0562,51.5039,26.9968,97.87,194.986,85.927,74.907,20.0782,11.7648,19.28,64.4765,31.9563,53.2599,69.6551,187.687,13.3755,3.05,37.72,48.1603,157.393,84.4283,25.9601,82.957,45.3495,90.053,612.81,96.1697,93.2,287.96,225.09,25.21,5.98824,11.9428,15.04,44.7527,137.236,25.7637,25.784,8.75,51.87,104.182,66.5702,71.446,22.742,224.421,138.89,6.53306,188.101,11.9501,104.666,8.81484,169.665,33.9947,19.1309,10.5,113.735,27.4017,60.72,10.378,35.955,49.7435,72.7473,117.258,28.04,155.01,129.684,363.05,104.74,669.786,88.6926,122.183,50.4468,34.0559,37.6356,90.7687,196.045,544.0,244.01,34.19,53.0,21.6997,13.0252,413.069,7.86,79.2018,108.55,795.0,74.5662,71.9444,45.8615,66.25,3.63,176.464,85.3849,26.8027,130.584,29.71,19.1866,92.9397,14.21,15.2518,79.0399,102.137,149.52,121.7,44.4936,308.88,15.66,45.4048,101.91,91.29,180.91,308.002,157.837,17.1671,144.011,38.5722,187.918,245.62,194.006,243.79,322.155,155.4,115.643,27.0898,14.5912,108.13,57.8308,175.933,136.17,85.6613,188.425,56.3495,22.3475,27.84,38.3033,325.5,96.4848,107.861,155.034,24.3326,26.4944,28.215,27.7824,161.929,3221.61,84.2655,499.548,359.006,261.32,49.16,60.1317,77.586,39.5369,34.1834,47.94,19.8299,51.137,295.206,94.5775,,214.228,491.32,375.831,375.31,80.98,28.1434,263.526,55.6667,374.12,,230.64,35.46,111.27,92.3212,,89.04,179.66,39.12,61.5,141.9,32.81,206.31,58.19,68.87,39.4867,300.827,65.6214,25.0891,,184.169,16.49,,84.4519,17.2994,80.139,65.68,25.0705,28.22,17.1293,185.82,75.96,188.57,36.32,36.5363,,300.095,20.81,,115.993,,51.486,402.65,39.2116,,61.2,,2.596,206.861,77.25,24.5427,75.35,148.396,18.7923,169.71,87.81,,,78.0763,43.5302,467.558,26.9773,,30.4217,183.43,,34.4179,,30.3094,92.98,,71.27,62.8142,,106.77,36.4214,,10.2828,97.5824,18.5127,,44.4738,31.156,37.9992,81.08
2020-06-01,31.613,50.605,58.3856,104.052,37.7411,108.672,187.059,130.468,85.9504,37.58,4.75426,20.813,267.55,18.8108,96.3176,51.8904,12.7213,10.1936,69.0548,56.1131,12.7403,170.349,32.8423,56.2211,54.0336,168.904,12.0768,143.179,2.31,6.52579,137.941,206.83,11.7601,184.733,82.7008,19.0921,54.9116,8.65,70.6463,45.22,128.989,26.138,18.3288,150.77,48.6188,14.3995,10.6561,333.066,74.0083,5.599,143.734,10.64,246.296,69.6428,74.915,107.09,1.085,88.8028,98.7163,20.8,82.2,10.88,5.81061,50.9012,18.9262,14.6808,11.7771,161.873,24.8356,98.2892,81.4931,26.9734,43.1134,9.83785,79.14,23.0006,189.94,79.2456,38.5338,62.0528,187.33,291.821,74.49,26.976,26.6625,5.52,45.8094,77.5206,33.8,33.3608,31.15,47.5668,383.025,83.2888,28.1113,22.5718,38.9988,1592.34,5.3937,104.15,90.3516,49.5,186.733,17.7633,15.22,139.48,45.504,89.55,29.8548,51.9717,29.6425,92.68,207.674,88.1859,69.11,21.0472,12.2221,19.01,63.1354,33.9926,55.6894,63.995,186.731,12.8422,4.65,36.6116,44.5241,154.06,91.9063,30.8051,87.8892,47.9227,87.9269,623.65,98.9043,101.76,290.31,227.07,28.05,7.88779,11.563,15.63,43.5832,134.945,25.1864,28.2258,9.74,50.3,91.7611,74.5055,70.6805,24.5608,213.817,149.04,6.29608,202.273,11.6477,95.0327,8.92596,167.515,40.031,20.8092,13.07,122.682,28.6779,58.39,10.1038,34.66,53.724,74.9082,117.923,34.61,174.23,132.813,370.35,110.53,674.263,85.4941,123.788,52.9047,34.4243,41.759,94.2924,190.977,510.04,203.42,36.26,57.0,22.7254,15.7846,429.823,8.84,70.869,106.985,805.55,75.5866,77.64,44.4479,63.55,4.47,166.937,94.89,25.5727,130.36,27.82,20.0944,92.2103,16.5,14.2177,73.1998,89.4931,141.88,121.33,44.445,330.16,16.43,45.0426,103.97,95.96,195.0,292.12,188.43,16.7892,153.001,41.3669,195.296,274.44,204.338,251.53,327.017,160.39,121.046,27.4726,13.127,100.78,61.5569,179.028,139.57,82.2597,164.474,54.1576,20.8175,27.454,37.6189,347.4,93.4837,112.994,153.736,24.1044,25.9901,25.9416,25.9092,150.124,3258.75,83.6065,492.02,360.12,255.95,44.33,56.6834,81.012,39.5369,36.0961,45.54,21.6061,55.2255,307.619,101.35,,225.252,451.49,360.59,346.88,106.23,28.0634,266.303,71.9867,310.95,,252.01,40.06,121.93,109.95,,107.05,174.35,43.19,64.21,138.78,30.54,233.614,47.57,79.27,40.0387,321.316,65.4392,24.8881,,185.488,19.82,,84.925,18.0697,80.8848,71.067,26.2422,28.65,19.2164,177.98,98.13,194.26,31.08,38.5112,,312.01,20.7,,118.78,,51.3599,418.04,38.2784,,62.0663,,2.839,226.155,73.33,27.1628,77.92,140.601,17.2347,180.722,100.29,,,78.3645,45.6538,484.442,30.0208,,32.7317,187.36,,36.5694,,32.3351,120.2,,86.95,65.3747,,97.62,40.1136,,10.1424,98.9207,21.0287,,41.8776,40.65,37.4506,104.94
2020-07-01,34.7108,53.3351,54.3139,133.604,38.5499,121.757,187.373,139.927,94.0185,51.34,4.90324,23.1504,274.69,20.3481,98.1579,49.6036,12.7984,9.95694,62.4037,66.1375,12.1931,177.465,29.668,57.8579,64.4692,172.033,11.3473,146.599,2.04,8.48797,158.234,211.68,10.2123,193.415,81.5221,21.4416,66.0257,9.65,74.1287,43.81,140.751,24.6717,18.408,154.146,52.7654,14.9997,10.6462,388.844,82.2508,6.42442,142.328,9.63,249.009,68.4705,88.806,112.44,1.0025,93.8245,102.723,21.0,81.01,10.66,5.25826,49.1696,20.8962,15.9794,14.37,160.582,24.5954,101.559,88.5693,26.3577,43.6433,9.17873,87.39,25.3912,228.48,84.2676,42.3552,68.0323,194.85,304.89,72.43,29.2128,29.6844,5.18,48.5093,83.85,35.4063,32.5674,34.34,49.231,427.196,87.6188,31.8253,24.3778,39.7339,1662.13,6.3321,107.38,91.7908,59.55,184.054,16.2337,16.54,135.9,48.888,96.97,31.2791,49.8568,30.7334,93.35,218.19,99.5991,78.41,23.1032,13.1606,20.23,70.9321,34.7389,52.9765,55.2001,186.959,12.1608,3.31,41.4788,41.5899,153.457,92.932,35.9178,85.9993,48.5296,91.7444,632.07,96.2388,79.85,272.0,253.67,24.97,6.70926,12.4012,14.98,42.8501,149.577,24.7782,28.3286,10.52,48.71,108.56,68.7387,74.148,26.6024,205.956,155.37,7.12894,202.87,12.4373,123.989,9.05369,185.72,37.9988,20.9808,11.12,139.674,30.916,68.73,10.5648,39.24,54.4312,93.3486,126.791,31.38,196.07,139.98,382.16,128.15,754.124,95.6415,141.687,63.3077,33.668,43.3204,103.966,203.634,580.0,192.99,34.44,69.78,22.695,14.7184,419.642,9.49,70.699,112.191,935.0,80.7247,69.5229,50.3856,65.25,3.71,175.204,98.3515,27.5144,147.251,28.34,20.3366,88.8081,17.91,14.3108,74.7942,84.1389,158.39,124.64,44.865,397.75,13.64,46.2252,98.76,109.25,199.22,305.469,198.748,16.0792,167.419,36.9859,207.221,293.82,236.128,258.57,368.312,179.01,128.874,33.9582,16.2355,99.89,57.8506,173.442,164.02,93.2214,163.755,59.217,23.3125,27.66,35.856,332.4,99.5061,113.063,160.829,25.9809,27.7075,24.9251,24.8764,156.191,3930.15,90.1285,507.524,369.143,280.75,46.81,61.2333,87.84,39.8859,36.362,43.64,26.4862,60.9374,282.433,108.885,,266.772,524.89,377.347,357.25,118.38,31.5273,310.23,95.3833,306.7,,290.08,31.05,157.58,113.329,,102.7,198.99,44.51,74.1,175.1,33.85,261.227,60.36,78.29,44.6655,338.765,68.1864,26.1477,,189.319,20.6,,84.5418,19.4315,81.5916,84.976,28.4248,30.75,17.5954,184.7,83.13,203.36,30.26,40.6759,,325.59,23.69,,127.882,,48.626,439.19,42.6534,,55.626,,3.0305,260.275,70.28,29.5806,77.75,163.295,17.271,198.86,113.2,,,85.5897,44.9017,511.972,34.3852,,34.875,180.92,,36.7896,,34.2962,154.95,,93.86,67.7906,,99.79,48.9332,,12.0434,107.854,23.5099,,44.9232,45.132,40.0059,129.85
2020-08-01,36.3409,53.0088,59.1028,154.098,38.748,106.593,195.096,137.806,99.4699,56.86,4.6012,21.2167,287.64,22.4355,96.6556,47.2152,14.1101,10.5978,59.9096,68.3947,12.8984,188.55,31.2599,59.5211,69.7209,178.887,11.8307,150.654,3.02,8.29323,172.548,214.8,10.9823,217.555,79.4898,20.8316,64.8275,10.96,81.1823,47.03,145.117,26.8877,19.1098,163.135,55.5508,16.381,11.0903,417.713,86.0272,7.41892,146.921,13.01,237.354,66.0985,93.148,116.43,1.67,102.987,116.792,24.35,98.15,9.42,5.38739,53.2065,21.7049,16.2935,15.7061,172.418,25.236,112.503,88.0754,28.0706,43.9072,9.4533,86.76,26.3614,243.61,89.5517,43.3583,70.672,272.65,353.956,87.45,28.4857,31.1834,6.58,48.6231,79.7905,38.0357,29.0311,33.2,53.4452,421.982,88.9942,31.042,26.0225,50.9483,1910.45,6.0719,116.68,87.2842,76.59,205.231,15.2103,23.54,132.33,52.956,106.93,31.8354,49.393,34.2242,96.27,232.902,96.2407,85.84,26.2056,17.8103,23.37,78.1799,32.7378,56.3431,52.7873,198.228,11.9194,6.435,43.6954,44.1383,150.279,97.67,32.0305,86.778,55.6115,99.0839,619.93,100.05,92.33,279.12,293.2,30.85,7.1044,14.7398,15.84,43.7664,157.865,29.4969,31.045,9.81,68.84,109.009,68.6087,81.709,27.8108,202.014,177.05,8.14105,199.757,14.6887,132.887,8.87064,183.73,38.4449,23.5214,13.05,139.457,31.8713,66.44,16.9877,41.93,56.4306,93.3369,138.011,36.0,204.14,145.749,357.22,128.27,760.88,98.6315,136.484,69.7752,32.3754,44.5483,101.844,199.279,615.61,232.18,38.95,59.72,23.6651,17.4468,485.849,8.85,78.5595,110.262,970.78,89.0955,72.2005,50.6671,61.32,3.58,173.832,108.47,30.9801,142.753,30.36,21.2034,93.5458,19.98,13.3357,90.0521,88.4711,163.75,129.82,48.8947,391.06,17.11,47.0228,96.35,110.91,221.3,300.553,177.795,22.4872,158.784,36.2901,208.438,296.98,240.577,251.45,366.458,161.73,131.814,35.7896,13.9655,98.52,60.9634,160.92,171.19,97.0109,143.799,49.0844,25.83,26.401,35.344,290.1,94.2419,110.893,175.875,26.1074,27.8336,26.9473,26.8359,156.597,4168.34,99.6745,477.876,389.13,286.53,56.8,65.6398,96.404,42.8251,40.5737,50.71,29.0229,61.2874,297.42,106.352,,281.747,508.59,399.158,345.31,119.7,34.9901,321.722,166.107,313.61,,327.1,45.8,189.98,121.256,,111.68,218.95,52.41,64.89,221.15,51.1,263.309,77.23,79.52,45.6639,343.525,63.3826,28.1611,,182.72,21.37,,84.664,19.9938,86.296,84.86,27.4287,31.54,16.3733,184.97,85.68,218.25,33.63,43.1808,,375.67,30.62,,138.175,,48.3228,420.79,42.9016,,54.973,,2.739,272.101,83.68,32.6705,86.12,148.761,17.7985,201.997,125.73,,,93.3023,43.3071,529.039,34.951,,33.9783,239.71,,37.2598,,34.9648,215.96,,83.55,74.2334,,99.58,49.9738,,12.8976,106.296,25.1149,,42.4752,48.13,40.2994,159.56
2020-09-01,37.5175,50.4168,56.3421,156.945,37.0551,109.702,191.382,128.884,93.6341,52.93,4.30624,19.0872,283.68,19.8786,86.2059,38.8928,14.973,10.7107,57.3082,74.6653,8.37356,201.38,29.4084,56.3753,73.8821,183.763,8.9319,148.057,3.35,8.57068,157.436,204.85,10.3987,214.152,74.3587,19.116,67.3117,9.44,73.0153,46.97,141.96,28.8038,18.905,155.988,54.9334,16.81,10.6561,394.433,88.1012,6.58354,140.292,13.93,231.404,65.2714,97.3256,110.54,2.55,97.2851,116.545,22.7,91.69,8.41,5.16508,49.8368,20.0293,14.9098,12.7965,162.79,24.7898,108.147,90.716,25.9855,42.8931,10.5757,85.65,26.0543,236.51,90.5694,39.7317,67.4714,251.32,334.168,71.81,26.3567,29.3493,6.42,46.6293,78.3102,39.1431,27.6181,24.54,51.1872,390.292,91.1844,30.7387,23.6597,52.5974,1710.68,4.9758,114.36,86.3297,66.2,193.602,13.5201,20.81,122.77,50.003,91.91,28.4404,43.3578,32.6648,91.34,219.361,95.6185,79.82,24.8742,17.8986,19.59,82.0207,27.0875,60.6541,46.801,205.844,10.6331,5.74,44.3046,45.9349,154.448,89.9652,31.7162,79.3655,59.4813,97.9747,559.78,96.0154,97.59,272.12,261.9,30.58,6.08299,13.7574,18.0,40.7297,163.044,29.4571,32.8795,11.23,64.73,105.715,68.3389,73.48,26.7852,189.248,174.5,7.70212,231.739,13.7162,122.085,8.70439,182.666,38.3572,24.8119,12.29,140.086,27.2417,58.78,18.3944,40.1,55.4781,91.271,124.099,34.75,197.03,143.348,309.08,129.01,732.304,99.8389,139.914,71.8002,30.3295,47.0813,102.548,203.148,624.34,223.98,36.63,66.47,23.1248,16.6511,461.978,9.84,84.238,109.161,965.75,87.7474,67.7954,48.3263,58.33,2.7,174.984,101.581,27.065,135.665,26.91,21.0972,101.532,17.85,12.4105,85.0294,84.5675,157.63,124.95,47.2249,393.11,17.11,50.6993,89.74,106.63,213.98,312.741,168.602,21.7403,151.879,34.7455,188.413,327.36,230.274,238.1,350.275,169.97,127.189,35.1732,12.933,98.78,64.2799,158.578,165.22,103.065,133.575,46.8711,26.29,23.562,27.3238,248.85,90.2472,116.652,177.985,25.7785,28.0896,27.1428,27.2258,172.83,4083.12,89.2615,473.601,337.107,252.46,53.88,61.0333,97.0,43.2279,42.3093,46.66,29.6943,60.8197,309.179,103.058,,272.735,515.46,415.905,348.56,121.63,35.5295,328.297,143.003,310.21,30.7949,323.28,56.06,193.64,120.714,,110.65,226.45,48.7,70.75,238.35,72.7,276.12,82.59,82.65,44.5518,328.322,61.4653,27.5411,,187.939,21.69,,83.6016,21.2053,88.6868,84.851,26.8157,29.25,13.5043,183.04,90.7,236.59,36.48,43.2575,,329.37,32.62,,130.473,,47.6401,425.38,40.7916,,47.1293,,2.64,265.366,75.97,33.4666,91.68,159.359,17.5826,199.018,137.32,,9.5,94.4046,41.347,504.772,33.5081,,36.6683,215.13,,37.6044,,34.2038,223.06,,102.16,67.0096,,103.05,50.8033,,11.7566,106.106,25.4676,,39.1188,51.878,41.5295,162.55
2020-10-01,34.4297,46.0911,55.7338,147.976,36.0892,117.61,180.023,118.409,87.3578,56.73,4.07384,21.2088,252.07,19.6197,96.9672,34.6649,21.2945,12.3555,52.7376,64.3933,7.24716,207.12,26.8091,54.2407,65.2665,160.214,8.28117,154.52,3.93,6.80271,151.808,190.7,9.47527,215.541,67.0508,17.3402,69.2496,9.7,80.5136,50.4,120.139,30.5556,24.1078,140.533,50.7918,18.2204,10.3495,372.555,86.0084,6.54376,130.694,14.22,219.837,64.1975,84.2258,95.12,2.6175,91.7916,119.476,18.37,94.15,7.53,4.8852,50.9654,19.3101,15.2791,14.9837,154.413,24.6228,105.034,94.1313,27.7299,46.2858,12.1501,86.25,27.1545,222.36,85.5444,39.1738,63.898,232.27,285.551,72.43,25.8294,26.3867,8.28,46.655,81.7963,36.8194,28.5097,23.44,49.9605,367.286,83.2193,29.1067,23.0158,62.1206,1622.5,4.3607,109.57,80.374,87.045,175.926,13.7227,22.34,132.94,47.574,86.44,29.5354,41.4326,29.4942,90.32,211.375,94.2649,71.69,24.0296,18.1219,19.11,84.9654,27.2357,58.8986,42.125,205.296,10.4915,5.71,48.3477,44.5819,144.895,98.6568,32.7051,78.1612,58.135,96.7917,543.56,95.6193,103.19,208.36,263.11,30.64,6.23532,12.8844,21.22,50.0052,156.519,34.3749,31.5545,13.84,56.42,108.222,75.3253,81.0505,24.8918,192.816,178.29,7.30101,262.252,12.7744,121.42,8.02637,175.424,35.6617,23.9279,11.28,136.04,27.8236,63.58,21.9164,38.285,53.0521,86.0908,119.531,33.86,186.13,137.529,292.7,127.36,704.475,108.193,145.345,67.1122,29.3561,45.5114,100.724,177.526,603.82,206.77,37.89,68.82,25.2742,17.1793,464.205,12.23,79.7265,110.675,997.91,91.6113,63.493,52.0807,59.1,2.9,155.42,88.5869,31.2236,133.376,33.1,21.6292,106.592,18.42,13.7928,87.5109,78.3502,153.99,120.1,49.6135,424.82,16.63,49.8859,86.64,109.37,213.86,285.147,188.778,20.5605,143.834,32.5264,187.978,426.08,213.07,220.91,343.458,185.96,132.562,37.5484,13.0562,104.87,61.545,144.588,154.92,109.43,139.962,50.9105,27.59,22.074,23.5514,237.6,86.547,119.635,166.712,25.3438,32.1547,25.8652,25.4439,173.814,3953.09,93.92,529.902,315.138,283.64,48.8,58.4887,99.514,40.8036,40.9069,48.06,32.5444,59.7083,361.61,79.895,13.6368,269.937,586.42,369.984,384.38,121.59,34.8704,343.319,129.347,309.15,28.5495,308.95,44.82,210.15,130.68,,116.78,227.7,48.13,67.47,257.69,53.98,315.627,98.09,86.22,42.82,300.5,62.6274,30.2832,,189.516,25.09,,86.6656,20.8236,91.0033,82.361,26.1158,30.21,15.5479,186.47,98.9,222.25,33.41,53.6976,,319.29,30.3,,138.736,,46.0145,391.45,36.865,,47.0067,,2.272,264.435,70.74,29.7938,96.49,169.093,16.1942,221.411,123.84,,10.13,93.5717,34.0585,536.71,33.3228,,42.2283,210.12,,39.3529,,33.3117,185.35,,90.75,67.5592,,95.47,45.1712,,11.5718,96.1022,25.9759,,35.1461,56.645,42.0885,154.88
2020-11-01,40.9503,48.9532,73.2669,162.094,45.815,119.382,219.577,126.235,90.4905,61.29,5.08674,25.0859,240.17,17.5057,110.045,49.1407,27.1291,14.1844,55.0234,69.5545,9.5864,202.952,34.5194,62.2202,72.7787,200.431,12.0868,179.045,4.54,9.5594,158.402,200.72,13.3351,241.238,90.8975,20.1235,75.9731,9.41,87.4031,61.14,143.101,39.3858,30.272,163.184,54.9334,21.3653,13.8557,437.879,87.4935,7.25979,156.5,20.74,221.308,82.347,89.5008,103.51,4.14,102.612,124.646,21.93,124.49,11.11,7.23853,65.3714,22.0892,15.1389,14.7263,184.815,26.689,110.555,89.431,32.4518,49.9156,15.2,109.85,31.4793,242.02,93.8399,41.4441,68.155,245.8,332.912,100.5,29.2365,36.0068,11.01,45.2071,82.0224,44.6939,33.9124,28.63,59.1674,422.331,105.048,29.496,24.286,68.001,2028.45,6.5529,132.94,97.518,93.43,203.951,21.3231,27.38,162.81,49.07,93.48,30.59,45.7525,32.8995,109.24,242.724,95.0715,83.89,25.7886,21.5127,26.1,93.8425,36.4138,74.0964,55.5446,215.002,12.6775,10.6,50.3514,54.8276,155.44,110.731,43.2769,96.0481,79.2789,116.834,516.03,110.7,125.83,227.75,276.97,40.25,9.15222,17.3201,35.38,71.1938,158.333,43.643,36.2422,16.57,78.81,128.995,87.0796,88.037,26.389,231.753,226.98,8.5407,262.092,17.4751,147.051,10.2547,195.468,48.4694,29.1403,14.13,136.403,30.3197,64.31,29.7958,42.39,55.1958,85.7222,133.126,45.05,214.12,137.931,322.09,156.68,674.627,105.195,148.626,69.4909,36.15,51.8645,112.096,202.542,651.99,275.4,50.97,69.13,30.2934,23.3639,563.169,14.55,83.7632,119.719,1150.04,133.636,80.5151,49.5548,61.65,7.19,192.323,117.994,34.3767,124.543,35.1,24.2359,121.025,21.91,17.6828,103.277,88.4216,168.99,152.0,59.03,460.98,22.87,54.345,84.54,116.3,227.5,282.445,206.511,28.2371,155.42,41.6537,216.824,481.29,247.963,265.21,402.733,207.01,141.505,37.2363,16.9188,120.04,70.4477,156.901,180.51,124.687,153.04,51.6054,28.8625,24.646,36.6759,245.85,91.1044,127.732,188.988,27.456,37.4932,28.1266,27.6246,190.503,3997.18,100.334,530.786,379.39,378.42,65.65,72.4247,106.91,44.7641,48.2662,55.71,37.1062,65.4202,414.238,79.92,15.7755,273.153,538.5,383.916,427.6,160.7,44.1822,340.256,189.2,377.94,32.9506,322.33,68.12,215.6,153.213,,139.21,234.52,59.87,152.74,277.98,70.0,315.975,136.57,96.42,44.4074,328.004,75.3366,34.8317,,199.696,28.75,,92.8571,22.947,103.301,91.057,27.5236,32.195,22.7642,204.13,125.69,257.71,49.66,56.2043,,370.22,37.41,,154.999,,54.8634,472.78,48.9866,,63.6557,,2.821,280.183,79.54,34.129,118.7,169.151,17.4135,214.514,153.28,,27.11,110.554,40.7616,625.518,37.1471,,42.4317,224.79,,41.9114,,37.1981,250.21,,98.92,85.3831,,115.18,49.8115,,12.8579,106.477,32.0773,,41.6029,90.107,50.5154,210.96
2020-12-01,42.7108,48.7778,76.8647,159.568,46.1682,114.739,252.497,142.087,92.8636,69.79,5.26855,27.0019,244.86,19.9534,120.265,51.7,29.7721,15.1155,53.4339,69.8929,11.5312,210.712,33.1278,61.4965,67.523,213.293,13.5356,187.818,3.78,11.4962,162.846,216.4,14.0099,261.757,88.4647,19.7631,79.6871,10.8,87.3154,62.72,136.738,42.299,34.0701,172.92,56.2106,23.1232,14.4482,522.467,93.1128,6.6631,152.241,20.36,216.077,99.6133,89.9014,104.99,4.71,112.42,131.513,22.47,132.4,13.31,7.29548,67.1811,21.99,14.0666,12.5787,181.957,27.9565,109.036,86.6807,35.2836,51.4557,16.3234,117.4,31.5394,272.7,93.8479,43.1403,75.5668,222.53,353.128,112.83,30.7254,37.3665,14.56,44.6602,81.631,46.1737,41.854,33.95,60.7086,426.398,119.99,30.1713,26.5766,71.7237,2227.27,7.4124,134.85,102.121,98.92,212.08,21.6893,25.6,175.94,54.073,94.46,35.074,42.4309,32.7209,108.04,254.549,95.2548,91.23,27.7342,22.5941,28.78,99.5374,38.7377,79.8088,64.1251,206.859,12.0512,8.67,51.5835,58.5549,148.918,114.072,45.2668,98.4186,93.6404,119.39,483.11,113.309,140.95,236.34,273.16,40.21,9.76631,17.6343,42.0,72.1288,163.383,41.4529,39.851,17.17,74.69,135.82,101.637,87.594,26.3474,225.728,231.91,9.10146,280.192,17.4353,161.384,11.1191,204.909,51.5671,33.1964,15.77,147.727,31.9023,66.86,26.8273,46.24,57.4405,85.1941,134.456,43.25,234.2,147.32,370.0,166.27,690.484,108.991,148.715,71.3379,36.1117,52.3745,120.622,205.668,661.55,287.16,52.0,72.83,33.1671,28.4215,601.732,14.88,90.7838,120.221,1139.68,145.383,79.56,48.5478,60.03,7.02,212.473,120.341,34.3964,130.07,36.205,27.1658,129.338,25.75,19.6959,110.881,90.1636,179.17,160.19,62.0957,499.87,25.43,52.9061,86.98,136.43,259.24,277.488,209.423,31.4976,170.223,42.1992,224.814,534.38,255.765,272.83,439.237,223.79,148.171,38.1649,18.1605,132.09,76.6375,158.419,207.79,125.269,162.87,51.6989,31.8125,29.706,44.4221,255.0,90.6655,128.99,194.892,28.0517,37.8854,28.4006,28.1108,186.304,4079.86,96.359,561.667,407.952,384.33,73.48,72.3262,110.086,46.4994,50.5354,59.6,36.8782,66.0155,449.169,92.43,17.5776,281.259,582.94,375.781,436.52,177.91,45.4696,366.215,235.223,391.98,33.1789,358.35,74.27,227.41,154.167,,151.19,249.86,66.77,104.47,319.12,86.37,362.166,175.47,106.56,46.7541,326.752,78.8718,35.7121,,197.285,32.73,,94.6955,23.44,104.382,92.428,28.6005,36.07,25.5539,212.68,122.53,255.63,51.0,62.5894,,348.03,40.81,146.8,150.379,,59.7099,511.04,59.2315,,77.004,,3.166,267.446,82.95,36.2351,130.29,172.292,18.4648,235.413,211.82,,23.55,117.452,45.7707,649.572,39.6554,,47.7967,239.61,,44.131,,40.3533,239.54,142.75,98.44,90.6159,,113.86,52.0571,,14.8473,108.68,34.1068,,46.5721,80.1,46.9926,217.64
2021-01-01,40.5899,54.8549,83.7608,146.873,45.8521,124.925,259.641,141.689,86.9774,71.28,4.58004,25.2355,282.61,20.2329,125.154,51.572,30.2894,15.9482,60.1663,76.4629,11.7876,207.695,35.7433,61.3719,75.243,205.387,12.2048,191.248,2.84,11.1353,160.31,194.07,15.4102,232.706,85.4138,20.0604,75.7974,12.67,91.0381,60.98,119.342,41.7135,34.9204,172.624,53.2977,21.9481,13.381,556.486,87.6398,9.15928,155.31,23.07,218.85,97.0426,81.9436,111.03,81.25,107.604,130.782,26.9,124.1,13.14,7.99342,66.2106,20.531,15.9242,16.1415,165.105,27.4204,109.801,83.7319,34.0484,52.566,19.2843,117.37,30.1182,249.21,88.2173,43.9623,72.7001,225.56,313.304,99.53,30.6769,39.9438,15.34,45.1438,82.5643,43.3768,42.6399,38.59,56.9329,389.136,108.741,28.3647,30.3535,70.1805,1944.33,8.4297,126.08,103.031,99.15,187.378,22.7392,27.43,195.95,53.239,117.78,38.987,40.5137,35.5584,101.66,236.553,98.6388,82.58,29.6,25.4888,30.97,94.4487,40.4226,74.672,62.1626,191.767,12.6377,14.5,53.097,62.285,148.986,109.491,46.3867,95.2214,85.0334,111.809,503.84,104.179,143.6,229.08,258.33,37.96,14.3702,19.0383,41.66,65.8495,152.525,50.4524,41.003,17.5,65.0,123.165,110.126,91.787,26.5642,227.811,243.01,10.4315,283.584,18.5252,159.439,11.5787,181.124,58.6701,32.1811,17.17,163.54,30.8443,65.85,39.9592,43.415,54.7789,82.4594,132.51,39.99,234.31,139.491,426.44,170.88,715.402,107.054,154.077,71.7791,36.4791,48.8693,112.522,198.109,607.56,279.76,48.83,79.73,33.7983,24.4791,537.976,14.97,90.9712,127.01,1168.1,160.306,81.8398,46.2138,60.3,6.37,174.12,119.622,34.2506,134.21,35.36,30.3522,126.113,28.2,18.9778,101.045,88.8187,177.8,151.91,65.1227,478.68,22.65,52.6617,89.75,130.39,255.45,264.247,198.598,28.5481,159.62,43.6722,202.722,525.38,238.184,242.75,388.842,223.43,136.664,35.1861,19.2225,141.59,72.7045,141.602,200.45,117.76,150.314,50.0402,27.4375,28.95,52.031,295.5,84.5575,128.861,182.6,26.2441,39.0012,30.4099,29.0939,183.921,4446.48,95.7795,532.328,374.321,387.83,66.45,73.3242,108.632,43.2203,47.2579,48.09,37.6418,63.1817,377.153,93.7125,15.9352,297.487,573.77,363.334,422.79,199.09,41.7571,348.208,264.51,357.01,32.2152,344.43,70.39,246.42,155.566,,139.86,259.05,65.91,173.16,288.33,103.72,351.348,182.35,92.91,42.4931,297.1,80.7016,33.1947,,175.716,34.49,,96.8182,23.2369,96.7023,89.971,28.3883,31.41,26.6068,213.61,164.16,267.18,50.93,62.4557,,328.68,38.25,183.63,149.246,,61.9017,450.11,58.4585,,88.149,,3.1,268.941,78.58,36.0376,133.6,193.758,18.7551,233.997,215.8,,35.18,116.791,42.9291,631.322,38.1461,,48.6633,227.53,,42.3573,,38.9893,261.19,193.27,102.75,87.5985,,102.69,54.7964,,14.9124,102.518,44.3961,,54.5973,76.599,59.7347,215.96
2021-02-01,43.1678,54.9406,101.783,150.501,53.1649,111.8,305.899,132.548,81.8677,75.02,4.74967,25.2199,272.88,18.8472,143.596,71.4359,40.3677,19.3431,56.3145,76.2985,15.7026,213.463,38.6032,65.0017,75.4945,209.201,14.8863,214.872,3.12,14.1504,154.646,194.03,17.1075,281.61,92.7706,20.9165,71.6775,12.61,100.731,75.77,133.385,56.9801,40.2134,189.693,51.1049,27.4945,16.3837,590.059,89.9114,9.5869,166.787,27.37,208.064,112.437,87.01,94.5,25.435,107.565,119.604,40.1,161.0,16.29,9.61538,74.4316,21.0091,16.0794,17.6063,175.118,27.1704,106.472,76.558,35.4274,52.1533,21.1425,102.13,30.3115,245.6,86.8223,44.9455,76.6904,216.5,350.506,131.73,29.4433,44.0142,13.34,44.6701,74.9972,49.8076,51.7829,39.3,64.3671,373.994,113.969,29.822,31.3632,83.5064,2328.51,8.22,119.97,85.9291,81.02,206.259,27.146,33.9,189.98,53.885,119.51,34.3723,38.2933,38.2526,98.2,245.342,94.6913,83.1,28.84,28.8678,49.62,97.628,51.7499,89.7577,77.0108,186.223,13.1942,15.14,54.5292,68.9827,145.702,118.234,54.3656,100.115,99.6963,116.464,450.57,105.909,174.99,212.55,257.62,47.94,11.9669,23.0116,46.67,94.1637,153.502,51.0995,42.7656,21.89,93.27,123.802,139.909,101.843,29.8846,242.248,297.38,11.4733,332.951,22.488,168.803,13.6628,161.726,60.3086,37.2198,20.94,172.271,33.4859,61.85,48.9682,43.87,56.1063,77.1465,144.824,52.68,259.85,149.988,439.41,174.73,629.533,118.27,137.951,69.398,39.0603,48.7276,116.806,215.388,613.42,322.33,65.02,72.09,40.7173,27.9952,560.719,18.2,96.4922,128.9,1116.05,154.941,94.5614,43.8495,58.54,7.67,195.304,122.668,38.4468,125.609,39.89,26.9803,123.822,25.22,23.3152,123.259,96.2229,192.79,179.04,76.0801,520.17,29.56,57.5781,78.66,141.09,245.21,250.928,190.299,37.7736,152.529,50.7063,232.231,567.11,237.097,277.31,408.479,227.35,137.817,32.4718,17.49,141.52,77.8742,145.173,184.46,134.634,169.079,49.9478,27.29,33.77,63.5874,340.35,80.9259,153.956,191.415,29.2806,44.303,32.4876,31.0792,172.205,4500.84,106.038,547.913,394.628,499.43,88.86,71.6694,106.692,43.6684,54.6036,62.6,35.7159,62.455,371.69,99.445,13.928,278.768,584.5,339.572,463.42,220.27,46.2477,329.12,225.167,371.0,31.1925,373.61,93.44,329.56,176.965,,152.85,286.14,74.14,154.81,298.31,115.78,370.364,176.06,89.66,45.363,299.426,89.9108,40.2763,,189.289,40.27,,98.8091,26.197,110.439,82.376,28.2215,35.82,30.0686,216.76,165.49,259.1,51.75,73.57,,311.68,43.265,206.35,171.202,,64.6561,457.55,59.7185,,116.939,,3.263,273.111,81.12,40.0819,149.84,203.069,16.201,233.038,216.0,,23.9,126.611,46.7595,625.222,44.7482,,54.3517,245.18,,48.7554,,41.0646,283.5,169.49,95.41,96.5968,36.3728,115.37,61.2311,,17.6659,107.472,59.034,,47.8804,80.539,60.8381,230.03
2021-03-01,44.3076,59.6349,102.547,162.094,56.3419,124.143,314.328,134.112,86.609,93.22,6.12668,29.5419,279.75,20.54,144.243,66.4443,39.4766,19.5165,59.9524,93.0947,15.7793,227.019,40.8056,71.3699,87.5257,222.749,13.5267,225.758,3.32,14.4887,154.704,198.76,17.6542,286.531,95.6741,22.4224,76.2023,14.7,102.753,79.11,136.276,57.9463,45.1124,194.822,56.5642,28.4975,16.6399,552.35,105.428,10.2731,176.602,34.31,230.131,118.26,91.9,101.9,47.455,109.215,137.601,38.54,172.12,20.62,9.85372,75.6923,22.7804,16.3149,18.3882,196.158,29.6458,120.285,88.8509,37.3579,62.8125,23.7835,107.77,31.9658,246.31,97.2326,48.0871,82.0856,211.87,352.7,125.37,33.2995,44.112,20.11,46.0289,82.3197,50.6377,50.4379,39.54,67.9017,399.473,117.435,33.8167,33.9316,87.6177,2329.84,7.72,125.29,93.873,87.3,205.611,25.4732,37.19,208.62,52.166,132.66,35.5213,38.6201,39.4074,114.46,270.124,101.941,83.64,28.4164,31.087,53.79,103.143,50.6807,91.4975,75.6103,199.642,14.9448,12.4,60.7603,72.9429,162.409,126.303,57.1922,100.557,105.427,126.295,473.14,122.674,192.31,214.89,294.53,48.28,10.8368,25.0509,51.0,109.366,155.723,57.2019,42.5308,22.16,85.61,131.971,148.967,103.432,33.2906,260.41,329.31,13.4318,331.916,23.1125,185.289,14.8894,174.697,61.3723,39.125,23.9,177.752,37.1942,69.24,57.0363,45.545,59.3397,85.5727,165.717,57.54,242.84,171.852,384.06,182.7,659.866,125.68,145.751,79.9824,41.6131,52.2949,122.13,224.117,617.02,309.17,69.21,74.38,41.3829,31.9965,571.658,18.46,95.9822,138.121,1155.69,144.358,95.7415,51.4487,63.91,9.01,199.021,164.162,41.316,132.445,44.25,29.6504,127.037,31.26,20.5818,120.508,95.9602,193.14,182.55,80.1267,489.31,27.59,65.5713,81.27,136.99,247.78,273.634,191.521,37.9755,157.948,53.0271,239.43,541.53,273.078,268.63,413.161,210.94,148.674,33.6947,18.868,143.4,75.6373,148.834,176.7,145.203,197.872,55.9895,27.1525,36.884,67.8334,300.0,94.5473,162.648,205.302,31.8744,45.7453,35.4102,34.1964,187.654,4710.93,118.806,490.736,412.154,485.18,84.65,78.3279,100.022,46.6195,58.8674,60.76,41.2773,67.101,367.539,89.8475,13.1016,279.895,571.17,361.372,424.53,201.67,49.1123,339.998,222.643,413.65,30.0694,396.69,87.45,327.45,195.764,,137.38,289.83,77.79,130.95,287.44,104.84,349.914,162.16,84.27,45.1747,304.036,94.9419,49.4267,,195.459,41.61,,105.073,26.2692,124.058,82.189,30.9815,38.37,30.8652,233.76,142.42,260.92,54.51,76.1556,,306.71,46.37,187.94,180.244,,69.6052,486.05,53.6765,,168.746,,3.906,304.914,77.62,43.5816,137.9,215.867,16.7403,212.654,182.51,,23.29,125.703,44.443,682.776,47.9799,,55.07,248.43,,53.003,,45.4219,262.4,131.13,83.34,111.269,35.7218,119.04,74.0278,,17.8244,113.613,41.3982,,52.6994,65.166,83.0307,227.05
2021-04-01,46.1882,54.3276,110.957,194.396,60.0143,128.172,334.958,140.753,88.1085,102.48,6.92495,27.182,267.33,20.8765,150.025,68.6345,45.8372,20.5936,58.8763,95.5061,16.2812,258.681,41.1276,74.3979,96.532,234.787,14.7385,250.977,4.32,16.2556,173.371,218.77,19.772,309.132,103.315,23.4224,78.4266,13.42,117.25,85.2,148.194,61.1393,46.0132,192.676,58.7678,30.7804,17.9345,625.709,107.553,9.76592,183.751,37.49,246.513,127.996,93.4895,108.7,43.3975,115.109,151.02,49.47,176.23,22.88,10.7173,73.2883,23.8156,14.4818,18.9028,202.504,32.0752,124.533,92.2514,38.1577,66.4533,25.4615,116.53,32.6293,288.33,104.034,52.6775,87.8752,230.32,378.907,128.4,34.734,47.2712,17.86,44.7393,81.9685,52.6507,53.3697,34.31,71.1245,442.776,128.238,36.8587,36.7819,96.3069,2466.08,7.4,132.13,98.7575,76.53,226.807,24.2168,35.9,186.76,51.347,133.24,34.0283,39.728,41.294,114.9,284.409,112.065,95.52,29.8406,34.5989,47.13,108.501,52.7258,91.2344,75.0251,212.046,15.5449,12.9,63.0918,88.2337,178.377,131.451,59.6143,104.862,112.872,133.419,481.3,131.22,205.5,218.2,325.08,46.92,12.7731,25.8036,55.08,114.993,171.341,56.963,41.8467,24.31,86.95,146.834,161.105,120.506,35.4564,278.295,319.95,15.7977,349.022,23.9498,197.797,15.1546,186.067,65.163,42.2981,21.72,175.67,38.3937,72.5,58.777,48.525,64.8388,83.9951,168.328,54.4,262.29,187.458,392.84,188.17,699.851,140.986,151.648,87.6174,44.431,52.4286,141.89,253.459,673.45,329.35,69.14,65.55,43.7497,31.8278,596.764,19.91,102.681,151.573,1313.32,166.151,106.501,53.7501,61.74,10.01,211.888,184.71,45.5909,145.118,46.79,29.5855,139.469,32.91,19.124,128.261,101.475,234.69,195.88,85.5027,548.99,31.05,65.9642,85.38,131.77,247.06,295.488,185.548,40.7051,174.107,59.5265,267.593,595.53,278.635,287.72,478.699,217.11,154.048,36.4945,19.698,144.35,78.586,159.739,175.38,152.496,204.082,60.1652,31.1275,40.846,75.4394,294.15,99.0843,175.007,219.893,33.7229,47.8448,36.6957,35.6162,207.889,5018.1,127.4,481.407,419.126,487.74,81.88,81.2078,101.274,46.9023,57.5412,61.26,42.7251,76.3358,381.79,96.525,12.4745,326.492,630.13,414.954,424.86,198.79,49.3121,416.093,236.48,447.75,31.1328,457.75,97.84,323.95,187.187,,155.63,332.45,82.0,178.82,263.54,89.12,358.012,139.25,94.48,52.5586,331.253,106.27,52.7956,,207.981,39.0,,115.179,29.4879,128.214,85.443,33.9547,39.71,33.8222,255.1,151.61,295.22,54.77,81.1033,,335.27,48.67,172.71,185.189,,83.4071,521.41,58.8985,,163.515,,3.702,328.159,86.82,48.6146,143.89,225.042,15.9733,206.964,208.51,,23.04,130.933,52.3462,741.948,55.572,,56.3667,247.0,58.01,49.6823,297.64,45.7021,285.26,143.17,85.77,118.989,37.5169,120.12,81.5418,,17.4535,127.055,37.6554,,53.5249,72.931,79.3913,244.82
2021-05-01,47.1678,59.4644,117.107,205.618,61.4438,127.964,358.812,141.599,86.8407,102.13,7.03471,30.2704,267.48,26.7216,153.935,75.5526,43.002,22.1148,61.3248,91.2675,20.9938,259.887,42.9907,76.7955,93.7704,234.946,15.8916,253.455,4.2,15.9474,161.154,219.92,20.0643,302.475,111.07,22.2509,70.0408,13.62,117.416,87.78,144.389,61.7259,51.2824,208.673,61.3962,30.6141,16.9564,652.21,123.618,13.4853,198.061,42.7,247.184,119.164,93.4304,114.21,55.5,110.383,157.058,47.87,176.95,25.82,10.8776,76.7517,24.1616,14.3377,20.6644,212.023,31.459,127.557,89.7967,40.8034,65.8737,27.0663,120.07,32.5907,280.73,106.854,54.6145,89.1985,238.1,357.614,131.87,35.8104,51.976,20.12,47.0051,77.7436,52.6419,56.8456,36.38,71.4634,446.325,123.783,35.6747,39.9179,95.0224,2361.55,8.59,141.45,100.171,76.11,221.051,26.9285,39.16,185.43,50.281,115.19,30.5409,44.032,43.7429,97.5,276.76,113.339,95.9,27.4396,35.5423,43.45,116.097,59.1106,99.0388,78.9296,200.398,16.7198,14.12,67.4539,91.6829,178.805,136.247,62.4389,106.461,114.509,133.588,502.43,137.188,210.68,208.63,328.73,47.68,14.9016,26.5882,56.71,118.342,174.966,59.0436,43.3251,22.58,93.27,157.936,163.943,120.578,34.2574,282.866,333.96,17.1479,359.981,25.3092,211.296,15.0971,170.889,70.0232,45.8461,24.24,165.2,40.9023,76.04,59.5936,47.135,64.3568,84.228,169.432,58.35,260.02,177.699,405.64,182.72,718.221,142.038,151.311,86.327,45.5605,53.7399,143.506,256.613,694.53,345.36,69.2,63.06,47.1725,35.334,630.893,19.06,98.3218,154.82,1300.95,165.085,107.909,54.6882,73.6,8.91,191.24,184.939,49.7397,142.539,48.66,32.5725,140.429,37.92,23.4035,124.843,108.635,240.16,231.84,86.6831,558.11,31.9,69.1963,83.78,126.99,254.34,294.494,203.608,42.8546,171.373,60.4054,252.662,590.15,293.032,274.44,462.098,209.26,154.866,33.4452,21.2112,142.38,80.7712,151.662,185.56,161.062,208.933,58.8034,32.2525,43.708,74.2789,271.05,95.4606,162.707,218.912,32.9911,44.7755,36.6262,35.5179,188.419,4887.23,131.176,460.502,399.348,497.05,90.11,82.0119,94.776,47.5661,63.6311,57.75,45.0279,77.0249,327.355,92.3475,14.3955,345.368,602.37,419.423,403.16,164.73,49.5418,430.709,208.407,419.47,34.8482,477.6,107.45,328.72,205.583,,143.38,337.99,77.79,185.01,258.01,81.97,339.923,143.05,89.46,51.9966,330.229,102.955,60.7893,,218.527,40.04,,119.861,28.9579,136.55,85.4,35.2983,39.89,37.8866,251.36,140.59,269.67,50.83,83.8765,,323.13,44.54,140.4,184.815,,87.3479,506.06,60.5415,,154.274,,3.474,342.442,80.96,48.7679,150.42,232.33,15.3099,194.516,222.15,,22.95,132.611,54.689,794.242,54.8427,,55.9067,228.72,74.31,52.1988,236.54,50.3425,265.09,150.28,91.05,125.254,44.6868,115.2,82.194,,16.4387,129.53,38.9397,,54.2342,58.814,78.8278,222.52
2021-06-01,46.9029,68.5772,118.918,199.26,59.9275,128.26,366.054,142.664,86.1187,94.81,6.69544,32.2789,346.27,26.4116,139.207,73.3722,41.6501,19.1912,64.5433,91.5806,22.5339,278.532,42.4349,71.2511,88.9283,229.225,15.1037,242.768,3.9,15.3308,172.008,227.69,19.7827,313.895,109.194,21.0861,67.7888,13.66,121.649,85.73,137.673,56.5916,46.7388,203.721,60.6455,32.586,16.8772,624.008,124.518,16.6677,201.238,46.43,262.648,113.785,90.6886,116.6,53.535,116.415,152.214,49.97,163.71,24.5,11.0283,73.2251,23.6881,15.2651,22.0301,210.171,31.3751,123.995,85.0522,39.0038,62.3779,25.3578,120.43,33.2201,306.55,108.094,57.5119,92.7905,244.27,362.08,122.3,34.3264,50.2941,21.56,46.2406,76.8337,54.6323,53.7778,35.64,79.4242,466.341,121.732,37.7473,39.3243,90.3177,2188.09,9.05,144.83,98.8959,90.51,227.391,31.1032,41.22,186.66,52.821,129.15,38.2843,43.9781,41.3983,99.5,289.141,115.534,103.57,31.0068,31.4451,40.3,117.919,57.7909,91.3348,80.4301,213.668,16.6209,14.28,66.0048,84.1942,185.317,139.189,62.6467,105.941,107.313,132.205,558.54,136.388,192.19,201.63,347.71,43.26,17.0946,25.385,57.19,101.849,184.549,58.9042,44.082,21.15,85.28,145.052,154.155,125.316,35.0774,289.371,319.01,18.2994,348.267,23.9886,203.847,13.899,173.036,70.9755,46.9205,21.21,186.326,38.2657,74.19,79.4743,45.675,63.0137,83.7267,160.951,52.29,291.48,193.124,473.21,195.65,782.445,156.302,150.449,83.3507,46.8511,51.6796,137.568,225.833,721.45,345.77,60.31,66.72,43.363,34.3276,629.386,18.57,99.0265,162.249,1385.34,166.818,111.584,53.3573,72.93,9.34,185.339,186.207,48.0414,142.519,45.54,29.8073,128.824,38.94,21.9357,120.209,116.199,242.32,242.2,85.182,631.55,29.41,70.1602,84.13,136.82,275.79,314.836,243.842,42.6368,175.986,60.4373,244.938,611.0,282.797,256.06,526.195,210.77,157.41,33.5515,22.6445,154.41,78.9787,160.88,177.02,147.591,203.658,57.3249,32.9575,47.638,87.0993,257.4,92.5136,171.806,216.346,31.7572,43.6438,36.4108,34.4613,203.66,4973.3,125.516,457.579,398.949,529.49,87.59,81.5551,109.91,46.1928,58.8511,52.69,47.7699,80.4074,360.994,106.75,13.4984,356.889,644.29,459.31,452.37,205.84,48.7127,452.524,226.567,418.83,32.3875,510.96,103.75,415.15,200.59,28.677,161.25,369.92,81.83,234.98,276.37,76.49,370.553,183.63,95.92,52.6104,331.472,112.016,58.2918,,216.364,38.28,,127.62,29.156,128.223,82.82,36.2904,38.94,43.3374,253.06,176.8,274.51,50.12,75.4998,,364.97,42.66,153.14,181.141,,91.5605,502.68,61.8415,,170.156,,3.518,344.214,86.96,49.278,157.33,233.489,17.7077,186.986,251.31,,26.36,132.147,59.3242,796.062,58.338,,64.0117,238.74,75.17,60.6406,253.3,49.1534,301.82,178.33,104.08,122.34,43.9418,106.89,78.1193,,16.0647,131.717,41.7265,,56.3332,77.36,74.2315,243.8
2021-07-01,48.6003,66.6237,116.572,183.339,58.9225,138.456,361.575,142.794,82.3946,121.33,6.9449,30.8789,326.73,24.0831,128.222,62.933,40.5209,18.3069,64.0086,97.1694,21.0134,289.438,39.5539,69.0292,93.9076,219.858,13.614,251.235,3.34,14.3459,166.38,216.37,20.2391,329.432,111.841,21.3064,71.9689,12.1,134.241,96.46,144.841,49.3095,47.0328,203.18,61.4417,31.6239,15.7319,655.81,126.138,15.1461,219.707,37.81,274.955,109.654,86.3329,119.92,40.28,117.521,153.802,49.66,160.87,23.15,11.6145,69.9869,25.0782,13.9891,18.2001,220.478,34.8426,125.473,90.0158,40.7157,65.1186,23.1308,120.25,35.2019,330.49,116.296,61.0888,93.7087,241.93,383.204,98.33,34.2967,46.1881,25.0,45.1458,82.6074,57.196,49.0627,36.34,83.0182,487.883,120.445,40.256,40.6612,90.6474,2178.26,7.22,144.02,104.089,86.04,239.617,27.3281,37.18,206.51,51.757,133.95,39.4844,46.0685,41.7728,99.79,312.474,123.756,112.27,37.2688,30.7754,37.95,123.714,52.8161,88.1971,68.8185,230.153,16.0887,12.62,72.2586,84.1648,183.411,151.272,61.3666,110.6,104.347,137.696,574.61,133.75,194.9,201.58,356.3,39.9,15.2668,24.2624,56.31,91.1586,200.993,56.5847,44.8734,20.45,76.87,158.9,158.385,135.221,34.1106,316.466,329.55,19.3431,359.634,23.1612,244.723,13.8209,188.117,66.324,45.6774,20.38,179.304,36.0983,80.15,63.4662,47.16,66.5899,85.0634,166.383,46.72,275.53,199.631,495.75,189.59,799.82,166.145,166.039,81.5602,52.9761,53.843,136.825,202.334,744.05,335.8,58.03,75.04,40.2172,32.6844,623.357,17.52,105.408,187.096,1473.71,204.042,111.927,56.3912,68.61,8.73,191.141,174.755,49.5348,146.01,43.06,29.016,134.602,39.98,20.3728,131.002,115.636,247.7,264.73,84.9059,678.53,24.03,68.7342,77.35,147.65,287.99,336.848,268.85,37.5176,194.742,61.7009,245.739,695.8,300.695,258.22,588.269,218.16,169.066,37.6041,23.7745,164.55,65.3785,171.288,173.42,152.338,198.236,61.8684,36.75,54.448,71.5522,236.85,94.9018,180.349,223.418,31.2196,42.0982,34.9694,32.5426,215.157,5222.6,133.104,469.006,394.628,552.48,78.89,84.1017,117.578,46.5952,57.81,42.35,54.3062,88.0592,397.275,128.878,13.2913,409.372,739.51,517.389,492.64,183.51,48.7727,471.433,229.067,452.77,32.1592,559.8,87.36,419.36,201.25,27.4916,159.27,406.92,85.5,353.6,259.48,68.38,445.782,189.6,98.4,53.856,352.876,119.974,63.0353,,222.903,39.06,,143.699,29.3162,130.192,88.85,39.5894,39.0,41.1513,273.01,186.02,279.69,43.46,74.9985,,400.17,44.5,144.01,194.349,,109.302,523.91,66.5085,,158.754,,3.804,323.257,83.85,47.7703,166.85,250.673,18.2812,179.753,253.61,,21.71,144.137,56.1386,788.966,62.7896,,68.475,234.4,61.47,68.2887,236.58,48.2354,337.56,174.29,110.7,121.094,45.7449,115.11,74.1143,35.15,15.1189,138.341,37.7855,,48.052,81.91,70.7916,247.26
2021-08-01,50.129,75.1294,123.877,188.438,63.9611,149.235,400.767,144.188,84.4706,109.09,7.16443,32.4798,338.91,25.8979,135.188,63.2104,38.6235,19.4288,68.216,99.1684,20.6923,299.75,38.561,76.283,94.2943,207.651,12.9838,267.354,3.75,13.9398,173.54,216.26,20.6751,336.527,107.661,19.866,74.9242,11.36,144.175,96.3,124.17,52.1266,50.2222,193.208,60.286,35.4652,16.3541,608.595,122.591,14.5394,221.389,35.76,284.054,112.162,87.194,113.25,54.56,117.226,166.452,54.69,144.5,24.25,11.7973,77.1879,25.5728,13.9862,18.1407,226.57,34.203,119.257,90.9811,37.6002,60.8389,24.1827,130.77,37.2122,351.19,121.955,64.0522,96.4253,265.27,343.777,101.69,34.7448,44.6723,23.47,44.3279,86.8783,53.5229,47.7554,37.0,84.2624,479.889,116.226,39.6053,44.3695,101.824,2299.67,6.63,137.02,95.961,94.0,223.114,25.8954,33.02,203.57,56.919,125.21,43.7266,39.2778,36.5448,90.54,331.045,130.156,117.18,38.0666,31.7121,35.0,134.261,57.2599,90.109,67.4695,220.517,15.0612,13.4,75.6807,83.8681,184.938,167.87,58.2287,114.846,104.517,134.652,673.4,140.991,197.76,200.29,379.38,40.44,16.1538,22.1346,56.51,96.1235,202.826,48.7899,45.9651,23.14,82.73,154.493,170.062,145.462,36.7194,319.021,352.65,21.9747,378.002,21.7034,249.436,14.7361,199.815,62.6906,48.3284,19.94,178.822,34.1492,75.59,78.1262,48.785,68.641,82.4416,175.538,46.51,288.66,190.971,457.16,188.03,825.162,178.335,178.497,81.6842,52.042,54.7394,141.048,216.708,816.66,387.31,57.34,79.15,41.7715,31.6401,590.667,20.06,112.641,186.379,1552.83,234.437,115.974,58.5676,62.98,9.77,160.726,183.861,51.4282,155.26,48.96,28.6175,144.305,36.72,22.0378,124.435,123.605,259.73,308.74,91.7393,673.76,25.84,71.0697,76.49,163.48,332.24,355.195,287.805,42.6068,199.601,64.7292,258.942,709.0,307.744,263.28,627.442,170.68,167.823,38.2633,23.0955,179.38,64.0225,173.541,161.22,155.111,198.404,65.4407,36.08,63.028,71.9757,232.2,94.4599,197.732,220.764,32.1324,43.4026,36.9538,34.1419,212.248,5179.94,142.878,470.398,393.034,587.17,86.7,89.0974,128.728,51.7973,59.1313,44.61,56.6168,90.9245,485.57,132.355,13.9233,449.039,804.82,508.926,485.7,216.26,52.9147,488.499,245.24,463.38,36.1548,632.81,101.63,436.98,209.778,32.3827,137.44,443.86,94.22,376.69,289.78,81.1,491.096,173.73,112.35,57.5639,376.356,124.262,66.0092,,235.71,44.36,,144.334,29.0535,129.913,84.74,40.2478,41.1,42.9207,268.77,181.87,297.81,39.14,73.6339,,400.17,53.29,154.99,200.772,,119.23,459.74,76.84,,144.629,,3.654,328.902,73.31,48.1851,152.19,256.792,18.2236,172.183,281.0,,26.34,147.316,57.5084,858.229,63.4515,,69.7417,273.16,70.4,73.5994,259.0,51.3578,328.06,191.4,137.8,120.784,47.5452,117.79,75.4496,44.32,15.8228,147.719,38.2656,,50.7087,80.05,87.1288,268.07
2021-09-01,46.2052,68.2075,121.093,175.392,61.6545,141.881,366.387,141.261,79.3203,121.76,6.83514,31.2028,282.99,24.6687,144.203,67.2714,35.6828,20.4377,66.1306,86.5714,24.3039,276.93,38.6818,76.6915,82.8059,207.204,12.9243,258.749,3.75,13.5789,164.252,205.01,19.8439,296.443,104.146,18.7709,72.8627,12.62,133.193,97.36,118.605,52.1867,41.4171,186.101,56.8467,35.6277,16.1265,581.307,117.167,22.5054,213.718,37.63,259.254,107.914,84.7159,104.59,43.8675,112.924,154.355,57.35,163.9,21.42,11.3925,75.2895,23.6314,19.1522,20.2487,215.089,31.8096,115.752,84.933,33.7312,57.346,23.0261,116.26,35.6294,331.38,118.401,63.3198,89.8412,271.22,345.213,84.75,33.4588,54.9021,19.81,39.909,78.8356,53.2485,42.6474,37.81,79.3235,442.995,107.127,40.7373,40.9093,113.562,2373.87,7.53,127.76,94.3715,95.46,216.926,26.3664,29.69,198.78,61.034,127.96,39.0922,45.6663,36.9979,95.72,314.687,121.807,113.21,36.3504,35.2824,33.85,121.823,59.7134,84.2724,66.4641,209.866,15.4867,11.85,71.2393,79.6583,165.792,150.198,54.9284,102.587,102.522,122.992,605.18,129.758,177.4,181.39,339.39,42.61,15.804,23.286,48.41,98.8439,192.497,52.4732,45.1585,20.18,88.95,137.242,151.046,133.266,38.3008,310.442,350.93,18.8096,338.768,22.9932,239.775,13.6951,198.631,63.371,47.4849,20.52,160.623,34.9375,76.16,77.8897,44.415,61.6462,81.3675,165.459,47.57,260.21,197.611,405.61,167.19,772.989,161.364,165.563,75.015,51.0402,52.3438,146.471,229.037,727.56,360.92,58.6,73.81,44.8145,31.0911,607.294,17.52,103.293,180.937,1377.36,217.193,113.394,53.9342,62.31,7.86,155.957,172.749,49.1148,137.855,45.23,26.2863,131.611,33.61,23.9234,131.661,121.354,239.54,303.88,91.0215,621.9,26.71,59.6841,68.78,151.44,299.41,327.093,261.078,43.1386,185.901,64.0722,245.136,665.43,287.959,261.27,601.496,158.4,163.011,34.7327,21.4775,164.29,60.3072,161.852,154.07,147.325,187.609,59.4653,34.68,58.408,88.3314,269.4,85.4421,179.408,203.964,31.2795,41.5374,39.5895,36.5964,202.061,4794.08,141.524,415.818,374.241,515.42,91.13,85.5447,124.454,47.1554,54.1105,36.6,50.8759,81.1242,492.373,136.715,12.8955,422.116,745.95,470.477,458.65,207.96,50.3109,429.311,258.493,429.58,33.424,570.48,112.28,408.67,191.49,31.3305,156.99,412.67,82.25,384.86,265.22,72.46,481.523,149.97,112.62,54.986,390.765,120.635,57.4381,,235.264,45.77,,142.643,27.0288,127.566,86.06,37.4611,38.18,48.0905,271.31,175.02,284.23,44.8,79.0899,,404.7,51.74,167.75,175.988,,110.319,397.93,79.8335,,128.905,,3.657,289.532,69.7,51.4382,148.97,238.221,16.4619,173.47,245.78,,24.04,134.565,59.25,766.362,60.0851,,60.0333,249.89,72.37,70.8316,227.48,45.3921,301.54,205.98,141.35,114.71,52.4681,108.5,70.8213,42.08,15.2597,142.297,36.6926,,54.8691,70.3,82.7598,239.84
2021-10-01,42.6755,75.1097,136.569,205.618,64.2294,143.94,400.611,139.27,78.8716,121.12,7.56356,31.9806,266.68,24.8153,142.059,73.7149,37.5714,22.7107,61.4255,92.5947,27.0874,309.629,39.251,77.692,88.0326,213.224,13.8214,295.974,4.11,13.985,168.622,222.67,21.6121,320.563,109.234,16.9141,76.6726,14.61,147.511,104.08,107.945,52.0042,44.073,212.236,59.3487,41.2608,16.6211,579.537,121.237,23.1915,229.876,39.54,275.429,123.58,94.444,105.46,45.8775,136.169,157.828,56.56,164.41,21.43,11.7239,72.6851,26.2675,19.213,19.7044,225.15,33.7382,118.474,86.7247,32.7098,56.5164,24.2678,103.24,37.3516,361.13,132.738,68.8472,89.6045,299.69,333.57,89.8,35.3483,55.8655,24.11,41.4301,81.8638,51.4737,39.5116,36.93,77.3985,485.062,111.404,41.488,42.972,121.013,2420.78,7.37,115.03,98.1521,119.59,206.239,29.8595,31.93,211.15,69.031,136.92,38.4975,43.5632,38.591,107.76,353.961,140.779,119.82,35.5806,41.0601,32.97,128.636,63.6938,83.3464,70.9722,219.591,15.7494,11.82,72.7509,85.9799,172.468,138.738,54.391,110.364,109.04,131.309,639.94,125.945,177.21,184.93,323.57,39.13,17.109,22.6626,53.24,83.5236,214.619,54.1855,49.5109,21.96,84.43,123.095,167.832,148.27,41.052,330.048,379.11,18.7805,389.498,22.3299,247.432,14.0794,208.539,62.9536,45.3369,19.2,162.911,34.0541,76.35,88.1535,42.5,67.8892,86.0869,195.121,46.14,232.59,213.341,415.06,168.23,818.91,189.582,170.599,85.0612,53.8591,56.1561,165.21,238.718,674.89,367.36,52.8,73.31,45.5702,29.5866,606.565,18.88,104.195,198.906,1480.88,248.433,115.661,54.892,71.24,8.48,141.52,204.828,53.7613,150.606,50.23,26.9087,131.544,32.57,24.2619,143.459,129.273,261.42,331.91,97.2453,666.14,25.72,71.7238,66.98,173.11,333.18,341.695,260.441,47.1469,198.617,67.0034,255.619,624.37,313.311,247.41,657.397,159.01,174.508,34.6353,25.605,180.02,55.4726,164.234,181.0,158.604,197.007,60.9477,38.8225,67.268,100.015,227.4,89.2396,183.966,219.932,34.024,42.5936,39.2242,36.4386,231.203,4894.8,168.923,403.933,354.754,533.95,101.15,90.0298,139.552,49.1069,52.6167,38.81,51.455,79.1823,544.118,155.802,12.7058,427.423,794.68,482.318,543.22,250.69,53.6528,509.114,371.333,449.22,33.6532,673.24,109.46,498.56,196.365,35.115,150.78,448.68,87.37,345.21,354.68,71.6,522.036,231.63,125.25,62.5822,439.385,130.368,64.903,,251.128,48.07,,157.772,27.923,135.38,86.05,40.3149,41.82,53.5245,295.72,179.96,310.02,43.82,90.0992,,466.01,58.27,170.66,194.201,,132.288,398.2,84.8485,,135.762,,3.539,294.574,69.17,54.3798,172.89,242.944,18.8587,201.245,281.8,,25.88,143.171,74.0261,862.129,78.6299,,65.885,289.98,98.25,81.2983,319.42,46.5574,303.18,194.8,167.05,120.914,54.3001,98.49,90.8314,34.97,17.343,157.285,33.6382,,59.5795,74.91,87.0108,254.5
2021-11-01,41.4723,66.2138,142.405,192.016,66.2539,145.8,369.249,123.348,84.3666,123.85,7.39393,32.6226,235.74,24.3526,142.675,64.6232,38.6704,21.8188,65.2591,97.3379,25.9844,305.152,37.4138,77.1441,96.345,222.371,11.7513,284.752,3.82,13.9323,175.354,239.91,21.4403,328.798,103.657,14.6865,76.792,13.64,141.384,95.57,101.858,47.104,41.7962,212.206,57.5895,36.2697,15.5045,560.424,120.171,19.4523,232.011,36.0,256.382,112.771,92.594,112.7,49.0525,128.556,149.451,43.42,161.09,19.06,11.1123,82.0779,27.2291,18.3594,19.2293,205.135,31.4961,122.897,84.3471,29.1679,48.1483,21.4663,94.5,39.2058,324.34,130.435,66.6691,81.4528,284.96,313.084,81.01,33.2906,59.8747,20.35,40.5301,79.3277,45.2535,43.7053,29.67,77.1984,461.477,107.366,42.544,42.7827,113.522,2101.85,5.67,108.81,86.302,103.6,189.04,21.8165,31.67,227.58,64.19,141.25,34.7635,35.42,37.199,133.83,352.592,146.395,107.31,32.8682,33.8003,25.86,119.554,59.306,79.2157,66.4223,219.372,14.5367,11.95,72.4755,99.1086,173.761,129.018,65.6128,110.963,106.534,135.388,636.53,121.371,167.87,186.94,324.46,36.2,17.9585,21.3958,59.22,66.9659,220.417,57.6101,51.5604,23.59,69.82,117.962,170.092,142.452,42.6924,329.566,338.74,18.8096,400.657,21.3305,222.862,13.7917,223.033,62.6457,43.7159,17.69,148.347,32.2513,71.06,96.022,41.89,64.9973,88.3242,189.441,42.26,184.89,208.797,365.33,146.23,797.453,192.113,165.692,84.5462,55.0231,54.8405,160.521,222.511,646.28,383.95,48.57,74.73,45.4645,28.0511,562.061,20.07,94.0855,200.894,1514.13,264.333,117.891,53.1645,71.41,9.73,117.823,200.754,54.7993,160.078,48.61,28.7065,125.046,29.99,22.7421,134.609,126.805,259.13,312.25,96.9494,608.07,19.51,77.5933,67.72,177.46,341.0,340.751,252.868,39.5692,194.654,65.985,252.088,611.53,312.262,207.13,623.364,164.19,164.895,32.8844,31.015,194.48,51.2295,149.589,165.88,148.637,173.576,61.0489,36.29,66.422,100.015,168.9,88.1261,187.118,221.933,32.7586,44.5492,35.2464,33.1259,216.556,5225.34,175.861,349.164,295.899,588.78,106.65,88.1938,129.54,46.5251,52.2739,35.62,53.3165,79.4938,434.499,140.648,11.8146,440.326,753.2,517.013,518.98,274.58,58.2444,548.46,381.587,415.29,31.345,608.55,90.07,421.24,218.365,28.1795,129.99,365.87,85.87,352.43,327.76,51.23,549.849,250.0,109.4,63.9763,464.635,117.588,58.7344,,251.108,61.43,,159.815,25.8787,137.437,77.76,39.6891,40.38,50.5478,285.18,168.79,288.44,38.0,84.66,,454.41,69.44,172.54,191.611,,135.182,353.13,91.1565,,128.842,,4.14,304.151,70.17,55.1129,160.35,241.515,19.1371,181.683,217.14,,20.65,151.412,68.5445,826.624,73.6144,,67.5667,274.23,91.11,77.8627,315.0,47.2767,280.42,178.77,178.29,118.79,51.0881,96.52,94.3315,25.94,18.0939,154.667,28.7428,,48.1397,103.42,91.2756,208.33
2021-12-01,41.7624,65.2716,150.434,207.47,69.8767,169.664,372.719,131.155,95.3427,116.85,7.70325,36.3677,239.92,25.4599,149.456,72.5109,39.3868,21.0698,69.4413,107.636,25.5247,351.105,39.0172,85.1559,107.181,247.67,13.4155,296.608,4.05,14.5489,166.717,253.82,23.7435,366.55,111.655,16.7768,87.3677,13.75,144.329,108.51,106.784,53.2725,43.3444,223.881,65.1339,37.4468,17.174,623.054,132.689,17.7318,246.881,34.83,287.123,116.224,105.352,117.04,37.0975,134.835,153.142,42.47,180.72,18.59,11.7697,85.6489,29.4796,17.3722,21.5848,209.225,34.5915,131.992,94.1861,29.9638,55.2204,22.1298,113.76,42.6562,359.3,137.98,69.0815,91.2667,254.13,357.226,85.04,36.1022,69.9443,21.77,47.7835,88.3126,49.74,49.2742,29.56,83.1608,489.02,112.761,47.082,49.8926,114.4,2399.23,5.92,115.98,87.6255,87.16,211.417,23.031,29.36,244.71,60.244,130.23,41.577,37.7864,38.7377,140.52,408.97,164.153,129.55,34.965,38.8935,27.26,118.375,62.3663,83.8521,69.5814,233.777,14.9128,10.29,71.8268,109.791,201.16,132.213,69.5582,130.323,106.404,146.045,631.52,130.361,182.18,219.6,336.35,39.08,16.4546,22.0779,64.91,65.4033,242.249,58.3666,62.3619,21.19,76.9,128.816,164.473,144.68,45.206,344.022,332.29,20.3965,437.403,22.2702,254.305,15.2736,227.141,67.2238,45.2777,17.96,151.744,34.4488,77.53,86.0285,48.02,68.7453,101.293,202.558,43.78,188.58,227.877,380.44,156.39,830.477,219.074,185.633,89.8958,58.1848,56.6375,167.688,234.781,651.97,412.34,52.1,76.56,45.4449,31.7399,618.68,18.04,104.7,223.477,1697.21,232.256,132.046,59.6465,82.4,10.5,134.058,211.099,58.8484,169.95,51.8,31.3534,131.349,32.19,23.4437,155.459,128.247,282.14,334.32,99.0303,658.46,20.74,84.2683,73.4,186.35,368.5,385.569,258.453,44.8703,218.043,72.3331,269.334,657.18,341.175,223.84,606.764,172.14,179.468,33.803,35.9375,206.51,62.5362,165.255,177.72,165.039,182.6,66.1697,37.905,71.88,101.07,202.65,102.226,202.352,233.522,35.7363,46.8065,36.4208,33.7867,241.21,5908.87,177.452,407.155,326.8,595.2,119.69,91.5126,129.822,49.3603,53.9776,37.64,53.5892,86.0886,412.361,134.238,12.9855,466.533,755.57,557.632,537.95,218.94,61.7682,560.211,352.26,436.89,30.5936,668.45,93.53,351.92,223.249,29.3552,132.25,376.78,87.19,253.98,280.57,51.85,490.708,182.94,104.46,69.8077,481.935,128.877,61.2191,,252.696,67.92,,173.674,29.0115,134.229,79.03,44.4975,44.45,51.1445,318.08,157.0,266.07,41.93,91.3005,,391.45,85.71,166.49,203.924,,123.66,433.67,92.7935,,133.408,,4.395,320.157,84.86,54.82,164.95,265.96,22.0791,188.381,204.75,,18.21,158.695,70.1432,840.486,73.664,,61.0517,273.18,94.26,78.4428,252.37,51.2774,231.79,148.9,178.11,126.8,55.3609,103.79,98.3783,17.76,19.4665,163.91,28.2513,,48.2405,91.64,79.235,161.51
2022-01-01,41.6853,58.9599,138.6,195.731,70.5812,132.992,345.562,131.911,98.9944,109.0,7.01475,32.0416,226.0,25.4895,164.841,80.099,36.816,22.1712,65.6832,89.395,30.8915,336.078,38.745,88.7995,88.1758,234.628,16.2569,299.215,3.9,15.4135,149.574,217.18,23.3677,308.715,108.647,17.7833,84.1182,14.83,134.815,101.34,117.327,54.7476,41.1449,224.905,65.8411,35.3621,17.1245,588.716,113.116,19.144,238.718,39.0,246.878,108.376,102.438,114.55,27.2325,124.867,149.855,40.34,183.29,18.25,11.0111,76.2244,26.0833,20.0234,21.0306,205.342,33.9012,136.612,94.1568,31.9426,52.8746,21.7834,108.37,38.8182,284.18,126.314,58.9508,98.8104,232.63,384.628,85.45,37.3586,68.0569,17.14,46.7173,86.8654,51.5884,39.096,29.42,83.9948,435.21,96.4482,43.45,43.7808,102.554,2456.13,6.49,108.17,88.1676,78.38,220.641,27.8902,28.72,207.62,42.714,111.17,38.8779,36.98,37.6892,131.22,349.725,152.903,109.2,29.7116,39.5473,27.15,103.668,69.9292,87.9433,81.4219,207.028,16.5792,11.09,62.8492,104.121,175.88,120.803,57.0583,133.127,94.7873,135.846,608.59,120.807,157.87,243.05,313.26,39.69,15.7493,22.0093,60.07,67.8301,198.653,52.4932,54.9079,18.83,77.81,129.214,146.178,135.698,41.362,324.75,320.12,16.7532,386.365,22.0127,237.612,15.8162,194.773,68.2953,41.569,16.47,143.318,34.3528,75.3,85.331,43.36,66.8898,101.442,190.812,42.88,171.94,219.925,348.82,137.28,711.734,191.499,158.061,79.1943,55.4699,52.3685,156.088,231.289,593.34,363.74,54.74,70.24,49.8798,31.0022,599.146,15.99,99.549,202.32,1472.68,219.304,123.492,58.5095,77.76,8.48,148.634,191.09,53.8097,143.392,54.45,29.7313,145.315,30.08,26.7371,144.616,116.565,244.9,293.89,104.778,507.3,20.83,75.2904,74.33,152.14,310.5,322.554,226.817,42.7108,190.542,68.8776,278.66,494.96,313.845,238.26,530.929,154.47,156.306,30.4832,31.0775,168.82,63.3554,166.069,163.34,152.91,183.053,62.6501,32.3125,59.448,118.227,166.8,104.613,186.811,213.395,36.651,47.5987,40.0829,36.6559,222.376,5327.22,149.499,341.038,308.596,509.12,109.51,88.3232,117.156,49.3603,56.842,43.8,47.1075,84.4671,333.016,107.62,14.3684,391.332,599.73,449.261,473.8,157.08,56.1179,471.384,312.24,421.43,27.9854,476.14,76.14,282.38,201.358,30.7631,112.7,329.76,72.16,169.33,238.22,45.61,400.786,140.47,75.82,65.8348,418.349,93.7701,54.7594,47.7234,230.193,59.0,,155.602,27.5764,125.506,70.16,41.2004,46.32,58.1946,290.48,139.93,248.0,37.4,96.6788,,333.76,67.99,153.97,183.376,,126.125,494.99,86.2335,,114.834,,4.052,279.945,75.71,55.4451,136.58,229.689,21.149,181.049,180.64,,13.71,140.664,67.7896,755.468,70.362,,53.3717,253.01,64.42,76.9475,190.15,48.9567,162.06,113.49,146.11,118.78,58.493,105.7,89.27,14.15,16.7143,145.373,31.3124,,48.8271,69.54,75.5715,122.29
2022-02-01,38.9923,53.5814,129.522,205.16,68.2435,129.3,332.517,129.352,93.9214,114.66,7.12451,31.8772,211.01,28.5217,178.57,81.5432,39.6776,23.3798,57.7644,83.6001,34.0533,332.788,40.8899,90.9772,84.625,213.472,16.9794,295.825,4.06,16.7368,153.563,213.72,22.6647,294.011,118.569,17.0962,85.0743,16.34,134.569,96.85,93.1678,54.024,40.7114,231.796,64.3189,34.5713,18.0423,596.253,102.128,22.8236,233.201,38.08,222.699,129.107,94.637,108.26,30.835,126.312,167.447,49.99,196.11,16.53,11.5613,69.434,23.8114,21.3314,22.9011,247.55,30.0403,131.904,88.8832,29.7392,53.5871,20.572,112.77,37.0718,290.33,119.017,56.2974,97.0972,210.53,359.189,86.52,38.067,80.2314,22.36,46.8845,79.4011,52.5419,38.4915,20.78,81.3453,446.225,90.1724,43.2827,46.8898,108.756,2172.25,6.85,123.21,100.38,75.29,211.182,35.4796,27.51,200.85,39.452,109.33,36.8424,34.7613,35.391,142.08,312.573,142.2,112.37,30.467,51.9013,25.44,88.0981,76.4544,88.3977,81.7577,196.964,16.618,13.52,57.1361,100.245,160.543,107.234,54.295,143.7,97.6611,128.912,618.36,112.725,140.78,230.02,211.03,39.92,14.7028,22.0879,67.74,66.4576,192.547,46.5102,55.0541,17.89,80.72,143.192,138.329,134.891,38.7764,309.773,321.62,16.9259,377.316,22.2016,247.769,15.4191,176.111,75.1874,41.9646,17.25,135.706,37.6343,86.38,69.8464,42.2,63.9242,96.9534,201.516,44.4,111.93,194.243,326.6,136.78,696.844,181.792,149.091,73.3241,53.5468,48.1238,156.337,219.763,601.78,374.5,56.14,71.17,50.7998,35.8401,648.152,15.63,102.228,200.293,1408.74,194.624,113.892,57.0822,82.62,9.17,132.269,181.944,46.0256,129.643,52.26,30.1616,142.003,34.03,28.8239,148.354,115.824,230.12,280.42,108.521,532.35,19.49,67.5664,68.3,151.43,312.39,300.701,245.254,44.2805,185.231,63.2524,293.225,511.46,288.789,234.2,497.789,130.35,143.528,32.3475,30.6825,157.37,65.7971,174.96,162.0,136.776,201.14,60.1904,30.72,68.904,129.409,153.6,107.834,170.923,190.078,39.1667,51.6488,41.287,37.7204,238.291,4958.44,155.492,378.334,334.588,413.34,120.82,92.3694,115.984,48.2851,56.7861,42.86,44.3416,77.4471,336.899,103.478,10.655,385.216,625.96,427.083,428.26,154.89,50.4367,453.893,290.143,429.38,24.1923,207.75,84.19,315.47,186.34,36.2701,111.49,291.16,69.75,153.6,319.42,51.35,456.261,166.7,72.91,67.2557,403.524,104.56,69.6128,45.7151,224.708,62.61,,160.48,26.9399,118.813,61.01,37.0978,47.11,64.3906,306.87,140.25,264.69,36.03,102.779,,319.94,74.42,151.49,175.575,,123.162,471.19,99.0415,,126.983,,3.929,263.464,83.41,49.7359,129.44,229.605,22.1279,172.203,195.21,,11.85,140.565,63.5735,682.897,59.5798,,48.1067,229.05,58.08,78.2696,190.77,43.5959,150.47,104.95,161.11,115.119,66.2839,97.67,85.492,12.01,16.245,147.044,28.654,,57.9394,85.32,68.1876,127.5
2022-03-01,39.0421,56.4348,125.45,209.098,71.6262,134.803,323.511,125.967,98.4903,99.58,7.30412,33.233,210.6,26.1006,166.096,99.148,36.2587,21.6785,57.5804,75.4993,39.6715,367.882,42.8172,88.0022,73.8334,228.023,19.4614,296.38,3.78,15.6316,162.998,222.46,23.9843,270.19,125.787,17.8624,88.5709,20.72,138.566,91.52,98.7504,56.2654,35.2996,234.149,62.0106,31.9546,19.2173,606.517,101.93,30.2127,244.265,31.99,246.602,111.562,106.001,119.39,41.645,130.632,179.406,49.29,195.67,15.08,12.5251,74.1827,27.4854,25.2127,34.0546,244.86,33.203,132.55,97.617,35.3604,48.8409,22.3342,113.11,36.8459,301.68,131.557,58.8052,91.4692,212.32,355.76,79.74,37.4941,101.843,32.21,50.7228,86.2873,60.5262,37.5167,29.71,93.8952,470.13,89.5715,45.664,53.4833,131.391,2348.45,7.75,128.35,106.849,83.74,216.702,41.894,25.11,208.95,37.459,96.48,37.3494,37.6091,33.5702,160.15,333.555,158.253,117.72,31.6406,65.9717,27.12,84.4434,83.9458,94.5505,83.8444,221.084,18.0604,9.64,53.4852,88.0163,179.418,115.869,52.1661,157.646,76.4691,132.503,698.42,108.458,124.2,260.97,222.36,39.57,15.0295,22.0242,51.39,55.3238,187.517,43.5436,59.4123,17.02,83.78,144.207,140.919,139.65,44.4046,339.521,355.21,16.5291,382.775,22.3945,248.592,16.304,213.502,77.0423,34.1465,18.25,130.902,38.1978,87.19,72.0252,39.95,67.2659,98.4693,199.39,46.36,115.65,198.033,349.4,124.1,731.297,200.184,163.333,62.6757,55.9866,45.2849,173.111,234.314,545.52,398.22,58.01,76.82,43.9288,35.8601,633.518,15.56,104.37,205.026,1373.19,220.171,119.337,61.0698,84.19,8.99,135.965,188.863,44.76,137.487,51.66,28.6842,151.618,32.63,35.7207,151.222,112.99,231.21,297.46,108.779,547.06,21.88,62.9458,79.42,164.46,333.27,341.795,241.039,41.9328,197.939,69.1305,298.032,436.0,315.843,249.06,498.969,109.76,153.536,34.7466,34.745,157.97,59.3389,195.519,153.74,140.299,196.258,66.5192,31.3675,68.348,129.023,80.85,117.339,177.296,189.91,43.3875,57.0589,39.1626,35.9942,240.048,4467.27,148.032,337.437,353.359,413.7,117.64,95.7032,111.378,47.0392,61.3706,38.87,45.3194,76.0827,344.019,127.9,10.5293,408.734,563.23,403.33,444.89,124.28,50.2899,419.296,359.2,472.63,25.3044,296.61,77.36,297.26,182.263,33.9383,108.74,283.97,72.14,172.26,322.37,42.42,483.805,201.78,68.36,71.8914,431.407,107.958,82.6204,55.9258,225.293,62.61,,162.434,27.7844,133.117,66.61,39.4334,48.42,74.3391,333.59,137.73,266.39,35.68,108.933,,365.23,64.54,171.76,181.013,,122.643,466.46,103.752,,144.77,,3.807,255.393,83.7,48.9841,119.71,223.172,22.7171,173.212,227.08,,13.73,129.265,60.388,706.183,57.9446,,45.6283,239.46,55.07,79.0815,189.86,39.798,119.29,117.19,151.47,112.217,76.3306,101.4,88.6337,13.51,16.1788,161.252,35.6562,,61.1782,69.25,68.2541,135.6
2022-04-01,33.3422,51.1717,112.52,175.48,66.4842,132.477,299.393,117.543,99.6085,115.91,6.28633,27.7884,207.44,24.644,163.292,108.855,32.1302,20.1787,57.4738,71.4942,37.4027,350.18,36.5723,91.4682,68.9585,243.638,17.9926,261.971,3.71,12.3759,124.282,178.69,24.596,261.995,114.849,15.9752,79.9084,20.55,113.698,83.04,97.5016,53.8765,33.6564,215.918,63.6897,29.9215,20.1273,589.074,97.8891,29.7751,223.72,34.58,237.858,102.613,104.465,112.28,31.2675,114.506,179.456,41.35,174.75,13.24,11.918,64.3694,25.733,26.9142,39.3396,228.885,31.7325,134.037,97.8517,32.2183,39.682,17.8019,108.37,34.9633,239.3,133.314,51.9316,97.3698,175.94,362.24,70.48,36.9994,95.6868,25.49,51.8136,85.5142,54.4402,40.101,29.31,88.6896,468.434,98.79,40.4367,51.8616,115.849,2210.31,6.92,123.14,102.388,73.03,208.26,45.0767,23.8,167.41,19.036,85.78,35.2863,33.5674,31.7838,162.45,297.97,157.088,105.78,29.1122,61.9241,25.67,79.729,85.6738,97.5021,84.2034,236.455,17.5941,9.88,50.2663,80.321,180.01,107.205,45.194,144.053,72.6462,125.618,659.11,112.864,141.06,273.22,200.47,43.03,12.06,19.7472,47.7,53.9936,176.55,37.7397,52.3087,15.36,77.73,121.902,125.542,114.966,38.3314,323.59,316.52,15.4135,352.275,19.7991,212.814,15.0356,202.979,65.9779,36.3181,18.77,111.279,41.3398,81.1,69.7431,42.84,67.5532,96.666,169.659,50.5,87.93,191.019,296.65,113.78,709.071,184.995,152.034,60.119,52.2631,42.7355,167.054,213.127,428.49,396.8,54.39,71.99,38.1823,34.0441,578.357,14.19,90.2362,193.542,1277.53,191.976,114.439,57.8904,80.55,8.11,136.105,172.209,48.9196,141.676,51.36,25.702,156.534,28.7,30.4328,154.76,111.568,217.99,290.55,96.7569,430.48,20.03,57.8236,74.96,150.85,286.79,344.785,198.758,41.033,179.162,66.6983,271.658,289.91,308.456,249.52,417.974,94.48,142.117,33.2493,28.8925,140.27,65.4699,188.107,119.51,145.006,209.346,66.0422,28.4125,57.802,118.811,61.95,111.36,161.726,188.017,43.3223,57.2673,35.5789,32.9781,222.454,4376.21,138.834,261.465,284.436,369.66,104.88,89.4735,95.62,49.2395,64.0481,35.43,37.9521,72.019,279.553,102.145,9.99704,313.697,512.06,334.944,394.71,93.19,43.9075,401.813,290.253,431.55,25.5336,264.99,66.28,219.38,168.299,31.4121,79.15,241.51,66.7,134.41,250.41,36.57,390.725,161.4,56.13,61.6555,400.94,94.6576,84.9179,58.8688,213.993,52.11,18.15,153.335,29.1023,133.834,63.62,39.08,45.67,72.6479,313.45,112.2,238.99,31.48,111.203,,354.63,61.57,153.21,192.428,,99.3449,373.51,93.5465,,146.322,,4.21,211.15,80.81,46.2018,106.4,203.382,24.4466,158.597,198.76,,10.4,123.146,48.4739,577.279,50.5119,,44.2917,206.7,38.15,64.4686,112.71,39.3211,57.96,81.43,120.78,106.211,71.9614,97.92,84.0631,9.805,14.62,153.479,27.4612,,57.21,58.92,61.7558,99.54
2022-05-01,37.1326,48.1857,109.326,179.219,71.1579,139.584,322.287,138.054,91.8336,119.56,6.26638,33.4447,200.0,23.9552,177.533,127.581,33.6723,21.5128,62.8106,75.0086,41.8862,311.665,33.5055,88.4295,74.7042,243.816,19.8485,273.877,4.05,11.9323,120.21,174.55,22.9648,253.29,108.579,17.2906,74.0691,21.72,113.351,82.84,102.763,49.6328,35.0323,195.729,62.7811,32.4426,19.7712,609.609,108.198,33.763,204.523,20.44,252.77,99.417,106.788,101.04,31.185,101.237,174.995,38.43,129.33,13.02,11.7831,72.0251,24.9188,32.7577,47.3893,237.4,28.9915,123.569,103.502,31.0265,39.2553,18.9242,97.49,34.6504,227.64,132.887,51.2354,103.455,160.24,356.746,66.1,34.368,98.0014,23.18,48.1346,90.9717,55.6065,45.8588,32.62,87.6164,441.041,84.1848,42.478,52.0257,118.865,2243.56,8.24,133.29,103.368,70.61,207.718,49.585,21.05,163.04,19.744,99.27,45.253,39.0086,34.9451,160.33,296.085,124.933,100.85,28.051,62.1522,24.84,83.7496,100.544,105.06,98.8452,219.342,19.087,7.34,49.6918,82.8959,184.325,103.179,50.4602,144.533,70.7397,120.854,664.74,110.305,141.46,268.65,193.64,41.69,11.4309,17.3012,48.74,54.523,170.255,38.5063,54.7373,10.58,58.07,124.169,133.601,114.039,35.8366,278.954,298.18,15.5203,338.106,17.4821,208.697,15.221,174.001,59.1719,36.5451,17.87,107.513,37.0567,85.64,59.212,44.56,66.6804,89.4747,171.782,47.63,85.21,181.67,239.48,111.75,680.791,173.507,149.903,58.7597,46.9493,45.9636,160.56,209.367,506.93,423.1,48.26,75.27,40.5021,35.7103,588.625,9.7,87.662,178.112,1286.12,259.266,112.396,62.822,81.44,7.09,130.203,174.745,50.897,135.344,49.12,26.5806,152.755,35.22,35.471,140.54,111.394,215.25,262.4,97.7795,391.62,16.01,59.496,75.89,153.73,319.2,335.086,202.662,34.964,163.22,66.0974,281.052,277.64,321.033,248.81,440.091,105.49,144.178,35.2566,25.57,145.6,67.1859,187.157,124.53,154.46,208.295,68.6622,28.6325,58.828,146.527,52.2,114.918,168.871,190.344,46.3455,62.324,35.2513,32.4523,226.576,4450.62,128.135,280.142,286.91,338.19,95.05,94.1635,93.494,54.8926,66.1562,35.46,38.9835,73.858,282.403,74.485,11.9965,309.038,537.79,359.886,355.82,81.12,47.1153,396.25,252.753,405.15,26.7296,338.52,50.17,247.08,186.872,37.1829,78.78,234.08,68.05,145.33,272.79,31.96,448.65,186.19,56.3,59.1612,380.26,92.2591,84.5514,61.8743,216.704,60.68,18.45,140.238,30.1177,135.549,60.94,37.235,47.46,71.2723,290.22,101.36,213.48,23.2,116.842,,292.69,65.09,120.87,188.069,,115.21,409.55,83.7965,,167.67,,5.006,206.901,75.05,49.0814,106.24,209.442,25.7656,165.989,159.99,,8.68,128.283,56.5733,618.309,54.4923,,44.76,156.3,38.11,69.2877,78.1,41.2186,29.44,76.91,95.39,105.363,87.7058,100.18,89.4924,10.06,15.1307,151.817,32.3743,,65.4206,52.05,60.5444,87.51
2022-06-01,32.9061,41.2554,91.9036,179.504,65.744,131.626,292.873,121.292,82.454,111.76,6.38612,31.2983,203.94,21.7229,157.232,104.624,30.0075,18.4049,60.6142,65.9609,29.8101,296.721,27.4005,84.9262,65.7974,231.489,16.8214,235.622,3.53,9.37594,106.21,167.33,19.3653,253.31,87.8401,15.9262,66.92,16.46,108.57,73.61,90.5561,38.0492,27.1895,202.521,61.6788,27.1371,15.5663,563.686,96.885,24.6137,192.593,16.92,253.74,88.8944,100.268,91.33,30.575,93.3475,171.192,37.01,94.83,10.53,10.1842,57.5803,23.2253,24.6089,34.1616,239.298,25.3004,126.171,99.1381,28.3988,35.58,15.7832,79.96,31.5827,200.71,130.399,50.5347,97.3493,165.04,314.49,56.98,35.1965,85.0628,15.37,46.8389,83.2363,50.8463,33.8746,35.97,80.9879,393.402,69.8017,42.1173,47.6051,125.271,1748.99,6.73,134.54,99.98,68.13,192.759,42.4057,18.66,153.04,17.487,90.48,37.5175,39.9631,28.9216,155.85,275.441,116.128,95.09,26.1452,46.9671,17.8,77.7157,81.2037,85.1468,80.392,244.328,16.2467,5.17,45.3337,70.6337,165.115,96.7079,41.4901,150.213,56.8258,109.529,591.13,97.1141,124.09,281.79,161.25,28.97,8.47341,15.4915,41.01,36.6719,171.211,31.6174,46.2178,8.33,34.91,100.354,116.584,109.372,37.078,259.159,242.91,13.7109,298.117,15.8015,167.222,13.0445,172.512,44.4948,27.2509,12.68,91.485,37.3603,76.74,53.112,46.35,66.9589,92.0578,156.742,35.42,69.84,167.078,184.36,94.32,650.997,167.212,147.446,50.7358,45.2207,40.4644,162.166,196.608,468.53,385.48,40.05,69.3,34.9328,31.3975,521.826,7.58,78.2598,171.884,1148.77,208.378,94.6661,57.6935,84.61,8.01,110.149,153.798,48.619,127.101,41.02,21.7737,134.716,30.31,28.4616,111.187,112.268,216.99,241.83,89.1007,350.73,11.12,54.1125,75.97,150.03,303.7,318.601,208.808,28.9467,143.818,58.1075,278.843,236.67,285.345,210.11,410.046,94.13,141.228,34.7198,23.435,137.85,71.0432,179.099,122.53,116.062,215.58,64.0579,27.165,56.58,116.772,57.0,110.758,156.642,180.487,44.8838,53.8841,31.9257,29.466,205.082,4004.14,127.162,254.613,245.141,293.95,82.58,81.8223,95.104,52.0853,50.2253,33.59,35.516,70.1552,278.212,74.53,10.2366,301.063,495.0,387.306,332.48,73.21,42.0491,349.142,224.473,375.11,22.9339,294.78,38.3,210.58,146.511,33.0591,69.69,213.97,58.23,142.85,273.68,30.42,383.281,195.24,47.08,58.1349,383.039,86.4975,65.8404,57.0703,201.347,50.31,13.42,132.356,29.4377,123.01,60.41,35.1226,45.49,59.0505,279.61,93.17,217.94,20.46,89.5572,,272.61,53.7,89.08,176.895,,89.2317,400.9,82.3235,,161.532,,4.035,205.69,69.56,45.4155,89.07,198.948,22.504,190.172,168.56,,9.07,112.182,47.5828,566.856,46.0217,,42.5583,139.58,34.44,55.9335,47.02,34.5922,22.58,64.17,95.24,102.701,73.0432,88.97,82.9391,8.22,13.5251,147.357,23.4926,,61.3382,41.89,52.5126,61.46
2022-07-01,31.6761,48.1461,105.187,191.648,65.8916,135.835,328.736,130.844,86.9038,118.74,8.30195,33.5825,215.06,24.2651,175.047,109.044,33.0653,20.7902,58.594,79.8351,34.6978,322.334,29.1256,86.8505,77.5672,244.65,18.5126,267.582,4.25,10.7218,134.95,189.16,21.6575,271.641,89.9922,16.458,67.3861,17.27,115.9,85.62,100.918,42.2541,33.289,197.356,63.6159,32.0005,17.6809,592.824,105.623,32.8878,212.115,17.81,268.869,97.7988,109.496,96.22,34.01,101.239,174.094,38.29,106.05,11.43,11.046,68.2677,24.0496,29.189,43.7248,237.585,26.9799,130.419,102.26,33.5668,36.0082,17.3586,84.16,37.8374,230.17,138.161,59.93,95.7817,184.02,353.22,63.48,38.5281,94.7469,17.71,49.061,86.9315,53.1696,37.1011,40.1,84.9119,435.957,80.7645,46.906,47.4096,138.654,1935.69,8.09,143.06,106.225,99.17,207.661,45.5965,20.48,167.36,22.49,99.54,37.4542,41.2437,33.333,165.36,304.904,130.846,100.54,31.2844,52.3669,19.01,91.4835,90.5381,86.7629,87.2654,247.86,17.712,6.03,48.6342,79.0773,177.157,96.0878,48.7296,142.064,61.8392,123.095,581.69,104.852,128.48,280.41,159.1,31.8,10.3218,17.0427,48.68,39.1952,182.163,36.0971,50.9431,9.26,38.71,112.073,126.362,116.64,36.625,283.954,322.67,16.1414,350.758,17.1837,211.361,14.0086,189.614,48.1782,33.2669,13.71,107.523,36.0772,78.83,60.7728,49.81,72.8251,87.3983,182.423,36.75,86.53,186.894,216.68,104.07,697.288,186.28,154.057,59.0392,47.9378,47.9577,178.03,206.12,432.1,388.91,44.33,71.38,37.1644,37.0681,605.126,8.26,81.7365,184.13,1349.73,243.607,104.425,60.4177,92.97,7.32,121.777,182.261,54.3138,129.665,43.42,24.1211,137.763,31.6,25.3266,127.779,122.374,240.27,265.48,98.1293,399.18,12.15,62.9043,77.68,186.08,367.5,334.27,239.577,32.7263,164.395,63.1236,260.009,280.97,299.705,220.09,478.882,106.58,159.061,38.3488,29.1575,162.6,79.1955,206.707,132.73,116.652,214.61,67.0129,32.025,59.65,123.395,59.4,119.938,180.472,208.125,41.1162,57.2779,32.8688,30.6565,224.481,4393.1,150.598,269.301,239.766,357.69,93.99,93.1765,89.332,54.2644,51.7824,37.69,40.3663,77.6006,328.239,82.08,9.47401,342.285,563.26,389.691,399.0,103.72,49.7634,355.574,297.15,391.4,25.7371,349.25,45.69,268.3,181.994,31.0706,73.31,250.54,69.43,164.09,360.13,34.55,463.801,284.18,54.77,64.8712,427.97,96.1394,77.5155,65.881,229.743,66.78,15.0,138.871,33.7857,133.079,72.59,38.5282,44.4,68.7538,327.72,110.19,247.8,23.45,91.1766,,310.51,68.0,110.98,216.954,,101.087,462.03,83.1835,,199.073,,5.401,238.487,74.18,44.6286,104.89,222.575,25.4585,202.376,183.6,,10.35,132.586,56.0432,622.83,55.1385,,52.2017,155.1,35.54,70.4825,62.96,38.3376,29.15,69.75,102.01,116.227,84.8149,105.68,105.392,9.05,14.43,156.214,22.5121,,68.0325,45.0,68.7432,76.06
2022-08-01,30.553,43.9082,98.7392,192.707,73.5892,124.636,330.503,126.682,83.6405,124.6,8.82082,33.8002,195.38,22.4642,180.504,116.304,34.1468,21.2712,62.2421,72.7438,38.7569,326.699,25.6065,74.8355,70.9432,245.227,17.5775,266.922,4.22,11.2406,126.77,182.22,20.6485,253.607,78.4125,14.3306,62.8829,17.67,107.829,78.96,90.2597,41.5581,33.1185,193.528,61.4504,31.8053,17.6412,563.846,102.283,32.6791,199.196,14.39,252.211,90.5603,112.909,90.28,28.64,100.107,157.617,32.9,102.65,9.55,9.79856,64.9614,23.5672,30.1628,47.6377,225.922,25.9217,139.037,102.309,30.224,32.6324,16.2825,85.29,36.0713,205.74,142.206,59.1647,94.1451,156.12,323.848,60.59,37.9115,103.058,17.27,49.9957,88.38,47.3168,31.9327,37.69,75.9644,401.923,85.7439,46.4747,51.4378,141.223,1875.81,8.18,143.96,94.3612,127.55,194.884,42.3529,20.13,157.06,22.356,88.44,40.9566,36.8602,32.8202,135.68,287.183,122.9,90.1,31.936,53.7107,23.8,90.8573,100.123,81.8788,88.679,236.876,18.0369,4.23,44.2671,66.2042,167.517,87.1011,42.6347,133.106,56.1766,119.766,581.06,94.3365,110.36,281.76,162.93,31.07,9.43632,16.8239,47.18,38.2103,156.198,38.1252,47.483,8.42,40.85,97.6901,127.352,109.15,35.5734,262.677,292.04,15.0829,347.068,17.144,196.884,13.3789,186.534,43.162,32.5415,12.99,97.9023,37.016,73.41,65.1693,44.415,67.4476,83.4155,173.605,35.01,93.44,162.782,201.64,89.78,654.181,195.332,147.751,52.272,44.4415,47.1758,180.596,206.01,412.63,419.87,43.56,67.56,36.3033,35.3899,600.39,7.59,71.8482,164.243,1212.46,267.189,100.134,60.5267,89.74,7.51,123.679,163.806,52.9522,121.031,47.55,21.919,134.148,24.78,25.0903,127.214,117.497,212.66,285.32,104.009,347.62,13.08,56.1237,70.43,173.77,346.02,324.468,219.467,32.6363,152.118,59.6064,267.68,243.7,280.711,212.53,448.04,90.59,169.583,33.6555,29.97,163.89,79.3039,191.216,122.56,110.05,229.021,67.8234,29.9125,48.69,131.477,59.1,112.672,170.166,200.608,42.6088,61.2926,34.18,31.62,200.336,4140.06,134.67,247.877,225.91,301.64,90.36,87.5137,86.924,50.3253,50.2888,37.63,38.962,71.9529,348.807,82.21,9.44666,295.589,485.04,369.566,371.51,105.61,47.3528,338.088,275.61,368.36,21.8913,426.5,43.12,220.41,162.892,28.1951,56.53,205.25,63.25,132.27,275.97,31.23,452.284,286.44,59.64,62.9167,432.487,82.8677,80.3422,81.4654,226.546,68.77,13.24,126.48,32.5999,120.751,69.64,36.0228,45.72,67.8783,337.37,116.68,255.47,28.76,98.5465,,299.96,58.61,113.12,205.374,,93.0353,449.4,92.8015,,199.791,,6.508,240.12,75.82,37.9234,93.43,191.765,24.3752,213.89,182.61,,7.72,125.648,54.913,620.232,50.4048,,53.595,164.56,24.63,72.9319,66.8,36.748,32.99,59.9,104.95,118.774,92.7508,101.19,100.216,9.55,15.168,153.747,22.2647,,66.7563,62.7,70.804,68.91
2022-09-01,24.7615,36.625,88.393,160.043,71.636,122.03,291.141,115.539,70.9059,101.87,7.3,32.8674,267.0,20.0279,175.082,106.106,28.1979,19.8842,61.1826,70.0201,34.9776,290.867,22.6181,65.4538,67.1542,228.912,16.1402,250.927,3.5,8.47368,113.0,173.7,18.2174,215.244,74.97,13.2694,57.179,15.53,95.3045,67.51,75.057,33.7651,29.6492,176.124,54.83,29.2383,15.88,536.472,87.789,25.1849,184.19,15.55,213.146,84.93,95.7238,80.32,25.13,90.0273,144.47,31.06,93.69,7.75,8.18035,60.7601,21.5586,25.4886,40.6116,206.779,22.6334,136.474,88.7094,24.3,28.35,13.544,82.77,32.9389,187.44,136.04,56.5144,83.01,143.84,283.882,63.03,35.82,95.8756,13.47,45.1831,77.3815,40.17,24.5956,36.45,63.7447,359.053,84.0505,46.89,43.4807,127.39,1643.21,8.46,134.17,87.1744,132.27,174.232,36.6266,19.65,144.73,23.544,66.02,37.9701,35.3723,27.3356,136.1,256.161,100.923,82.63,30.0552,48.1871,22.08,87.1273,98.7119,74.263,80.0153,239.31,16.3829,3.42,40.4174,53.23,142.99,79.7047,35.7715,132.858,44.7727,113.234,688.87,89.345,91.19,289.54,135.68,28.06,7.82909,15.11,38.44,31.2702,147.976,32.0188,42.5952,6.65,37.9,88.0449,111.843,96.15,35.7136,242.23,270.12,14.5482,321.495,15.42,183.366,11.8921,170.244,39.5381,28.0105,12.04,84.7095,33.0076,65.77,57.0144,43.48,57.7376,71.1887,156.047,32.53,86.07,152.253,190.79,79.41,566.08,171.077,129.547,45.6859,41.3117,43.4288,170.781,200.94,303.35,401.19,39.15,64.52,34.0072,30.895,524.82,5.96,65.9643,153.734,1084.12,264.019,90.12,52.5444,77.81,6.32,107.774,157.35,46.9127,98.0908,43.42,19.8546,111.234,24.48,20.8192,120.482,116.899,181.14,276.69,98.82,325.8,11.36,48.2992,66.64,163.43,305.51,283.965,217.85,29.7184,140.19,53.3159,261.104,207.11,268.653,176.17,420.663,84.35,143.599,34.5727,28.2225,157.36,77.16,181.79,109.0,89.6802,220.308,58.7875,26.6,49.13,118.83,48.0,101.214,155.591,199.252,42.5302,57.0221,30.68,28.5,165.809,3987.08,123.572,221.852,201.148,262.01,76.04,81.2235,75.522,45.4217,43.3174,37.52,35.4164,63.564,327.742,80.54,8.42781,245.167,417.14,309.257,347.5,100.13,43.2443,317.176,265.25,337.47,16.6881,362.19,32.26,178.14,146.795,23.1253,47.75,196.8,54.27,118.25,231.46,27.51,363.4,277.47,55.88,60.3617,399.323,70.9274,70.95,83.0629,211.687,62.33,11.5,118.489,29.85,105.374,69.65,33.5306,45.54,60.029,329.84,115.75,229.4,26.5,82.0509,,279.56,58.92,105.04,221.999,,82.8939,412.01,81.895,,193.237,,5.507,222.67,70.88,33.8429,78.21,174.348,20.8316,221.234,164.81,,8.13,109.869,46.2118,515.991,42.868,,52.1017,152.22,19.49,61.4285,64.49,32.23,20.3,49.45,88.78,115.338,86.9545,93.57,97.2097,10.1,15.7394,142.236,18.319,,68.998,59.75,56.0959,54.99
2022-10-01,27.0348,39.6398,107.332,166.215,87.5022,143.65,342.265,125.774,78.64,106.31,7.94,34.485,283.44,22.4046,167.188,124.676,31.4214,21.7468,77.8146,76.1619,48.2447,307.695,23.038,67.8563,76.6565,246.254,22.3449,307.865,4.67,10.6692,102.44,200.46,21.1564,199.881,72.7,13.2793,61.9671,16.81,94.1687,70.94,82.4266,37.585,40.4162,172.315,61.48,34.1048,18.88,623.87,97.2727,28.3953,175.12,17.58,207.19,92.69,97.1252,88.33,28.31,95.2286,135.111,31.59,93.47,9.12,9.45584,61.467,22.7803,30.3775,41.6979,245.224,23.4333,149.634,90.5941,28.68,30.82,15.1456,73.01,37.3022,246.47,132.62,62.0582,91.85,162.59,328.18,63.9,38.84,105.847,12.99,46.45,75.714,39.13,25.9708,41.7,60.494,414.54,95.4407,55.8113,49.5129,142.04,1869.48,10.59,151.56,101.247,145.57,203.172,49.0501,23.86,142.91,29.188,63.01,44.4,39.9551,32.6722,158.5,283.9,110.012,72.43,29.9666,53.5911,23.62,102.157,112.913,75.4172,103.38,255.05,18.12,4.25,42.95,49.66,131.821,87.3765,39.5618,146.4,51.2887,129.459,748.75,104.379,94.75,312.0,93.16,33.93,10.9745,16.87,45.68,35.9035,150.78,39.1629,45.1002,7.45,53.38,115.692,124.152,94.66,42.225,222.24,315.71,14.9938,335.36,17.13,216.968,14.1653,182.523,39.3769,35.56,14.18,85.4447,38.075,68.46,65.24,46.86,62.0221,73.8692,170.662,43.08,83.58,184.955,228.82,86.08,563.692,175.762,144.655,51.3274,39.76,47.6004,186.601,218.21,367.62,419.37,44.46,67.8,40.48,35.5098,575.76,6.56,68.3363,157.45,1264.93,279.424,98.98,52.17,85.13,6.71,113.968,183.57,55.36,99.149,57.07,22.5336,119.079,28.75,27.4742,135.105,124.001,209.67,301.92,118.14,359.68,16.89,54.78,74.34,151.39,292.55,269.251,223.229,35.568,145.3,59.9098,321.017,194.3,296.316,186.12,467.607,85.66,149.311,41.9498,30.215,174.15,85.9749,198.535,118.48,96.12,255.687,60.4997,28.755,57.16,154.984,56.4,105.885,172.269,222.31,48.9841,65.1938,28.87,27.2,172.091,4237.75,136.404,243.34,214.228,283.22,79.61,93.135,84.148,49.0197,46.0882,38.01,39.76,70.3787,343.643,120.78,10.0204,229.247,351.71,331.23,323.33,93.91,50.4817,303.242,227.54,397.98,19.075,350.0,43.73,115.91,145.372,25.8726,43.2,212.25,60.16,150.33,230.03,33.1,339.45,307.0,66.19,58.675,424.653,73.9893,94.05,94.3956,224.382,61.43,13.0,114.62,32.02,111.911,82.72,31.4653,57.5,68.37,358.86,145.44,258.81,26.57,98.0795,,329.04,61.66,106.91,236.414,,91.14,478.84,85.795,,250.5,,6.959,233.57,80.4,38.4,91.07,188.863,22.7858,257.01,161.2,,8.79,121.686,55.0169,605.663,48.4807,,58.3217,155.82,16.96,75.1916,66.25,36.21,13.53,43.53,80.51,141.1,94.3937,102.74,123.128,11.68,19.739,154.433,17.6263,,77.5724,53.24,59.3423,60.07
2022-11-01,31.2082,45.44,117.634,189.73,89.68,151.83,386.15,130.78,85.18,123.91,8.38,37.96,305.17,22.96,170.02,133.62,37.4617,22.9951,87.1076,82.891,47.2,295.983,25.29,66.28,85.75,257.35,22.4048,331.95,5.03,11.2632,96.54,199.81,22.6803,235.79,72.08,14.4096,62.21,17.37,100.625,79.6,72.0873,38.4657,45.91,175.497,67.61,37.99,18.94,643.68,116.06,28.7842,174.9,23.98,221.25,113.12,99.61,94.86,26.21,107.923,128.22,34.15,106.84,9.82,10.38,79.19,24.2792,27.91,42.41,227.08,26.26,154.01,99.14,31.36,30.26,19.11,73.73,39.5651,270.39,139.29,68.26,99.67,160.25,356.4,83.66,38.67,108.19,15.48,47.0,82.2452,46.53,27.7692,41.6,71.03,438.89,117.363,57.636,53.7255,149.88,2079.45,12.4,151.46,108.961,172.53,213.299,51.08,28.94,154.61,30.553,69.36,42.45,31.97,37.1583,150.29,300.93,117.005,77.25,32.5392,51.3,20.39,112.35,121.81,85.01,108.44,255.68,19.12,4.77,45.77,52.97,139.903,92.2892,46.1688,161.18,67.18,142.199,751.7,113.226,101.33,316.4,118.1,35.37,12.7,19.15,57.35,41.03,154.14,40.47,52.8621,10.0,59.93,130.85,160.42,101.45,43.6688,220.38,353.03,16.41,366.48,19.45,239.666,16.6569,183.402,41.96,37.58,14.43,95.62,39.35,80.92,65.0,51.43,63.07,81.87,183.89,44.17,78.41,147.043,218.08,99.25,690.65,159.17,151.76,55.8398,41.47,50.373,198.6,246.16,391.29,464.84,47.44,76.16,42.38,37.67,628.5,8.72,79.0743,164.88,1469.56,277.547,111.1,56.3,87.05,7.87,103.515,188.29,54.33,111.225,55.74,27.9098,134.612,29.67,29.02,142.62,126.84,218.02,350.37,116.9,425.87,16.44,60.74,79.67,172.04,339.54,299.3,230.2,36.858,155.61,65.7711,337.94,196.66,335.31,196.2,507.83,91.03,148.365,40.44,34.825,180.89,86.9,189.35,105.69,107.3,231.96,59.21,33.28,53.16,148.02,42.0,120.2,188.64,237.49,50.2352,67.16,32.45,30.52,185.74,4639.01,150.316,267.92,234.12,270.28,72.76,101.09,83.26,52.8212,50.97,46.84,44.32,78.09,336.789,116.28,11.03,233.986,414.71,387.548,342.74,132.09,53.97,329.41,194.7,420.1,19.63,368.58,50.81,105.52,174.988,26.02,50.56,228.57,59.75,175.91,298.86,35.19,381.96,320.59,68.44,59.59,461.29,84.99,103.93,96.12,235.841,75.2,11.4,119.361,34.2,122.906,81.04,32.63,59.91,74.39,336.77,184.03,299.37,29.14,104.84,,380.31,63.93,102.14,254.06,,91.53,619.72,84.95,,281.888,,9.023,260.43,79.13,44.79,106.67,205.503,24.1349,282.39,117.65,,7.5,126.12,69.39,671.384,51.92,,66.48,167.9,14.41,77.7301,45.73,40.35,7.71,58.25,75.78,154.9,98.57,104.36,126.76,9.59,19.8006,165.613,19.3195,,78.5457,52.14,56.0205,67.77
2022-12-01,29.7857,41.47,117.48,173.84,83.92,156.44,343.38,122.18,82.89,107.3,7.12,36.31,276.92,21.43,145.06,126.86,38.08,21.56,85.85,85.4107,43.01,280.19,20.81,62.25,89.14,231.75,20.89,311.37,5.29,9.91729,84.0,205.44,21.18,248.11,67.58,13.77,57.19,16.84,87.9113,76.96,67.85,36.4,42.72,168.16,66.65,34.28,16.05,604.21,103.92,25.02,161.52,22.91,211.86,105.67,91.56,84.3,18.46,102.59,125.06,33.66,87.6,9.16,10.5363,70.25,22.3043,24.57,33.83,208.21,25.07,158.46,93.76,30.68,31.84,17.99,74.67,37.5564,265.35,128.99,61.35,101.21,132.59,347.73,82.47,35.66,85.2,16.11,45.55,83.84,45.05,23.8399,35.5,65.55,432.09,116.07,56.2687,49.85,142.5,2015.28,12.19,140.0,105.19,149.79,204.216,49.57,23.85,143.51,29.488,60.89,31.82,34.09,35.1827,141.44,266.84,112.73,74.61,27.7498,43.87,17.98,110.57,116.39,83.03,104.08,246.25,18.08,4.31,44.98,52.61,135.64,92.29,41.2319,161.61,70.59,139.72,721.49,105.26,102.22,288.78,120.34,32.86,11.26,18.2,57.32,37.66,146.55,33.64,54.0867,10.16,49.43,140.89,158.43,88.73,43.4098,211.92,355.42,16.45,337.97,18.44,239.96,15.96,176.42,33.72,32.86,12.72,91.13,40.71,79.87,68.0,50.765,63.43,80.61,174.36,37.7,71.22,144.699,202.2,90.64,655.03,147.18,152.42,57.11,38.73,47.9122,188.54,244.58,339.1,469.07,42.94,74.81,39.37,39.41,629.65,8.92,82.6538,156.99,1445.45,216.86,101.04,55.21,82.01,8.56,99.32,165.61,53.41,100.27,51.27,27.1656,127.91,26.5,29.53,126.36,125.47,204.89,336.14,106.85,407.96,12.24,57.24,80.32,160.64,319.29,280.31,208.13,33.53,145.67,62.5,331.27,210.9,326.18,183.68,465.17,94.67,134.13,36.54,30.3375,171.07,89.36,175.56,104.13,102.24,230.68,62.93,30.445,48.89,136.78,33.9,112.07,178.58,228.33,47.8586,58.78,30.37,28.45,184.69,4612.58,141.108,278.89,249.63,256.41,69.74,99.81,77.654,50.9394,50.39,48.07,41.25,78.31,308.196,113.24,11.13,234.674,420.49,346.4,322.41,119.78,52.25,302.33,123.18,399.91,19.33,327.74,41.6,100.66,158.03,27.93,41.49,217.9,50.56,179.62,283.27,29.7,353.61,264.96,64.15,56.97,401.21,82.88,97.7,86.21,237.72,62.37,9.48,111.88,32.4,116.623,77.28,29.64,62.78,73.5,330.22,165.93,294.39,24.73,99.77,,320.38,64.88,85.5,234.68,,74.19,598.58,69.77,58.38,255.198,,8.21,239.23,74.82,40.22,93.13,201.046,23.2,248.72,105.29,,6.42,114.8,63.79,669.056,46.42,,66.5267,167.33,10.53,68.44,35.39,39.79,4.74,48.82,73.5,148.11,89.8748,101.07,115.08,8.14,17.8402,158.25,16.4413,,67.4853,44.83,55.0725,62.84
2023-01-01,33.777,49.5,128.46,185.23,92.55,148.48,365.81,128.68,75.12,126.72,7.51,39.3,290.9,23.01,156.0,140.03,45.57,23.54,83.94,96.9971,43.61,304.34,24.39,65.75,98.69,231.52,24.44,350.12,5.52,11.2406,103.13,218.05,22.46,277.08,74.54,14.17,66.75,16.73,98.483,85.51,75.04,42.37,50.97,176.66,65.44,39.28,18.85,653.31,108.15,25.02,177.44,28.96,223.39,123.85,100.17,88.95,21.87,107.55,132.59,34.88,114.3,13.7,10.5285,77.62,23.8267,25.03,32.67,214.82,27.48,152.8,93.99,34.42,36.83,18.51,82.39,39.3468,245.69,124.82,60.19,104.24,167.97,370.6,103.64,35.28,84.7,21.35,45.31,82.33,51.81,33.2097,38.18,75.04,426.75,118.19,52.8233,54.58,152.19,2434.1,13.89,149.31,98.84,177.6,226.284,48.44,27.39,147.66,35.386,70.45,34.22,37.42,41.3276,150.18,279.05,129.28,76.7,32.9276,49.54,23.3,104.01,128.52,96.69,100.27,233.6,18.3,5.68,55.38,67.78,148.11,98.88,49.0604,147.75,89.9,144.92,758.47,117.55,120.06,323.1,148.97,39.1,13.74,20.26,66.49,41.03,165.49,39.32,56.5901,12.39,64.94,148.21,172.74,99.87,43.993,226.07,440.95,18.97,359.64,20.44,255.07,16.13,181.79,41.15,36.73,16.14,109.67,40.53,86.15,76.81,52.04,67.83,80.86,189.05,48.96,81.49,149.867,214.2,108.66,738.13,157.83,156.49,64.51,42.59,50.7309,195.72,254.19,384.31,513.96,51.34,81.37,43.32,40.69,717.75,10.9,87.2258,166.72,1532.92,281.45,111.53,54.03,76.24,9.96,112.72,188.52,58.96,114.62,56.27,29.2714,142.7,28.73,31.74,145.09,122.88,229.41,338.14,112.77,480.5,15.21,67.7,85.14,182.83,353.75,297.53,228.37,41.41,160.74,66.63,349.69,269.73,330.94,208.81,531.56,112.1,150.36,36.4,31.505,179.35,99.89,180.09,113.23,123.2,220.54,62.65,33.305,52.34,146.12,40.8,117.54,196.03,239.68,46.256,64.45,33.94,31.7,206.51,5270.0,165.702,363.85,243.42,316.18,80.49,103.81,91.026,51.5808,59.35,59.0,45.53,82.23,321.733,107.09,12.16,265.028,467.46,353.0,322.77,137.58,56.0,385.61,173.22,424.26,23.03,332.65,52.06,120.6,184.31,30.13,54.12,243.25,58.06,176.06,319.13,35.45,426.56,221.38,72.28,58.56,422.94,79.66,120.64,85.36,243.3,73.45,14.82,123.21,34.18,120.004,77.9,32.5,64.35,75.02,311.83,195.44,287.32,30.93,99.1,,306.88,79.7,111.11,228.91,,95.96,665.95,79.32,69.52,217.273,,7.233,260.62,82.13,40.62,113.09,215.252,23.06,244.35,105.9,,7.78,127.15,70.78,716.812,55.81,,71.2467,181.43,12.7,82.99,58.48,47.08,10.17,57.92,74.81,148.25,82.5891,106.68,121.04,10.41,19.7119,167.838,22.5584,,83.3422,50.7,65.0742,81.72
2023-02-01,31.9057,45.9,122.09,182.49,89.56,138.36,351.65,110.94,74.32,136.51,7.5,39.35,269.86,19.51,155.29,131.73,43.51,23.32,80.53,91.6353,39.02,298.95,19.78,59.24,92.48,223.7,21.88,342.87,6.23,9.48872,94.23,196.83,20.61,243.05,65.48,12.96,62.63,15.35,89.7348,85.14,63.37,41.95,59.21,185.36,65.18,37.79,16.8,626.66,104.56,26.94,172.52,29.41,198.01,118.19,99.96,72.6,19.23,101.8,127.39,40.76,108.97,18.91,10.3126,81.03,24.4722,24.97,33.18,211.19,24.06,147.89,88.66,34.69,38.07,17.66,82.26,38.237,229.39,128.93,56.06,97.3,163.61,355.29,108.37,34.55,85.89,21.33,44.38,75.36,48.65,29.0764,39.12,74.12,430.2,110.54,55.34,52.75,161.4,2524.0,15.29,142.18,97.07,169.14,216.612,42.08,26.95,142.98,32.213,69.04,32.79,37.69,44.0995,145.28,265.55,123.4,80.44,29.8216,53.19,21.57,102.65,123.6,95.99,102.56,216.3,17.06,4.33,55.94,64.56,130.75,98.13,47.6782,153.9,80.24,141.56,760.42,112.71,102.85,290.29,174.94,38.34,11.95,17.15,49.57,41.07,167.0,38.74,57.4879,9.93,70.64,133.57,159.41,90.3,45.2096,228.06,468.53,18.05,359.87,17.26,243.45,15.61,171.11,34.05,35.71,15.98,111.57,38.94,78.31,71.62,50.88,63.95,83.78,180.79,51.96,73.6,142.662,199.2,100.89,688.27,164.65,140.38,61.95,42.84,49.7619,187.35,234.36,367.61,518.8,47.83,79.64,41.76,42.18,743.87,8.8,81.7362,160.1,1433.71,254.31,106.78,51.27,68.4,11.3,112.2,193.96,57.29,104.23,57.83,29.0504,136.72,27.74,30.6,144.51,126.17,208.47,327.81,108.46,473.24,14.82,65.63,76.98,192.94,363.76,259.35,213.0,43.01,149.78,62.9,383.97,309.5,348.37,214.79,522.15,123.24,140.78,35.2,34.675,159.96,100.64,164.24,109.55,116.23,215.2,58.81,35.23,59.44,140.58,20.7,112.81,202.42,224.98,43.651,62.29,35.02,32.25,188.03,5173.62,168.894,341.45,238.23,300.25,72.06,104.33,86.434,48.1669,57.2,57.47,45.03,84.62,287.092,111.01,11.4,316.347,477.84,294.01,321.25,121.41,58.07,356.86,205.71,430.07,26.17,307.65,50.76,120.01,178.48,24.49,41.42,219.34,52.06,138.81,317.92,30.53,484.29,210.53,72.93,56.07,414.55,72.64,126.11,74.89,219.64,77.41,15.62,114.76,33.53,116.28,70.66,31.26,70.0,74.1,275.33,200.31,276.36,33.26,95.5,,309.2,84.78,123.28,251.54,,90.8,677.39,94.185,76.0,193.794,,9.797,254.83,75.71,40.64,116.28,204.956,21.99,235.39,120.69,,7.84,127.32,70.9,650.927,56.35,,69.3917,185.47,13.5,80.63,64.83,47.31,9.42,54.66,76.52,167.22,76.9607,115.09,145.44,10.07,21.2578,155.585,20.8635,,82.7317,55.96,60.2428,76.73
2023-03-01,32.5409,44.37,111.97,193.99,74.32,141.48,327.11,120.45,83.21,134.36,7.69,40.14,278.03,17.16,119.57,139.6,43.11,18.56,82.97,99.5644,36.98,302.14,15.37,59.32,97.69,225.89,18.51,306.5,5.02,7.07519,103.29,211.33,19.53,246.46,54.12,11.15,60.93,16.02,103.356,72.81,54.33,39.2,48.38,191.52,69.72,31.74,16.49,595.84,110.12,26.47,168.06,27.75,204.34,116.67,99.37,78.3,23.02,104.29,120.07,40.28,97.03,17.09,9.49133,83.78,25.6018,24.54,31.91,196.24,21.97,157.37,94.79,34.0,39.28,16.4,81.11,40.4192,255.47,135.22,54.67,97.25,199.78,363.41,111.91,35.28,72.49,18.33,39.88,78.26,43.35,28.4644,38.62,71.69,440.69,106.13,56.5987,52.91,166.64,2652.41,13.65,144.84,92.06,217.5,222.048,35.75,27.72,145.69,34.548,64.28,34.29,35.87,43.0733,143.55,285.81,124.77,82.73,34.1658,45.88,19.86,104.7,134.83,93.89,101.38,210.46,17.51,3.2,55.27,66.12,133.84,100.92,52.1941,159.37,89.16,145.33,821.67,106.73,100.22,315.07,211.94,34.92,10.6,17.27,47.0,30.32,166.44,36.68,62.5052,9.49,65.3,127.1,142.42,104.0,45.5546,209.14,395.76,15.99,355.06,17.43,263.68,15.93,191.86,23.52,29.08,14.75,117.98,38.67,81.54,77.78,54.01,63.32,88.41,175.46,44.25,75.94,119.683,232.55,101.57,721.04,162.93,146.49,58.73,41.06,50.8894,191.31,232.38,357.61,545.67,41.96,80.7,30.37,42.37,737.05,8.53,93.3328,151.04,1530.21,221.04,98.83,53.4,63.21,12.06,105.24,182.73,56.76,98.31,44.11,28.5495,138.83,25.56,28.86,140.87,134.24,198.89,325.77,93.27,500.08,13.45,69.15,72.27,210.09,386.25,261.07,218.99,44.42,125.59,61.18,358.02,334.14,355.44,210.85,559.69,123.31,146.57,37.53,41.965,161.48,104.52,150.72,119.3,108.89,207.02,61.12,37.605,66.46,135.17,10.5435,112.36,194.89,231.03,41.1216,60.31,34.05,31.31,191.28,5572.19,169.68,391.29,253.31,318.0,70.0,101.06,92.944,49.2046,54.82,57.45,45.75,84.4,301.938,116.18,9.62,345.723,479.02,329.87,354.64,111.33,58.18,342.44,207.46,447.36,27.34,299.0,48.81,108.01,186.475,23.52,38.39,201.82,52.42,153.58,303.95,29.66,500.54,210.28,73.22,57.42,415.09,74.19,113.06,78.5,222.26,82.32,15.1,104.84,32.62,114.343,68.85,31.23,67.87,72.95,267.49,224.85,318.96,31.7,95.52,,364.19,88.78,124.4,243.31,,87.84,702.69,99.87,82.03,185.508,,10.655,251.28,77.72,40.21,112.19,196.444,24.0,231.66,137.26,,8.45,131.15,63.16,636.328,52.52,,74.925,206.54,15.75,83.44,67.57,50.87,9.79,63.56,72.66,162.59,72.8943,113.03,145.96,9.71,20.3818,159.817,21.9947,,90.0168,60.91,58.6701,68.65
2023-04-01,35.7838,46.43,113.32,179.81,74.69,138.81,343.44,127.28,87.85,131.7,7.83,41.39,304.23,17.67,125.8,114.67,40.81,18.26,82.21,107.204,36.71,294.83,15.01,62.49,109.82,229.47,16.75,305.12,5.81,6.33835,105.45,221.8,19.19,246.72,53.36,10.93,59.71,15.53,106.952,76.66,58.72,38.27,44.59,185.77,76.72,32.03,16.17,575.57,113.84,26.45,180.37,23.54,204.39,114.79,100.87,81.97,19.29,108.93,123.13,38.71,93.96,15.29,9.5376,72.99,25.7225,25.6,34.84,195.15,21.97,154.41,96.17,33.39,41.93,17.13,90.36,37.3279,301.22,144.62,55.37,99.97,198.37,380.03,114.28,32.7,71.58,15.38,40.44,77.61,48.05,26.0237,40.57,79.22,454.78,106.73,61.154,55.24,169.64,2686.31,13.69,143.9,93.26,182.58,229.206,33.16,27.06,134.36,32.993,70.03,34.17,37.19,42.2138,153.71,280.29,125.25,87.98,41.3524,42.85,17.73,103.84,122.0,94.61,99.0,221.46,17.15,3.36,58.08,58.77,123.09,98.17,51.5994,151.12,85.81,137.93,801.79,110.48,105.9,340.73,240.32,34.31,9.99,17.61,41.5,27.6,175.78,33.04,61.0398,8.87,65.43,150.35,144.38,108.22,46.2056,219.73,361.11,16.54,363.2,17.75,287.33,14.32,194.11,23.67,29.51,13.64,105.9,39.27,80.81,73.58,56.0,62.84,97.12,175.29,43.8,76.0,125.086,205.56,92.08,724.08,152.04,148.25,64.69,41.33,47.0969,208.06,231.6,368.7,551.43,43.46,86.01,30.94,44.29,765.0,8.04,95.355,153.8,1491.5,185.46,98.89,55.14,68.93,11.87,112.71,157.38,57.73,99.15,44.2,27.7339,135.26,23.85,29.24,144.02,139.7,188.23,302.46,90.53,492.16,13.35,68.29,74.41,209.45,371.32,260.89,240.96,44.92,124.18,61.43,378.0,325.3,369.45,213.92,482.45,114.98,145.41,42.25,40.04,144.64,111.81,163.34,124.29,106.24,201.66,62.11,39.525,63.05,142.2,11.2845,114.14,169.59,206.32,38.9156,61.12,33.26,30.54,188.55,5840.0,159.499,318.37,272.52,288.03,67.78,97.67,91.884,47.4318,54.4,63.85,41.82,85.3,288.392,121.34,9.33,360.645,450.79,317.47,379.03,101.03,57.02,351.32,164.31,414.4,27.13,282.44,45.29,102.22,163.74,24.63,36.9,190.12,47.1,132.89,285.63,29.79,461.97,164.2,63.48,64.39,411.69,79.88,103.95,77.4,216.31,71.96,13.61,110.05,33.94,112.35,76.95,33.37,75.07,75.53,297.89,210.71,318.04,31.05,93.6,,379.93,94.77,119.67,269.32,,89.33,727.95,91.23,81.34,161.147,,10.543,281.91,75.68,43.49,102.86,194.124,23.86,217.33,120.05,,7.75,122.37,63.39,638.306,53.07,,79.89,186.14,17.0,87.59,53.79,48.5,6.94,61.19,67.38,171.0,79.2595,122.12,149.49,8.85,19.2188,173.512,23.0002,,105.71,64.34,58.8031,60.79
2023-05-01,34.0367,42.54,105.15,167.0,65.46,132.65,323.9,128.0,85.73,130.92,8.11,34.43,296.41,17.54,119.16,107.04,40.02,17.27,76.94,101.796,34.8,283.3,13.56,50.64,106.84,242.97,14.07,298.47,5.35,5.92481,120.58,223.32,18.38,184.03,48.67,11.39,62.49,15.45,122.426,74.92,54.57,36.47,46.37,178.75,73.41,30.07,16.6,564.75,110.31,27.37,173.98,31.03,184.44,106.31,94.54,92.12,24.05,105.95,119.99,46.86,95.71,14.35,9.21297,75.26,25.7274,23.25,34.77,175.92,19.96,146.59,87.35,32.55,36.12,14.38,93.67,37.3181,307.84,141.63,55.35,90.01,223.38,365.02,98.7,31.12,61.51,13.88,38.25,69.23,43.14,29.2653,41.5,74.61,454.22,103.62,60.2207,53.42,177.58,2508.77,13.14,137.25,78.06,202.96,218.109,30.88,30.82,147.58,39.523,72.21,33.79,31.96,39.0229,134.88,305.92,124.55,84.23,41.5298,31.96,15.56,100.2,104.91,85.54,91.61,201.09,16.11,2.03,55.47,60.1,113.21,103.15,60.7186,137.96,86.02,145.07,735.56,104.74,92.04,323.57,264.72,36.33,9.64,18.31,35.1,28.18,163.01,32.41,78.7195,7.21,80.97,132.13,139.09,123.37,40.8184,216.06,333.79,15.15,398.04,18.48,264.19,14.42,219.11,23.13,30.96,14.78,103.51,38.22,73.9,63.49,58.62,59.44,92.45,166.97,47.465,61.99,72.6324,196.65,97.26,745.55,144.27,144.45,60.45,39.67,48.6582,200.33,218.85,326.15,409.83,44.93,78.89,25.78,42.75,773.65,6.58,92.8752,147.06,1321.87,193.53,88.2,51.46,62.41,10.84,97.69,150.69,52.75,102.46,40.26,26.8706,124.03,25.03,27.25,136.12,132.42,196.91,342.86,90.35,464.77,14.85,63.94,61.55,230.91,454.96,221.78,210.79,39.29,113.46,56.27,340.02,282.66,353.66,226.55,470.53,110.47,146.72,39.32,41.585,161.8,111.2,152.89,137.73,104.02,201.38,57.85,43.795,68.33,127.15,8.7015,115.28,171.69,199.16,36.7756,53.49,31.2,29.21,199.97,5554.22,154.546,272.41,234.75,262.57,79.94,92.63,108.956,42.1845,48.78,55.13,40.9,79.51,278.596,117.26,9.15,334.08,373.35,289.85,396.96,81.05,56.66,316.23,203.93,388.65,29.64,256.62,41.01,108.92,179.1,19.39,34.5,193.38,46.67,127.71,284.83,25.04,489.91,173.88,61.85,62.33,384.89,81.79,91.9,84.02,217.93,83.6,11.28,104.47,30.93,106.849,79.4,33.88,69.7,68.05,273.9,192.91,274.25,37.93,92.64,25.09,331.93,115.95,109.77,282.46,,85.64,787.67,106.695,79.51,142.177,,22.395,275.51,73.38,44.81,88.08,182.586,23.97,214.1,160.13,,14.71,122.48,66.85,625.326,51.49,,79.1667,211.99,25.01,87.09,62.2,47.54,12.92,65.29,94.91,164.84,72.6364,112.19,147.98,8.92,19.0901,166.76,14.995,,99.9396,70.08,55.1454,60.39
2023-06-01,35.9395,44.69,115.48,179.25,75.84,140.56,322.54,129.7,87.23,164.61,8.52,35.85,284.85,18.55,123.76,117.3,42.8,17.82,77.07,119.082,38.3,291.88,18.14,51.04,121.69,246.13,16.04,332.16,5.0,6.8797,130.36,225.97,19.72,196.38,57.59,11.73,65.28,17.72,119.268,80.71,54.7,40.34,59.83,185.29,72.94,33.17,16.83,571.48,121.13,29.4,189.27,37.68,193.94,123.3,94.35,89.87,24.25,113.08,125.72,53.41,109.39,18.83,10.2376,89.59,28.1832,25.3,41.13,195.77,20.1,147.67,88.24,37.15,40.02,16.81,100.47,42.1249,341.94,153.17,49.85,97.62,211.26,393.3,105.61,31.27,69.42,16.76,40.22,70.92,47.27,28.6608,34.34,80.89,480.8,112.13,63.6867,56.82,196.45,2700.33,16.62,138.9,88.48,190.09,234.342,35.45,33.13,146.26,44.049,83.7,37.39,33.95,43.0546,143.5,308.58,122.63,94.33,42.78,35.0,16.49,112.62,116.6,91.83,95.38,169.78,17.22,2.57,64.6,61.87,113.94,104.29,63.4687,134.73,84.97,161.88,718.54,120.02,103.16,351.91,286.98,47.54,11.27,19.5,35.89,31.39,172.21,38.56,84.9638,7.22,103.74,157.77,149.89,120.97,43.0602,234.3,445.37,18.58,461.69,19.72,303.48,16.8,226.03,30.05,33.92,17.94,110.69,35.5,81.1,65.26,57.44,59.79,100.23,181.03,54.87,66.73,70.0516,187.49,102.03,783.94,148.85,142.75,71.95,42.96,55.8772,219.57,235.5,367.37,470.595,53.18,80.97,26.08,49.56,894.17,6.71,95.85,151.86,1311.64,223.09,96.77,52.48,67.45,12.29,98.52,163.08,58.27,113.87,47.35,28.5702,132.16,26.72,31.61,145.55,138.01,224.77,350.31,103.77,502.23,21.77,72.78,62.25,234.52,435.41,231.76,218.5,43.92,113.49,61.77,341.86,353.64,381.08,251.08,469.29,135.82,165.63,42.83,40.515,167.45,114.95,167.33,147.16,115.8,227.6,58.42,45.605,75.59,131.36,8.628,116.34,183.5,215.26,39.4123,57.3,34.0,31.89,224.98,6350.62,184.308,261.42,242.03,295.83,91.11,109.67,112.394,43.6722,53.26,58.0,49.71,89.01,319.481,128.51,9.98,381.841,379.12,336.99,416.47,84.61,65.36,374.64,261.77,411.11,32.21,224.75,50.97,149.13,204.68,20.81,41.85,210.25,52.94,121.5,269.05,24.03,540.23,167.48,66.97,68.84,400.65,81.63,108.93,91.55,248.18,94.58,12.54,108.87,31.43,115.906,89.0,34.4,74.85,76.1,301.24,195.12,288.34,43.17,94.35,26.42,378.5,136.0,128.16,331.56,,92.97,809.21,127.755,81.24,143.912,,24.925,326.07,75.13,54.11,102.09,207.328,26.25,210.01,146.87,,15.33,140.16,76.81,662.102,56.0,,87.9433,225.89,25.73,96.35,71.55,55.73,25.92,76.42,98.38,184.78,80.7737,126.15,164.2,9.98,20.5336,181.111,15.7325,,107.119,77.22,60.7954,66.57
2023-07-01,39.4235,44.51,124.6,187.13,79.87,135.21,355.87,136.35,89.48,160.98,8.33,33.83,270.19,19.45,139.86,128.91,43.15,20.37,76.14,120.88,43.27,281.75,22.48,55.72,127.02,272.8,20.08,348.45,5.86,7.41353,133.68,210.95,20.26,180.0,66.63,12.18,66.03,20.4,132.24,83.31,60.38,40.73,58.63,198.96,74.13,36.79,18.4,586.75,127.3,31.43,188.65,39.61,190.31,131.33,100.18,94.5,22.2,114.8,134.51,56.85,122.53,18.12,10.8803,93.94,28.1697,27.54,42.18,189.49,21.83,150.65,89.86,37.76,41.52,16.8,101.99,43.791,324.4,151.11,50.49,99.72,225.01,394.28,108.98,34.01,82.08,17.65,40.88,72.33,48.52,32.1594,43.24,82.15,493.05,114.64,61.7193,61.4,201.62,2970.8,18.34,137.77,93.53,207.4,234.588,44.77,36.37,158.24,43.897,82.61,37.99,36.64,46.5,154.33,316.35,124.75,82.07,39.2456,40.76,18.65,112.75,133.02,98.86,111.55,168.86,17.71,2.78,69.5,63.5,108.29,105.89,70.9355,149.58,89.64,158.6,741.91,116.86,106.34,352.34,318.6,46.26,12.75,19.82,36.91,41.57,188.09,38.37,88.0219,8.06,109.11,138.96,138.64,133.11,43.623,243.55,464.68,19.04,446.46,20.11,272.81,17.38,228.94,37.71,34.54,16.75,114.37,36.18,78.79,80.49,57.49,60.97,95.67,203.94,54.31,75.82,74.39,192.15,110.02,809.92,139.57,147.43,71.07,40.88,58.5527,214.8,211.33,405.19,444.8,48.63,79.42,32.26,51.14,899.72,7.42,97.815,149.66,1257.47,212.28,101.52,53.74,68.09,12.04,110.25,165.24,54.79,124.62,52.13,31.1899,153.35,27.65,35.79,155.49,139.68,223.76,353.59,110.07,554.73,22.07,72.63,63.72,234.01,451.8,218.95,222.35,50.77,125.68,65.53,360.51,377.89,390.67,248.91,548.08,131.45,167.92,40.83,38.7725,161.08,103.63,167.57,152.94,125.39,229.67,59.97,44.195,77.72,147.32,8.037,121.71,187.07,225.81,40.8218,56.43,33.45,31.41,225.55,6306.44,209.101,269.22,251.17,307.96,87.75,118.44,116.6,44.8974,56.47,59.81,59.55,90.96,366.74,124.56,10.53,367.62,405.36,396.74,396.63,101.65,65.27,384.74,267.43,384.53,30.93,236.81,59.02,153.7,222.98,21.98,46.51,209.54,53.8,117.66,241.46,26.29,559.49,151.83,70.81,70.45,435.04,83.4,106.58,96.65,251.61,107.75,13.07,109.09,31.48,122.47,83.97,35.5,77.69,81.99,304.49,185.93,276.75,49.46,108.67,23.68,378.53,144.43,152.19,312.0,,104.79,837.97,124.98,78.0,164.661,,33.027,367.44,77.09,52.92,109.49,213.93,28.06,221.96,161.66,,19.84,143.49,81.71,707.808,59.38,,90.615,237.13,31.4,99.22,98.61,60.3,45.95,90.79,116.72,215.04,81.4108,126.21,173.97,12.86,21.5864,182.105,15.8512,,103.692,91.26,67.8175,80.53
2023-08-01,40.7303,44.78,113.49,169.4,77.71,131.5,327.71,119.98,82.08,157.09,7.61,34.76,267.36,20.25,125.05,129.9,33.32,18.34,76.48,113.502,45.4,276.38,24.02,53.27,119.02,260.56,21.13,337.58,5.79,5.74436,138.01,207.79,18.94,160.53,66.77,12.35,71.61,22.35,135.679,85.05,55.86,40.2,60.61,202.68,71.26,35.69,15.79,586.33,116.71,32.38,183.82,53.75,181.32,116.63,90.43,105.09,18.55,117.99,139.33,46.27,108.39,16.92,10.3382,81.84,27.6746,28.19,43.22,178.09,20.58,144.95,84.12,39.57,37.09,15.92,102.42,43.8257,312.68,144.13,52.48,96.06,221.46,412.64,101.38,33.65,77.07,15.29,38.59,63.82,43.68,34.0031,43.85,82.88,499.06,121.81,62.6467,63.54,209.87,3105.03,19.04,136.25,97.51,189.12,242.889,39.99,33.21,163.66,43.368,81.68,37.55,35.0,40.75,122.36,323.77,124.2,76.47,38.5328,38.85,15.11,103.54,142.77,98.77,114.16,138.5,17.22,2.12,70.26,70.79,100.5,106.02,69.3469,146.96,83.6,159.51,826.49,113.81,101.39,348.34,295.89,42.88,11.69,21.49,52.49,37.58,190.51,33.51,90.3962,7.64,98.94,134.7,134.01,137.35,42.762,238.39,476.54,17.65,446.41,22.0,277.3,16.99,242.22,39.26,32.28,14.73,108.74,33.09,76.54,75.0,57.41,56.04,96.77,187.88,49.81,62.51,68.82,165.22,107.39,781.38,128.68,138.74,69.02,39.9,58.9787,230.48,206.76,438.12,415.03,41.97,74.74,28.13,49.47,903.85,6.89,92.4975,145.23,1213.48,198.71,97.94,50.17,61.65,11.56,126.69,161.28,52.53,131.72,49.66,30.8925,149.1,20.74,36.19,148.65,149.71,222.63,349.68,104.59,511.41,16.57,72.5,64.53,240.44,458.89,224.53,159.59,43.98,116.34,62.2,360.68,370.14,387.04,271.73,543.62,108.36,186.21,39.57,48.8075,133.3,97.41,156.78,142.2,126.36,220.32,54.97,44.83,60.21,151.78,8.925,115.95,211.15,226.4,40.9344,50.51,33.06,30.52,229.59,6377.33,213.029,240.93,212.74,275.01,84.53,112.52,117.766,42.6219,54.56,54.86,57.45,85.55,293.612,100.98,10.75,406.436,400.2,387.4,398.43,73.57,69.61,365.6,258.08,418.3,31.41,258.99,55.26,118.81,205.72,21.96,46.87,206.82,54.79,113.07,162.57,23.69,521.21,126.53,72.52,74.1,436.41,78.4,106.59,104.16,244.14,98.46,13.14,107.62,30.84,131.66,81.99,34.09,76.86,86.25,310.12,212.91,191.71,47.23,114.32,23.05,381.26,145.04,131.55,326.05,,106.37,904.59,121.65,70.45,206.376,,27.508,376.81,72.51,56.24,101.45,208.1,31.42,278.73,163.03,,14.98,132.39,87.34,671.108,62.81,,88.1817,244.5,43.22,103.44,79.6,57.57,50.35,84.13,96.48,224.25,85.7412,121.39,184.57,10.89,22.5384,188.455,14.9216,,95.3474,80.03,69.0692,57.65
2023-09-01,38.6222,44.09,108.03,155.87,72.07,121.86,323.57,120.4,75.64,151.4,6.8,33.87,257.01,17.68,126.45,141.71,28.75,17.2,74.94,106.965,45.35,263.52,22.68,50.49,107.47,251.33,20.9,329.68,5.86,4.1203,127.12,202.53,17.59,144.55,59.48,13.18,67.74,22.58,130.388,73.86,55.27,36.73,57.62,200.22,69.4,36.63,16.07,583.0,114.63,32.41,171.74,56.37,164.45,116.09,86.13,106.54,16.46,110.02,143.58,45.02,103.07,15.05,9.56756,78.05,26.2616,27.05,40.58,174.12,18.36,122.91,80.55,39.77,34.16,14.52,94.53,41.7511,292.29,142.51,48.59,92.58,202.78,395.91,92.41,31.57,85.74,15.63,38.03,58.15,42.13,34.4791,42.85,81.92,484.28,112.95,60.5907,59.45,187.07,3083.95,20.34,140.05,92.16,161.59,227.397,42.16,32.69,161.14,37.76,70.73,38.52,31.95,40.37,106.45,307.11,112.21,69.28,36.6366,35.6,16.58,91.03,151.34,94.7,120.15,105.8,16.58,2.06,64.75,65.95,92.03,105.2,62.0672,149.06,76.51,147.76,822.96,104.2,85.81,347.74,300.21,37.0,10.91,20.06,52.61,34.2,173.98,32.97,81.7976,6.85,92.14,125.73,130.34,131.85,39.7382,212.09,444.57,17.22,410.48,20.87,245.98,17.37,236.24,37.3,30.57,12.81,98.59,33.64,74.25,71.81,52.95,49.94,91.63,188.52,42.3,58.46,55.93,137.28,95.47,726.26,121.58,123.83,62.16,35.67,55.4705,227.93,208.96,439.82,399.45,37.08,69.4,26.8,46.25,843.13,6.38,79.5025,128.65,1108.07,170.04,90.63,48.45,68.88,10.97,115.39,170.31,49.51,121.02,48.94,29.9684,153.55,20.83,35.32,150.18,156.21,196.75,343.61,100.43,437.27,16.48,66.13,57.77,234.3,458.97,200.17,147.87,36.76,100.1,59.44,371.67,305.32,372.35,255.34,513.08,101.54,179.05,37.33,45.9825,132.31,92.46,151.14,140.39,125.52,204.58,50.7,43.09,58.68,154.88,8.934,105.93,201.76,208.02,42.084,51.16,31.2,28.88,219.42,5963.3,204.13,213.64,196.41,236.53,83.04,106.27,111.792,40.6087,51.56,45.84,55.2,80.31,258.19,93.3,9.86,374.783,358.45,378.79,386.14,64.58,63.72,356.1,250.22,408.58,30.92,255.69,46.35,108.96,199.92,17.36,39.175,195.98,53.86,103.29,129.51,22.95,462.0,120.15,67.85,69.84,437.26,68.07,107.22,109.08,223.17,92.95,10.86,94.58,29.1,133.301,76.89,31.69,79.71,85.72,327.89,198.99,159.49,45.99,108.25,20.08,385.61,124.49,137.21,313.41,,107.14,868.53,117.22,68.04,199.677,,27.422,374.44,74.48,68.9,98.59,201.05,33.18,293.79,167.38,,16.0,123.53,89.76,623.822,61.6,,85.6817,214.85,39.96,102.87,75.08,54.73,41.98,79.47,91.09,210.39,83.8166,112.96,170.41,9.81,21.4199,183.924,12.804,,83.0131,78.15,76.016,44.26
2023-10-01,36.2015,39.23,109.89,141.25,67.68,130.1,303.61,123.79,63.9,130.08,5.86,31.7,237.54,16.66,112.75,127.0,27.56,14.53,78.54,102.003,44.87,238.71,19.2,46.35,104.4,234.15,19.96,314.57,5.99,4.11278,133.09,199.66,17.94,128.87,53.57,11.29,64.47,21.72,123.632,69.34,49.11,34.03,45.8,213.46,66.21,32.18,15.48,578.72,109.25,35.84,165.74,60.82,178.19,112.53,81.83,103.33,13.77,107.44,148.9,42.72,95.29,12.8,9.04765,71.29,28.2114,27.5,42.38,179.41,15.55,113.84,81.39,36.72,30.41,12.97,77.23,40.041,262.22,148.49,49.6,89.16,200.83,376.35,87.78,30.33,79.78,16.78,32.55,53.79,42.46,30.3383,51.8,83.61,488.57,115.97,62.0293,59.07,167.12,2789.56,21.52,143.86,99.12,142.45,232.429,39.57,34.62,151.59,41.169,61.09,42.38,27.64,36.9,111.09,297.09,100.75,63.72,38.844,32.48,14.76,93.54,151.25,90.24,114.07,119.04,16.2,1.56,58.12,68.25,92.98,102.53,58.2497,141.18,74.35,140.77,779.89,98.36,80.38,362.11,301.27,31.25,9.72,20.68,51.18,27.03,157.0,28.2,82.8602,6.85,84.73,125.89,122.76,125.3,37.6854,213.92,406.27,15.91,408.94,21.44,226.14,15.38,227.36,29.29,28.05,11.15,86.74,31.46,64.98,69.83,51.1,47.38,90.94,171.87,35.01,51.8,52.03,109.42,87.42,729.64,103.59,117.65,55.8,31.81,48.8284,235.49,235.89,402.8,381.31,31.63,66.17,23.43,44.1,828.09,6.43,77.9375,118.15,985.2,126.78,91.19,48.79,68.98,9.37,106.22,161.97,43.92,124.36,45.3,29.2814,153.05,20.17,34.42,151.53,163.89,180.83,332.04,95.44,399.47,13.6,69.76,53.93,239.85,469.44,208.63,141.22,34.92,93.13,60.26,395.62,184.59,382.16,225.17,471.55,85.9,170.64,37.61,50.0925,122.05,89.8,140.99,133.75,114.51,219.82,49.14,43.52,57.17,160.32,7.035,107.66,200.4,191.41,44.689,48.14,30.39,27.91,209.98,5412.62,187.924,213.75,184.75,209.43,80.02,106.02,116.37,39.4116,48.34,47.46,47.66,77.21,243.949,88.83,8.9,317.927,275.28,338.99,372.9,62.3,60.68,315.77,200.84,374.59,29.56,217.57,39.89,84.07,172.43,14.79,34.6,168.36,47.13,75.96,75.95,19.73,441.74,79.58,64.01,69.42,431.89,54.63,106.51,112.92,212.59,62.64,9.94,84.88,27.9,130.388,73.41,29.69,86.68,83.61,332.95,204.49,132.57,43.28,105.98,18.6,393.48,108.52,118.29,270.1,69.0,92.35,845.87,121.51,66.57,202.128,,23.947,370.54,73.23,66.91,87.2,199.73,32.72,276.19,176.77,,14.8,117.85,77.44,590.81,55.4,,99.51,211.71,36.44,98.59,77.12,53.57,27.0,74.95,81.47,206.65,83.6708,113.75,181.85,9.14,19.8139,183.978,10.799,,80.959,70.96,73.9066,40.25
2023-11-01,36.7275,41.01,124.89,151.61,73.83,137.23,341.54,138.01,64.83,135.27,6.89,31.82,234.08,22.08,128.17,125.36,31.67,16.68,76.6,122.312,42.77,258.76,23.54,46.84,127.67,240.49,18.82,353.51,5.89,5.19549,146.09,212.2,19.32,127.69,56.93,11.63,70.38,20.86,132.052,78.96,58.64,35.64,49.5,218.36,71.06,35.44,17.47,627.15,120.34,32.5,172.94,75.89,208.78,129.38,82.05,115.53,14.55,113.84,168.02,47.25,136.18,14.33,10.235,83.44,28.9997,26.25,39.96,190.81,17.32,109.73,83.62,38.26,31.75,14.27,101.46,45.2307,310.84,161.84,55.84,93.36,251.9,413.83,84.42,31.57,75.15,17.16,30.59,59.41,45.84,36.5042,56.97,89.1,538.25,130.38,65.492,64.15,188.31,3125.7,20.72,150.45,107.32,157.78,254.305,36.23,35.7,171.19,47.397,63.94,47.84,30.46,33.69,123.59,333.14,114.93,67.71,44.045,35.89,17.83,105.13,149.19,95.1,128.89,131.12,17.57,1.1,64.54,79.1,117.28,122.24,70.8954,142.39,97.78,155.23,823.81,106.09,88.31,354.81,327.15,36.93,11.47,22.04,48.44,28.1,176.67,31.6,91.1682,8.14,107.46,137.48,135.55,133.92,39.9374,213.46,476.02,17.13,464.59,23.04,250.48,16.91,241.43,36.57,32.36,12.43,96.93,35.11,66.73,82.18,55.15,53.96,96.63,185.27,39.4,57.61,50.79,101.95,96.5,815.01,130.17,131.84,68.43,33.4,51.6573,249.0,246.3,400.13,425.99,37.81,71.3,27.27,52.6,962.87,7.66,84.23,124.48,1091.93,121.27,95.59,50.57,73.68,11.4,116.44,179.26,44.53,138.78,52.03,28.889,168.01,23.13,33.75,167.52,182.19,214.1,434.84,105.15,465.82,15.27,75.36,54.34,273.27,543.23,246.96,157.73,39.44,109.4,62.78,410.55,213.8,413.77,240.5,520.85,95.76,193.82,40.74,54.9275,135.89,100.03,158.69,158.2,138.66,237.02,51.04,50.22,52.56,154.41,7.35,113.81,210.88,201.68,48.0894,45.2,29.54,27.66,200.94,6155.39,194.111,240.12,225.69,236.98,84.22,116.56,137.148,42.5956,51.75,46.12,51.96,85.79,181.287,115.55,9.18,350.571,304.92,392.89,408.84,75.81,71.43,347.32,240.08,402.96,33.73,258.19,44.72,117.07,204.08,11.32,32.38,197.08,46.4,77.66,79.38,24.56,548.72,101.02,68.9,74.74,453.46,62.9,119.18,121.04,235.34,71.33,10.45,90.26,29.89,124.402,83.04,33.36,83.69,90.45,365.56,229.87,189.09,56.38,109.87,20.44,446.8,134.11,126.34,300.0,77.25,112.37,1087.6,147.545,68.46,183.437,,27.347,406.66,100.06,75.87,82.84,216.91,35.41,295.64,236.99,,20.05,131.0,92.0,724.89,75.84,,110.662,270.72,37.48,112.25,124.72,62.75,31.32,93.98,116.57,212.52,78.6167,130.61,193.58,8.8,19.2872,193.456,14.263,,76.3668,70.46,92.2549,63.43
2023-12-01,38.446,43.62,142.64,157.23,78.67,137.88,385.77,136.81,68.42,150.18,7.83,33.86,258.77,22.82,137.08,130.0,36.81,19.38,81.01,142.505,42.66,305.0,28.25,53.75,151.98,241.75,20.28,379.83,6.68,6.00752,151.94,205.96,21.31,146.25,70.17,11.92,75.53,20.0,139.185,93.09,60.07,39.09,57.46,210.6,72.43,40.41,19.47,696.52,127.2,30.44,187.22,88.22,215.88,144.2,86.39,118.35,17.53,128.43,168.49,43.51,151.79,16.69,10.5962,90.18,31.3208,25.52,38.66,210.62,19.8,126.38,84.17,41.22,35.59,17.84,104.76,49.3865,337.36,164.91,58.14,94.08,263.14,426.51,91.11,33.32,79.5,20.42,32.11,61.72,49.84,39.572,58.95,90.17,545.17,138.39,63.3387,69.98,215.8,3547.22,20.14,160.33,108.24,172.28,257.941,36.22,35.69,178.98,48.688,76.74,51.7,32.18,35.85,142.05,350.91,133.3,76.25,45.7392,35.73,21.53,114.36,148.36,95.08,133.14,135.95,17.64,1.46,72.71,85.37,115.19,128.54,77.7753,154.97,122.12,164.89,878.29,126.69,103.5,406.89,353.96,40.23,15.43,24.55,50.24,32.94,197.37,35.92,110.437,8.79,129.49,152.44,151.42,140.93,42.3024,247.94,573.42,18.62,498.91,25.72,270.68,16.98,238.86,45.17,38.19,13.74,112.42,36.98,75.71,107.26,57.61,57.42,94.56,199.74,41.26,61.41,61.03,139.24,112.61,805.39,160.33,131.99,76.14,38.29,55.1396,224.88,241.2,388.68,489.99,39.07,71.45,33.14,54.12,1011.6,8.35,94.61,134.46,1212.96,144.48,103.05,51.3,74.21,12.42,127.0,204.83,47.79,134.58,52.92,31.0654,162.91,22.87,34.18,182.09,178.56,231.38,451.11,111.5,555.05,20.04,82.44,62.79,272.37,514.91,253.69,172.02,44.68,126.77,67.0,353.58,274.0,410.71,282.61,565.65,108.54,205.75,43.67,58.8775,159.09,108.09,163.41,160.95,155.37,259.64,52.2,49.0,58.53,155.08,8.475,115.9,227.32,217.11,46.949,47.92,29.67,27.65,219.85,7000.45,202.429,292.85,249.34,273.33,93.6,126.9,141.298,43.3145,54.84,49.21,57.45,89.47,206.295,124.09,10.83,351.93,322.89,412.23,418.12,81.05,77.34,398.71,248.48,446.29,34.55,297.34,46.88,129.24,229.68,14.42,36.5,236.4,53.2,99.45,93.6,26.02,630.78,132.14,67.12,71.11,477.05,77.16,118.1,116.89,264.16,83.53,11.38,99.29,31.88,126.965,87.39,34.11,74.27,86.87,361.31,258.33,216.98,61.57,100.95,21.53,511.29,166.94,136.14,328.93,82.26,130.92,1164.01,147.44,77.32,172.52,,28.426,447.52,106.16,76.5,89.72,227.29,38.52,334.92,255.32,,17.17,140.5,93.19,788.562,82.85,,111.405,276.06,39.85,118.92,173.92,69.16,52.94,98.89,121.38,215.43,75.3178,132.84,205.67,12.74,20.5408,183.803,14.7267,,80.564,71.96,99.2598,77.35
2024-01-01,41.076,41.07,138.61,141.9,79.1,128.43,384.01,137.58,68.16,139.66,7.43,34.96,246.66,23.48,138.1,138.9,38.79,18.67,78.26,143.728,38.7,283.19,27.19,54.76,142.91,245.08,19.51,386.83,6.17,5.99248,155.2,198.88,20.2,131.99,66.5,12.57,77.12,20.2,139.594,86.31,62.26,40.42,61.43,205.84,75.27,40.76,19.22,720.4,126.33,29.04,179.01,101.9,195.65,143.67,84.09,123.23,14.23,127.33,167.95,46.18,148.33,16.1,10.3553,85.18,33.1813,24.88,35.4,208.42,18.5,131.55,80.76,39.93,34.75,15.83,108.16,50.3683,378.22,171.12,57.77,90.85,281.09,449.23,94.43,31.44,75.51,20.05,30.37,54.22,46.39,43.2595,50.48,86.51,537.0,140.28,68.2033,67.52,194.05,3507.47,19.34,161.23,110.47,146.3,270.73,40.26,38.0,183.7,56.411,71.18,53.04,32.08,33.9,130.62,363.88,126.69,78.47,48.1754,30.71,21.6,112.44,165.6,94.12,144.31,132.07,16.92,1.16,73.17,85.68,108.25,119.49,81.9369,164.4,120.26,162.05,942.78,123.89,104.25,433.38,390.14,39.14,15.79,24.64,48.74,36.27,187.81,38.8,116.744,7.62,127.5,158.81,148.84,141.8,44.185,233.27,625.4,17.22,508.42,25.57,304.9,15.29,241.53,44.95,38.87,14.23,104.46,37.13,74.84,99.48,55.02,54.39,99.85,200.98,41.38,61.35,66.85,143.01,99.74,829.77,144.44,124.02,77.59,36.02,58.5467,232.16,246.3,370.71,502.05,35.83,74.44,32.7,56.26,1092.68,7.4,93.2575,126.38,1197.19,114.74,101.73,48.66,75.31,12.08,133.23,238.16,46.67,140.46,51.77,24.9558,165.88,21.8,28.5,190.96,183.85,208.23,457.44,110.18,515.08,17.8,77.61,58.77,288.46,533.35,223.86,190.2,43.37,120.9,62.67,384.97,267.32,404.83,289.93,598.62,97.89,204.2,43.31,64.67,153.26,102.44,165.83,164.93,146.29,258.92,50.77,48.04,64.49,153.74,8.1345,113.94,226.72,211.5,54.3578,45.48,32.3,30.01,218.95,7075.29,195.282,225.51,242.83,239.55,88.85,131.57,153.08,42.3708,53.6,48.92,54.71,88.44,189.849,121.35,11.77,373.03,320.89,426.22,422.75,66.56,79.86,371.25,187.29,418.47,34.59,278.11,43.87,113.67,210.57,16.65,38.38,216.28,50.86,101.05,66.5,22.55,602.72,104.13,69.52,77.56,475.92,70.32,120.69,122.0,251.72,71.13,10.02,93.84,30.12,131.826,83.48,32.93,82.43,84.96,356.44,249.06,190.87,65.27,88.09,20.76,453.82,173.73,144.14,335.57,76.69,124.45,1198.83,169.255,73.36,160.328,,52.961,428.16,106.66,82.88,81.33,222.3,41.03,345.83,292.5,,16.09,142.19,100.4,752.146,86.58,,125.622,291.07,41.13,121.48,128.2,71.76,43.06,104.2,124.44,228.11,75.4842,141.87,217.47,10.74,21.9904,188.714,14.5275,,82.6476,68.43,95.5549,65.01
2024-02-01,37.8193,47.28,148.14,148.26,80.86,124.89,389.05,139.48,68.86,149.8,7.38,35.23,216.99,21.49,139.74,141.46,47.53,18.63,72.1,152.034,39.67,283.87,26.3,54.24,149.44,248.52,16.9,407.36,6.15,3.03008,176.76,195.29,19.76,148.58,64.72,13.41,79.02,20.95,137.96,91.89,69.19,44.69,57.35,220.35,73.07,41.82,20.74,702.33,119.6,31.62,177.03,127.76,198.86,185.92,74.08,110.92,14.27,138.42,181.45,37.62,136.82,13.94,10.5574,84.14,35.5058,25.78,37.15,211.66,16.75,120.17,78.49,42.32,32.68,15.41,126.97,54.4233,385.6,183.6,56.2,89.96,308.82,474.76,105.2,29.91,80.72,20.8,35.32,58.7,42.29,44.937,49.5,92.16,544.73,148.96,72.4947,78.64,241.51,3468.83,21.69,163.3,127.86,153.89,280.547,38.39,41.55,187.22,60.292,79.0,55.32,26.26,31.13,146.68,374.78,133.27,84.87,53.7754,31.16,26.82,127.05,169.23,100.28,142.51,145.31,17.39,1.06,77.79,93.05,109.94,137.35,93.1654,176.05,136.67,180.18,966.09,127.87,118.62,420.74,490.13,42.27,16.41,26.88,46.13,38.28,198.33,40.98,128.665,8.96,123.35,167.06,156.31,139.78,50.2624,231.4,693.27,16.26,577.71,27.99,311.7,15.23,241.9,48.48,41.3,15.68,104.92,35.28,76.47,101.76,59.1,52.11,100.12,206.31,45.49,60.34,67.54,139.83,114.55,888.82,140.97,118.54,81.34,35.5,63.812,243.93,272.61,293.93,548.56,37.39,73.8,31.39,66.55,1177.74,8.54,93.6,125.68,1247.22,137.85,100.85,47.75,78.43,12.56,129.7,251.24,52.29,146.81,46.55,28.0933,181.19,21.86,29.59,204.32,192.0,247.16,465.56,120.32,575.23,19.39,82.9,58.36,304.38,573.73,209.23,173.72,43.28,124.73,61.95,368.88,302.42,448.82,279.27,560.97,86.35,203.58,44.07,69.385,154.3,102.21,173.77,146.93,151.97,291.62,49.54,53.15,69.11,182.52,10.65,112.91,246.21,235.9,55.4996,53.52,29.79,27.38,232.91,7625.57,220.982,213.41,222.79,279.48,96.98,141.29,154.268,41.2728,55.88,54.52,55.58,95.3,182.015,115.07,12.37,358.36,325.88,448.35,437.14,71.69,91.33,398.12,201.88,427.27,43.0,304.4,43.47,112.51,249.73,17.41,36.04,254.19,61.19,92.24,67.17,18.3,720.04,127.01,69.76,84.21,462.58,73.57,133.82,168.45,265.65,78.92,8.79,94.48,29.93,143.687,87.03,34.07,87.59,98.24,393.91,307.37,164.0,79.5,94.37,19.0,467.09,195.18,157.47,380.67,86.42,127.82,1269.91,155.275,91.28,173.239,,86.612,471.21,114.15,94.66,79.49,215.83,54.54,406.88,324.15,,25.08,143.56,111.8,788.115,98.26,,149.265,294.66,59.72,132.63,203.56,84.31,75.93,124.57,131.46,313.52,81.0347,149.27,305.73,16.31,26.9634,196.923,10.9927,,82.6871,85.43,116.377,79.47
2024-03-01,38.2605,52.78,156.49,148.63,86.31,133.11,417.69,132.67,76.81,165.58,8.19,36.12,215.63,22.4,145.44,170.69,47.48,21.04,73.25,164.953,45.7,290.06,28.77,58.73,164.55,271.76,19.52,438.44,6.43,2.95489,180.38,189.51,19.61,154.15,65.31,13.98,73.29,23.72,150.385,97.24,74.18,48.96,64.4,215.29,70.0,44.1,20.68,767.68,121.57,34.43,185.56,125.33,197.59,187.76,76.14,108.76,12.52,137.43,188.24,38.67,137.75,14.14,11.4094,89.71,37.5143,27.88,37.07,213.1,18.75,125.87,82.12,45.68,33.19,16.59,138.05,57.5833,399.09,191.44,63.1,91.62,301.18,481.57,102.23,30.67,83.21,22.74,34.89,59.77,43.54,51.5638,51.4,93.44,560.84,146.76,75.2587,80.21,259.8,3627.88,25.11,163.22,131.09,168.8,277.013,42.06,43.42,189.59,60.733,87.11,67.69,32.19,34.74,133.15,346.61,130.22,95.56,58.1354,32.46,27.79,129.24,201.5,102.28,163.34,156.06,18.34,1.02,85.44,93.05,105.83,148.87,96.6816,182.1,140.61,182.9,962.49,134.71,130.89,418.01,485.58,47.87,17.23,26.18,45.3,37.24,169.21,45.35,131.688,7.38,139.01,182.46,167.47,152.26,51.725,244.81,721.11,17.4,613.94,27.06,333.53,17.73,235.73,55.13,43.12,15.35,108.32,36.9,75.52,100.07,59.28,54.1,104.31,199.25,47.88,66.99,85.09,137.32,114.83,825.33,147.0,122.21,84.67,37.41,64.4791,250.04,275.0,290.63,522.88,42.99,77.96,36.29,68.43,1231.6,7.14,101.46,131.58,1331.29,131.74,102.12,50.4,78.48,11.96,133.66,268.73,53.41,144.04,51.54,31.1304,189.78,21.21,33.5,213.31,183.73,252.89,476.67,128.42,539.93,20.93,89.46,56.97,311.28,571.5,216.7,198.03,47.21,128.91,60.56,397.5,327.92,464.32,308.54,560.45,90.69,204.86,46.27,72.495,156.38,106.53,173.73,148.49,171.86,291.47,53.38,57.92,68.31,198.17,14.013,118.87,255.78,244.02,58.7901,57.67,31.27,28.62,224.82,8099.96,219.31,219.25,226.17,301.44,105.77,145.68,152.48,43.3228,57.93,51.7,58.13,99.27,199.01,138.7,11.94,395.71,345.87,496.88,425.01,68.72,94.95,403.5,175.79,429.32,45.36,276.16,43.74,126.14,247.77,18.8,36.28,270.95,64.36,106.56,70.98,18.21,677.42,120.98,66.21,87.54,454.39,70.39,148.23,184.85,274.54,73.55,8.73,98.4,29.79,150.626,96.6,35.61,92.44,111.99,410.83,312.88,171.4,76.99,102.52,21.46,390.65,208.55,164.96,415.05,88.66,131.37,1249.61,142.065,90.91,190.845,,101.003,488.76,118.68,114.11,79.65,218.46,69.65,401.57,320.59,,23.01,145.24,112.45,814.862,100.58,,156.877,272.75,69.22,132.98,265.12,86.26,87.91,137.72,123.6,350.2,87.5642,159.82,317.71,20.13,27.7051,200.535,11.77,,85.3337,87.42,156.892,84.58
2024-04-01,33.8841,51.54,140.53,147.48,79.14,138.18,426.71,126.82,76.06,161.15,8.0,32.85,214.82,20.14,144.39,159.87,39.92,19.27,65.2,145.891,44.64,259.45,26.03,60.65,142.49,253.46,18.49,411.79,5.93,2.82707,175.0,169.48,18.63,146.71,61.89,13.44,65.68,23.52,162.192,86.89,67.92,43.54,56.05,209.64,71.94,43.06,18.87,701.37,111.31,35.91,189.57,121.52,171.56,163.64,71.0,100.93,11.09,128.76,174.4,37.1,134.63,12.1,10.506,91.98,33.2322,27.36,40.09,214.05,18.61,114.85,82.64,47.16,30.01,14.17,139.01,60.289,370.62,191.7,59.85,94.94,268.94,451.2,91.65,33.7,78.97,16.9,35.56,60.62,44.28,53.5209,49.62,95.28,511.46,129.55,67.5507,77.52,258.56,3452.03,25.62,164.17,140.22,176.3,266.62,39.33,38.96,165.31,55.064,67.97,72.67,32.66,32.77,118.25,300.91,102.05,84.67,63.192,31.39,26.33,130.7,181.72,99.97,143.21,139.19,18.28,0.7778,79.09,85.91,93.78,144.47,89.0034,162.64,108.8,174.66,890.66,121.56,115.32,392.81,430.17,50.07,13.76,23.8,35.48,36.91,159.24,44.53,129.19,6.73,139.63,170.43,156.1,164.64,53.97,246.25,667.99,15.02,587.07,24.54,309.82,17.0,217.96,49.83,43.98,13.51,106.59,38.61,69.28,98.03,53.45,53.54,107.89,162.57,51.46,67.92,72.98,123.05,116.84,711.11,134.28,122.32,73.1,38.08,56.4211,234.69,251.14,255.94,404.84,43.02,75.77,34.11,66.75,1248.03,6.52,89.06,130.0,1229.7,120.31,104.17,49.8,73.06,11.44,122.77,248.3,43.13,138.78,48.25,29.4372,172.98,19.49,32.62,197.28,181.15,231.77,412.59,122.0,492.76,18.92,82.84,52.05,275.63,530.59,186.12,213.99,39.44,115.87,59.22,366.41,282.38,440.96,302.14,465.79,83.98,193.41,44.56,64.14,147.94,83.34,162.69,142.81,153.61,276.93,52.45,54.31,63.18,201.13,21.9,117.9,241.86,220.46,51.1655,54.13,31.01,28.68,204.56,7438.85,181.71,200.09,208.75,314.56,88.91,161.08,138.666,40.7261,56.9,44.36,61.49,91.2,187.98,127.39,11.57,357.48,269.75,529.27,461.55,68.67,93.32,362.53,183.28,381.48,40.63,235.26,35.82,135.96,256.19,18.61,30.82,229.0,60.07,110.31,58.65,16.54,669.33,108.76,61.37,81.54,416.89,63.21,130.12,185.94,258.19,70.16,7.36,99.68,28.55,140.63,91.53,34.2,93.54,114.06,342.1,313.66,171.94,66.27,101.76,18.82,360.6,182.82,158.57,370.52,93.68,116.61,1133.33,145.445,76.24,190.116,65.01,85.88,463.42,122.38,124.64,71.0,201.37,75.84,382.66,292.54,,21.97,141.48,108.38,737.588,93.07,153.71,136.412,244.73,70.57,133.09,203.93,77.42,82.92,129.26,125.5,357.17,88.5993,152.67,309.41,16.49,28.5507,194.839,11.39,,93.4909,82.85,142.269,73.0
2024-05-01,35.5912,54.22,144.44,146.67,82.04,137.38,438.18,132.88,75.76,165.18,8.2,32.89,224.94,24.83,149.24,158.2,39.48,19.83,64.27,154.291,44.48,269.19,26.63,58.5,148.48,257.31,18.9,418.95,6.49,2.04511,176.44,174.32,19.01,132.94,60.78,13.31,66.15,23.29,171.877,86.61,70.72,45.47,59.7,202.98,68.53,45.64,17.94,732.68,114.96,37.15,192.81,128.76,181.74,166.66,86.37,92.24,16.47,131.28,176.08,37.96,112.86,12.45,11.2303,97.23,32.2734,28.19,40.27,214.75,18.97,112.77,82.84,47.52,28.01,14.95,134.45,66.0797,402.12,186.71,59.03,97.45,273.66,449.37,94.88,34.25,74.09,17.6,34.8,60.01,47.05,56.8909,60.08,96.78,532.76,139.76,64.2173,76.8,269.5,3776.35,25.96,174.96,142.62,271.76,270.943,38.45,41.71,168.97,64.162,69.59,77.89,33.43,36.44,117.95,303.71,104.67,85.25,62.5904,29.04,18.35,139.2,182.78,99.74,145.12,137.49,18.61,1.2,81.88,93.24,97.39,165.97,92.7878,163.79,114.56,166.56,980.16,122.88,118.04,455.34,466.83,51.55,14.68,27.19,35.68,40.81,165.95,44.86,132.0,6.68,143.25,169.15,160.35,173.96,56.603,250.31,683.34,15.07,599.79,27.88,307.76,17.16,252.78,52.58,46.24,11.5,92.66,35.37,69.34,97.18,51.92,55.45,106.11,160.75,52.99,62.99,76.31,104.28,98.39,762.98,141.87,128.75,73.15,38.89,55.8599,238.72,255.29,287.12,395.09,42.68,73.78,35.39,80.18,1301.63,6.55,94.31,136.82,1250.8,128.1,102.01,51.49,74.81,11.6,111.37,254.41,43.03,147.0,44.51,33.5152,176.15,19.16,33.48,200.1,179.67,227.04,436.38,125.58,496.95,16.2,84.31,57.79,286.31,560.8,196.68,216.94,41.01,120.51,61.4,369.65,257.21,426.62,299.29,475.49,86.73,198.85,47.1,74.4125,150.6,84.41,164.68,160.36,157.17,246.59,54.66,53.06,59.32,199.26,19.05,119.32,223.62,222.15,53.8644,57.16,34.43,31.94,209.52,7624.83,175.25,198.93,200.96,312.34,95.88,163.02,131.386,46.9118,57.04,47.02,62.09,93.09,174.44,118.77,10.6,366.54,279.83,514.33,476.02,63.47,88.48,363.55,178.08,390.44,39.82,242.12,35.56,133.38,272.1,20.68,30.63,233.47,55.68,142.55,48.99,17.5,735.63,127.9,57.29,83.5,428.25,77.19,133.87,217.25,234.72,73.04,8.24,105.08,29.05,136.765,78.17,34.8,102.63,112.8,343.21,281.67,177.19,71.51,101.15,19.08,311.99,195.81,144.93,388.0,96.99,117.99,1193.01,147.455,78.0,202.655,64.69,78.451,470.12,123.64,125.1,80.82,201.04,83.24,362.43,313.67,,25.21,142.22,109.46,754.585,98.25,166.26,182.32,211.45,81.48,131.91,225.92,80.44,121.67,110.11,110.18,363.77,90.2055,149.22,315.03,20.9,31.2409,202.8,11.91,,107.712,92.78,145.463,73.53
2024-06-01,34.8177,53.72,151.8,136.85,78.45,136.88,452.32,139.33,70.94,159.38,8.29,32.88,231.82,24.98,151.36,156.76,42.79,20.04,68.61,144.206,41.24,287.65,26.29,57.14,140.93,257.28,19.01,427.19,6.04,2.3609,193.25,177.8,19.46,106.4,61.56,12.22,68.0,24.3,181.701,89.11,75.36,44.98,54.84,196.6,65.44,49.76,17.98,699.55,124.79,33.53,206.89,177.84,194.38,175.06,88.12,90.08,24.69,136.89,166.25,34.56,125.99,11.53,11.3124,91.5,30.7377,26.67,36.98,224.58,19.6,109.04,78.46,48.1,24.91,14.96,138.57,67.37,444.85,194.34,60.26,101.33,257.1,441.16,89.5,33.4,74.12,15.39,30.49,56.71,51.26,57.2536,68.21,104.25,563.66,145.32,70.404,89.62,254.09,3961.5,26.15,176.18,145.88,225.46,261.009,36.14,41.05,172.23,67.488,73.34,77.86,25.68,32.24,106.77,303.41,112.31,92.37,62.65,28.9,17.81,135.63,173.48,95.66,141.17,132.23,19.87,1.44,76.67,103.27,97.7,162.92,106.162,171.52,105.87,166.71,1051.03,118.15,113.59,468.72,504.22,47.44,15.44,27.57,33.08,44.56,173.36,46.46,160.027,6.67,159.43,184.93,156.23,183.42,53.5694,272.2,646.73,14.56,541.8,28.39,321.28,21.17,269.55,56.64,47.19,11.33,106.58,32.22,64.1,89.58,49.95,52.82,103.68,160.0,48.66,58.03,63.33,104.38,116.04,756.6,155.41,129.16,64.94,41.15,55.6046,259.31,262.14,298.96,385.87,40.4,74.25,36.03,77.63,1277.61,6.53,87.3,142.61,1397.59,95.52,100.97,50.9,66.3,10.02,96.7,241.44,41.59,152.05,43.34,32.8338,182.56,19.09,35.17,218.2,170.06,211.44,449.06,123.61,487.2,18.79,81.78,60.62,307.75,595.06,196.3,191.42,44.44,116.97,62.2,381.02,241.43,438.81,266.41,481.75,84.39,197.0,48.79,87.62,136.75,84.08,166.02,155.49,134.89,246.33,52.97,54.16,60.27,200.19,18.6,116.65,223.84,201.2,52.3138,53.94,34.37,32.02,219.54,7588.56,176.6,200.53,210.33,308.93,93.74,158.05,157.334,45.1128,53.05,44.25,63.08,96.26,143.04,113.38,10.63,329.39,273.11,516.33,502.78,58.98,90.84,307.33,197.88,387.98,38.2,188.11,39.74,132.22,269.09,20.7,30.38,206.58,55.92,118.75,25.26,19.355,821.68,99.71,49.6,89.41,408.27,71.65,129.5,200.27,231.94,68.55,7.44,109.11,28.64,137.129,74.14,35.89,100.89,128.78,297.3,294.24,201.8,72.68,106.77,18.18,298.7,138.41,151.63,365.48,95.47,123.8,1488.66,169.505,77.92,242.691,52.88,81.935,534.98,139.71,137.91,70.42,203.51,85.98,362.4,383.19,,25.33,150.43,118.07,774.603,105.24,171.51,161.325,223.56,83.22,133.28,222.23,74.98,128.72,108.78,129.69,365.08,81.5352,149.04,304.12,22.71,30.4655,205.869,10.39,,106.645,97.67,140.081,64.49
2024-07-01,36.994,55.61,153.44,130.37,81.51,142.3,509.03,150.94,77.01,190.72,8.86,34.33,213.2,25.99,172.17,161.72,40.09,22.37,76.06,170.821,41.38,295.92,29.99,60.9,179.93,245.16,20.82,430.07,6.77,2.82707,186.98,187.01,21.73,99.61,71.31,11.89,75.68,26.47,171.117,112.71,76.83,46.09,63.26,193.71,68.35,58.47,17.51,774.85,124.82,31.23,204.92,147.48,220.4,175.59,89.05,98.28,22.67,151.56,174.87,32.42,127.67,12.64,12.0536,88.78,34.8033,25.8,34.51,226.89,21.82,117.95,86.06,50.55,27.14,17.26,136.62,64.26,444.61,194.32,67.68,115.16,258.8,463.71,82.82,34.28,76.39,15.35,32.11,64.91,54.44,50.6646,78.41,111.25,544.75,143.23,75.0893,102.56,265.38,3715.01,29.5,182.28,144.4,215.99,264.19,40.42,46.05,203.64,62.835,84.44,75.17,28.27,35.31,104.34,330.62,126.05,63.05,54.32,29.77,17.63,133.5,177.02,99.46,145.48,120.39,21.13,1.21,87.87,102.17,110.08,171.25,91.8446,185.32,101.99,173.48,1079.19,136.81,161.07,495.72,474.83,43.02,16.01,27.58,33.54,54.58,180.04,44.32,160.153,6.97,156.72,213.76,185.62,173.15,52.244,278.36,757.1,16.41,593.35,28.49,363.05,19.91,261.75,66.64,50.79,10.64,113.62,35.21,71.94,84.13,51.45,57.43,98.01,173.15,45.42,65.78,63.33,122.6,119.8,790.24,159.62,142.36,80.81,40.07,53.9162,283.49,282.28,379.72,364.89,37.53,81.61,42.67,95.7,1294.22,6.79,93.33,139.77,1521.03,93.67,111.65,55.66,76.92,9.95,101.64,251.35,41.5,149.49,49.87,34.1433,199.87,20.34,38.72,214.67,183.51,246.23,501.19,116.0,476.12,18.43,85.04,65.07,267.66,558.32,219.54,213.25,42.97,117.29,67.34,392.87,231.88,453.5,291.82,540.76,80.4,214.0,47.91,86.6375,139.57,60.02,171.48,150.53,141.15,279.98,58.0,52.33,58.04,202.31,20.1,127.88,218.11,208.48,55.0532,56.1,38.04,35.43,238.76,8607.48,210.18,223.53,220.92,351.19,96.19,161.15,162.878,48.5723,54.47,39.67,68.11,94.5,166.79,67.82,12.06,306.17,338.36,428.7,568.11,65.14,100.4,374.04,232.07,421.86,39.23,215.13,39.95,155.68,263.16,21.86,38.14,244.1,54.54,119.22,28.86,19.97,863.09,115.11,59.28,99.43,413.09,81.59,133.22,189.8,250.33,78.25,8.65,110.75,31.26,143.886,78.02,35.27,95.78,135.28,341.27,300.01,194.35,64.47,105.23,18.49,258.66,167.37,139.56,395.65,106.56,142.15,1600.0,162.365,84.63,279.257,58.88,70.165,583.5,145.45,113.68,69.39,215.44,79.22,441.15,231.96,44.84,26.89,154.33,125.31,862.343,123.45,178.24,153.772,227.12,77.1,153.2,224.36,85.7,133.23,110.72,116.44,375.44,75.7219,163.57,332.42,20.57,29.638,218.264,11.42,,107.988,89.88,154.061,61.88
2024-08-01,35.4702,59.1,167.35,128.55,81.42,156.97,510.25,151.82,80.03,177.98,9.3,34.3,204.76,26.46,172.11,146.73,40.97,23.42,79.0,175.773,37.28,343.72,34.37,64.31,188.76,240.71,17.77,449.44,6.98,1.4812,178.5,183.9,23.26,91.66,75.22,12.2,77.77,27.67,162.976,115.14,82.45,44.26,56.77,215.74,71.81,59.95,17.7,795.19,123.41,29.88,225.73,147.57,224.06,171.26,103.51,101.84,23.42,161.55,196.35,28.24,139.09,10.09,11.7707,82.16,33.5881,24.33,33.51,236.67,22.28,114.68,93.03,49.88,25.29,17.09,150.92,67.45,492.63,208.21,72.08,123.29,252.9,483.34,76.88,36.61,83.09,13.06,32.55,67.53,62.11,49.5614,75.71,120.68,554.41,150.61,75.3313,113.26,275.13,3909.23,26.84,198.72,158.51,227.37,275.383,32.63,36.32,203.15,70.135,84.55,85.01,29.1,34.07,84.49,341.95,127.82,69.96,56.08,28.57,14.51,137.53,177.12,98.7,140.31,82.97,21.57,1.13,88.69,99.55,112.02,183.29,81.852,196.31,98.69,171.05,1184.69,138.84,155.14,495.89,521.31,42.49,15.97,28.33,35.72,58.17,183.49,49.78,162.286,7.69,164.62,237.97,173.83,165.11,53.301,301.79,741.26,16.93,534.16,29.43,395.59,19.37,272.82,66.64,50.26,10.62,109.59,35.43,70.55,84.1,47.13,62.11,101.88,173.2,44.04,72.43,45.31,131.4,115.89,834.36,177.0,143.12,79.41,44.51,55.8297,292.57,292.11,347.54,352.84,36.11,81.24,43.05,96.66,1373.21,7.46,105.73,162.37,1439.08,90.25,115.0,58.27,78.83,9.38,111.01,254.7,41.59,151.61,45.9,34.5249,209.54,20.67,35.17,219.64,205.4,251.55,491.96,119.57,481.33,17.89,83.72,65.66,268.93,519.58,226.66,245.02,37.59,119.57,72.69,392.24,237.22,478.25,315.55,580.59,68.37,212.86,50.18,88.345,154.12,61.92,173.03,161.71,130.6,282.77,59.14,52.96,76.71,195.11,19.2,130.74,225.64,206.48,59.6169,57.3,41.37,38.43,241.1,9172.46,192.8,242.39,245.17,345.38,97.67,169.57,171.0,52.7699,53.58,38.99,72.78,94.69,162.78,69.34,12.08,313.63,337.32,414.21,587.87,55.09,91.45,351.62,214.11,432.8,35.03,200.76,37.64,156.53,256.36,22.35,37.21,197.75,56.69,77.4,24.33,18.62,934.68,121.04,57.17,105.13,422.84,73.99,119.51,196.7,256.56,77.87,7.84,125.2,33.48,148.339,77.3,36.84,113.09,146.9,349.79,364.97,202.77,73.13,101.38,21.95,259.47,174.0,117.31,399.92,112.43,142.36,1730.27,181.36,84.82,287.186,64.11,43.77,590.19,167.41,115.54,71.53,229.89,85.43,508.23,277.28,47.42,31.48,153.6,115.73,887.244,123.77,201.0,159.882,263.19,92.87,146.4,183.36,90.77,150.62,128.71,116.26,393.06,74.49,174.6,353.52,20.12,32.0918,223.109,10.47,,116.757,104.53,133.792,66.08
2024-09-01,37.4423,65.11,169.02,136.34,85.9,155.25,495.11,143.44,82.3,178.92,9.04,36.77,193.84,27.43,178.12,135.03,46.98,23.33,83.84,181.007,33.74,363.87,39.4,59.56,190.77,257.69,15.97,469.81,6.85,1.68797,186.33,189.96,23.22,99.69,80.46,11.93,77.18,32.57,165.66,124.48,83.75,46.08,52.91,220.65,73.67,61.55,17.6,821.72,131.4,30.76,225.25,139.9,232.56,193.87,110.37,100.95,22.93,160.64,198.86,30.34,148.02,9.62,11.8,80.29,35.1328,23.95,36.64,237.87,22.87,121.1,96.18,51.69,27.06,17.56,163.93,65.16,491.27,200.84,73.01,121.4,273.71,493.8,95.88,37.48,85.8,12.77,31.7,68.05,64.13,51.6016,75.48,128.03,556.44,150.51,76.7733,118.83,298.15,4212.12,26.23,206.36,163.0,249.44,273.967,30.42,38.31,220.2,70.927,77.38,91.1,26.23,36.29,70.32,353.48,126.28,65.99,57.62,26.78,14.49,135.03,162.91,95.9,131.45,84.57,22.09,1.17,97.79,109.53,118.63,176.03,81.608,197.48,100.83,171.71,1051.24,145.74,160.68,465.08,572.44,50.79,18.24,26.63,42.44,47.58,195.38,44.84,172.5,8.91,177.36,229.01,177.8,167.19,57.9588,295.42,809.73,15.59,538.25,27.95,406.43,20.46,267.96,69.61,49.88,11.24,98.77,35.11,72.9,103.14,52.17,63.42,104.72,172.33,57.06,78.03,38.99,130.41,103.3,887.63,180.19,146.24,89.53,45.34,59.2936,281.37,294.53,324.08,389.12,45.21,81.46,41.07,100.25,1427.13,8.36,110.34,158.9,1499.7,94.71,114.97,60.69,75.28,9.39,102.42,275.39,39.92,161.83,45.03,36.5165,215.4,20.75,36.15,230.5,204.87,236.97,506.76,122.46,505.22,20.51,89.83,66.1,271.03,506.39,240.7,244.12,39.09,118.75,72.23,391.83,254.32,476.86,312.76,582.93,74.32,215.03,50.58,95.955,158.93,64.74,176.54,153.71,135.96,264.38,62.01,52.4,77.55,172.4,19.5,138.71,226.3,214.5,56.73,58.79,42.33,38.8,242.54,9811.8,198.64,256.2,247.32,370.32,109.49,181.77,178.878,52.8513,54.63,50.34,80.49,103.94,166.57,67.04,11.61,300.16,334.58,430.14,583.72,55.53,98.16,376.8,261.63,437.66,33.74,199.03,41.74,158.88,240.01,19.13,37.84,196.97,62.09,66.84,22.91,18.86,924.5,113.02,61.25,103.6,459.85,79.93,126.08,260.02,262.63,72.61,8.25,123.53,33.31,128.695,75.44,35.26,111.88,148.01,344.56,399.6,232.75,75.16,96.64,23.13,271.35,193.86,126.81,428.35,111.86,153.13,1943.52,170.9,93.85,292.819,69.72,41.64,604.29,156.78,118.54,72.01,223.48,118.54,539.82,280.47,49.42,37.2,150.99,124.91,939.701,130.58,254.98,159.45,244.41,130.55,155.84,178.17,92.74,174.11,142.73,115.06,430.53,82.25,179.65,390.35,23.42,34.7036,218.773,10.62,,122.169,109.65,154.3,67.13
2024-10-01,39.4385,57.51,169.12,134.06,82.4,154.83,517.79,150.85,78.24,155.47,8.44,40.13,174.0,29.11,194.68,129.76,47.45,23.87,88.82,164.86,31.48,329.06,41.41,58.59,169.0,232.34,15.51,510.3,6.74,2.52256,186.4,176.84,23.72,68.94,80.56,10.76,74.59,34.03,170.914,130.97,89.73,47.81,51.71,225.36,68.48,63.98,17.24,843.3,119.0,30.03,221.61,131.79,213.54,197.93,103.04,101.08,22.18,155.87,191.7,32.23,156.31,9.34,15.95,73.37,38.6575,23.92,36.54,247.47,22.45,113.51,95.53,52.64,23.17,17.34,139.81,67.02,503.84,198.0,73.92,132.7,291.37,499.59,96.02,32.95,82.23,12.98,30.55,65.85,65.49,49.3498,80.92,134.88,537.73,139.72,76.876,123.73,301.63,4676.25,26.69,223.16,183.16,194.48,288.814,33.6,35.95,233.88,75.603,72.38,90.4,25.63,33.63,64.64,344.82,112.94,67.01,55.77,26.76,16.04,121.78,145.47,86.85,121.82,80.04,24.51,1.27,99.12,100.37,107.49,198.35,74.35,203.87,98.46,183.34,838.2,139.63,134.27,475.98,567.58,57.22,18.7,27.25,19.74,49.85,178.78,50.76,169.77,8.55,206.35,204.31,193.9,172.69,52.8946,283.86,812.8,14.23,592.34,29.04,358.74,19.49,274.72,75.61,55.14,13.4,87.58,33.46,70.23,91.68,52.68,59.37,99.91,180.62,78.26,79.3,35.69,144.14,71.26,908.08,163.3,138.11,83.33,42.19,53.6595,281.2,302.19,327.61,368.98,47.91,80.87,42.12,99.72,1302.3,7.9,104.68,151.34,1291.75,94.73,110.84,60.0,62.26,7.44,103.71,300.69,36.79,178.23,47.3,34.0085,228.94,19.86,38.08,234.85,213.57,205.82,502.5,148.22,406.92,25.34,75.1,74.12,276.12,513.61,229.47,242.47,36.87,111.55,71.44,355.61,205.03,456.15,329.72,571.2,80.96,210.86,47.14,96.61,149.01,77.69,181.93,161.72,125.97,184.96,60.44,51.47,78.66,176.77,17.85,138.78,188.23,214.64,57.17,60.92,42.0,38.96,221.85,9152.81,201.32,289.42,201.06,381.97,117.14,187.98,186.598,51.9183,49.38,51.85,72.72,98.2,209.03,70.48,11.6,307.93,358.19,413.73,605.59,51.44,96.0,361.64,249.85,455.32,37.08,188.65,40.05,165.55,234.5,18.78,36.03,178.58,60.5,54.36,17.06,19.75,759.3,83.04,70.95,104.64,454.06,73.75,130.5,262.96,247.89,70.49,8.13,115.79,31.76,138.496,72.79,31.41,98.56,166.96,321.22,423.5,231.53,72.05,84.02,22.93,297.9,171.4,134.79,427.03,102.19,167.75,1993.11,180.165,87.35,385.903,72.58,29.11,602.57,166.8,123.63,56.83,228.27,124.96,448.84,296.87,51.5,41.56,147.42,143.26,970.896,138.24,301.66,160.89,233.85,169.39,167.68,179.25,95.43,247.31,156.7,125.44,446.07,84.72,197.9,391.04,23.49,37.9902,214.807,10.94,,115.316,120.21,134.13,72.32
2024-11-01,39.005,63.29,183.6,135.72,87.09,162.66,608.57,163.67,78.41,178.89,8.84,42.75,160.63,30.85,219.99,139.08,62.28,27.26,92.58,168.819,32.47,348.05,43.05,64.5,168.78,240.95,16.02,573.97,7.8,1.50376,207.89,187.18,25.57,72.12,81.99,11.01,80.49,40.52,168.757,139.99,85.3,55.87,54.79,238.0,64.95,79.14,18.42,931.12,121.64,35.74,235.35,149.69,209.0,231.4,105.58,94.02,29.05,160.96,227.1,30.9,184.62,10.63,15.52,68.17,41.3178,26.72,45.44,246.25,21.99,117.79,101.05,61.02,19.65,18.09,166.17,72.65,542.0,218.3,82.99,133.06,329.99,532.94,94.38,32.65,89.66,12.45,32.43,64.49,64.07,55.153,91.41,138.18,566.44,154.87,82.8813,123.67,344.52,5201.98,31.37,246.94,165.4,199.27,314.551,34.63,48.73,250.35,88.681,83.97,101.61,28.54,34.32,71.27,362.37,116.78,71.35,61.52,26.46,14.33,126.75,156.15,83.34,133.98,77.27,28.27,1.46,108.99,101.33,106.25,212.6,73.88,182.93,108.37,194.38,750.22,140.84,138.83,468.13,574.32,63.82,21.21,29.35,23.41,58.83,175.25,55.59,162.08,9.71,244.06,205.0,187.54,170.49,56.734,310.46,866.0,15.58,600.0,32.09,327.22,21.22,294.21,78.19,67.52,14.52,87.59,31.97,77.05,100.2,55.13,57.89,110.13,189.11,96.83,86.77,41.35,144.15,69.05,981.48,170.96,136.94,78.3,45.86,59.6542,312.24,322.0,396.965,386.64,52.6,79.5,48.14,118.38,1252.97,8.77,104.46,164.16,1251.2,107.7,116.65,63.2,60.0,7.39,118.96,320.69,39.29,195.69,52.27,34.4102,248.85,22.5,43.95,253.44,215.85,200.84,517.93,169.28,421.75,26.89,74.49,74.59,306.81,558.49,226.25,249.02,38.34,110.23,75.59,387.56,232.77,460.99,381.18,609.63,78.04,236.02,50.33,101.455,170.84,77.24,176.18,188.38,73.21,197.92,64.63,63.39,95.05,177.59,17.1,151.32,175.93,230.63,64.55,62.24,47.12,44.73,219.06,9235.58,225.14,258.69,192.85,407.0,138.25,200.62,209.888,50.2522,44.21,53.06,77.37,102.98,231.92,77.99,13.09,325.68,340.53,476.19,629.17,54.86,104.17,377.09,345.16,485.26,39.26,243.92,38.49,188.2,229.37,15.87,32.74,199.06,72.97,43.06,15.8,21.59,567.64,71.35,79.99,113.1,490.67,75.36,145.27,256.56,260.99,71.12,10.48,125.8,32.61,139.136,81.34,34.25,100.72,204.3,297.9,646.96,266.78,71.96,89.74,24.08,320.66,186.47,136.11,460.09,108.19,191.09,2375.03,193.91,83.22,529.577,71.51,32.64,667.13,197.57,127.59,55.53,241.16,159.84,440.56,345.97,55.02,67.08,151.12,175.03,1012.23,162.87,334.12,195.96,249.99,336.75,176.73,296.2,102.27,260.42,180.48,152.75,510.12,98.96,220.96,493.27,37.54,47.6409,229.562,10.85,,136.242,128.55,172.02,88.55
2024-12-01,33.8934,61.95,172.21,126.1,77.41,150.86,572.62,146.3,76.24,169.84,9.09,41.11,152.92,27.38,188.01,122.59,65.33,23.52,92.37,132.014,30.26,299.44,42.04,57.44,139.82,221.0,14.6,532.43,6.99,1.66165,219.39,206.96,23.43,74.98,74.36,10.6,76.9,36.67,189.3,131.29,80.77,50.45,46.22,232.23,59.73,78.4,17.52,871.92,110.77,35.98,219.97,149.47,183.41,230.98,103.32,95.65,31.34,149.01,213.22,31.15,186.33,9.13,15.29,57.35,35.5572,25.54,46.11,210.28,20.27,110.12,94.04,57.52,18.98,17.48,149.55,69.45,521.96,201.18,77.31,120.35,334.33,526.57,86.16,32.12,85.32,9.4,31.37,57.43,58.89,45.0579,90.85,126.03,519.85,151.27,79.0533,105.11,316.05,4968.42,28.94,220.73,144.06,176.24,315.509,32.02,54.88,251.47,89.132,81.76,90.22,25.71,31.79,74.94,351.79,105.7,74.03,60.3,24.58,14.77,116.02,139.5,74.27,113.93,75.82,27.4,1.67,100.64,86.31,90.76,206.26,72.23,177.7,105.75,180.26,712.33,130.68,119.13,402.7,585.51,60.5,19.92,27.54,21.06,61.06,162.93,53.27,231.84,8.28,230.69,179.42,184.92,190.44,53.06,285.44,704.44,13.29,516.5,30.43,300.15,21.35,275.43,67.92,65.0,17.43,88.68,30.71,69.2,80.71,52.56,53.41,104.71,170.66,97.1,85.35,47.29,133.63,69.93,942.89,149.6,124.49,68.33,43.41,56.3982,283.85,313.24,342.77,434.93,64.75,72.09,43.76,109.37,1267.28,7.46,91.93,154.57,1223.68,86.08,111.95,59.14,60.58,6.96,112.06,292.13,36.75,177.33,48.04,31.3887,225.13,19.98,41.02,247.16,195.4,196.51,484.47,155.33,413.44,25.73,68.21,69.07,300.46,485.36,203.8,228.69,34.65,97.55,73.93,362.46,208.51,418.67,338.42,600.01,72.72,226.09,46.35,110.53,160.63,66.83,175.3,184.08,69.21,188.97,61.55,57.39,94.48,163.83,13.95,139.27,174.04,209.29,58.52,56.96,48.58,45.74,205.56,8178.9,176.4,226.04,177.98,386.22,129.5,189.59,212.024,44.4431,40.13,51.36,68.26,92.61,204.97,77.77,12.45,327.56,328.51,419.76,576.64,52.89,90.46,340.94,403.84,464.13,36.47,233.82,33.42,155.05,207.85,14.92,32.71,184.6,70.66,41.58,13.6,19.82,591.7,68.68,72.64,102.02,480.28,72.03,114.07,223.71,209.24,63.05,10.57,116.04,29.21,131.639,71.59,31.97,92.35,178.5,291.05,594.32,261.07,60.32,77.76,21.35,382.41,142.93,131.41,418.89,101.85,172.42,1990.93,181.96,78.18,366.4,66.06,30.48,609.3,197.37,115.24,60.48,229.32,137.87,412.23,342.16,53.86,75.63,142.97,165.16,1019.54,147.91,328.93,203.09,258.03,323.83,177.03,248.3,92.52,203.36,167.75,142.89,453.9,99.55,205.42,424.06,37.26,44.0458,209.069,10.46,,140.34,117.53,185.18,84.99
2025-01-01,30.6539,67.48,173.86,114.23,82.45,163.1,640.4,122.91,77.23,188.55,9.04,39.77,143.93,26.91,201.24,133.0,72.94,24.64,97.2,131.24,26.63,298.48,43.26,56.49,141.9,180.8,14.45,543.36,7.23,1.41353,237.68,215.0,22.45,83.43,73.14,10.32,82.61,27.38,204.02,144.74,81.47,54.36,48.09,236.52,57.99,76.89,16.71,928.82,113.58,37.04,221.51,119.38,184.95,249.7,99.49,99.9,26.9,159.83,215.19,31.91,170.95,9.99,14.98,54.3,36.4237,27.72,51.12,212.01,20.66,106.89,99.26,62.62,19.76,19.23,176.2,70.78,571.88,216.87,82.34,130.2,341.7,555.43,86.85,32.1,92.21,10.24,29.98,57.68,60.42,49.2138,107.13,136.48,575.65,150.56,86.2947,101.57,307.61,4737.56,30.05,232.97,142.03,167.52,341.226,31.59,55.42,297.26,97.676,85.64,102.44,24.91,31.9,73.35,384.95,119.25,72.45,58.35,27.89,17.56,124.04,145.71,75.7,117.87,71.06,27.48,1.67,103.68,96.36,89.28,215.85,81.05,183.9,89.6,184.56,672.98,132.73,122.3,461.68,689.18,67.27,20.78,28.12,24.78,63.33,170.9,49.46,221.27,8.35,266.6,188.56,187.94,205.6,54.36,284.57,758.06,13.67,544.12,31.65,329.91,21.19,287.44,67.39,68.98,16.92,88.76,29.84,80.0,59.23,48.71,54.64,105.52,171.22,105.84,88.58,48.5,132.74,82.98,913.66,154.0,124.64,71.67,41.74,61.1581,301.82,329.565,345.49,412.15,73.25,72.14,47.57,126.58,1353.34,7.53,96.55,152.58,1364.44,84.19,108.63,58.88,64.03,7.33,112.85,332.39,37.39,163.86,61.71,31.615,212.66,21.72,46.18,256.07,204.33,201.36,542.83,168.48,422.05,28.35,67.3,74.16,297.62,525.48,197.56,236.18,34.48,97.35,71.84,347.51,219.11,446.12,380.49,596.77,73.33,238.22,49.5,115.23,178.35,59.94,174.09,185.51,71.04,197.26,64.17,57.93,100.88,164.36,12.4095,142.51,199.14,224.31,58.83,65.27,51.18,48.6,220.65,8016.18,185.61,220.63,180.24,391.94,144.68,207.92,203.676,45.9073,39.05,45.83,65.38,95.42,207.56,86.83,11.28,341.55,360.88,449.12,601.64,54.91,93.8,344.25,404.6,511.33,38.55,253.96,36.05,149.33,208.55,15.56,35.7,164.76,74.96,39.42,13.1,20.6,637.37,62.28,70.74,104.66,474.41,73.55,128.2,299.98,220.22,52.34,10.44,113.71,29.77,138.053,76.6,31.15,93.07,196.8,310.41,652.18,278.38,66.85,76.13,21.29,414.2,167.28,131.17,423.01,103.39,177.11,1873.56,184.42,88.3,429.75,74.06,28.52,592.42,212.65,103.6,62.42,249.8,168.03,402.95,398.07,53.09,82.49,147.97,170.98,1069.66,167.07,372.88,177.36,262.06,369.59,198.22,291.33,99.03,247.48,188.83,142.71,448.06,101.6,216.04,436.75,51.95,54.2102,214.266,10.88,,153.276,118.68,211.37,90.82
2025-02-01,32.6756,64.74,186.09,119.03,89.04,172.9,622.29,129.12,82.61,182.37,9.05,38.75,140.5,27.33,191.72,130.73,85.42,23.71,114.31,119.63,26.49,303.62,42.04,61.34,126.81,175.5,14.92,537.3,6.95,1.21805,212.28,237.88,22.1,71.91,70.93,10.83,83.33,28.9,170.28,141.94,71.12,55.82,40.7,253.77,64.23,66.2,16.13,983.77,117.36,37.12,226.18,102.99,205.62,271.14,101.62,80.68,25.04,173.23,207.89,23.84,197.96,10.35,14.01,58.86,37.6621,26.99,48.17,206.11,20.46,110.53,106.69,55.04,16.55,17.39,147.88,66.6,573.15,237.02,82.78,155.28,297.85,576.31,89.32,33.52,81.02,10.84,28.63,63.01,69.18,48.93,102.31,153.51,584.5,140.32,91.576,93.17,259.63,5016.01,29.44,269.69,129.97,136.18,362.71,26.51,58.19,292.43,98.056,82.97,105.71,29.0,29.77,72.86,348.5,123.92,71.62,53.97,23.92,14.8,130.89,150.18,76.83,129.69,74.18,27.1,1.52,94.2,101.91,94.1,228.93,76.74,209.03,74.84,189.3,698.74,128.71,117.59,479.79,668.2,60.12,18.04,28.62,21.98,54.0,167.24,49.13,199.43,6.81,246.1,175.25,170.85,172.22,55.35,311.57,642.32,14.31,483.14,32.28,306.3,19.81,296.91,64.54,60.68,14.35,66.66,30.71,72.17,52.32,54.65,57.03,111.2,161.19,93.81,71.05,36.9,88.74,72.69,904.62,152.56,135.97,64.72,45.18,59.8722,337.74,339.65,363.57,366.36,72.28,63.39,45.77,136.6,1367.2,6.35,90.38,168.12,1272.72,77.03,105.42,64.53,58.16,5.69,105.28,297.13,42.19,156.32,59.31,33.6609,213.09,18.37,44.59,264.96,210.8,188.8,498.32,154.67,437.11,22.72,66.48,73.5,250.5,457.28,217.9,233.52,34.76,102.26,76.7,353.22,187.03,467.05,367.05,590.51,58.19,241.22,52.39,93.05,159.53,51.87,173.59,211.98,50.94,175.58,68.91,54.8,108.01,158.96,12.6,152.13,178.2,194.33,63.08,62.98,57.6,54.07,219.26,7245.58,176.5,192.79,132.75,315.05,143.36,185.36,185.952,48.3943,38.11,44.71,64.8,99.78,219.47,88.37,9.23,232.34,265.16,489.71,608.43,51.19,84.78,347.0,292.98,515.02,37.35,206.14,33.22,136.15,215.59,14.91,31.71,165.31,71.98,30.96,16.49,21.51,611.01,57.33,61.99,118.54,461.74,61.75,135.07,250.545,210.29,47.05,11.46,124.06,32.49,126.522,76.25,34.01,92.91,201.72,301.12,528.45,272.27,76.01,74.19,23.6,365.61,138.99,138.87,371.59,99.76,161.16,1886.35,190.43,87.35,473.077,79.75,41.46,601.05,179.5,102.76,65.12,251.04,133.66,428.07,389.66,52.07,84.92,154.03,149.27,972.472,135.59,335.18,139.36,263.34,325.74,170.94,215.62,102.52,233.1,198.44,116.55,408.91,98.88,235.69,363.33,50.1,51.0219,234.972,11.36,46.85,148.764,70.32,194.58,65.3
2025-03-01,33.6045,67.73,166.08,109.99,84.37,169.2,546.29,144.52,82.31,161.92,8.8,40.77,136.84,26.54,178.75,132.07,70.41,21.73,112.05,114.78,28.4,299.29,36.99,63.81,127.13,183.52,15.22,484.11,7.09,2.22556,190.26,253.87,21.24,66.0,67.19,10.58,76.5,31.48,154.64,130.78,74.68,46.29,37.78,265.29,67.85,53.57,14.21,960.86,120.25,39.93,214.62,76.37,217.6,220.74,102.4,80.5,22.32,172.5,209.75,22.48,168.1,8.59,12.84,48.41,38.5672,28.9,53.43,209.31,20.22,118.41,108.98,48.84,14.94,15.17,152.97,65.59,495.27,242.16,75.86,158.73,268.36,548.12,83.5,34.22,78.15,8.22,30.94,62.11,68.76,40.43,100.64,153.21,589.58,127.79,95.5053,86.04,254.18,4606.91,31.69,266.71,134.94,126.43,350.46,26.12,52.4,266.27,93.253,77.92,95.46,28.04,28.65,75.07,312.04,111.79,72.48,50.21,27.01,14.17,119.46,145.69,70.4,123.48,87.93,28.53,1.15,87.48,84.95,104.23,217.13,72.7,209.52,64.64,172.14,634.23,130.46,114.18,484.82,576.36,43.6,17.17,27.22,19.73,50.08,164.65,47.03,167.43,6.25,205.44,187.9,168.03,156.23,55.1,306.57,626.7,12.63,478.13,30.37,345.55,15.43,297.62,57.7,52.94,10.55,64.63,30.43,68.49,58.06,58.52,58.01,110.09,147.95,69.05,65.25,39.21,79.34,72.41,815.35,148.49,147.52,60.88,45.17,55.0848,345.24,337.95,368.53,366.54,49.22,61.77,40.97,129.73,1383.29,5.95,84.35,167.58,1180.91,72.02,97.82,64.35,60.71,5.47,97.92,263.35,42.54,143.29,57.99,30.8972,198.02,17.05,43.95,227.55,226.29,176.3,419.74,138.91,419.95,18.96,65.36,60.55,254.33,428.85,220.01,223.85,29.64,92.51,73.76,363.33,158.86,465.64,348.72,565.5,63.14,242.46,54.03,77.48,149.77,53.3,182.6,207.25,56.77,204.04,68.95,56.59,96.26,159.88,10.2,154.58,160.26,180.97,71.16,62.93,56.6,52.71,226.65,7244.39,165.45,216.35,138.19,282.56,130.58,181.35,159.228,46.3858,34.92,38.63,63.4,103.2,218.48,68.29,8.71,223.88,243.56,459.45,581.39,47.18,80.03,318.35,259.16,497.71,32.85,168.84,25.0,126.65,190.06,14.89,31.2,150.52,65.65,28.35,16.18,16.31,579.98,62.05,58.33,124.4,454.64,58.63,125.08,201.63,201.72,40.69,10.73,122.3,32.62,119.391,79.23,34.85,96.18,200.47,329.39,525.95,262.61,72.86,76.42,23.98,283.06,124.94,119.46,330.91,97.45,139.78,1844.16,170.64,80.71,439.457,76.04,34.24,560.83,180.14,91.15,59.5,232.74,117.44,419.05,352.58,45.06,84.4,141.32,136.94,946.48,115.61,305.28,111.81,233.53,264.97,146.61,172.23,87.97,209.08,182.77,99.21,369.63,111.32,220.83,322.33,41.62,41.3342,241.088,11.96,47.61,151.316,54.72,158.1,54.33
2025-04-01,31.4281,68.16,157.38,95.3,74.15,178.22,547.55,145.09,76.66,174.15,7.91,40.61,121.08,25.87,169.76,116.09,70.65,20.41,106.54,108.61,20.53,300.43,35.28,61.24,126.34,187.54,11.61,471.02,6.86,1.51128,184.42,282.12,19.98,59.96,63.73,9.91,73.57,29.43,158.8,122.18,78.88,43.93,35.2,277.08,68.13,46.73,14.12,920.05,109.91,33.93,209.98,69.42,225.41,224.95,89.22,80.58,27.86,167.97,192.74,21.5,156.93,7.88,11.84,46.08,40.485,24.56,49.44,220.02,17.84,116.27,109.52,45.23,13.9,13.93,141.55,76.95,515.8,250.75,76.21,171.36,268.71,548.06,80.31,34.59,78.37,8.24,29.9,59.48,70.08,43.86,106.2,152.59,560.08,139.0,94.3467,89.67,292.69,5099.28,28.17,246.95,147.18,125.82,345.5,18.89,52.78,264.74,113.172,64.67,109.58,25.72,28.38,81.77,299.15,102.2,75.49,50.52,30.4,12.45,120.57,137.41,58.21,104.06,93.69,26.3,1.01,90.73,91.03,105.76,186.87,71.67,195.1,68.98,169.58,598.76,139.2,106.35,509.5,549.0,41.63,14.66,27.12,15.04,47.45,156.4,45.24,192.47,5.72,214.91,177.07,165.63,160.89,50.62,279.15,631.45,12.38,523.98,31.42,345.08,16.22,296.43,52.61,51.95,9.95,64.28,29.1,64.97,59.3,60.12,57.86,99.34,130.58,68.82,65.84,32.72,77.6,71.67,860.75,146.52,147.01,53.82,41.88,52.4579,320.69,307.8,391.86,395.64,44.27,58.2,36.89,138.58,1413.07,5.44,81.67,159.65,1070.57,58.55,94.02,61.04,59.85,5.05,76.31,243.61,38.21,160.54,58.22,27.302,185.61,15.52,35.4,225.48,221.8,155.07,421.08,137.04,432.65,16.03,67.86,62.66,297.74,459.01,243.4,236.59,31.46,72.66,72.18,358.83,173.3,453.23,325.37,545.11,59.89,242.4,57.13,82.27,145.4,52.81,173.43,233.32,44.51,230.34,69.1,61.03,103.76,132.01,11.9325,160.63,160.56,173.97,71.69,61.99,49.79,46.24,224.74,7125.75,153.28,221.59,137.05,250.32,132.45,184.74,191.002,43.9948,30.59,36.67,62.54,96.27,226.39,71.38,8.42,211.29,244.08,490.37,543.3,43.48,75.43,293.14,282.16,466.03,31.81,156.91,27.06,114.38,184.31,12.93,29.66,118.62,62.14,28.54,12.235,15.22,593.1,44.59,57.87,110.6,432.22,50.35,129.71,223.44,189.57,39.7,8.67,113.8,32.02,122.265,74.17,34.19,90.68,170.9,327.01,613.3,252.29,81.01,78.72,23.6,270.77,119.63,121.92,363.18,95.9,131.71,1989.68,186.93,70.33,427.477,66.12,31.86,546.75,188.33,91.76,57.06,241.01,129.63,358.62,428.87,42.02,118.44,146.38,136.48,914.26,114.27,370.82,110.83,245.0,269.31,152.53,202.89,95.42,244.35,192.89,102.16,400.7,103.9,184.57,397.55,49.11,42.8968,223.499,11.74,32.11,161.316,53.63,154.47,58.47
2025-05-01,31.768,73.17,163.07,97.54,77.89,173.34,600.45,143.78,72.73,183.85,7.98,42.2,129.79,28.48,182.64,128.97,78.55,21.44,110.08,106.08,20.93,308.41,37.67,56.16,118.06,178.29,12.0,509.24,7.05,1.66917,205.01,272.47,21.26,66.94,67.33,9.28,80.99,32.28,171.74,125.02,79.61,48.57,45.01,289.0,67.49,48.6,15.49,954.41,112.73,38.04,206.77,78.49,214.65,276.81,95.97,75.93,29.8,179.8,202.98,21.96,166.75,10.51,11.92,58.04,41.34,24.31,55.13,244.34,17.41,112.61,107.44,49.91,15.98,14.46,136.26,89.93,552.34,257.29,83.54,180.59,265.37,585.6,90.54,33.67,90.71,5.83,30.68,64.81,64.28,51.55,132.03,154.28,570.27,140.09,91.1667,98.71,342.56,5518.93,31.15,242.2,148.52,158.08,365.19,15.25,69.9,285.38,120.723,64.46,155.9,26.77,33.09,90.26,316.82,108.6,78.22,50.08,36.14,14.24,126.04,160.74,56.49,113.48,97.25,28.04,1.48,99.18,117.94,100.35,202.97,80.79,186.11,83.77,178.74,490.28,142.7,100.61,442.05,647.49,48.39,16.18,28.24,18.12,51.24,168.63,49.61,242.07,6.71,256.97,190.35,176.0,172.85,48.4,283.9,708.38,13.44,547.55,32.72,381.39,17.28,314.14,56.77,57.65,11.41,69.03,26.73,69.99,66.57,63.95,56.62,98.31,138.85,79.445,70.28,47.93,82.24,76.02,888.82,151.15,142.97,50.4,41.43,52.8937,347.44,316.55,396.27,471.46,50.93,62.17,40.35,169.89,1468.43,6.3,68.28,156.65,1155.52,55.76,95.48,62.23,56.44,4.93,75.61,259.89,40.47,171.52,59.81,27.8022,193.17,15.2,37.05,248.44,229.12,140.33,436.42,146.98,513.36,17.65,64.31,65.06,287.07,463.98,231.89,244.79,31.65,70.19,72.15,347.19,180.94,467.58,325.11,564.02,66.26,242.83,57.25,86.64,157.04,55.78,181.17,226.28,52.83,223.06,66.41,51.48,101.78,134.55,10.8675,154.68,180.36,180.91,74.69,70.8,54.94,50.28,245.21,7115.93,160.17,216.41,122.27,289.77,137.19,202.32,202.218,44.178,27.74,41.16,71.2,95.35,259.09,85.8,8.79,210.85,226.93,473.82,576.99,55.35,81.64,300.59,346.46,498.86,35.75,174.49,26.88,122.13,191.13,9.22,29.94,135.63,71.27,26.56,17.86,14.83,661.9,41.39,59.08,112.9,458.26,48.4,123.07,306.15,211.99,42.02,9.97,117.49,31.71,126.3,73.56,33.7,95.04,157.93,305.04,750.36,325.03,84.16,78.15,23.87,316.67,107.68,129.0,389.58,101.03,138.76,1726.28,192.42,70.54,369.487,73.09,40.02,564.45,182.15,111.27,66.81,248.97,160.57,358.51,471.37,43.33,131.78,160.07,130.69,979.89,121.46,472.98,105.52,247.71,393.0,165.5,246.62,91.16,327.16,208.65,117.88,471.86,116.13,162.79,478.23,66.15,52.42,231.618,12.1,37.69,156.266,75.22,161.76,61.75
2025-06-01,32.7972,74.46,160.76,100.94,79.43,179.63,707.75,159.7,75.82,198.65,8.65,44.32,125.59,29.4,193.99,134.42,87.81,23.52,110.87,110.61,22.5,293.42,38.24,55.94,128.92,162.68,12.43,533.73,7.78,2.21053,219.39,288.8,21.02,80.8,67.47,8.42,78.03,33.68,176.23,140.12,81.41,51.61,46.69,275.62,67.44,54.69,15.36,946.17,114.25,40.67,203.5,82.85,221.02,274.28,95.95,79.76,24.39,183.47,197.49,22.31,168.68,12.02,11.31,70.37,42.0,25.38,58.32,250.84,17.51,98.2,104.2,52.35,15.88,15.77,142.45,98.75,543.41,246.61,89.42,182.13,272.69,561.94,93.67,33.06,92.0,7.6,30.25,63.62,63.15,63.99,127.23,153.73,566.84,127.58,90.13,102.57,378.08,5789.24,34.44,238.26,157.76,165.54,355.05,15.16,72.54,294.32,133.913,67.21,160.58,26.72,33.48,99.04,298.89,105.12,78.21,56.15,36.48,13.05,129.36,166.11,57.86,119.3,114.38,29.4,1.48,102.66,144.33,102.73,208.72,97.34,185.62,68.6,180.96,525.0,144.12,104.84,445.2,738.09,49.18,16.18,29.72,17.7,57.12,155.95,49.21,275.65,6.83,313.14,181.15,196.77,177.39,52.77,283.4,753.4,14.1,548.96,34.31,383.1,20.45,311.5,61.9,66.74,11.22,74.52,25.82,73.05,79.55,62.64,57.61,96.11,143.6,79.63,74.32,46.49,95.41,84.91,795.47,147.44,139.11,51.48,40.83,52.13,320.12,306.5,408.81,467.82,49.48,65.16,44.75,186.13,1520.64,6.49,71.16,148.01,1174.72,62.67,94.99,60.47,54.28,4.65,80.04,298.34,37.01,174.33,53.77,28.5472,188.45,15.29,38.34,266.34,233.21,157.59,404.22,153.37,536.34,20.28,65.57,68.1,308.15,512.68,234.84,258.0,34.39,72.63,71.23,339.85,189.33,469.18,331.82,576.74,68.65,243.03,56.42,102.31,163.86,51.85,180.17,242.85,55.33,241.46,68.93,49.07,105.72,137.4,25.84,154.11,178.59,175.57,73.47,74.53,56.04,51.63,240.22,7385.66,162.3,223.34,118.36,308.36,151.28,209.35,205.616,44.566,26.48,43.51,73.19,99.02,231.4,87.29,8.93,218.8,241.32,450.6,592.84,50.16,83.18,291.48,317.66,512.31,36.9,176.82,28.39,143.21,218.49,9.68,30.89,151.73,75.98,27.59,20.4,17.87,731.38,39.65,55.39,110.87,447.28,51.45,128.01,322.76,214.37,52.41,11.46,112.69,32.6,131.45,80.4,32.8,91.05,174.08,297.9,827.94,314.18,93.3,80.28,20.93,237.58,116.69,132.34,408.41,100.95,149.58,1827.96,204.64,74.07,350.877,75.84,49.01,573.24,180.06,122.6,68.22,262.51,193.81,346.79,509.31,43.15,136.32,168.67,141.87,1049.25,133.03,529.15,103.07,240.0,350.08,173.2,350.49,91.8,336.96,246.51,134.33,534.89,116.94,172.41,536.21,93.63,55.41,216.729,12.9,45.35,180.589,71.99,163.37,67.93
2025-07-01,30.8164,91.75,163.79,86.16,77.83,167.41,723.59,152.49,70.63,192.64,8.41,49.57,128.0,29.49,188.7,137.31,108.03,25.33,112.29,112.18,24.81,271.94,38.42,52.3,142.84,167.04,12.58,518.19,7.86,2.24812,234.11,268.87,21.23,93.34,65.43,8.05,71.76,30.31,191.9,155.74,79.41,59.25,50.86,278.28,64.69,57.66,15.72,954.18,116.24,36.72,186.28,96.02,208.39,298.75,115.32,76.31,22.45,184.83,187.3,20.93,180.22,12.75,10.77,67.59,46.13,24.39,53.75,274.82,16.94,107.34,109.08,56.04,14.31,21.01,140.37,106.51,481.09,230.65,96.22,164.05,258.33,566.47,109.03,32.65,92.83,10.52,28.09,66.1,67.18,78.69,114.27,165.07,550.4,136.54,98.32,97.36,406.13,5504.06,36.37,238.41,159.65,174.73,345.47,16.21,75.28,313.42,115.94,56.61,167.2,26.67,36.8,113.55,267.1,106.78,79.31,42.88,36.01,17.49,144.62,170.19,57.93,123.58,104.9,28.06,1.69,102.2,157.01,105.09,218.76,94.84,189.02,73.42,184.85,545.46,165.92,114.51,456.87,773.44,53.21,16.71,29.32,18.19,61.3,145.79,53.34,293.7,6.64,317.87,166.45,209.87,192.86,56.95,260.18,882.94,12.94,574.88,33.42,353.99,20.69,278.71,57.25,69.67,11.49,68.54,27.46,67.65,79.1,58.75,56.13,93.77,144.05,88.31,68.76,53.07,102.71,83.6,785.17,134.36,140.24,54.54,39.29,47.93,287.25,315.81,269.36,515.01,52.96,66.82,47.72,179.77,1608.46,6.3,70.69,142.43,1233.68,67.85,92.16,65.01,26.07,4.85,79.95,311.35,29.47,176.44,47.85,29.9249,193.75,13.61,45.05,268.08,241.04,185.86,338.65,167.13,534.31,25.56,70.79,74.89,364.57,633.47,224.72,271.94,36.45,76.43,71.4,335.8,129.01,460.26,323.05,561.36,74.89,247.51,57.27,123.22,163.91,57.07,169.815,222.73,52.23,278.86,70.8,45.33,99.9,148.66,21.68,155.92,174.38,163.51,68.81,72.13,55.76,51.14,226.49,7549.49,149.25,205.5,119.5,339.02,147.7,192.05,188.624,45.3419,23.29,52.4,68.62,85.69,231.54,80.77,8.74,239.26,241.95,463.21,584.56,58.27,84.63,308.14,308.27,551.02,41.47,157.71,26.68,194.69,213.77,9.7,34.27,169.64,83.89,29.56,25.66,18.06,711.24,32.36,57.67,91.37,402.9,54.73,127.56,347.84,214.21,56.36,13.17,109.2,32.6,141.87,95.19,30.65,86.06,166.41,157.87,755.49,288.4,87.75,79.76,21.44,200.53,127.13,132.41,437.48,104.83,172.96,1436.72,173.6,71.32,321.561,71.36,58.97,609.0,161.58,132.69,68.64,260.08,208.54,356.24,454.57,44.38,158.35,205.75,145.32,1106.01,146.58,660.29,106.17,229.38,390.7,185.53,377.76,95.45,390.17,250.25,139.98,627.49,104.78,138.94,703.3,103.05,65.56,198.309,12.57,42.92,166.753,86.96,187.05,77.26
2025-08-01,31.5027,90.61,180.66,87.44,80.51,181.64,745.25,171.95,70.37,219.08,7.83,53.1,132.22,30.2,201.66,152.01,101.82,27.39,112.97,133.14,24.86,294.59,38.03,56.78,169.48,161.94,13.29,514.81,8.57,2.24812,229.0,273.37,22.49,91.73,72.51,8.67,72.25,29.2,212.91,162.12,69.81,63.21,49.94,266.51,61.44,64.85,17.21,1086.05,120.54,34.27,195.85,93.53,203.85,296.93,128.7,79.13,22.41,176.6,215.61,20.98,214.8,9.9,12.28,65.0,49.66,24.44,51.84,277.62,17.94,110.51,106.51,53.66,14.3,21.89,137.76,108.86,473.295,233.97,94.74,167.13,256.25,595.29,126.75,29.09,86.63,10.75,25.44,64.07,68.08,80.34,130.95,168.28,526.31,147.16,103.68,92.33,377.96,5599.05,36.76,251.99,180.92,195.19,351.78,20.89,67.08,313.14,120.825,61.35,145.56,23.74,42.76,109.17,259.97,113.78,81.34,42.14,33.4,17.42,141.56,179.71,56.35,133.58,108.76,26.98,3.06,107.53,167.4,99.14,241.82,100.15,210.4,84.32,184.8,580.7,169.8,132.69,391.02,738.7,61.78,18.4,29.41,20.59,66.19,156.4,58.59,297.39,5.0,363.22,181.58,224.82,213.53,61.76,270.21,956.34,13.71,616.4,33.87,403.96,22.57,268.12,56.89,76.34,13.37,74.94,27.97,69.58,88.05,62.41,58.76,93.16,144.99,105.0,70.19,60.99,99.96,90.7,786.19,143.58,143.51,58.52,39.57,47.86,302.75,326.79,265.58,492.73,62.78,67.12,52.28,174.1,1398.88,4.92,67.395,145.82,1301.04,84.92,100.55,65.07,29.04,4.28,88.82,326.47,32.62,167.64,47.26,32.1841,217.96,14.45,45.4,276.06,235.95,190.81,251.19,169.44,647.09,24.84,71.29,84.61,350.43,603.52,204.85,274.51,39.69,82.44,72.5,341.88,141.96,478.29,325.67,567.72,81.82,255.62,56.54,136.55,163.43,57.53,163.26,233.27,47.63,270.79,71.26,48.81,78.77,148.76,29.86,166.13,164.76,164.5,71.69,74.19,59.7,54.55,245.06,8117.65,150.97,183.84,126.41,317.09,166.49,193.5,183.492,41.8503,24.63,57.63,65.2,86.38,227.15,75.34,10.55,246.95,297.88,458.3,562.88,53.01,79.43,310.71,333.87,538.17,42.91,176.36,26.77,185.25,234.85,9.42,37.34,163.31,80.82,24.09,33.82,20.23,835.76,37.7,69.77,96.95,373.32,54.63,130.92,307.98,225.09,49.59,11.64,111.98,33.78,146.23,89.49,31.29,91.53,167.76,180.83,747.29,339.88,93.75,84.22,20.71,202.2,138.68,130.53,430.99,106.19,171.4,1521.64,190.52,73.73,310.052,73.09,41.54,557.86,148.31,122.15,79.53,277.99,189.11,354.38,423.7,47.36,156.71,206.5,136.23,1127.14,139.49,612.97,119.63,230.82,478.59,179.2,304.54,112.95,371.92,245.25,136.68,620.0,96.78,138.18,703.38,104.03,62.24,204.89,14.7,52.47,188.141,54.66,188.19,79.64
2025-09-01,29.1378,90.95,187.67,83.53,82.91,190.58,796.35,201.7,66.91,218.77,7.93,51.93,140.08,28.39,197.62,170.26,113.22,26.37,111.0,126.04,28.41,288.85,40.53,54.3,169.47,134.67,13.25,491.25,8.9,1.84962,219.57,279.57,21.85,88.12,74.34,7.99,67.07,32.12,243.1,157.56,65.94,59.49,51.3,270.19,62.47,65.42,17.02,1177.31,122.59,37.64,193.17,85.55,192.32,313.56,132.4,75.76,27.28,168.48,216.6,21.51,213.75,10.01,9.01,64.22,49.04,23.65,54.43,305.41,19.15,108.6,114.59,53.14,12.69,22.94,132.87,123.75,447.23,229.48,88.45,162.2,237.0,568.81,128.27,25.51,89.7,12.2,24.74,71.14,69.99,120.06,154.45,178.14,498.69,152.39,107.81,101.94,414.42,5399.27,39.45,239.38,188.96,220.53,341.38,22.09,71.43,323.19,119.892,44.87,161.95,22.27,43.96,94.37,246.6,114.52,77.77,39.19,34.68,16.26,147.5,192.74,49.04,136.02,103.35,28.31,2.57,110.76,236.06,96.49,246.22,133.9,231.54,83.77,188.0,562.27,177.35,128.92,391.64,734.38,56.75,18.2,30.71,19.92,55.77,146.32,60.97,329.91,4.99,323.58,204.44,238.43,243.55,56.87,267.66,954.66,13.15,630.28,34.55,426.2,24.56,251.51,59.81,71.05,11.24,76.98,26.04,66.37,95.92,67.31,60.79,87.63,134.17,96.5,67.06,61.4,94.97,91.08,783.24,140.94,139.19,53.39,37.26,48.99,309.74,345.45,275.105,546.75,49.78,67.49,53.16,196.23,1318.02,4.83,68.56,139.73,1227.61,81.08,101.31,67.41,35.68,4.04,83.08,344.39,30.54,172.88,53.08,32.5941,217.93,13.63,48.72,259.44,245.25,189.94,262.87,172.6,638.89,24.63,73.41,84.81,351.26,493.39,193.35,273.73,34.66,83.34,72.9,350.23,125.22,475.0,288.06,567.41,79.19,238.17,58.74,145.71,174.92,58.08,148.93,258.36,42.08,287.91,76.02,44.97,84.08,143.1,56.9,170.75,159.28,162.76,76.62,67.63,63.06,57.29,247.44,8034.66,140.78,174.25,122.36,297.16,163.4,200.47,184.056,40.2832,22.93,53.79,59.7,91.43,208.14,67.29,9.9,262.33,280.39,431.71,523.16,66.39,82.62,310.07,444.72,586.04,41.97,150.79,27.025,167.4,227.73,10.68,35.32,156.46,81.65,25.83,37.0,19.26,920.64,35.39,68.89,93.79,286.49,55.63,139.43,329.07,226.95,49.31,19.53,106.78,32.61,149.86,84.37,29.33,90.73,167.54,191.36,717.64,308.73,97.97,81.25,16.23,177.93,121.25,121.42,430.31,106.61,170.85,1496.53,203.62,75.1,310.637,73.0,47.94,529.36,136.83,141.77,86.22,287.06,195.92,318.16,490.38,42.57,182.42,219.53,133.27,1165.87,129.95,614.9,101.37,240.73,718.54,159.89,337.49,119.9,377.24,271.99,142.4,649.54,106.24,128.93,825.18,143.18,68.81,200.629,18.92,112.2,201.204,49.01,195.45,72.27
2025-10-01,26.0872,81.31,175.76,96.42,84.04,175.95,789.37,200.06,64.16,199.87,5.32,48.48,154.27,26.36,183.87,169.56,109.82,24.2,119.79,123.77,28.3,278.56,37.94,51.41,149.08,131.38,14.6,452.77,8.44,1.82707,244.22,239.8,20.66,96.69,71.19,9.33,72.88,33.66,281.19,152.43,62.52,62.78,46.02,265.49,57.46,52.83,16.02,1012.13,121.9,35.55,173.92,72.55,178.98,319.66,153.99,75.1,22.29,146.29,211.72,20.85,220.0,10.17,7.33,62.42,41.15,23.66,53.58,289.1,17.95,103.55,111.73,68.25,12.61,23.7,119.02,139.34,534.28,208.24,85.49,144.33,260.41,551.99,118.99,27.16,83.29,12.43,21.59,73.81,73.79,150.21,98.02,181.04,446.15,158.92,94.44,102.95,449.13,5077.74,41.35,210.05,190.47,266.94,340.74,26.26,64.61,253.05,111.886,41.91,171.86,20.74,42.96,99.12,250.1,124.09,82.45,31.69,27.45,16.06,150.85,194.91,46.42,136.14,98.66,26.19,2.08,106.35,255.88,90.22,213.94,157.46,218.04,78.33,202.11,651.8,165.77,113.64,425.57,648.35,57.38,17.15,26.5,20.75,62.65,144.09,69.09,369.63,4.61,286.83,217.01,237.96,281.82,54.11,251.77,871.18,12.23,613.1,30.47,459.68,24.42,218.76,51.35,74.38,13.13,77.72,24.73,63.2,98.85,66.83,57.98,87.69,168.86,94.04,69.27,47.13,123.54,94.92,846.01,133.54,128.43,50.8,33.69,50.34,249.49,313.1,233.84,519.88,41.73,73.91,50.87,205.95,1308.51,4.44,69.91,128.23,1416.29,98.23,96.19,66.82,35.37,3.97,77.76,365.05,31.96,170.41,57.07,34.1632,195.76,14.2,48.41,256.96,245.64,216.46,248.34,158.67,629.51,22.42,65.99,93.48,338.69,453.82,191.48,246.88,32.03,58.22,68.95,314.52,137.88,418.3,260.35,588.55,85.12,220.4,57.61,157.69,182.96,61.73,148.94,256.37,38.44,322.02,76.81,43.01,86.43,143.19,64.93,171.72,159.37,171.46,71.34,61.44,64.65,58.41,235.7,7210.82,140.42,160.06,124.47,269.25,149.53,204.44,183.856,38.9043,23.85,59.35,59.49,92.76,187.09,58.22,10.36,282.07,319.55,398.46,476.26,62.0,76.33,267.06,456.56,526.82,38.5,163.54,20.1,168.02,209.12,6.75,32.34,180.07,79.75,27.16,35.09,16.46,1005.0,30.51,68.74,79.74,266.8,62.57,156.8,377.0,231.95,50.08,22.45,99.48,29.99,155.81,68.81,28.15,86.31,154.04,153.06,732.23,313.01,96.5,94.6,14.37,170.54,116.17,126.54,470.0,98.68,146.64,1659.53,220.24,74.95,313.878,69.04,51.96,505.0,133.13,162.01,81.1,253.96,188.3,292.64,543.01,36.92,200.47,247.01,124.31,1082.81,118.33,585.14,81.5,239.92,637.33,148.71,343.78,119.1,306.54,254.37,162.81,675.78,103.31,66.69,965.58,146.78,70.36,178.15,15.39,199.33,187.695,50.28,194.34,75.94
2025-11-01,25.0141,82.79,186.32,95.79,84.82,189.18,826.04,202.03,67.48,211.29,5.71,50.17,182.09,26.37,190.22,176.76,109.28,25.45,125.84,131.3,32.07,274.54,36.82,58.05,159.01,136.38,15.36,455.74,8.68,3.18045,233.22,251.99,20.66,94.07,72.36,8.79,77.71,38.84,320.18,161.83,65.77,68.58,46.21,281.46,57.57,57.56,17.63,1106.5,146.9,39.49,181.94,97.87,181.27,367.33,158.87,89.52,22.53,157.3,228.16,28.64,255.69,11.28,7.36,53.58,40.4,26.84,60.86,278.69,18.26,104.18,112.07,71.35,11.34,24.45,119.68,140.9,573.48,217.06,90.92,157.48,230.54,550.53,128.68,27.9,78.7,13.04,23.21,67.18,80.63,163.33,92.56,208.22,446.22,176.36,101.7,86.35,464.88,4914.69,45.26,209.01,191.1,272.92,334.44,27.9,74.07,239.16,107.58,38.66,169.49,13.35,43.06,110.81,250.0,128.53,86.67,34.52,24.49,14.87,140.67,193.73,48.99,136.96,109.49,27.32,3.01,105.24,276.69,91.28,195.32,156.0,227.7,84.76,197.89,780.19,166.03,115.9,433.61,647.95,64.1,17.36,25.68,25.37,67.73,128.18,73.52,402.96,4.62,266.25,243.63,268.83,320.12,54.78,263.62,815.18,12.4,623.24,29.43,508.29,21.87,225.07,47.13,77.36,14.05,65.95,25.51,74.57,100.16,74.99,57.61,85.16,173.96,101.96,62.69,51.88,131.45,85.89,753.31,133.17,130.07,51.63,36.42,53.48,247.62,321.0,200.12,538.83,42.86,74.97,54.1,204.59,1360.17,4.43,77.93,135.89,1476.72,129.99,98.73,69.47,39.34,3.32,75.76,366.42,29.69,160.12,65.55,39.77,204.07,13.2,50.2,285.03,258.17,230.01,232.74,156.54,752.88,18.46,65.98,104.46,311.84,418.01,194.27,255.83,35.29,53.67,71.16,314.29,147.19,410.32,295.8,563.72,79.64,228.09,61.48,130.68,197.95,59.06,174.48,246.07,41.65,313.62,77.65,38.98,81.13,152.59,65.21,176.37,144.22,173.93,77.69,67.47,65.5,58.26,266.28,7507.29,135.29,163.89,114.42,252.75,131.45,208.55,162.482,42.6,23.85,68.16,54.88,88.85,161.17,63.47,10.69,277.25,324.86,419.63,469.62,54.22,80.34,243.6,430.17,499.52,36.28,187.0,23.27,151.63,194.94,7.71,33.31,178.14,81.42,25.98,36.53,14.84,928.17,28.85,69.1,80.43,277.27,64.51,167.83,364.36,237.66,50.24,24.0,106.34,28.82,134.81,68.8,28.2,93.92,175.31,148.26,540.14,327.19,87.54,96.07,17.35,184.18,112.23,116.99,431.43,101.22,146.42,1805.83,190.13,79.99,287.563,85.26,33.85,498.87,127.86,133.35,77.55,268.78,178.86,295.49,509.16,35.69,168.45,226.15,131.85,1047.3,122.31,599.77,88.03,215.62,599.48,156.85,272.82,119.96,374.5,198.37,160.01,615.07,121.93,61.47,976.94,128.49,65.02,183.45,16.02,223.28,193.164,39.56,180.01,66.8
2025-12-01,28.0131,87.1,185.11,99.19,88.21,173.53,879.0,204.33,68.11,206.48,5.94,52.07,175.99,27.19,201.48,162.79,127.77,27.1,122.74,102.8,31.25,259.5,33.28,58.62,144.03,137.96,15.63,490.34,9.03,3.99,230.82,242.95,20.27,104.72,67.48,9.31,83.0,36.77,313.0,160.79,66.46,70.53,53.38,273.08,53.83,61.97,17.73,1098.6,149.01,35.26,181.31,125.87,175.57,353.61,160.76,87.25,20.08,161.96,240.85,30.44,283.31,11.99,6.42,63.72,40.13,26.32,53.6,293.57,16.08,97.81,105.46,69.38,11.43,26.27,113.61,135.14,566.36,211.93,97.13,160.4,264.91,570.88,120.33,28.01,77.34,13.28,23.7,67.33,77.38,172.27,103.47,185.61,445.13,180.14,91.21,82.95,422.06,5355.33,44.56,203.04,180.4,261.23,350.71,28.68,75.26,255.26,93.76,38.64,159.24,13.92,45.06,123.01,268.3,127.66,85.25,37.0,24.09,14.56,136.18,162.63,43.3,129.04,132.77,27.49,3.76,104.14,275.39,88.87,202.85,171.18,228.49,67.02,205.31,771.87,159.22,109.3,453.36,660.09,69.4,18.46,26.12,24.4,74.03,125.82,81.32,346.1,4.97,278.92,218.02,288.28,313.8,50.01,261.68,809.32,13.0,622.66,29.63,466.86,24.02,223.69,45.87,83.43,15.33,63.41,24.25,75.58,82.88,76.67,56.37,83.85,194.34,111.82,58.38,39.3,131.16,84.51,766.16,130.22,130.5,50.02,36.68,55.21,258.79,328.6,208.75,605.01,50.3,74.49,58.41,205.02,1329.85,4.8,81.96,138.91,1394.19,141.44,100.8,65.01,41.15,3.08,77.4,360.04,30.2,154.71,64.79,40.2,206.23,14.65,45.54,287.25,251.0,225.41,252.28,160.59,676.53,22.32,66.88,98.77,312.58,469.72,193.43,240.87,36.49,48.94,69.03,339.35,156.15,426.39,300.93,573.73,71.6,223.17,60.02,131.03,203.19,41.89,182.48,256.03,42.28,340.07,72.49,39.15,79.41,150.33,42.28,167.63,136.2,177.94,70.12,67.03,73.07,64.93,253.52,7292.77,156.8,181.25,122.04,242.82,142.5,213.45,153.19,41.7,23.38,65.09,52.84,87.35,159.36,66.37,12.45,275.14,302.99,416.82,453.95,55.44,79.22,228.75,449.72,510.73,37.18,204.88,23.39,136.37,217.06,7.17,32.29,199.48,78.35,29.49,28.85,14.75,906.36,32.05,69.16,79.7,290.19,58.81,169.45,353.27,240.43,54.15,28.82,110.08,28.12,132.46,67.24,27.79,95.92,184.5,173.54,567.93,284.24,81.71,89.08,17.25,207.81,102.89,135.72,444.11,99.78,154.14,1690.62,184.2,82.02,287.22,79.24,29.27,485.58,124.08,125.88,76.09,250.88,161.33,286.65,468.76,38.67,177.75,227.51,144.76,1070.34,127.48,653.57,103.67,214.78,673.82,161.63,226.14,124.8,422.02,226.48,135.99,611.79,110.36,67.17,933.29,113.1,64.31,185.52,13.4,237.38,209.0,37.96,178.59,65.09
2026-01-01,29.75,91.22,191.31,106.22,94.72,187.03,935.41,203.92,61.83,204.98,5.88,53.28,179.89,23.99,221.57,181.43,126.91,28.5,141.95,109.35,30.09,276.19,31.88,65.33,148.84,156.7,18.35,527.19,8.34,3.35,239.3,244.23,21.08,115.28,64.67,9.37,82.06,38.8,338.0,170.33,55.25,69.54,57.0,289.06,58.47,61.18,18.53,1166.63,160.54,37.85,177.67,97.63,179.28,353.41,194.95,97.15,23.88,173.78,238.13,28.52,264.84,12.92,6.12,75.92,43.36,28.85,57.73,342.85,17.24,104.86,110.67,78.15,12.47,27.29,109.34,144.08,504.22,215.09,96.89,179.44,212.29,538.79,107.45,27.44,93.23,13.76,24.61,69.13,77.67,250.23,103.55,188.36,371.23,188.65,98.41,92.13,474.63,5001.84,55.72,197.21,188.28,225.52,321.83,33.88,70.85,275.61,83.49,44.54,152.63,14.21,47.41,117.59,263.64,130.56,81.36,38.87,27.5,13.29,137.87,176.19,49.0,143.56,143.43,30.49,3.47,105.37,407.69,86.81,201.64,233.46,223.01,62.36,223.98,741.45,165.39,118.38,469.9,716.5,65.89,18.93,27.03,22.57,72.54,124.82,84.0,331.3,6.17,324.65,201.26,313.09,338.53,50.88,251.87,782.06,9.81,651.95,31.1,488.27,21.52,217.46,44.78,72.63,13.3,55.76,23.74,75.48,92.27,80.76,61.16,96.25,202.72,102.32,52.69,48.01,144.81,78.11,820.93,137.97,129.13,54.1,37.15,52.81,249.37,317.47,206.12,647.36,50.83,74.93,62.98,208.08,1427.54,6.07,81.38,134.3,1373.24,170.63,101.16,65.91,43.32,3.17,71.74,309.24,32.85,165.95,64.06,43.92,222.55,14.43,56.04,298.51,265.06,230.15,209.61,165.86,670.46,21.96,73.49,100.07,296.36,465.115,184.11,258.31,33.54,54.64,72.87,331.28,163.03,456.97,314.63,609.22,92.41,197.11,63.34,141.74,216.33,45.93,179.21,220.3,44.44,420.51,76.73,40.58,81.26,163.95,37.33,166.34,126.39,198.55,68.58,72.8,72.78,65.57,262.6,7635.73,173.2,169.23,104.37,234.98,145.45,230.14,117.01,44.25,27.55,52.73,59.58,85.42,134.75,73.04,13.09,231.12,293.7,410.33,369.4,52.96,86.09,254.09,430.41,620.3,37.5,208.6,20.7,168.04,226.14,8.54,31.15,210.48,67.6,44.07,30.95,12.84,1124.15,36.98,69.27,72.1,254.36,64.09,179.57,280.68,274.53,59.89,27.54,109.05,28.08,135.26,61.5,26.73,96.04,200.98,179.59,483.58,255.81,80.05,113.88,17.4,174.5,114.4,129.37,487.94,98.98,142.42,1463.17,176.97,78.97,348.36,76.97,29.11,495.08,100.52,114.44,75.75,271.52,158.35,283.01,441.405,41.63,146.59,222.78,134.54,1118.94,114.26,726.37,119.34,175.63,473.11,149.67,194.74,122.41,401.11,204.62,129.32,720.73,112.41,63.73,1142.1,99.48,74.88,188.19,11.21,576.25,202.58,30.33,204.65,60.43
2026-02-01,31.57,82.38,196.83,119.24,90.39,206.87,905.14,200.62,71.49,201.76,5.82,55.44,196.52,23.72,228.71,200.17,153.8,29.74,154.98,122.28,33.62,300.35,29.89,63.94,167.78,149.3,19.2,473.67,8.92,3.48,198.79,219.03,22.71,108.24,61.49,9.6,66.55,40.6,305.72,142.31,46.8,70.84,69.23,303.07,62.59,53.72,19.89,1057.68,146.5,37.57,176.19,93.7,192.1,369.18,176.01,111.76,23.57,152.28,217.48,33.56,212.67,14.3,6.46,78.56,46.41,31.37,58.7,345.5,16.7,110.53,115.79,89.69,12.95,26.52,148.95,146.72,485.84,223.17,79.47,187.51,189.72,518.36,113.39,29.69,94.66,10.38,23.78,73.36,85.24,281.58,95.52,210.72,321.41,196.54,96.66,109.83,524.08,4140.6,61.36,219.5,176.3,225.65,314.08,33.2,70.18,273.93,76.87,41.43,172.35,14.54,62.8,126.06,224.23,138.97,75.87,36.3,29.65,9.61,128.09,203.26,57.61,159.77,153.84,32.32,3.8,101.37,425.99,90.38,214.74,235.53,231.5,68.71,229.76,803.17,179.5,132.6,491.47,639.77,69.0,18.52,22.72,20.42,72.37,126.65,81.08,325.17,7.19,319.61,234.81,329.79,306.02,55.03,251.16,869.57,9.34,678.86,26.0,540.29,22.69,181.21,40.55,71.38,13.88,62.1,24.8,78.19,90.09,81.48,65.66,101.45,221.76,109.29,40.29,58.85,116.81,84.44,956.19,146.36,133.5,51.32,38.09,56.9,208.45,287.74,239.09,683.4,55.27,75.04,65.1,250.21,1286.67,6.97,82.99,135.55,1360.95,166.35,104.8,71.19,40.58,2.51,68.48,305.5,34.1,180.97,63.84,50.22,246.31,13.39,61.2,314.62,275.11,166.94,158.58,158.68,629.35,21.49,80.46,101.1,299.46,437.09,200.77,252.55,34.14,52.49,76.18,338.03,186.77,481.0,337.12,526.06,153.91,173.7,58.06,141.59,233.51,49.82,156.69,193.67,58.85,418.78,82.69,37.49,85.56,169.14,71.33,179.25,126.86,210.41,69.7,75.03,56.35,51.56,248.35,7507.43,193.21,179.36,103.75,264.62,158.27,256.06,107.08,50.09,32.49,57.15,65.4,89.83,125.31,70.02,15.77,250.49,256.56,375.5,303.94,45.73,98.52,265.83,417.44,660.29,41.79,166.37,18.14,224.45,244.43,7.39,30.5,161.35,66.4,42.23,35.53,11.76,1171.47,43.49,69.86,68.47,205.79,59.93,191.68,288.43,298.19,72.21,27.99,108.53,29.3,132.79,44.99,26.99,98.38,223.89,135.35,429.67,242.74,69.99,122.53,18.7,176.42,114.73,121.35,524.12,92.54,129.86,1344.74,166.95,80.34,432.31,75.55,30.54,566.65,89.12,117.49,85.2,282.63,171.49,279.11,429.64,51.56,131.41,236.19,125.07,1071.51,101.73,802.13,115.73,144.42,390.55,133.88,164.32,125.97,342.87,160.34,125.2,800.82,104.05,59.36,1337.95,75.97,74.75,174.06,10.32,626.56,206.75,25.81,214.57,49.8
